id,created_at,session_id,item_id,category,brand,name,product_type,old_price_rub,current_price_rub,discount,in_stock,rating,url,catalog_page_url,description,usage,country_of_origin,page_number
1,2026-09-29T22:59:26.349935,20260929_225902_ddf9b651,19000526846,parfjumerija/novinki,Zielinski & Rozen,Fruity & Floral,Парфюмерный набор миниатюр,3901.0,3901.0,0.0,1,4.6,https://goldapple.ru/19000526846-zielinski-rozen-fruity-floral/,https://goldapple.ru/parfjumerija/novinki,"Стойкий аромат-унисекс. Оставляет легкий шлейф. состав набора — Духи концентрированные Амбервуд, Ваниль, Давана, 3 мл — Духи концентрированные Черная Смородина, Герань, Амбра, Кожа, 3 мл — Духи концентрированные Грейпфрут, Пачули, Белая Роза, 3 мл — Духи концентрированные Персик, Маракуйя, Мускус, 3 мл — Духи концентрированные Шафран, Грейпфрут, Элеми, Табак, 3 мл","Распылите на кожу или одежду с расстояния 30 см. 
Либо распылите парфюм перед собой и войдите в образовавшееся облако. 
Чтобы аромат сохранялся дольше, наносите его на разогретое или влажное тело.",Россия,1
2,2026-09-29T22:59:35.290146,20260929_225902_ddf9b651,19000526847,parfjumerija/novinki,Zielinski & Rozen,Fresh & Citrus,Парфюмерный набор миниатюр,3901.0,3901.0,0.0,1,4.7,https://goldapple.ru/19000526847-zielinski-rozen-fresh-citrus/,https://goldapple.ru/parfjumerija/novinki,"Стойкий аромат-унисекс. Оставляет легкий шлейф. состав набора — Духи концентрированные Грейпфрут, Базилик, Петитгрейн, 3 мл — Духи концентрированные Апельсин, Жасмин, 3 мл — Духи концентрированные Розмарин, Лимон, 3 мл — Духи концентрированные Ветивер, Лимон, 3 мл — Духи концентрированные Белый Шалфей, Нероли, 3 мл","Распылите на кожу или одежду с расстояния 30 см. 
Либо распылите парфюм перед собой и войдите в образовавшееся облако. 
Чтобы аромат сохранялся дольше, наносите его на разогретое или влажное тело.",Россия,1
3,2026-09-29T22:59:43.875907,20260929_225902_ddf9b651,19000511003,parfjumerija/novinki,Narciso Rodriguez,All of me floral,Нет категории,5200.0,5200.0,0.0,1,4.8,https://goldapple.ru/19000511003-narciso-rodriguez-all-of-me-floral/,https://goldapple.ru/parfjumerija/novinki,"Встречайте цветочно-амбровую версию All of Me – All Of Me Floral от Narciso Rodriguez. 
Композиция раскрывается искрящимся аккордом личи. 
В сердце аромата звучат нежные ноты бурбонской герани в сочетании с сияющими оттенками цветка сливы. 
В базе амбровое сердце из мускуса смешивается с эссенцией гваякового дерева, создавая чувственный шлейф.","Наносить на запястье, за мочку уха, на сгиб локтя, на шею в районе межключичной впадины.",Франция,1
4,2026-09-29T22:59:52.057468,20260929_225902_ddf9b651,19000539237,parfjumerija/novinki,Zielinski & Rozen,"Blend Vanilla, Pepper",Нет категории,2790.0,2790.0,0.0,1,4.8,https://goldapple.ru/19000539237-zielinski-rozen-blend-vanilla-pepper/,https://goldapple.ru/parfjumerija/novinki,Стойкий аромат-унисекс. Оставляет легкий шлейф.,"Распылите на кожу или одежду с расстояния 30 см. Либо распылите парфюм перед собой и войдите в образовавшееся облако. Чтобы аромат сохранялся дольше, наносите его на разогретое или влажное тело.",Россия,1
5,2026-09-29T22:59:59.757454,20260929_225902_ddf9b651,19000526857,parfjumerija/novinki,Rudross,ROAD TO PARADISE,Парфюмерная вода,2880.0,2880.0,0.0,1,4.9,https://goldapple.ru/19000526857-rudross-road-to-paradise/,https://goldapple.ru/parfjumerija/novinki,"Аромат этого флакона переплетается с отголосками моды, шоу-бизнеса и роскошной жизни. Свежая ванильная сладость сочетается с легкой древесностью, создавая манящий и заигрывающий эффект. Он переливается и многогранен в своем раскрытии, подчеркивая уникальность и стиль. Каждый нюанс аромата приглашает в мир изысканности и изяществ. Обращаем внимание, дизайн товара может отличаться от фото в карточке товара. Продукт проходит ребрендинг.",Нанесение только на поверхность кожи.,Оаэ,1
6,2026-09-29T23:00:08.094722,20260929_225902_ddf9b651,19000439444,parfjumerija/novinki,Neydo,FIERY FIG 24.05,парфюмерная вода,1980.0,1980.0,0.0,1,4.6,https://goldapple.ru/19000439444-neydo/,https://goldapple.ru/parfjumerija/novinki,"Аромат Fiery Fig 24.05 — сон Мии, в котором летний день наполнен ароматом разогретых солнцем плодов и листьев инжира, а люди наслаждаются сливочными коктейлями и кружатся в беспечном танце под звуки гитары. Аромат-мелодия с нежным инжирно-молочным аккордом, свежими нотами травы и благородного кедра. Mia, 24.05 Мы трясёмся в пикапе по грунтовой дороге, оставляя за собой клубы пыли. Вокруг только раскалённые знойным солнцем поля, уходящие за горизонт. Мы подъезжаем к ферме, где воздух пропитан сладким ароматом инжира и сочной зеленью фиговых деревьев. Меня встречают, будто мы знакомы много лет. Стоят массивные столы из полированного кедра, заваленные спелым инжиром и влажными хрустящими листьями всех оттенков зелёного. Я хватаю самые спелые плоды и откусываю от них прохладную сладкую мякоть. Закрываю глаза от восторга: как это вкусно! Чья-то рука касается моего плеча и увлекает меня за собой. И вот мы уже бежим прочь. Перед нами извилистая дорога на холм, засаженная вдоль фиговыми деревьями. Оттуда доносится смех и музыка. Горизонт вспыхивает красным закатом, и мы уже в центре весёлой толпы. Все одеты в удивительные костюмы, а их лица расписаны яркими красками. Люди смеются, пьют ароматные коктейли с кокосовым молоком и инжиром, танцуя без остановки. Музыкант быстро и непринужденно перебирает пальцами струны гитары. И хотя я впервые слышу эту мелодию, мне кажется… я её знаю! Мы кружимся в танце всё быстрее, быстрее, быстрее! Пока всё не сливается в единый цветной круговорот…","Распылите на пульсирующие зоны: запястья, шею, за ушами и внутреннюю сторону локтя. Избегайте контакта с одеждой. Для повышения стойкости рекомендуем наносить на хорошо увлажненную кожу.",Франция,1
7,2026-09-29T23:00:16.008877,20260929_225902_ddf9b651,19000439440,parfjumerija/novinki,Neydo,WOOD HAZE 01.11,парфюмерная вода,1980.0,1980.0,0.0,1,4.6,https://goldapple.ru/19000439440-neydo/,https://goldapple.ru/parfjumerija/novinki,"Сон Селин перенесет вас в мастерскую, где пахнет мореным деревом и старыми книгами. Ноты шафрана и мяты будоражат романтические воспоминания и наполняют теплом и творческой энергией. Аромат-вдохновение, благодаря которому так легко влюбиться или… создать шедевр! Celine, 01.11 Я стою на балконе и в задумчивости что-то вырезаю. Это как бездумно рисовать в блокноте, болтая по телефону, только вожу я не ручкой по бумаге, а ножом по дереву. Профессиональное. В доме напротив на точно таком же балконе мужчина поглощен чтением. Он не обращает на меня никакого внимания, поэтому я могу спокойно его рассмотреть. Черты его лица, наклон головы, движение рук кажутся мне знакомыми. Когда он переворачивает очередную страницу, я слышу шелест бумаги и чувствую запах старой книги. В балконном проеме появляется босоногая женщина, ветер играет ее длинными волосами, а воздух наполняется ароматом янтаря, нагретого солнцем. Женщина протягивает мужчине чашку и нежно его целует. Когда он делает глоток, я ощущаю на губах вкус шафрана и мяты. Кинолентой мелькают страницы из дневника памяти. Я вспомнила! Мы познакомились лет пять назад на улице, где он продавал свои стихи, отпечатанные на пишущей машинке. Помню наш первый поцелуй, как убегали от дождя на Бали и как, встав на одно колено, он преподнес мне шкатулку сандалового дерева… Вдруг я оказываюсь за его спиной. Опускаю взгляд и вижу свои босые ноги. В моих руках его портрет, вырезанный на дереве.","Распылите на пульсирующие зоны: запястья, шею, за ушами и внутреннюю сторону локтя. Избегайте контакта с одеждой. Для повышения стойкости рекомендуем наносить на хорошо увлажненную кожу.",Франция,1
8,2026-09-29T23:00:24.234317,20260929_225902_ddf9b651,19000473211,parfjumerija/novinki,Noise,CHERRY BASS,парфюмерная вода,8910.0,8910.0,0.0,1,5.0,https://goldapple.ru/19000473211-noise-cherry-bass/,https://goldapple.ru/parfjumerija/novinki,"За неприметной дверью – другой мир, другое время. Мягкий аромат дорогой сигары, кожаные кресла, словно шепчущие тёмные, сладкие приглашения. Бархатистая бас-партия – идеальный фон для звона кубиков льда в тяжёлых бокалах и хруста соли на поджаренном миндале. И вдруг – перед тобой она. Потягивает виски сауэр и отбивает пальцами ритм контрабаса. Она из тех девушек, которые даже в самом чопорном клубе могут появиться без макияжа, в красной кожаной куртке – и быть в центре внимания. А когда она спрашивает, что ты пьёшь, в её голосе слышится та самая хриплая, чуть дымная нота. Парфюмер: Géraldine Ignesta Вступление раскрывается аккордом тёмных фруктов – вишни, сливы и малины, оттенённых тёплыми, почти пряными нотами шафрана и вина. В сердце аромат становится глубже: чёрный перец и миндаль переплетаются с сухофруктами и мягкими медовыми оттенками даваны, сквозь которые звучит роза. А затем вступает бас-партия – кедр, мускус, замша и медленно разгорающееся смолистое тепло, которое остаётся близко к коже.",Не указано,Франция,1
9,2026-09-29T23:00:32.440330,20260929_225902_ddf9b651,19000439447,parfjumerija/novinki,Neydo,CLOUD ESSENCE 28.08,Нет категории,1980.0,1980.0,0.0,1,4.3,https://goldapple.ru/19000439447-neydo/,https://goldapple.ru/parfjumerija/novinki,"Аромат Cloud Essence 28.08 — сон Евы о мире пастельных облаков и леса с ароматом сахарной ваты. Молочная река мерцает, как атлас, а в воздухе звучат ноты мимозы, рисовой пудры и сливочного молока. Мягкий мускус, сандал и ваниль создают аромат-покой, в котором хочется раствориться. Eva, 28.08. В мире, где небо соткано из пастельных оттенков, я брожу по лесу из сахарной ваты. Высокие деревья покачиваются, источая сладкий аромат, мягко окутывающий меня, как тёплый плед. Рядом медленно течёт молочная река, её поверхность мерцает, словно атлас. Я опускаю в неё пальцы — и она, будто оживая, откликается формами: сердце, умиротворённое лицо, звезда. Каждое очертание появляется, как вдох, и исчезает, как выдох. Внезапно облака меняют форму, превращаясь в мягкие, светящиеся силуэты. Одно из них подплывает ближе и протягивает мне чашку с тёплым молоком. «Это — суть нашей безмятежности», — шепчет оно, нежно, как колыбельная. С чашкой в руках всё вокруг преображается: мир становится уютным оазисом света и тепла. Я ложусь на пушистое облако и растворяюсь в покое. Но едва начинаю наслаждаться моментом, как оазис тает, расплываясь в мягких красках и приглушённых звуках. Я крепче сжимаю чашку, словно держась за якорь. Открываю глаза в своей постели. На губах — вкус тёплого молока, а в сердце — тишина и покой.","Распылите на пульсирующие зоны: запястья, шею, за ушами и внутреннюю сторону локтя. Избегайте контакта с одеждой. Для повышения стойкости рекомендуем наносить на хорошо увлажненную кожу.",Франция,1
10,2026-09-29T23:00:40.597387,20260929_225902_ddf9b651,19000440472,parfjumerija/novinki,Stereotype,BRACE,Парфюмерная вода,2430.0,2430.0,0.0,1,4.6,https://goldapple.ru/19000440472-stereotype-brace/,https://goldapple.ru/parfjumerija/novinki,"BRACE. Твёрдо. Уверенно. Без сомнений. Всё началось с неуверенности. С тихого голоса, с робких шагов, с попыток найти свою опору. Но затем пришло осознание: сила уже здесь. Внутри. Она всегда была с тобой. Всё началось с неуверенности… Но теперь ты знаешь, что сила внутри тебя. Ты не ищешь подтверждений извне. Ты знаешь, кто ты. Ты чувствуешь себя спокойно, потому что твоя уверенность — не напускная, а настоящая. Она не требует доказательств, но вдохновляет других. BRACE — аромат внутренней силы. Глубокий, древесный, терпкий. Его стержень — тик и сандал, словно гладкая, отполированная временем древесина. Словно невидимая опора, постепенно раскрываясь, становится частью вас, давая ощущение силы, которая идёт изнутри. FLOW, UNFRAME, SAĜO, BRACE — как и люди, ароматы первой коллекции STEREOTYPE похожи, но несравнимы. Они принадлежат одной «ароматной вселенной» — мускусной, древесной, амбровой, пряной — но звучат по-разному. Они говорят на одном языке, но разными голосами. И каждый находит среди них тот аромат, что звучит в унисон с его внутренним миром. Парфюмер: Olaf Larsen.",Не указано,Франция,1
11,2026-09-29T23:00:49.322434,20260929_225902_ddf9b651,19000539754,parfjumerija/novinki,MIXIT,Hottie Summer Burgundy Touch,Подарочный набор,1417.0,1417.0,0.0,1,5.0,https://goldapple.ru/19000539754-mixit-hottie-summer-burgundy-touch/,https://goldapple.ru/parfjumerija/novinki,"Hottie Summer Burgundy Touch Set объединяет сочный блеск для губ насыщенного бордового оттенка спелой вишни. Парфюм дополняет образ сочным, игривым ароматом вишневого сиропа с нотками красных ягод, нежной ванили, амбры и пачули. в набор входят: — Блеск для губ 4,3 мл — Парфюмерная вода 10 мл","Блеск для губ: нанесите блеск на кожу губ с помощью аппликатора. Парфюмерная вода: нанесите парфюмерную воду на чистую кожу, распыляя с расстояния 10-15 см. Рекомендуется наносить на точки пульса: шею, запястья, зону за ушами или сгибы локтей. Не растирайте аромат после нанесения — дайте ему раскрыться естественным образом.",Китай (китайская народная республика),1
12,2026-09-29T23:00:56.974342,20260929_225902_ddf9b651,19000439443,parfjumerija/novinki,Neydo,ALIEN FRUIT 30.03,парфюмерная вода,1980.0,1980.0,0.0,1,4.8,https://goldapple.ru/19000439443-neydo/,https://goldapple.ru/parfjumerija/novinki,"Аромат Alien Fruit 30.03 — сон Франчески о роскошном тропическом курорте, настоящем фруктовом рае, где смешиваются ароматы юзу, гуавы и граната, и появляется инопланетный фрукт! Неземной, головокружительно яркий и сочный ягодно-фруктовый аромат! Francesca, 30.03 Жаркое, солнечное утро, и вечеринка у бассейна продолжается. Кругом мелькают яркие бикини, тропические цветы, и летят брызги игристого. Звучит речь самых разных языков мира, смешиваясь с музыкой. Прямо в бассейне плавают разнообразные плоды и ягоды, наполняя воздух фруктовым миксом. Торопливо снуют официанты, балансируя подносами и стараясь донести еще прохладные лакомства. Витают запахи тропических коктейлей, свежих, только что нарезанных фруктов и сорбетов из юдзу. Решаю, что пора остыть, и беру со столика ломтик арбуза. Какой же он ледяной и сочный! По моей руке стекает сладкий сок лета, оставляя бледные капли на одежде. Два парня, стоящие рядом, начинают смеяться вместе со мной. Они с аппетитом едят необычные фрукты лаймово-желтого, почти неонового цвета, похожие на карамболу. Ребята протягивают мне салфетки, и я начинаю благодарить их на всех знакомых языках: Grazie, Merci, Danke, Gracias! Но с каждым словом они все больше начинают хихикать и шептаться между собой на языке, который я никогда не слышала. Вытирая пятна от арбуза, я спешно пытаюсь выяснить, откуда они. Понимающе кивая, они указывают на небо, внезапно ставшее ярко-розовым. Я опускаю взгляд, но рядом уже никого нет, только два необыкновенных фрукта. Я беру один, подношу к солнцу, и весь мир вдруг становится неоново-желтым.","Распылите на пульсирующие зоны: запястья, шею, за ушами и внутреннюю сторону локтя. Избегайте контакта с одеждой. Для повышения стойкости рекомендуем наносить на хорошо увлажненную кожу.",Франция,1
13,2026-09-29T23:01:04.613260,20260929_225902_ddf9b651,19000511982,parfjumerija/novinki,Sol de Janeiro,SOL Cheirosa'62,парфюмерная вода,7600.0,7600.0,0.0,1,4.7,https://goldapple.ru/19000511982-sol-de-janeiro-sol-cheirosa-62/,https://goldapple.ru/parfjumerija/novinki,"CHEIROSA 62 – знаковая для SOL DE JANEIRO парфюмерная композиция. Аромат, с которого всё начиналось. Теперь он представлен в более концентрированной версии парфюмерной воды и обеспечивает ещё более высокую стойкость. Согревающий и яркий гурманский аромат способен круглый год погружать в солнечное тепло и жизнерадостную атмосферу Рио-де-Жанейро. Пробуждающая радость и манящая парфюмерная вода очаровывает нотами фисташки и миндаля, дополненными нежным цветочным звучанием гелиотропа и лепестков жасмина. Сливочный сандал, мягкая ваниль и соленая карамель гармонично украшают аромат, в который трудно не влюбиться.","Распылите на пульсирующие зоны: запястья, шею, за ушами и внутреннюю сторону локтя. Избегайте контакта с одеждой. Для повышения стойкости рекомендуем наносить на хорошо увлажненную кожу.",Сша,1
14,2026-09-29T23:01:14.066721,20260929_225902_ddf9b651,19000522112,parfjumerija/novinki,L'atelier parfum,SAKURA KISS,Нет категории,3403.0,3403.0,0.0,1,4.0,https://goldapple.ru/19000522112-l-atelier-parfum/,https://goldapple.ru/parfjumerija/novinki,"Аромат L'ATELIER PARFUM — сияние тысячи поцелуев из лепестков, вихрь нежного и воздушного цветения. Тот самый незабываемый момент, когда город превращается в сад, а каждый вздох ощущается как прилив весны. Цветочные лепестки кружатся в воздухе, касаясь кожи, в самом сердце Токио. Над крышами домов распускаются сакуры, их розовые лепестки развеваются на городском ветру. Нота яркой вишни пробуждает чувства, а нежный мускус окутывает каждое дуновение шлейфа своей притягательной мягкостью. Парфюмер — Serge De Oliveira.","Распылите на пульсирующие зоны: запястья, шею, за ушами и внутреннюю сторону локтя. Избегайте контакта с одеждой. Для повышения стойкости рекомендуем наносить на хорошо увлажненную кожу.",Франция,1
15,2026-09-29T23:01:22.975805,20260929_225902_ddf9b651,19000480368,parfjumerija/novinki,Jean Paul Gaultier,LA BELLE ROSEA,Парфюмерная вода,9248.0,9248.0,0.0,1,5.0,https://goldapple.ru/19000480368-jean-paul-gaultier-la-belle-rosea/,https://goldapple.ru/parfjumerija/novinki,"Окунитесь в царство роскошной чувственности и скрытых сокровищ бренда Jean Paul Gaultier. La Belle Rosea – яркая и чувственная цветочно-акватическая композиция излучает неземное и завораживающее сияние, подчёркивая внутренней свет обладательницы, оставляя за собой неповторимый шлейф. Кристальная чистота и свежесть акватического аккорда буквально скользят по коже, в то время как сияющий пион раскрывается во всем своем великолепии, уступая место чувственной ванили. Идеальные формы флакона украшены золотой розой и драгоценным гранатом. Как и другие ароматы из коллекции La Belle, Le Male и Le Beau аромат La Belle Rosea упакован в жестяную банку, уже ставшую символом парфюмерии Jean Paul Gaultier.",Распылите с расстояния 20-30 см.,Испания,1
16,2026-09-29T23:01:31.888233,20260929_225902_ddf9b651,19000416810,parfjumerija/novinki,Lacoste,L1212 SILVER ROSE,Парфюмерная вода,5085.0,5085.0,0.0,1,4.8,https://goldapple.ru/19000416810-l1212-silver-rose/,https://goldapple.ru/parfjumerija/novinki,"Знаете этот тихий момент перед рассветом, когда мир еще окутан серебристым светом, и все кажется полным надежды? Вот что это такое — аромат LACOSTE L.12.12 Silver Rose. Он не кричит. Он остается с вами в тишине, раскрываясь в вашем собственном ритме, как спокойная уверенность, которую можете нести только вы. Аромат открывается свежим грейпфрутом и теплым розовым перцем — ярким и тихо радостным. В сердце розовая вода добавляет мягкий, свежий пульс, мягко заземленный землистой зеленью шалфея мускатного. Оседает в сухом кедре и амброксане, оставляя после себя чистый, современный шлейф. Идеально подходит для раннего утра, весенних бризов и дней, когда вы двигаетесь со спокойной целью.",Наносите на увлажнённые точки пульса и на одежду. Не втирайте в кожу.,Франция,1
17,2026-09-29T23:01:40.418934,20260929_225902_ddf9b651,19000180350,parfjumerija/novinki,Zielinski & Rozen,"Sandalwood, Jasmine",Духи,1953.0,1953.0,0.0,1,4.4,https://goldapple.ru/19000180350-22/,https://goldapple.ru/parfjumerija/novinki,"Я хочу, чтобы парфюм трогал до глубины души, говорил о личности и отражал ее уникальность. Эрез Розен Замысловатая ольфакторная книга, сюжет которой раскрывается новыми гранями на каждом человеке. Необычные сочетания нот и оригинальное построение аккордов подчеркивают индивидуальность и раскрывают суть ярче любых слов. Все ароматы Zielinski&Rozen категории унисекс.",Наносите парфюм по обе стороны плеч или распылите впереди себя и войдите в «облако» аромата.,Россия,1
18,2026-09-29T23:01:49.774087,20260929_225902_ddf9b651,19000439438,parfjumerija/novinki,Neydo,FAR VERY FAR 18.08,парфюмерная вода,1980.0,1980.0,0.0,1,4.5,https://goldapple.ru/19000439438-neydo/,https://goldapple.ru/parfjumerija/novinki,"Аромат Far Very Far вдохновлен сном Поля о необыкновенном пляже, где океан и небо меняются местами, где только бесконечный пляж и шум прибоя. Аромат-бриз с нотами жасмина и пиона освежает и расслабляет, а цедровый акцент с травяным нюансом бодрит и заряжает энергией. Смело ныряйте в него, чтобы отдохнуть от шума и суеты городской жизни. Paul, 18.08 Остров. Пляж. Я лежу на песке и смотрю вверх. Надо мной нависает искрящийся синевой бескрайний океан. Одна за одной с шумом перекатываются волны. Протягиваю руку вверх, океан опускается ниже, и пальцы легко погружаются в голубую прохладу. Чувствую запах моря и соленый привкус на языке. И тут яркий блик вдалеке привлекает мое внимание. Встаю. Океан поднимается вместе со мной. Прикладываю ладонь козырьком ко лбу и щурюсь на солнце, стараясь рассмотреть, что же там такое. На воде покачивается легкая прозрачная лодка из плексигласа. Но на борту никого нет. Я совершенно один. Неожиданно замечаю на песке тень лимонного дерева. Осматриваюсь по сторонам – деревьев нет вообще! И уж точно никаких плодов поблизости. Но терпкий аромат цедры пропитывает воздух. Он буквально струится по моим венам! На адреналине вхожу в свежую прохладную тень невидимого дерева. Вдыхаю полной грудью и понимаю, что не хочу возвращаться в свой привычный мир, где всему есть объяснение! Срываюсь с места и бегу, набирая скорость, чтобы оттолкнуться и нырнуть в океан надо мной. Но чем выше я прыгаю, тем выше поднимется океан – и я каждый раз оказываюсь на песке.","Распылите на пульсирующие зоны: запястья, шею, за ушами и внутреннюю сторону локтя. Избегайте контакта с одеждой. Для повышения стойкости рекомендуем наносить на хорошо увлажненную кожу.",Франция,1
19,2026-09-29T23:01:57.382290,20260929_225902_ddf9b651,19000516506,parfjumerija/novinki,Kenzo,L'Eau Ambree,Парфюмерная вода,5910.0,5910.0,0.0,1,4.8,https://goldapple.ru/19000516506-kenzo-l-eau-ambree/,https://goldapple.ru/parfjumerija/novinki,"Откройте для себя парфюмерную воду L'Eau Ambrée – амброво-цветочный аромат, вдохновленный сиянием золотого заката в сочетании с притягательной чувственностью. L’Eau Ambrée раскрывается насыщенным и притягательным звучанием с гурманскими акцентами. Уникальная композиция из трёх граней иланг-иланга: инфузии, эссенции и сушёных цветов, сливается с кремовой нежностью инжирного молока. Одна из самых стойких акватических молекул, Aquozone®, сочетается с тёплым янтарным звучанием Ambrox®, а чувственные ноты сандала и таитянской ванили создают обволакивающий шлейф.** Формула L’Eau Ambrée на 90% состоит из ингредиентов натурального происхождения**. Аромат заключён в стеклянный флакон, предназначенный для повторного использования***. Упаковка изготовлена из бумаги, полученной из ответственных источников, что отражает стремление KENZO делать мир прекраснее.","Распылите на пульсирующие зоны: запястья, шею, за ушами и внутреннюю сторону локтя. Избегайте контакта с одеждой. Для повышения стойкости рекомендуем наносить на хорошо увлажненную кожу.",Франция,1
20,2026-09-29T23:02:07.203296,20260929_225902_ddf9b651,19000521516,parfjumerija/novinki,ESSENTIAL PARFUMS PARIS,Discovery set,Набор пробников парфюмерной воды,2874.0,2874.0,0.0,1,4.6,https://goldapple.ru/19000521516-essential-parfums-paris-discovery-set/,https://goldapple.ru/parfjumerija/novinki,"Попробуйте оригинальные ароматы от знаменитых парфюмеров, создавших яркие и выразительные композиции для Essential Parfums. В набор пробников входят 12 ароматов по 2 мл. Откройте для себя изысканные ароматы, созданные на основе тщательно отобранных и экологически чистых ингредиентов, и выберите любимые парфюмерные композиции! состав набора — Парфюмерная вода Essential Parfums Nice Bergamote (Antoine Maisondieu), 2 мл — Парфюмерная вода Essential Parfums Rose Magnetic (Sophie Labbé), 2 мл — Парфюмерная вода Essential Parfums Orange x Santal (Natalie Gracia-Cetto), 2 мл — Парфюмерная вода Essential Parfums Mon Vetiver (Bruno Jovanovic), 2 мл — Парфюмерная вода Essential Parfums The Musc (Calice Becker), 2 мл — Парфюмерная вода Essential Parfums Bois Imperial (Quentin Bisch), 2 мл — Парфюмерная вода Essential Parfums Patchouli Mania (Fabrice Pellegrin), 2 мл — Парфюмерная вода Essential Parfums Fig Infusion (Nathalie Lorson), 2 мл — Парфюмерная вода Essential Parfums Divine Vanille (Olivier Pescheux), 2 мл — Парфюмерная вода Essential Parfums Neroli Botanica (Anne Flipo), 2 мл — Парфюмерная вода Essential Parfums Velvet Iris (Dominique Ropion), 2 мл — Парфюмерная вода Essential Parfums Ambre Latte (Jordi Fernandez), 2 мл","Распылите на пульсирующие зоны: запястья, шею, за ушами и внутреннюю сторону локтя. Избегайте контакта с одеждой. Для повышения стойкости рекомендуем наносить на хорошо увлажненную кожу.",Франция,1
21,2026-09-29T23:02:29.130531,20260929_225902_ddf9b651,19000530415,parfjumerija/novinki,Maison Francis Kurkdjian,Vestiaire Olfactif Essentiel,Парфюмерный набор,25500.0,25500.0,0.0,1,4.9,https://goldapple.ru/19000530415-maison-francis-kurkdjian-vestiaire-olfactif-essentiel/,https://goldapple.ru/parfjumerija/novinki?p=2,"Премиальный парфюмерный набор от легендарного французского бренда представляет коллекцию знаковых ароматов в мини-формате. Идеальное решение для знакомства с многогранным миром высокой парфюмерии. В коллекцию входят восемь знаковых ароматов дома в удобном формате 11 мл, предназначенном для путешествий, чтобы ваши любимые ароматы всегда были с вами. Этот набор также идеально подойдет в качестве подарка, который можно дарить бесконечно. Откройте для себя культовые ароматы дома: Парфюмерная вода Baccarat Rouge 540: таинственный, чарующий аромат с ярким, древесно-амбровым цветочным шлейфом. Парфюмерный экстракт Baccarat Rouge 540: более цветочная и гурманская версия парфюмерной воды. OUD Satin Mood: чувственный аромат с нотами уда, розы и ванильно-амбровым аккордом. Grand Soir: сияние великолепного вечера через пленительные амбровые и древесные ноты. Gentle Fluidity Gold: роскошный обволакивающий шлейф с нотами мускуса, амбрового дерева и ванили. Gentle Fluidity Silver: свежий и бодрящий шлейф, в котором доминируют мускатный орех и амбровое дерево. Aqua Universalis: воздушный свежий шлейф из мускуса и бергамота, вызывающий ощущение чистоты. Kurky: жизнерадостный гурманский аромат с мускусно-фруктовыми нотами.","Нанести аромат на запястья, шею и точки пульса.",Франция,2
22,2026-09-29T23:02:37.671335,20260929_225902_ddf9b651,19000522124,parfjumerija/novinki,L'atelier parfum,VETIVER ROYAL,парфюмерная вода,3403.0,3403.0,0.0,1,5.0,https://goldapple.ru/19000522124-l-atelier-parfum/,https://goldapple.ru/parfjumerija/novinki?p=2,"Аромат L'ATELIER PARFUM — шепот силы, в котором кроется неотразимое очарование. Такие теплые искрящиеся специи, как кардамон, элеми и чили, подчеркивают яркие грани кедрового дерева, пачули, ветивера и сандала. Это сочетание окутывает композицию золотистым сиянием. Ладан добавляет нотку одухотворенности, чтобы сделать аромат по-королевски обаятельным. Парфюмер — Karine Vinchon.","Распылите на пульсирующие зоны: запястья, шею, за ушами и внутреннюю сторону локтя. Избегайте контакта с одеждой. Для повышения стойкости рекомендуем наносить на хорошо увлажненную кожу.",Франция,2
23,2026-09-29T23:02:43.675061,20260929_225902_ddf9b651,19000439439,parfjumerija/novinki,Neydo,MOSSLAND 12.09,Нет категории,1980.0,1980.0,0.0,1,5.0,https://goldapple.ru/19000439439-neydo/,https://goldapple.ru/parfjumerija/novinki?p=2,"Сон Роберто о затерявшемся в заколдованных лесах страннике. Его окружают огромные кедры и кипарисы, воздух хрустально чист, а солнечные лучи, пронизывающие густую чащу, указывают путь. Аромат-приключение, в котором запах можжевельника и ветивера оттеняют цветочные ноты гвоздики и пряных специй. Roberto, 12.09 В ушах свистит ветер, кожу обжигает холод. Да ладно! Я лечу?! И… абсолютно голый? От неожиданности и смущения перехватывает дыхание, но мысль работает четко. Нужно собраться, сконцентрироваться, приземлиться. Стремительно несусь через облака: одно, второе, третье, – и вдруг всё замедляется. Бешеный стук сердца успокаивается, я почти теряю сознание. Окончательно провалиться в темноту не дает шорох листвы. Очнувшись, понимаю, что уже планирую над тропическим лесом. Уфф! Опускаюсь на землю. Осматриваюсь. Надо мной высоченные белые кедры и кипарисы. Перевожу дыхание. Как же хорошо стоять ногами на земле! Но мне холодно, нужно найти хоть что-то, чем можно прикрыться. Иду. Лес. Запахи. Вдруг — поляна, покрытая серебристым мхом, мягким и теплым. Срываю покров и заворачиваюсь в него, как в мантию. Мне тепло, и я чувствую, что я принц этой чащи! Скручиваю себе подобие короны из можжевельника и ветивера. Пью нектар цветов, взлетаю на любое дерево. Я эльф? Не знаю, но теперь это мой дом. Не будите меня!","Распылите на пульсирующие зоны: запястья, шею, за ушами и внутреннюю сторону локтя. Избегайте контакта с одеждой. Для повышения стойкости рекомендуем наносить на хорошо увлажненную кожу.",Франция,2
24,2026-09-29T23:02:50.801255,20260929_225902_ddf9b651,19000522222,parfjumerija/novinki,MIXIT,Sirena Song,Нет категории,918.0,918.0,0.0,1,4.7,https://goldapple.ru/19000522222-mixit-sirena-song/,https://goldapple.ru/parfjumerija/novinki?p=2,"Sirena Song — это свежий парфюм, созданный для тех, кто светится изнутри. Аромат раскрывается свежестью цитрусов: лимон и грейпфрут звучат чисто и ярко, с легким солёным акцентом морского воздуха и пряной ноткой шалфея. В сердце — мягкие цветочные оттенки, пудровая фиалка и нежный кокос, которые переходят в теплое древесное звучание кедра. В базе аромат становится глубоким и обволакивающим: амбра, кашмеран и гваяковое дерево оставляют спокойный, уверенный шлейф. Аромат лёгкий, но запоминающийся, свежий, но чувственный. Он не перекрывает образ, а становится его продолжением. В парфюме также звучат искрящиеся ноты бергамота, прохладная лаванда и аккорды морского бриза и соли, где прозрачная озоновая свежесть переплетается с шалфеем и мягкими древесными оттенками, создавая ощущение чистоты, воздуха и утончённой прибрежной элегантности. Миниатюрный флакон спрятан в перламутровой сумке-ракушке.","Нанесите парфюмерную воду на чистую кожу, распыляя с расстояния 10-15 см. Рекомендуется наносить на точки пульса: шею, запястья, зону за ушами или сгибы локтей. Не растирайте аромат после нанесения — дайте ему раскрыться естественным образом.",Китай (китайская народная республика),2
25,2026-09-29T23:02:59.015523,20260929_225902_ddf9b651,19000522106,parfjumerija/novinki,L'atelier parfum,MATCHA CREME,парфюмерная вода,3403.0,3403.0,0.0,1,4.1,https://goldapple.ru/19000522106-l-atelier-parfum/,https://goldapple.ru/parfjumerija/novinki?p=2,"Аромат L'ATELIER PARFUM — потерянный миг между пробуждением и восторгом, шепот сладких тайн. Он вызывает тихое притяжение, когда свежесть зелени превращается в сливочное наслаждение. Нота матчи подчеркивается аккордом молочной пенки, смешивается с фисташковым кремом, а затем согревается нежным, обволакивающим сандалом. Каждый «глоток» этого аромата тает на коже, а его шлейф дарит мягкое и захватывающее ощущение, которое хочется испытать снова и снова. Парфюмер — Clément Marx.","Распылите на пульсирующие зоны: запястья, шею, за ушами и внутреннюю сторону локтя. Избегайте контакта с одеждой. Для повышения стойкости рекомендуем наносить на хорошо увлажненную кожу.",Франция,2
26,2026-09-29T23:03:05.774019,20260929_225902_ddf9b651,19000523888,parfjumerija/novinki,MIXIT,Perfume Diary Essentials Set,набор парфюмерной воды,1125.0,1125.0,0.0,1,4.7,https://goldapple.ru/19000523888-mixit-perfume-diary-essentials-set/,https://goldapple.ru/parfjumerija/novinki?p=2,"Набор ароматов MIXIT Perfume Diary переносит вас в разные города и помогает почувствовать уникальные моменты каждой истории. MIXIT Perfume Diary Page 01: Город, где воздух пахнет солнцем и свободой. Где решения принимаются легко, а внутри проявляется смелость сделать первый шаг. Этот момент — как сладкое начало, когда впереди целая история и ты готова позволить ей случиться. Ноты аромата: клубника, мороженое, ваниль. MIXIT Perfume Diary Page 28: Любовь узнается не сразу, но она точно в деталях. Город, который учит замечать малое: прикосновения, паузы, взгляды. Любовь здесь тихая и настоящая — сложенная из моментов, которые остаются с тобой. Ноты аромата: жасмин, хлопок, мускус. MIXIT Perfume Diary Page 116: Теплый вечер, апельсиновые деревья, медленный шаг по камню. Город живет в своем ритме — и ты вдруг попадаешь в него. Здесь приходит уверенность: ничего не нужно ускорять. Достаточно просто позволить. Ноты аромата: персик, чай, фиалка, роза, кипарис, древесные ноты, амбра. состав набора — Парфюмерная вода Page 01, 4 мл — Парфюмерная вода Page 28, 4 мл — Парфюмерная вода Page 116, 4 мл","Распылите аромат на чистую кожу с расстояния 10-15 см, уделяя внимание пульсирующим зонам: шее, запястьям, области за ушами и сгибам локтей. Не растирайте аромат после нанесения, чтобы он мог раскрыться естественно.",Китай (китайская народная республика),2
27,2026-09-29T23:03:13.643729,20260929_225902_ddf9b651,19000510306,parfjumerija/novinki,JEEP,Adventure,Туалетная вода,3007.0,3007.0,0.0,1,5.0,https://goldapple.ru/19000510306-adventure/,https://goldapple.ru/parfjumerija/novinki?p=2,"Jeep воплощает ценности свободы, приключений, подлинности и страсти уже более 75 лет. Дань страсти к приключениям, захватывающим дух эмоциям. Для решительного мужчины, ищущего новые пути и места для самовыражения. Он раскрывает сильный, волевой характер, мужской дух и всегда берет на себя ответственность за свою судьбу.","Нанести на тело или одежду, избегая попадания в глаза или на раздраженную кожу. При необходимости повторить нанесение в течение дня.",Италия,2
28,2026-09-29T23:03:21.053499,20260929_225902_ddf9b651,19000439436,parfjumerija/novinki,Neydo,BERRY CRAVING 23.06,парфюмерная вода,1980.0,1980.0,0.0,1,4.6,https://goldapple.ru/19000439436-neydo/,https://goldapple.ru/parfjumerija/novinki?p=2,"Аромат Berry Craving вдохновлен сном Элис, точнее, ее воспоминаниями о детстве и летних днях, когда в таинственном саду цветут маки размером с арбуз, розы и магнолии, волшебные коты исполняют желания, а с кухни доносится аромат ягодного варенья. Аромат-счастье с нотами нежных цветов, спелых фруктов и восточных пряностей. С ним так легко повернуть время вспять и вернуться в самое беззаботное время. Alice, 23.06 Я на пороге дома своего детства. Яркий полдень. Красивый тенистый сад теряется где-то за горизонтом. В траве распустились гигантские алые маки размером… с арбуз! Пурпурные цветы магнолии качает ветер. Солнечные лучи пробираются через оконные проемы, игра теней создает иллюзию оживших витражей. Мама на кухне варит варенье, которое булькает в медном тазу. Все пространство наполняется густым ягодным ароматом. Я хочу это попробовать! Но мама говорит, что варенье должно остыть. И, чтобы скоротать время, я направляюсь в сад пускать мыльные пузыри. В переливающейся радужной сфере замечаю чей-то силуэт – позади меня на солнце греется кот. Он громко мурлычет, требуя, чтобы его погладили. Провожу рукой по шелковистой шерсти. Еще и еще. И каждый раз, когда я это делаю, у меня в руке появляется моя любимая игрушка! Только не останавливаться! Гладить и гладить… Но мама зовет меня к столу, и я просыпаюсь.","Распылите на пульсирующие зоны: запястья, шею, за ушами и внутреннюю сторону локтя. Избегайте контакта с одеждой. Для повышения стойкости рекомендуем наносить на хорошо увлажненную кожу.",Франция,2
29,2026-09-29T23:03:28.720500,20260929_225902_ddf9b651,19000522111,parfjumerija/novinki,L'atelier parfum,SAKURA KISS,парфюмерная вода,11343.0,11343.0,0.0,1,0.0,https://goldapple.ru/19000522111-l-atelier-parfum/,https://goldapple.ru/parfjumerija/novinki?p=2,"Аромат L'ATELIER PARFUM — сияние тысячи поцелуев из лепестков, вихрь нежного и воздушного цветения. Тот самый незабываемый момент, когда город превращается в сад, а каждый вздох ощущается как прилив весны. Цветочные лепестки кружатся в воздухе, касаясь кожи, в самом сердце Токио. Над крышами домов распускаются сакуры, их розовые лепестки развеваются на городском ветру. Нота яркой вишни пробуждает чувства, а нежный мускус окутывает каждое дуновение шлейфа своей притягательной мягкостью. Парфюмер — Serge De Oliveira.","Распылите на пульсирующие зоны: запястья, шею, за ушами и внутреннюю сторону локтя. Избегайте контакта с одеждой. Для повышения стойкости рекомендуем наносить на хорошо увлажненную кожу.",Франция,2
30,2026-09-29T23:03:38.265600,20260929_225902_ddf9b651,19000210831,parfjumerija/novinki,Jimmy Choo,Man aqua,Туалетная вода,4281.0,4281.0,0.0,1,4.7,https://goldapple.ru/19000210831-man-aqua/,https://goldapple.ru/parfjumerija/novinki?p=2,"Мужской аромат JIMMY CHOO – это идеальный баланс между свежестью и изысканной чувственностью. Сочетание свежих и пряных граней кардамона и грейпфрута подчёркивает бодрящую энергию композиции. Тонизирующая прохлада нот герани и шалфея в сочетании с морским аккордом наполняет сердце аромата непревзойденной свежестью, которая элегантно контрастирует с мужественными, притягательными древесными нотами, чувственной амброй и соленой гранью.",Только для наружного применения.,Франция,2
31,2026-09-29T23:03:45.298114,20260929_225902_ddf9b651,19000522109,parfjumerija/novinki,L'atelier parfum,RED HOT VANILLA,парфюмерная вода,3403.0,3403.0,0.0,1,5.0,https://goldapple.ru/19000522109-l-atelier-parfum/,https://goldapple.ru/parfjumerija/novinki?p=2,"Аромат L'ATELIER PARFUM — страсть и дерзость, которая разжигает удовольствие вплоть до запретного. Это момент, когда наслаждение становится непреодолимым, а кожа загорается без предупреждения. Композиция строится вокруг главной ноты ванили, которая не остается робкой, а зажигает, бросает вызов и заигрывает с запретным. Ваниль становится ещё более провокационной благодаря сочетанию амбры и шафрана, вызывая трепет. Каждая нота отражает жгучее желание: дерзкий смех в ночи, дрожь соблазна, перед которым невозможно устоять, и дыхание огня на коже. Парфюмер — Rémi Bernier.","Распылите на пульсирующие зоны: запястья, шею, за ушами и внутреннюю сторону локтя. Избегайте контакта с одеждой. Для повышения стойкости рекомендуем наносить на хорошо увлажненную кожу.",Франция,2
32,2026-09-29T23:03:52.082514,20260929_225902_ddf9b651,19000523885,parfjumerija/novinki,MIXIT,Perfume Diary Page 01,парфюмерная вода,3599.0,3599.0,0.0,1,5.0,https://goldapple.ru/19000523885-mixit-perfume-diary-page-01/,https://goldapple.ru/parfjumerija/novinki?p=2,"Город, где воздух пахнет солнцем и свободой. Где решения принимаются легко, а внутри проявляется смелость сделать первый шаг. Этот момент — как сладкое начало, когда впереди целая история и ты готова позволить ей случиться. Ноты аромата включают клубнику, мороженое и ваниль, создавая уникальную композицию, которая подчеркнет индивидуальность и стиль. Композиция раскрывается гармонично, создавая ощущение свежести и уверенности.","Распылите на пульсирующие зоны: запястья, шею, за ушами и внутреннюю сторону локтя. Избегайте контакта с одеждой. Для повышения стойкости рекомендуем наносить на хорошо увлажненную кожу.",Китай (китайская народная республика),2
33,2026-09-29T23:03:59.620525,20260929_225902_ddf9b651,19000501206,parfjumerija/novinki,Hugo Boss,The Scent INTENSE,Нет категории,6230.0,6230.0,0.0,1,5.0,https://goldapple.ru/19000501206-hugo-boss-the-scent-intense/,https://goldapple.ru/parfjumerija/novinki?p=2,"Ощутите магнетизм с BOSS The Scent Eau de Parfum Intense for her — пленительным ароматом для женщин от BOSS, воплощающим страстную связь по-настоящему сильной пары. Этот янтарно-цветочный гурманский парфюм источает чувственность благодаря своим завораживающим контрастам. Нежная утонченность цветка кофе переплетается с глубокой интенсивностью ноты обжаренного кофе, создавая богатое, соблазнительное и пробуждающее чувства сочетание нежности и тепла.","Распылите на пульсирующие зоны: запястья, шею, за ушами и внутреннюю сторону локтя. Избегайте контакта с одеждой.",Франция,2
34,2026-09-29T23:04:06.613994,20260929_225902_ddf9b651,19000540844,parfjumerija/novinki,The Act,25th Hour,Нет категории,1104.0,1104.0,0.0,1,4.8,https://goldapple.ru/19000540844-the-act-25th-hour/,https://goldapple.ru/parfjumerija/novinki?p=2,"Чувственный аромат вырывает из хаоса, позволяя сосредоточиться на моменте. Свежесть груши и ягодная кислинка чёрной смородины раскрываются первыми. Нежный арабский жасмин в сердце композиции обнимает сладкое пралине, даря ощущение спокойствия и умиротворения. Тёплая ваниль, насыщенный пачули и бобы тонка в базовых нотах создают уютное облако чувственности, приглашая остановиться и уделить время только себе.","Распылите небольшое количество на волосы, тело или текстиль.",Россия,2
35,2026-09-29T23:04:13.320836,20260929_225902_ddf9b651,19000523886,parfjumerija/novinki,MIXIT,Perfume Diary Page 28,парфюмерная вода,3599.0,3599.0,0.0,1,4.8,https://goldapple.ru/19000523886-mixit-perfume-diary-page-28/,https://goldapple.ru/parfjumerija/novinki?p=2,"Любовь узнается не сразу, но она точно в деталях. Город, который учит замечать малое: прикосновения, паузы, взгляды. Любовь здесь тихая и настоящая — сложенная из моментов, которые остаются с тобой. Ноты аромата включают жасмин, хлопок и мускус, создавая атмосферу, полную нежности и гармонии. Этот аромат подходит для тех, кто ценит моменты, наполненные искренностью и теплом, создавая незабываемые впечатления.","Нанести парфюмерную воду на чистую кожу, распыляя на расстоянии 10–15 см. Рекомендуется наносить на точки пульса: шею, запястья, зону за ушами или сгибы локтей. Не растирайте аромат после нанесения — дайте ему раскрыться естественным образом.",Китай (китайская народная республика),2
36,2026-09-29T23:04:20.252634,20260929_225902_ddf9b651,19000522125,parfjumerija/novinki,L'atelier parfum,VETIVER ROYA,парфюмерная вода,7853.0,7853.0,0.0,1,0.0,https://goldapple.ru/19000522125-l-atelier-parfum/,https://goldapple.ru/parfjumerija/novinki?p=2,"Аромат L'ATELIER PARFUM — шепот силы, в котором кроется неотразимое очарование. Такие теплые искрящиеся специи, как кардамон, элеми и чили, подчеркивают яркие грани кедрового дерева, пачули, ветивера и сандала. Это сочетание окутывает композицию золотистым сиянием. Ладан добавляет нотку одухотворенности, чтобы сделать аромат по-королевски обаятельным. Парфюмер — Karine Vinchon.","Распылите на пульсирующие зоны: запястья, шею, за ушами и внутреннюю сторону локтя. Избегайте контакта с одеждой. Для повышения стойкости рекомендуем наносить на хорошо увлажненную кожу.",Франция,2
37,2026-09-29T23:04:27.648386,20260929_225902_ddf9b651,19000539233,parfjumerija/novinki,Zielinski & Rozen,"Aloysia, Lemon, Amber",Духи концентрированные,2790.0,2790.0,0.0,1,5.0,https://goldapple.ru/19000539233-zielinski-rozen-aloysia-lemon-amber/,https://goldapple.ru/parfjumerija/novinki?p=2,Стойкий аромат-унисекс. Оставляет легкий шлейф.,"Распылите на кожу или одежду с расстояния 30 см. Либо распылите парфюм перед собой и войдите в образовавшееся облако. Чтобы аромат сохранялся дольше, наносите его на разогретое или влажное тело.",Россия,2
38,2026-09-29T23:04:34.268638,20260929_225902_ddf9b651,19000497290,parfjumerija/novinki,RABANNE,INVICTUS ELIXIR,Насыщенная парфюмерная вода,14365.0,14365.0,0.0,1,4.9,https://goldapple.ru/19000497290-rabanne-invictus-elixir/,https://goldapple.ru/parfjumerija/novinki?p=2,"INVICTUS ELIXIR. Стойкость, достайная чемпиона. С 2013 года Invictus от Rabanne является ольфакторным символом несокрушимой мощи и чемпионского духа. Тринадцать лет спустя эта история успеха не перестаёт набирать обороты: коллекция вновь расширяет границы возможностей и выводит интенсивность на новый уровень. Новый ультранасыщенный аромат Invictus Elixir олицетворяет современное прочтение мужественности. Это не просто аромат. Это настоящий эликсир триумфа в его самом величественном проявлении. Invictus Elixir раскрывается аккордом согретой солнцем солоноватой кожи в сочетании с острой энергией грейпфрута и хрустящего яблока. В сердце аромата кипарис и лавандин, усиливаются древесным бензоином. В триумфальном финале  солоноватый минеральный аккорд сливается с нотами сливочной ванильной икры, теплым кедром и мхом, создавая смелый и притягательный шлейф настоящего чемпиона. Бескомпромиссно стойкий аромат с долгим послевкусием, созданный, чтобы оставлять незабываемое впечатление. Форма флакона представляет собой трофей победы, где сияющее золото переходит в глубокий черный градиент, отражающий интенсивность аромата. Готовы сделать шаг навстречу новым вызовам с Invictus Elixir? Парфюмеры: Александра Карлин, Каролин Дюмюр и Анн Флипо.","Нанесите небольшое количество на пульсирующие зоны: запястья, шею, за ушами и внутреннюю сторону локтя. Избегайте контакта с одеждой.",Франция,2
39,2026-09-29T23:04:41.132507,20260929_225902_ddf9b651,19000439446,parfjumerija/novinki,Neydo,CHASING LIGHT 19.10,парфюмерная вода,1980.0,1980.0,0.0,1,4.0,https://goldapple.ru/19000439446-neydo/,https://goldapple.ru/parfjumerija/novinki?p=2,"Аромат Chasing Light 19.10 — сон Питера о погоне за солнечным светом. Комната дышит теплом, в воздухе — прозрачная свежесть бергамота и нежная ваниль. Лёгкий шлейф орхидей сменяется мягкой амброй, мускусом и сладостью, похожей на золотой песок в лучах. Это аромат-свет, в котором хочется остаться. Piter, 19.10. Я оказываюсь в комнате, залитой мягким солнечным светом. Стены здесь дышат теплом — едва заметно, словно живые. Воздух пробуждает чувство уюта: он лёгкий, прозрачный, наполненный оттенками ванили и цитрусовой свежести. Под ногами поскрипывает деревянный пол — будто приглашает идти дальше. В углу — старинное, изысканное зеркало. В нём отражается девушка с сияющими волосами и неуловимой улыбкой. Я приближаюсь, но она исчезает, оставляя после себя лишь лёгкий шлейф орхидей, мягко оседающих на пол. Я тянусь к одному лепестку — и внезапно земля уходит из-под ног. Я утопаю в море света и песка, а песчинки сверкают в лучах, пока я проваливаюсь, словно невесомый. Она снова появляется и ускользает, как солнечный луч. «Поймай меня!» — кричит она. Я бросаюсь вперёд, но вместо её руки попадаю в жаркие объятия света. Всё исчезает. Я просыпаюсь с колотящимся сердцем и ощущением, будто воздух всё ещё мерцает ванилью.","Распылите на пульсирующие зоны: запястья, шею, за ушами и внутреннюю сторону локтя. Избегайте контакта с одеждой. Для повышения стойкости рекомендуем наносить на хорошо увлажненную кожу.",Франция,2
40,2026-09-29T23:04:49.594927,20260929_225902_ddf9b651,19000503566,parfjumerija/novinki,Amouage,Love Hibiscus,Парфюмерная вода,50952.0,50952.0,0.0,1,4.8,https://goldapple.ru/19000503566-amouage-love-hibiscus/,https://goldapple.ru/parfjumerija/novinki?p=2,"Парфюмерная вода AMOUAGE Love Hibiscus — яркая цветочно-гурманская композиция, в центре которой звучит гибискус. Аромат соединяет терпкие, слегка ягодные грани цветка с мягкой карамельной сладостью, создавая выразительный контраст между свежестью и тёплой гурманской чувственностью. Выпущенный в коллекции Secret Garden дома Amouage, он передаёт фирменный стиль бренда: цветочная элегантность здесь сочетается с современными сладкими акцентами. В начале раскрываются бергамот и маракуйя, добавляя цитрусовую свежесть и тропическую кислинку. С первых минут слышна нота солёной карамели — она придаёт теплоту и плотность звучанию. Затем гибискус выходит на первый план в сопровождении пудрового ириса и смолисто-дымного ладана, формируя многослойное цветочное сердце с тонкими ароматическими нюансами. Дальше композиция становится глубже и мягче: яркие фруктовые ноты уравновешиваются ладаном и кремовыми древесными оттенками. Сандал и киприол формируют тёплую древесную основу, а ваниль добавляет ей гладкую сладость. В итоге шлейф получается обволакивающим и многослойным — цветочная яркость постепенно переплетается с гурманскими и древесными оттенками, оставляя на коже изысканное, запоминающееся звучание.","Распылите на пульсирующие зоны: запястья, шею, за ушами и внутреннюю сторону локтя. Избегайте контакта с одеждой. Для повышения стойкости рекомендуем наносить на хорошо увлажненную кожу.",Оман,2
41,2026-09-29T23:05:05.786523,20260929_225902_ddf9b651,19000522105,parfjumerija/novinki,L'atelier parfum,MATCHA CREME,парфюмерная вода,11343.0,11343.0,0.0,1,4.8,https://goldapple.ru/19000522105-l-atelier-parfum/,https://goldapple.ru/parfjumerija/novinki?p=3,"Аромат L'ATELIER PARFUM — потерянный миг между пробуждением и восторгом, шепот сладких тайн. Он вызывает тихое притяжение, когда свежесть зелени превращается в сливочное наслаждение. Нота матчи подчеркивается аккордом молочной пенки, смешивается с фисташковым кремом, а затем согревается нежным, обволакивающим сандалом. Каждый «глоток» этого аромата тает на коже, а его шлейф дарит мягкое и захватывающее ощущение, которое хочется испытать снова и снова. Парфюмер — Clément Marx.","Распылите на пульсирующие зоны: запястья, шею, за ушами и внутреннюю сторону локтя. Избегайте контакта с одеждой. Для повышения стойкости рекомендуем наносить на хорошо увлажненную кожу.",Франция,3
42,2026-09-29T23:05:13.684397,20260929_225902_ddf9b651,19000539247,parfjumerija/novinki,Zielinski & Rozen,"Saffron, Vanilla",Духи концентрированные,2790.0,2790.0,0.0,1,4.5,https://goldapple.ru/19000539247-zielinski-rozen-saffron-vanilla/,https://goldapple.ru/parfjumerija/novinki?p=3,Стойкий аромат-унисекс. Оставляет легкий шлейф.,"Распылите на кожу или одежду с расстояния 30 см. Либо распылите парфюм перед собой и войдите в образовавшееся облако. Чтобы аромат сохранялся дольше, наносите его на разогретое или влажное тело.",Россия,3
43,2026-09-29T23:05:20.712679,20260929_225902_ddf9b651,19000510307,parfjumerija/novinki,JEEP,Freedom,Нет категории,3007.0,3007.0,0.0,1,4.8,https://goldapple.ru/19000510307-freedom/,https://goldapple.ru/parfjumerija/novinki?p=3,"Jeep воплощает ценности свободы, приключений, подлинности и страсти уже более 75 лет. Олицетворяет очарование неизведанного, эмоции открытий, энергию безграничности.
Это современный фужерный аромат, инновационный представитель самой широкой ольфакторной группы среди ароматов для мужчин.
Создан на контрастах древесных и пряных нот.","Нанести на тело или одежду, избегая попадания в глаза или на раздраженную кожу. При необходимости повторить нанесение в течение дня.",Италия,3
44,2026-09-29T23:05:27.257942,20260929_225902_ddf9b651,19000501185,parfjumerija/novinki,Calvin Klein,euphoria bold elixir intense,Нет категории,5775.0,5775.0,0.0,1,5.0,https://goldapple.ru/19000501185-calvin-klein-euphoria-bold-elixir-intense/,https://goldapple.ru/parfjumerija/novinki?p=3,"Parfum Intense Euphoria Bold Elixir от Calvin Klein — это женский парфюм, воплощающий смелость и чувственность. Он приглашает в мир утончённого соблазна и внутренней уверенности. Первое впечатление создаёт лёгкая и элегантная нота абсолюта жасмина, напоминающая утренний туман. Однако свежесть быстро сменяется глубиной: дымчатая орхидея вносит интригующую загадочность. Сердце аромата строит гармонию между роскошью и дерзостью. Прочность и структуру композиции придают древесные аккорды, особенно экстракт дуба, подобно надёжным корням дерева. Финалом раскрывается тёплый и насыщенный шлейф поджаренной ванили, который притягивает внимание. Это не просто парфюмерная композиция, а выражение роскоши и стремления выделиться, история одновременной соблазнительности и уверенности. Верхние ноты: жасмин. Ноты сердца: орхидея. Базовые ноты: ваниль и дуб.","Распылите на пульсирующие зоны: запястья, шею, за ушами и внутреннюю сторону локтя. Избегайте контакта с одеждой.",Испания,3
45,2026-09-29T23:05:34.597207,20260929_225902_ddf9b651,19000523889,parfjumerija/novinki,MIXIT,Perfume Diary Page 01,парфюмерная вода,2250.0,2250.0,0.0,1,4.6,https://goldapple.ru/19000523889-mixit-perfume-diary-page-01/,https://goldapple.ru/parfjumerija/novinki?p=3,"Город, где воздух пахнет солнцем и свободой. Где решения принимаются легко, а внутри проявляется смелость сделать первый шаг. Этот момент — как сладкое начало, когда впереди целая история и ты готова позволить ей случиться. Ноты аромата включают клубнику, мороженое и ваниль, создавая уникальную композицию, которая подчеркнет индивидуальность и стиль. Композиция раскрывается гармонично, создавая ощущение свежести и уверенности.","Распылите на пульсирующие зоны: шея, запястья, за ушами и внутренняя сторона локтя. Избегайте контакта с одеждой. Для повышения стойкости рекомендуем наносить на чистую кожу с расстояния 10-15 см. Не растирайте аромат после нанесения — дайте ему раскрыться естественным образом.",Китай (китайская народная республика),3
46,2026-09-29T23:05:42.480566,20260929_225902_ddf9b651,19000439437,parfjumerija/novinki,Neydo,WHERE LOVE BELONGS 22.07,парфюмерная вода,1980.0,1980.0,0.0,1,4.4,https://goldapple.ru/19000439437-neydo/,https://goldapple.ru/parfjumerija/novinki?p=3,"Аромат Where Love Belongs – это сон Андреа о взаимопонимании, родстве душ, уюте и тишине. Загородный дом в Провансе, чистота и свежесть раннего утра, солнечные лучи на белоснежных простынях, легкое колыхание штор и бесконечная ЛЮБОВЬ, которую никто не в силах потревожить. Аромат-нежность, где ноты мандарина, бергамота, красных ягод и иланг-иланга чудесно переплетаются с запахом ландышей и апельсинов. Andrea, 22.07 Открываю глаза и не могу сообразить, где нахожусь. Похоже, что в загородном доме: интерьер в стиле прованс, льняные шторы тихо колышет ветер, мягкий утренний свет струится через полуоткрытое окно, за которым чувствуется летний простор. По белоснежной простыне скользят волнообразные тени, отчего она напоминает ручей. Провожу рукой по кровати. Другая сторона еще теплая. Я зарываюсь носом в подушку и вдыхаю знакомый запах – мне становится легко и свободно. Я абсолютно счастлива! На тумбочке — мои любимые книги, над головой кружит вентилятор из живых ландышей, с каждым оборотом всё больше и больше наполняя комнату нежным прохладным ароматом. Я слышу шум льющейся воды. Подхожу к ванной, трогаю ручку, но дверь заперта. И тут я внезапно оказываюсь за большим деревянным столом, стоящим прямо на цветущем лугу! Я любуюсь полевыми цветами и пью апельсиновый сок из стакана, который наполняется сам собой. От удовольствия закрываю глаза. Но звук тихо поворачивающейся ручки возвращает меня в комнату. Дверь в ванную наконец открывается. Мое сердце замирает, потому что сейчас я увижу… свою настоящую любовь!","Распылите на пульсирующие зоны: запястья, шею, за ушами и внутреннюю сторону локтя. Избегайте контакта с одеждой. Для повышения стойкости рекомендуем наносить на хорошо увлажненную кожу.",Франция,3
47,2026-09-29T23:05:48.992821,20260929_225902_ddf9b651,19000522120,parfjumerija/novinki,L'atelier parfum,VANILLA BLUSH,парфюмерная вода,11343.0,11343.0,0.0,1,5.0,https://goldapple.ru/19000522120-l-atelier-parfum/,https://goldapple.ru/parfjumerija/novinki?p=3,"Аромат L'ATELIER PARFUM — нежное сияние, которое оставляет румянец. Напоминание о мгновении, когда солнце касается щек, а по коже пробегает легкая дрожь. Композиция строится вокруг главной ноты ванили, которая не остается застенчивой, а волнует, согревает и заставляет краснеть без предупреждения. Тающая, чувственная ваниль вплетена в сливочно-кокосовые лепестки и иланг-иланг, который обволакивает каждый изгиб, словно в танце. Каждый вдох вызывает трепет, а каждое прикосновение ощущается солнечным бликом на коже. Парфюмер —  Jérôme Épinette.","Распылите на пульсирующие зоны: запястья, шею, за ушами и внутреннюю сторону локтя. Избегайте контакта с одеждой. Для повышения стойкости рекомендуем наносить на хорошо увлажненную кожу.",Франция,3
48,2026-09-29T23:05:55.436923,20260929_225902_ddf9b651,19000523887,parfjumerija/novinki,MIXIT,Perfume Diary Page 116,парфюмерная вода,3599.0,3599.0,0.0,1,4.7,https://goldapple.ru/19000523887-mixit-perfume-diary-page-116/,https://goldapple.ru/parfjumerija/novinki?p=3,"Тёплый вечер, апельсиновые деревья, медленный шаг по камню. Город живёт в своём ритме – и ты вдруг попадаешь в него. Здесь приходит уверенность: ничего не нужно ускорять. Достаточно просто позволить. Ноты аромата: вишня, кокос, ананас, взбитые сливки, ваниль, мускус, бобы тонка.","Распылите парфюмерную воду на чистую кожу, держа флакон на расстоянии 10-15 см. Рекомендуется наносить на точки пульса: шею, запястья, зону за ушами или сгибы локтей. Не растирайте аромат после нанесения — дайте ему раскрыться естественным образом.",Китай (китайская народная республика),3
49,2026-09-29T23:06:03.341496,20260929_225902_ddf9b651,19000439442,parfjumerija/novinki,Neydo,BREATHE OUT 01.02,парфюмерная вода,1980.0,1980.0,0.0,1,5.0,https://goldapple.ru/19000439442-neydo/,https://goldapple.ru/parfjumerija/novinki?p=3,"Аромат Breathe Out 01.02 — это сон Эйдена, в котором стремительный спуск с заснеженной альпийской вершины завершается… в соляной пещере с горячими источниками, где искристый, обжигающе-свежий воздух сменяется теплой волной аромата пряных специй, сандала, мускуса и кашемира. Aiden, 01.02 Я где-то на альпийских вершинах. Адреналин, пульсация в висках всё сильнее: стук — один, два, три, глубокий вдох, и… лечу на сноуборде с горы! Скорость, азарт, морозный воздух и вихрь летящего из-под борда снега, сверкающего на солнце. Но вдруг теряю контроль, кубарем падая вниз. Проходит целая вечность, прежде чем удается затормозить. В глазах яркая белая вспышка и оглушительная тишина кругом; время словно остановилось. В снежной пелене я замечаю тёмное пятно — пещеру. Отстегиваю борд и направляюсь туда. В тусклом свете мерцают белые сталагмиты. Воздух холодный, сухой и солёный. Протягиваю руку, чтобы дотронуться до соляной стены… и проваливаюсь сквозь землю, тёплый пар окутывает меня с ног до головы. А когда туман рассеивается, я понимаю, что оказался в горячем горном источнике с кристально прозрачной водой. Кто-то показался из тени и приближается ко мне. Кажется, я её знаю, но не помню её имени. Она протягивает мне термос с пряным, пахнущим кардамоном напитком. Это то, что мне нужно! Напряжение спало, и я больше не гадаю, где очутился. Просто делаю глоток и выдыхаю.","Распылите на пульсирующие зоны: запястья, шею, за ушами и внутреннюю сторону локтя. Избегайте контакта с одеждой. Для повышения стойкости рекомендуем наносить на хорошо увлажненную кожу.",Франция,3
50,2026-09-29T23:06:09.321164,20260929_225902_ddf9b651,19000522118,parfjumerija/novinki,L'atelier parfum,TRIPLE BLACK VANILLA,парфюмерная вода,3403.0,3403.0,0.0,1,3.7,https://goldapple.ru/19000522118-l-atelier-parfum/,https://goldapple.ru/parfjumerija/novinki?p=3,"Аромат L'ATELIER PARFUM — переход от уверенности к власти. Он уводит в тень прежде, чем вы успеваете это осознать. По коже пробегает дрожь силы. Глубокая, чувственная и притягательная композиция строится вокруг соблазнительной ноты ванили, которая главенствует над ночью. Пока темный ром опьяняет, черный перец искрится на обнаженной коже. Каждый вздох привлекает внимание, а каждая нота этого аромата манит за собой или заставляет сдаться. Парфюмер — Clément Marx.","Распылите на пульсирующие зоны: запястья, шею, за ушами и внутреннюю сторону локтя. Избегайте контакта с одеждой. Для повышения стойкости рекомендуем наносить на хорошо увлажненную кожу.",Франция,3
51,2026-09-29T23:06:17.670090,20260929_225902_ddf9b651,19000539239,parfjumerija/novinki,Zielinski & Rozen,Blue Pepper,Духи концентрированные,2790.0,2790.0,0.0,1,4.3,https://goldapple.ru/19000539239-zielinski-rozen-blue-pepper/,https://goldapple.ru/parfjumerija/novinki?p=3,Стойкий аромат-унисекс. Оставляет легкий шлейф.,"Распылите на кожу или одежду с расстояния 30 см. Либо распылите парфюм перед собой и войдите в образовавшееся облако. Чтобы аромат сохранялся дольше, наносите его на разогретое или влажное тело.",Россия,3
52,2026-09-29T23:06:24.623136,20260929_225902_ddf9b651,19000526859,parfjumerija/novinki,Rudross,CITRUS MOLECULE,Парфюмерная вода,2880.0,2880.0,0.0,1,4.5,https://goldapple.ru/19000526859-rudross-citrus-molecule/,https://goldapple.ru/parfjumerija/novinki?p=3,"Citrus molecule – аромат для тех, кто любит творчество, структуру и инновации. Архитектура во флаконе. Представляет собой новый классический стиль, подчеркивающий современность и статус. На базе искрящихся нот помело и лимона была построена интересная игра с переливами свежести ветивера и легкой сладости ириса, который вскоре утихает. Звонкая и заводная композиция аромата Citrus molecule подчеркнёт способность видеть красоту в деталях и строить впечатляющие миры, оставляя след своей творческой души в каждом новом проекте.",Нанесение только на поверхность кожи.,Оаэ,3
53,2026-09-29T23:06:31.931428,20260929_225902_ddf9b651,19000440471,parfjumerija/novinki,Stereotype,FLOW,Нет категории,2430.0,2430.0,0.0,1,4.7,https://goldapple.ru/19000440471-stereotype-flow/,https://goldapple.ru/parfjumerija/novinki?p=3,"FLOW. Вдохни. Почувствуй. Плыви. Всё началось с хаоса. Мир был необузданным, формы резкими, а пространство — плотным и непроходимым. Пока не появился поток. Он обволакивал, сглаживал, растворял границы. Он протекал легко, естественно, уверенно. Всё началось с хаоса… Но теперь ты знаешь, куда стремится твой поток. Ты знаешь, что самое важное — не сопротивляться, а двигаться в ритме с миром. Ты принимаешь перемены, находя в них гармонию. Ты не бежишь сквозь преграды, а обходишь их, как поток, мягко прокладывая свой путь. FLOW - не про громкость, а про ощущение. Мускусный, пушистый, с едва уловимой звонкостью трав. Ощущение свежести, мягкости, комфорта, словно идеальное касание, невесомое, но оставляющее след. FLOW меняется вместе с вами, подстраиваясь под тепло вашей кожи, создавая ощущение чистоты, свободы и движения. FLOW, UNFRAME, SAĜO, BRACE — как и люди, ароматы первой коллекции STEREOTYPE похожи, но несравнимы. Они принадлежат одной «ароматной вселенной» — мускусной, древесной, амбровой, пряной — но звучат по-разному. Они говорят на одном языке, но разными голосами. И каждый находит среди них тот аромат, что звучит в унисон с его внутренним миром. Парфюмер: Lucas Sieuzac.",Не указано,Франция,3
54,2026-09-29T23:06:40.112959,20260929_225902_ddf9b651,19000416812,parfjumerija/novinki,Lacoste,L1212 SILVER GREY,Нет категории,5540.0,5540.0,0.0,1,4.6,https://goldapple.ru/19000416812-l1212-silver-grey/,https://goldapple.ru/parfjumerija/novinki?p=3,"Знакомо ли вам это тихое мгновение перед рассветом, когда мир кажется чистым и неподвижным, а воздух несет прохладную тяжесть, которая задерживается, как мысль? Вот что это такое. Парфюмерная вода LACOSTE L.12.12 Silver Grey — это не просто аромат, он становится частью того, как вы двигаетесь по комнате, как вы держитесь, как вы вспоминаете день. Он негромкий, но он остается с вами, как будто создан специально для вашей кожи. Открывается кардамоном и грейпфрутом — свежим, волнующим, живым — прежде чем перейти в спокойное сердце лаванды и шалфея мускатного. Спустя несколько мгновений ветивер и амброкс приземляют его теплом, сохраняя устойчивость и уверенность. Относится к моментам размышлений — ранним утрам, тихим вечерам или когда мир кажется слишком громким. Это аромат, который слушает, прежде чем говорить.",Наносите на увлажнённые точки пульса и на одежду. Не втирайте в кожу.,Франция,3
55,2026-09-29T23:06:49.986508,20260929_225902_ddf9b651,19000473212,parfjumerija/novinki,Noise,Cinema Privé,парфюмерная вода,8910.0,8910.0,0.0,1,5.0,https://goldapple.ru/19000473212-noise-cinema-prive/,https://goldapple.ru/parfjumerija/novinki?p=3,"Это не входило в планы. Но название на выцветшем постере задело какую-то из струн души – ни то воспоминание, ни то импульсивный порыв. И вот ты уже в почти пустом кинотеатре, среди старинной позолоченной отделки, мягких теней и поскрипывающих кедровых полов. Проектор оживает гудящим жужжанием, и тёплый янтарный свет, пронизанный пылинками, мерцает над бархатными креслами. Откуда-то доносится сладковатый аромат табака – возможно, воображаемый, а может, это сам кинозал дышит с тобой в унисон. Звучат первые ноты фортепиано, будто эта сцена играла здесь так уже много лет, ожидая лишь твоего появления. Парфюмер: Lucas Sieuzac Занавес открывается томным звучанием ладана и мускатного шалфея, смягчённых медовой сладостью и дымным оттенком виски. Следом раскрываются карамельное яблоко и медовые фрукты, окутывая композицию тёплой, чуть томной сладостью. В финале кедр и сладкий табак звучат, словно последние ноты саундтрека, а пепел и амбра ещё долго остаются эхом после того, как в зале загорается свет.",Не указано,Франция,3
56,2026-09-29T23:06:57.426437,20260929_225902_ddf9b651,19000526858,parfjumerija/novinki,Rudross,LUST FOR LIFE,Парфюмерная вода,2880.0,2880.0,0.0,1,4.6,https://goldapple.ru/19000526858-rudross-lust-for-life/,https://goldapple.ru/parfjumerija/novinki?p=3,"Говорят, в сердце пустыни, на пересечении древних караванных путей, сокрыт был волшебный оазис — тихий рай среди песков. Среди пальм и диких цветов бил источник с кристально чистой водой. Тот, кто испил её, обретал неиссякаемую жажду жизни и способность видеть красоту в каждой мелочи. Легенда жива — в аромате, что хранит дыхание этого таинственного места. Аромат начинается ярким всплеском мандарина, лимона и нероли — как глоток живительной свежести в жаркий день. В сердце — терпкий матэ, цветущий османтус, сладость личи и малины, как прохлада в тени сада. Финал — умиротворяющий ветивер, дымный пачули и нежный белый мускус, придающие глубину и ощущение единства с природой. «Lust for Life» — это аромат для тех, кто ищет вдохновение в каждом мгновении и идёт по жизни с открытым сердцем. Напоминание о том, что даже в самом центре суеты можно найти свой оазис — источник силы, красоты и гармонии.",Нанесение только на поверхность кожи.,Оаэ,3
57,2026-09-29T23:07:07.054237,20260929_225902_ddf9b651,19000510995,parfjumerija/novinki,EQUIVALENT,P 055 Virgin,Духи,1040.0,1040.0,0.0,1,4.5,https://goldapple.ru/19000510995-equivalent-p-055-virgin/,https://goldapple.ru/parfjumerija/novinki?p=3,"Аромат P 055 — воплощение абсолютной чистоты и свежести, идеально подходящее для тех, кто ценит эстетику минимализма и активный образ жизни. То самое утро, когда вы надеваете любимую белую футболку, зашнуровываете кроссовки и выходите на пробежку в парк, пока воздух ещё наполнен прохладой. Звонкие альдегиды и нежная роза в сочетании с розовым перцем создают ощущение невероятной лёгкости и «хрустящей» чистоты, которая бодрит и дарит заряд бодрости. В сердце композиции раскрывается деликатное сочетание фиалки и пиона, напоминающее о свежести летнего сада после короткого дождя. Мягкое звучание сандала и мускуса в финале создаёт едва уловимый, чистый шлейф, похожий на дуновение прохладного морского бриза. Вдохновлённый эстетикой Blanche от Byredo, аромат P 055 в удобном флаконе станет вашей «секретной кнопкой» свежести, которую так удобно брать с собой на тренировку или в путешествие. Особая формула обеспечивает парфюму невероятную стойкость на коже, а тонкий премиальный шлейф окутывает вуалью чистоты, которая остаётся безупречной в течение всего дня.","Нанесите 1–2 распыления аромата на запястья, шею и точки пульса. Не растирайте — это может изменить звучание композиции. Позвольте аромату раскрыться естественно.",Россия,3
58,2026-09-29T23:07:15.048427,20260929_225902_ddf9b651,19000522117,parfjumerija/novinki,L'atelier parfum,TRIPLE BLACK VANILLA,парфюмерная вода,11343.0,11343.0,0.0,1,5.0,https://goldapple.ru/19000522117-l-atelier-parfum/,https://goldapple.ru/parfjumerija/novinki?p=3,"Аромат L'ATELIER PARFUM — переход от уверенности к власти. Он уводит в тень прежде, чем вы успеваете это осознать. По коже пробегает дрожь силы. Глубокая, чувственная и притягательная композиция строится вокруг соблазнительной ноты ванили, которая главенствует над ночью. Пока темный ром опьяняет, черный перец искрится на обнаженной коже. Каждый вздох привлекает внимание, а каждая нота этого аромата манит за собой или заставляет сдаться. Парфюмер — Clément Marx.","Распылите на пульсирующие зоны: запястья, шею, за ушами и внутреннюю сторону локтя. Избегайте контакта с одеждой. Для повышения стойкости рекомендуем наносить на хорошо увлажненную кожу.",Франция,3
59,2026-09-29T23:07:23.731823,20260929_225902_ddf9b651,90151200011,parfjumerija/novinki,Zielinski & Rozen,"Sandalwood, Jasmine",Духи концентрированные,5593.0,5593.0,0.0,1,4.9,https://goldapple.ru/90151200011-22/,https://goldapple.ru/parfjumerija/novinki?p=3,"Я хочу, чтобы парфюм трогал до глубины души, говорил о личности и отражал ее уникальность. Эрез Розен Замысловатая ольфакторная книга, сюжет которой раскрывается новыми гранями на каждом человеке. Необычные сочетания нот и оригинальное построение аккордов подчеркивают индивидуальность и раскрывают суть ярче любых слов. Все ароматы Zielinski&Rozen категории унисекс.",Наносите парфюм по обе стороны плеч или распылите впереди себя и войдите в «облако» аромата.,Россия,3
60,2026-09-29T23:07:33.756094,20260929_225902_ddf9b651,19000518359,parfjumerija/novinki,Yves Rocher,MAGNOLIA & BERGAMOTE,Туалетная вода,3390.0,3390.0,0.0,1,4.7,https://goldapple.ru/19000518359-yves-rocher-magnolia-bergamote/,https://goldapple.ru/parfjumerija/novinki?p=3,"Деликатная цветочная свежесть. Путешествие по цветущим полям. Откройте для себя коллекцию ароматов, приглашающую в увлекательное и беззаботное путешествие по цветущим полям. Туалетная вода Magnolia & Bergamote — это пудровый свежий аромат, вдохновлённый первыми лучами рассвета, озаряющими просторы полей. В этой композиции звучит цветочная свежесть, где деликатный аккорд цедры бергамота переплетается с пудровой нежностью магнолии. «Моим вдохновением стало утро — время, когда воздух ещё свеж, а свет мягок. Этот миг захотелось запечатлеть, использовав сияющий, кристально чистый аккорд бергамота в сочетании с воздушной цветочной нотой магнолии», — Клэр Льежан, парфюмер. Руководство по сортировке упаковки: картонную коробку поместите в контейнер для бумаги и картона, флакон — в контейнер для стекла, крышку — в контейнер для пластика. Сортируя отходы, вы каждый раз помогаете дать им вторую жизнь.","Наносите на точки пульса, либо распылите перед собой и войдите в облако аромата.",Франция,3
61,2026-09-29T23:07:55.268450,20260929_225902_ddf9b651,19000487375,parfjumerija/novinki,Calvin Klein,euphoria solar elixir,Концентрированные духи,7315.0,7315.0,0.0,1,5.0,https://goldapple.ru/19000487375-euphoria-solar/,https://goldapple.ru/parfjumerija/novinki?p=4,"Духи Euphoria Solar Elixir Parfum Intense — часть коллекции Calvin Klein Euphoria Elixirs 2026 года, раскрывающая современную женственность через яркое и энергичное звучание. Композиция строится на сочетании фруктовой сочности, цветочной теплоты и амбровой глубины, создавая динамичный характер в актуальной интерпретации. В начале аромат раскрывается сочной нотой манго, придающей композиции насыщенную, солнечную яркость с тропическим настроением. Это свежее и жизнерадостное вступление задаёт энергичный тон всему звучанию. В сердце композиции — золотая орхидея, привносящая тёплое цветочное присутствие с лёгким кремовым оттенком и деликатной фруктовой гранью. Этот аккорд соединяет яркость манго с более глубокими и насыщенными нотами базы. В основе аромата звучат кедр и ваниль, формируя гладкий амбровый шлейф с выраженной древесной структурой и мягкой сладостью. Базовые ноты усиливают стойкость композиции и создают тёплое, обволакивающее послевкусие. Созданные в формате parfum intense с ультраконцентрацией более 28 %, духи Euphoria Solar Elixir Parfum Intense обеспечивают длительное звучание и выразительный шлейф, подойдя тем, кто выбирает смелый, но при этом солнечный и жизнерадостный аромат.","Нанесите небольшое количество на пульсирующие зоны, такие как запястья, шея, за ушами и внутренняя сторона локтя. Не наносите на одежду, чтобы избежать пятен.",Испания,4
62,2026-09-29T23:08:02.233160,20260929_225902_ddf9b651,19000439445,parfjumerija/novinki,Neydo,PULSATION 11.07,парфюмерная вода,1980.0,1980.0,0.0,1,4.8,https://goldapple.ru/19000439445-neydo/,https://goldapple.ru/parfjumerija/novinki?p=4,"Аромат Pulsation 11.07 — сон Салли о ночи, когда музыка и свет клубов сливаются в одно целое. Стробоскоп выхватывает из темноты лица, в воздухе смешиваются густые аккорды мёда, ладана и шалфея. Фруктовые ноты и яблоко придают сладкое волнение, а тёплый табак, амбра и кедр оставляют чувственный след. Аромат-пульс, в ритме которого невозможно устоять. Sally, 11.07. Это одна из тех ночей, что бывают только в кино или во сне. Воздух звенит от ожидания и предвкушения. Здесь возможно всё — ничто не запрещено. Я пробираюсь глубже в толпу и полностью растворяюсь в музыке. Свет стробоскопа выхватывает из темноты лица: горящие взгляды, улыбки на губах. Вдруг среди огней — взгляд. Томный, манящий. Он подходит ближе, наклоняется — и я чувствую его тепло. Его аромат окутывает меня: горячий, с едва уловимой нотой сладости, от которой сбивается пульс. Его рука медленно скользит вверх по моей — словно разряд тока. Воздух между нами становится плотным, почти осязаемым, таким, в котором легко утонуть. Сердце бешено колотится. Я тянусь к нему тоже, как будто нас соединяет невидимая нить — всё замирает на грани чего-то необратимого, всепоглощающего. Миг — всё исчезает. Гаснет свет. Стихает музыка. Остаётся только аромат, послевкусие пряной сладости, невероятно реальное, как призрак на грани восприятия.","Распылите на пульсирующие зоны: запястья, шею, за ушами и внутреннюю сторону локтя. Избегайте контакта с одеждой. Для повышения стойкости рекомендуем наносить на хорошо увлажненную кожу.",Франция,4
63,2026-09-29T23:08:12.046228,20260929_225902_ddf9b651,19000523890,parfjumerija/novinki,MIXIT,Perfume Diary Page 28,Нет категории,2250.0,2250.0,0.0,1,4.7,https://goldapple.ru/19000523890-mixit-perfume-diary-page-28/,https://goldapple.ru/parfjumerija/novinki?p=4,"Любовь узнается не сразу, но она точно в деталях. Город, который учит замечать малое: прикосновения, паузы, взгляды. Любовь здесь тихая и настоящая — сложенная из моментов, которые остаются с тобой. Ноты аромата включают жасмин, хлопок и мускус, создавая атмосферу, полную нежности и гармонии. Этот аромат подходит для тех, кто ценит моменты, наполненные искренностью и теплом, создавая незабываемые впечатления.","Нанести парфюмерную воду на чистую кожу, распыляя на расстоянии 10-15 см. Рекомендуется наносить на точки пульса: шею, запястья, зону за ушами или сгибы локтей. Не растирайте аромат после нанесения — дайте ему раскрыться естественным образом.",Китай (китайская народная республика),4
64,2026-09-29T23:08:21.979443,20260929_225902_ddf9b651,19000523559,parfjumerija/novinki,Maison Francis Kurkdjian,Mini Fragrance Wardrobe Essentiel,Нет категории,5500.0,5500.0,0.0,1,4.6,https://goldapple.ru/19000523559-maison-francis-kurkdjian-mini-fragrance-wardrobe-essentiel/,https://goldapple.ru/parfjumerija/novinki?p=4,"Премиальный парфюмерный набор от легендарного французского бренда представляет коллекцию знаковых ароматов в мини-формате. Идеальное решение для знакомства с многогранным миром высокой парфюмерии. В коллекцию входят восемь знаковых ароматов дома: Aqua Universalis (туалетная вода), Gentle Fluidity Gold (парфюмерная вода), Oud Satin Mood (парфюмерная вода), Baccarat Rouge 540 (парфюмерная вода), Kurky (парфюмерная вода), Gentle Fluidity Silver (парфюмерная вода), Baccarat Rouge 540 (парфюмерный экстракт), Grand Soir (парфюмерная вода). Особенности набора: Мини-форматы по 2 мл идеальны для знакомства с ароматами. Премиальное качество каждого парфюма. Универсальность — ароматы подходят для любого сезона. Практичность — удобно брать с собой.","Нанести аромат на запястья, шею и точки пульса.",Франция,4
65,2026-09-29T23:08:30.610191,20260929_225902_ddf9b651,19000439441,parfjumerija/novinki,Neydo,BLOND REDHEAD 16.11,парфюмерная вода,1980.0,1980.0,0.0,1,4.7,https://goldapple.ru/19000439441-neydo/,https://goldapple.ru/parfjumerija/novinki?p=4,"Сон Антуана о необыкновенной встрече в парижской кондитерской, наполненной запахом фруктов, ванили и шоколада с легкими нотами специй и дерева. Капля риска, щепотка уверенности в себе – и вуаля! – аромат-предсказание готов. Свежие цветочные ноты роз и фрезий, дополненные нюансами сухофруктов и земли… Этот сон точно сбудется! Antoine, 16.11 Ну вот и всё – последний клубничный макарун нашел свое место. Витрина, над которой я тружусь с самого утра, наконец-то оформлена. Пора и передохнуть. Но не успеваю даже присесть, как в кондитерскую входит ОНА. Настоящая француженка – небрежная прическа, волосы цвета клубничный блонд, в одной руке букет фрезий, в другой – пакеты с покупками. Такими женщинами я восхищаюсь издалека. Вблизи же впадаю в ступор, меня буквально парализует. А ОНА бродит по кондитерской, и к нашему привычному запаху ванили вдруг добавляется аромат сухофруктов и теплой земли. «Excusez-moi», – указывает ОНА на торт с начинкой из инжира и розовых лепестков. Как зомби снимаю стеклянный клош, и воздух наполняется сладким ароматом. «Délicieuse», – шепчет ОНА. Какой у нее бархатный волнующий голос! Скажи еще что-нибудь, ну пожалуйста… Торт вырывается из моих рук, кувыркается и падает, взрываясь сливочным кремом. Бах! Цветки фрезий разбросаны по полу. Ее волосы в креме, крем на моей щеке. Я смущен, нужно как-то извиниться, но не могу! И вдруг… ОНА начинает хохотать. Я тоже. Протягиваю руку, чтобы смахнуть крошки с ее шелковой блузки. Какое декольте! Она шепчет: «Délicieuse… Délici… deli…» – «De-di-di» – настойчиво звонит будильник. Просыпаюсь, облизывая сухие губы. Как же не вовремя!","Распылите на пульсирующие зоны: запястья, шею, за ушами и внутреннюю сторону локтя. Избегайте контакта с одеждой. Для повышения стойкости рекомендуем наносить на хорошо увлажненную кожу.",Франция,4
66,2026-09-29T23:08:39.226959,20260929_225902_ddf9b651,19000500176,parfjumerija/novinki,Hugo Boss,Femme,Парфюмерная вода,4200.0,4200.0,0.0,1,4.9,https://goldapple.ru/19000500176-hugo-boss-femme/,https://goldapple.ru/parfjumerija/novinki?p=4,"Boss Femme от Hugo Boss — это воплощение абсолютной женственности, грации и современной элегантности в одном флаконе. Нежный, светлый и чувственный аромат окутывает свою обладательницу невидимой вуалью из изысканных цветов и сочных фруктов, создавая ауру тепла и утонченного шарма. 
Парфюм идеально подходит для дневного образа, романтических встреч и офиса, подчеркивая естественную мягкость и уверенность в себе.","Распылите на пульсирующие зоны: запястья, шею, за ушами и внутреннюю сторону локтя. Избегайте контакта с одеждой. Для повышения стойкости рекомендуем наносить на хорошо увлажненную кожу.",Испания,4
67,2026-09-29T23:08:48.681958,20260929_225902_ddf9b651,19000539243,parfjumerija/novinki,Zielinski & Rozen,"Incense, Amber, Leather",Духи концентрированные,2790.0,2790.0,0.0,1,4.6,https://goldapple.ru/19000539243-zielinski-rozen-incense-amber-leather/,https://goldapple.ru/parfjumerija/novinki?p=4,Стойкий аромат-унисекс. Оставляет легкий шлейф.,"Распылите на кожу или одежду с расстояния 30 см. Либо распылите парфюм перед собой и войдите в образовавшееся облако. Чтобы аромат сохранялся дольше, наносите его на разогретое или влажное тело.",Россия,4
68,2026-09-29T23:08:58.074668,20260929_225902_ddf9b651,19000522108,parfjumerija/novinki,L'atelier parfum,RED HOT VANILLA,парфюмерная вода,11343.0,11343.0,0.0,1,5.0,https://goldapple.ru/19000522108-l-atelier-parfum/,https://goldapple.ru/parfjumerija/novinki?p=4,"Аромат L'ATELIER PARFUM — страсть и дерзость, которая разжигает удовольствие вплоть до запретного. Это момент, когда наслаждение становится непреодолимым, а кожа загорается без предупреждения. Композиция строится вокруг главной ноты ванили, которая не остается робкой, а зажигает, бросает вызов и заигрывает с запретным. Ваниль становится ещё более провокационной благодаря сочетанию амбры и шафрана, вызывая трепет. Каждая нота отражает жгучее желание: дерзкий смех в ночи, дрожь соблазна, перед которым невозможно устоять, и дыхание огня на коже. Парфюмер — Rémi Bernier.","Распылите на пульсирующие зоны: запястья, шею, за ушами и внутреннюю сторону локтя. Избегайте контакта с одеждой. Для повышения стойкости рекомендуем наносить на хорошо увлажненную кожу.",Франция,4
69,2026-09-29T23:09:05.229283,20260929_225902_ddf9b651,19000487367,parfjumerija/novinki,Hugo Boss,The Scent INTENSE,парфюмерная вода,7620.0,7620.0,0.0,1,5.0,https://goldapple.ru/19000487367-the-scent/,https://goldapple.ru/parfjumerija/novinki?p=4,"Ощутите магнетизм с BOSS The Scent Eau de Parfum Intense for her — пленительным ароматом для женщин от BOSS, воплощающим страстную связь по-настоящему сильной пары. Этот янтарно-цветочный гурманский парфюм источает чувственность благодаря своим завораживающим контрастам. Нежная утонченность цветка кофе переплетается с глубокой интенсивностью ноты обжаренного кофе, создавая богатое, соблазнительное и пробуждающее чувства сочетание нежности и тепла.","Распылите на пульсирующие зоны: запястья, шею, за ушами и внутреннюю сторону локтя. Избегайте контакта с одеждой.",Франция,4
70,2026-09-29T23:09:13.601978,20260929_225902_ddf9b651,19000523406,parfjumerija/novinki,Dolce & Gabbana,Dolce,парфюмерная вода,4464.0,4464.0,0.0,1,4.7,https://goldapple.ru/19000523406-dolce-gabbana-dolce/,https://goldapple.ru/parfjumerija/novinki?p=4,"Парфюмерная вода Dolce – это аромат с неповторимым, уникальным характером. Свежий, чистый и женственный, он представляет собой тонкий баланс инноваций и классического мастерства в создании парфюмерных композиций DOLCE & GABBANA. Этот женственный аромат – элемент игры в тонкое соблазнение. В его основе – восхитительное сочетание жасмина и яркой мимозы. Верхние ноты встречают солнечной вспышкой итальянского бергамота, петитгрейна и апельсина. Их искрящуюся свежесть уравновешивают жасмин самбак, магнолия и флердоранж, гармонично собранные в сердце аромата. Базу украшает индийская мимоза, которая прекрасно сочетается с древесным звучанием амириса и насыщенного кедра.",Распылите на кожу с небольшого расстояния.,Италия,4
71,2026-09-29T23:09:23.226707,20260929_225902_ddf9b651,19000423819,parfjumerija/novinki,MEMO Paris,Palais Bourbon,Парфюмерная вода,27967.0,27967.0,0.0,1,5.0,https://goldapple.ru/19000423819-palais-bourbon/,https://goldapple.ru/parfjumerija/novinki?p=4,"Palais Bourbon — аромат-диалог, тёплая и продуманная встреча контрастов, в которой каждая нота звучит на своём месте. Он мягкий, но выразительный, благородный и при этом ненавязчиво убеждающий — словно изысканная беседа за закрытыми дверями. Мадагаскарская ваниль задаёт основное звучание, её обрамляют амбра и уд, а специи, древесные ноты и бальзамы придают глубину и интригу. Солидный аромат, выстроенный на гармонии и смелости.","Распылите на пульсирующие зоны, такие как запястья, шея, за ушами и внутренняя сторона локтя. Избегайте контакта с одеждой, чтобы сохранить качество аромата.",Франция,4
72,2026-09-29T23:09:31.329757,20260929_225902_ddf9b651,19000477237,parfjumerija/novinki,Xerjoff,De Venoge Louis XV 1722 Rosè,Духи,29172.0,29172.0,0.0,1,4.4,https://goldapple.ru/19000477237-louis-xv-1722-rose/,https://goldapple.ru/parfjumerija/novinki?p=4,"Представленный в 2025 году, этот аромат раскрывается яркими нотами чёрной смородины, малины и груши, создающими свежесть с искристым ощущением. Затем он переходит в элегантное сердце из розы, кедра, герани и сливы, где сияние сочетается с цветочно-древесной глубиной. В базе аромат смягчается тёплой ванилью, деликатной древесностью амириса и мягким мускусом, формируя выдержанную и утончённую ауру с плавным, стойким шлейфом.","Нанесите небольшое количество на пульсирующие зоны, такие как запястья, шея, за ушами и внутренняя сторона локтя. Не наносите на одежду, чтобы избежать пятен.",Италия,4
73,2026-09-29T23:09:41.205325,20260929_225902_ddf9b651,19000487374,parfjumerija/novinki,Calvin Klein,euphoria magnetic elixir,Нет категории,7315.0,7315.0,0.0,1,5.0,https://goldapple.ru/19000487374-euphoria-magnetic/,https://goldapple.ru/parfjumerija/novinki?p=4,"Духи Euphoria Magnetic Elixir Parfum Intense выделяются в коллекции Calvin Klein Euphoria Elixir 2026 года современным и притягательным звучанием, в котором цветочная теплота сочетается с кремовой и мускусной глубиной. Аромат продолжает развитие классической линии Euphoria, представляя более насыщенную и концентрированную интерпретацию. Композиция раскрывается яркой мускусной нотой амбретты с лёгким зелёным оттенком, которая плавно переходит в сердце из «танцующей» орхидеи. Чувственные цветочные грани придают аромату сияющий и одновременно интимный характер. В базе ваниль и мускус формируют мягкий и стойкий шлейф с амбровым акцентом — гладкий, обволакивающий и сохраняющий современную женственность. Созданные в ультраконцентрации около 28 %, духи Euphoria Magnetic Elixir Parfum Intense обеспечивают продолжительное звучание, усиливая глубину и раскрытие нот в течение дня. Благодаря цветочно-мускусной амбровой композиции духи Euphoria Magnetic Elixir Parfum Intense создают утончённый, но гармоничный ароматический профиль, в котором элегантность сочетается с тёплым и запоминающимся характером.","Нанесите небольшое количество на пульсирующие зоны, такие как запястья, шея, за ушами и внутренняя сторона локтя. Не наносите на одежду, чтобы избежать пятен.",Испания,4
74,2026-09-29T23:09:49.211709,20260929_225902_ddf9b651,19000522121,parfjumerija/novinki,L'atelier parfum,VANILLA BLUSH,Нет категории,3403.0,3403.0,0.0,1,4.3,https://goldapple.ru/19000522121-l-atelier-parfum/,https://goldapple.ru/parfjumerija/novinki?p=4,"Аромат L'ATELIER PARFUM — нежное сияние, которое оставляет румянец. Напоминание о мгновении, когда солнце касается щек, а по коже пробегает легкая дрожь. Композиция строится вокруг главной ноты ванили, которая не остается застенчивой, а волнует, согревает и заставляет краснеть без предупреждения. Тающая, чувственная ваниль вплетена в сливочно-кокосовые лепестки и иланг-иланг, который обволакивает каждый изгиб, словно в танце. Каждый вдох вызывает трепет, а каждое прикосновение ощущается солнечным бликом на коже. Парфюмер —  Jérôme Épinette.","Распылите на пульсирующие зоны: запястья, шею, за ушами и внутреннюю сторону локтя. Избегайте контакта с одеждой. Для повышения стойкости рекомендуем наносить на хорошо увлажненную кожу.",Франция,4
75,2026-09-29T23:09:58.060811,20260929_225902_ddf9b651,19000510993,parfjumerija/novinki,EQUIVALENT,P 053 Mango Orgasm,Духи,1040.0,1040.0,0.0,1,3.8,https://goldapple.ru/19000510993-equivalent-p-053-mango-orgasm/,https://goldapple.ru/parfjumerija/novinki?p=4,"Аромат P 053 — это концентрат летнего солнца и яркой энергии для тех, кто любит драйв и активный отдых. Сочный аккорд спелого манго мгновенно заряжает позитивом, как прогулка по залитой светом набережной. В сердце композиции — нежный жасмин и прохладный лотос, которые создают ощущение природной чистоты, идеально подходящее для спорта или встреч с друзьями. Финальный шлейф из ежевики и мягкой ванили оставляет уютное воспоминание о тёплых закатах и моментах искренней дружбы. Усиленная формула гарантирует аромату впечатляющую стойкость, а премиальный шлейф позволит вашей любимой композиции звучать по‑настоящему объёмно и благородно.","Нанесите 1–2 распыления аромата на запястья, шею и точки пульса. Не растирайте — это может изменить звучание композиции. Позвольте аромату раскрыться естественно.",Россия,4
76,2026-09-29T23:10:06.225556,20260929_225902_ddf9b651,19000529868,parfjumerija/novinki,Parfums de Marly,Discovery collection,Набор парфюмерной воды,24658.0,24658.0,0.0,1,5.0,https://goldapple.ru/19000529868-parfums-de-marly-discovery-collection/,https://goldapple.ru/parfjumerija/novinki?p=4,"Драгоценная женская коллекция передаёт всю магию и очарование изысканных ароматов Parfums de Marly. Симфония цветочных, гурманских и мускусных композиций раскрывается в подборке из пяти самых знаковых женских парфюмов. состав набора — Парфюмерная вода ""Palatine"", 10 мл — Парфюмерная вода ""Delina"", 10 мл — Парфюмерная вода ""Delina Exclusif"", 10 мл — Парфюмерная вода ""Valaya"", 10 мл — Парфюмерная вода ""Valaya Exclusif"", 10 мл","Распылите на пульсирующие зоны: запястья, шею, за ушами и внутреннюю сторону локтя. Избегайте контакта с одеждой. Для повышения стойкости рекомендуем наносить на хорошо увлажненную кожу.",Франция,4
77,2026-09-29T23:10:14.994629,20260929_225902_ddf9b651,19000487370,parfjumerija/novinki,Calvin Klein,Euphoria bold elixir,духи,8250.0,8250.0,0.0,1,5.0,https://goldapple.ru/19000487370-euphoria-bold/,https://goldapple.ru/parfjumerija/novinki?p=4,"Духи Euphoria Bold Elixir Parfum Intense продолжают культовую линию Calvin Klein Euphoria в более насыщенной и выразительной интерпретации. Композиция отличается высокой концентрацией и раскрывается глубже и теплее, опираясь на амбровые, цветочные и древесные аккорды с ярко выраженным характером. Аромат открывается абсолютом жасмина, создающим сияющую цветочную основу, которая задаёт тон всей композиции. Дымная интерпретация орхидеи добавляет теплоту и многослойность, соединяя светлые цветочные ноты с более чувственными и глубокими оттенками. В развитии аромата экстракт ванили, высушенной под солнцем Мадагаскара, раскрывается мягкими кремовыми гранями, а экстракт дуба придаёт структуру и подчёркнутую древесную основу. Сочетание бархатистой амбровой теплоты и устойчивой древесности создаёт ощущение сдержанной силы и утончённой уверенности. Созданные в 2026 году в рамках коллекции Calvin Klein Euphoria Elixirs, духи Euphoria Bold Elixir Parfum Intense обладают повышенной концентрацией (28 %+), что обеспечивает более продолжительное звучание и выразительность на коже. Формат композиции раскрывается более насыщенно по сравнению с классическими версиями Euphoria. Духи Euphoria Bold Elixir Parfum Intense подойдут тем, кто выбирает ароматы с глубиной и стойким шлейфом, предлагая современную интерпретацию уверенности через аромат.","Нанесите небольшое количество на пульсирующие зоны, такие как запястья, шея, за ушами и внутренняя сторона локтя. Не наносите на одежду, чтобы избежать пятен.",Испания,4
78,2026-09-29T23:10:25.019081,20260929_225902_ddf9b651,19000526338,parfjumerija/novinki,Ajmal,AMBER WOOD,Парфюмерная вода,11005.0,11005.0,0.0,1,5.0,https://goldapple.ru/19000526338-ajmal-amber-wood/,https://goldapple.ru/parfjumerija/novinki?p=4,"С 1951 года дом Ajmal выпускает пышные, сияющие обилием оттенков ароматы, влюбляющие в себя миллионы людей по всему миру. В 2014 году Ajmal обращается к более утончённой парфюмерной гамме, открывая коллекцию Signature ароматом Amber Wood «W»-серии. Подколлекция «W» названа заглавной буквой слова «Wood», и всё её наполнение раскрывает красоту и богатство древесного аккорда, являя его тёплые и сладковатые оттенки свежего спила, густой и тягучий смолистый нюанс и множество других – от ясной свежести молодой листвы до горечи тленных корней и мхов. Парфюмерная вода унисекс Amber Wood от Ajmal – это настоящий шедевр, блистающий самым изысканным благоуханием амбры с её карамельно-ореховыми, древесно-пряными и кожно-анимальными оттенками. Аромат насыщенный и глубокий, каждая капля этого аромата пленительна, чувственна и сильна.","Только на чистую кожу. Наносите парфюм только на тело, не на одежду. Наносить парфюм на несколько точек. Никогда не растирайте парфюм, позвольте ароматным капелькам парфюмированной воды самостоятельно впитаться в кожу, тогда пирамида останется целой и невредимой, соответственно, раскроется в своей естественной последовательности.",Оаэ,4
79,2026-09-29T23:10:35.752638,20260929_225902_ddf9b651,19000523657,parfjumerija/novinki,PARFUMERIE DE CHÂTEAU,Phéromone Française,парфюмерная вода,1600.0,1600.0,0.0,1,4.5,https://goldapple.ru/19000523657-parfumerie-de-chateau-pheromone-francaise/,https://goldapple.ru/parfjumerija/novinki?p=4,"Parfumerie De Château — это французский Дом, возрождающий эстетику старинных традиций, соединяя их с авторским почерком Мелиссы Хоффман — главного парфюмера бренда и наследницы старинной династии парфюмеров из Грасса. Эта коллекция — её посвящение Лазурному Берегу Франции, её личная ароматная карта любви к Ривьере, к её свету, тишине, обаянию, культуре и красоте. Этот аромат — не вызов. Это намёк. Он создан, чтобы не возбуждать, а притягивать, как делает это сама Франция. Неуловимо, интеллигентно, грациозно. Phéromone Française — это внутреннее сияние, аромат ауры, которую замечают, но не могут объяснить. Он не говорит громко, но оставляет след — как вечерний ветер с моря, как взгляд, полный тепла, как шлейф настоящего французского обаяния. Phéromone Française — это не провокация, а тонкая энергия внимания. Аромат притяжения в стиле Франции — изысканный, тактичный и глубоко личный. Он не соблазняет, а вызывает интерес.","Наносите парфюм только на тело, не на одежду.
Никогда не растирайте парфюм. Позвольте ароматным капелькам парфюмированной воды самостоятельно впитаться в кожу, чтобы пирамида аромата раскрылась в своей естественной последовательности.",Франция,4
80,2026-09-29T23:10:46.374796,20260929_225902_ddf9b651,19000526387,parfjumerija/novinki,HFC,Musk flower edp,Парфюмерная вода,33000.0,33000.0,0.0,1,5.0,https://goldapple.ru/19000526387-hfc-musk-flower-edp/,https://goldapple.ru/parfjumerija/novinki?p=4,"MUSK FLOWER — это аромат, вдохновлённый солнечными лучами, морской гладью и садами лазурного берега. Он переносит вас в атмосферу бесконечной красоты и роскоши, где цветы распускаются под ласковыми лучами солнца, а морской бриз приносит с собой нежные ноты свежести. MUSK FLOWER открывает свою композицию ярким и свежим аккордом нот ревеня и фиалки, создавая игривую свежую сладость. Пион и малина добавляют нежности и лёгкости, словно пробуждая чувства, приглашая в мир цветочных фантазий. Более утончённое и глубокое сердце аромата встречает нас древесным аккордом ветивера, а роза наполняет аромат чувственностью. Мускус добавляет мягкости и интимности. Это сочетание создаёт гармонию между свежестью и глубиной, заставляя сердце биться быстрее. Финал композиции — шлейф, который окутывает мягким облаком сандала, а бобы тонка добавляют сладостную ванильную ноту. Дымный аккорд завершает композицию, оставляя за собой атмосферу притяжения.",Не указано,Франция,4
81,2026-09-29T23:11:06.693294,20260929_225902_ddf9b651,19000510556,parfjumerija/novinki,OUME,Oume,Парфюмерный набор миниатюр,1767.0,1767.0,0.0,1,4.7,https://goldapple.ru/19000510556-oume-oume/,https://goldapple.ru/parfjumerija/novinki?p=5,"Парфюмерный набор «Oume» (5 шт. х 3 мл) – это оригинальный сет ароматов унисекс. Набор включает 5 миниатюр объемом по 3 мл и создан для знакомства с брендом Oume. Meadow Grass: Нежность луговых трав и сладость цветов, которые распускаются на горном склоне, нежась под солнцем. Аромат вдохновляет быть открытым для новых впечатлений и наслаждаться простыми моментами счастья. River Sound: Хвойный и каменный, полон силы ледяной горной реки, прокладывающей себе путь через скалистое ущелье. Аромат напоминает, что каждая преграда может быть преодолена, если мы следуем своему пути с решительностью и настойчивостью. Deep Woods: Теплый лес, прогретый обеденным солнцем, в кронах играют лучи и поют птицы, воздух тихий и свободный, в нем ощущается тепло, что осталось на листьях и земле от солнечного дня. Он напоминает, что важно заботиться о себе, находить время для отдыха и восстановления сил, чтобы лучше понимать себя. Rose Garden: Ты оказываешься в самом сердце розового сада. Крупные, налитые росой розы вокруг тебя оживают и зовут к себе. Ты делаешь глубокий вдох и чувствуешь нежный, пудровый аромат роз, запоминающийся на всю жизнь. Он представляет тот момент, когда мы, несмотря на преграды, раскрываемся и находим внутреннюю красоту под стражей шипов. Sandy Wind: Бескрайняя песчаная пустыня, под палящим солнцем дюны образуют плавные линии, напоминающие волны замерзающего моря. Горячий ветер пронзает кожу. Осознание того, насколько ты мал перед мощью природы, сопровождает тебя. Эта природа учит быть стойким и уверенным, находя гармонию между величием пустыни и внутренним покоем. Откройте для себя мир, где каждая нота, вдохновленная природой, — это приглашение к самовыражению и свободе. Пусть наши ароматы станут вашей поддержкой в каждом шаге на пути к самореализации, вы уже уникальны. В состав набора входит: — Парфюмерная вода «Meadow Grass», 3 мл. — Парфюмерная вода «River Sound», 3 мл. — Парфюмерная вода «Deep Woods», 3 мл. — Парфюмерная вода «Rose Garden», 3 мл. — Парфюмерная вода «Sandy Wind», 3 мл.","Распылите на пульсирующие зоны: запястья, шею, за ушами и внутреннюю сторону локтя. Избегайте контакта с одеждой. Для повышения стойкости рекомендуем наносить на хорошо увлажненную кожу.",Беларусь,5
82,2026-09-29T23:11:14.078039,20260929_225902_ddf9b651,19000543493,parfjumerija/novinki,BornToStandOut,Black crème,Духи,9405.0,9405.0,0.0,1,5.0,https://goldapple.ru/19000543493-borntostandout-black-creme/,https://goldapple.ru/parfjumerija/novinki?p=5,"Свеча тает. Воск густой и горячий, тяжёлый, как сливки, скользит по потной коже в опасно медленном движении. Она горит близко, прилипает. Комната наполняется жаром воска и кожи, окутанным нежной и дикой сладостью. Время замедляется. Black crème — это момент, когда свеча тает, горячий кремообразный воск капает на потную кожу, медленно скользя, а похоть нарастает в воздухе. Black crème открывается горячим мускусом с нотами амбретты и специй, словно тающий на коже сливочный воск; гладкий, как молоко, мягкий, но обжигающий. Ирис добавляет пудровую вуаль, но жар пробивается наружу. Сердце темнеет, поднимается уд, кожаный и дикий, смешиваясь с липкой ванилью и дымной глубиной мирры. Аромат тягучий, как пот. В базе плавится карамель, переходя в золотистый сандал. Амбра и дерево тлеют на коже, оставляя грязную и притягательную сладость.","Нанесите 1–2 распыления аромата на запястья, шею и точки пульса. Не растирайте — это может изменить звучание композиции. Позвольте аромату раскрыться естественно.",Республика корея,5
83,2026-09-29T23:11:20.376876,20260929_225902_ddf9b651,19000511628,parfjumerija/novinki,RICHARD DEBOR,Rich Boys Club,Нет категории,16575.0,16575.0,0.0,1,5.0,https://goldapple.ru/19000511628-richard-debor-rich-boys-club/,https://goldapple.ru/parfjumerija/novinki?p=5,"Аромат трилогии «Игра теней» Финал трилогии. Власть. В закрытых клубах, где собираются избранные, где роскошь и власть переплетаются с искушением, рождается кульминация истории. Этот аромат — символ статуса, власти и безграничных возможностей. История аромата: Как в закрытых клубах вершатся судьбы, так и этот аромат уверенно заявляет о себе с первых нот. Верхние аккорды — взрывная энергия и решительность, сердце композиции — воплощение роскоши и амбиций, а база оставляет неизгладимый след в памяти окружающих. Подобно правилам высшего общества, аромат построен на безупречном балансе: древесные ноты переплетаются с пряными акцентами, создавая ауру неприкасаемости. Это история о том, как амбиции и страсть создают новую реальность, где каждый может стать частью высшего общества. И пусть путь был непростым — результат того стоил.","Распылите на пульсирующие зоны: запястья, шею, за ушами и внутреннюю сторону локтя. Избегайте контакта с одеждой. Для повышения стойкости рекомендуем наносить на хорошо увлажненную кожу.",Оаэ,5
84,2026-09-29T23:11:28.594772,20260929_225902_ddf9b651,19000493115,parfjumerija/novinki,Loewe,Aire sutileza elixir,Нет категории,19360.0,19360.0,0.0,1,5.0,https://goldapple.ru/19000493115-loewe-aire-sutileza-elixir/,https://goldapple.ru/parfjumerija/novinki?p=5,"Парфюмерная вода LOEWE Aire Sutileza Elixir переосмысляет оригинальный аромат для женщин, предлагая более высокую и насыщенную концентрацию эфирных масел. Являясь частью коллекции LOEWE Landscape, этот цветочный парфюм вдохновлён чистым и свежим воздухом, окружающим нас повсюду, - бодрящим, природным и дарующим жизнь. Одновременно хрупкий и насыщенный, он передаёт ощущение свободы, внутренней силы и жизненной энергии Композиция с цветочно-фруктово-мускусными аккордами открывается ярким, сочетанием чёрной смородины, бергамота, лимона и груши. В сердце композиции раскрываются цветы апельсинового дерева, магнолии, жасмина самбак, пиона и ландыша. В основе этого женского аромата — глубокая, землистая база из ветивера, сандала и мускусов, обогащённая аутентичным аккордом LOEWE. Эта эксклюзивная нота, созданная нашим парфюмером, строится вокруг смолистого испанского ладанника (каменной розы) — дикого цветка, который определяет ольфакторную ДНК бренда Флакон LOEWE Aire Sutileza Elixir выполнен в фирменной форме стеклянного блока с красивым зелёным градиентом, напоминающим листву, и дополнен приятной на ощупь крышкой из древесины венге, которая перекликается с природным вдохновением аромата Хотите ли вы глубины сандала и мускуса или свежести груши и магнолии — парфюмерная вода LOEWE Aire Sutileza Elixir дарит насыщенный, стойкий и аутентичный ароматический опыт, пронизанный ДНК LOEWE.","Небольшое количество нанести на тело, избегая попадания в глаза.",Испания,5
85,2026-09-29T23:11:36.715698,20260929_225902_ddf9b651,19000501187,parfjumerija/novinki,Chloé,Le Parfum,духи,6370.0,6370.0,0.0,1,4.6,https://goldapple.ru/19000501187-chloe-le-parfum/,https://goldapple.ru/parfjumerija/novinki?p=5,"Chloé Le Parfum — это квинтэссенция утонченного стиля, предназначенная для современных леди, для которых истинная изысканность и безупречный вкус являются неотъемлемой частью образа. Начальные аккорды этого парфюма очаровывают пленительной свежестью бархатистой розы, которая затем деликатно растворяется в благоухающем центре, где сплетаются нежные ароматы магнолии и гардении. Шлейф композиции согревают бархатистая амбра и благородный кедр, придавая ей завораживающую глубину и несравненную стойкость. Этот парфюм станет превосходным инструментом для создания неповторимого имиджа, призванного подчеркнуть вашу уникальность.","Распылите на пульсирующие зоны: запястья, шею, за ушами и внутреннюю сторону локтя. Избегайте контакта с одеждой.",Франция,5
86,2026-09-29T23:11:42.732217,20260929_225902_ddf9b651,19000487365,parfjumerija/novinki,Hugo Boss,The Scent INTENSE,Парфюмерная вода,10080.0,10080.0,0.0,1,4.8,https://goldapple.ru/19000487365-the-scent/,https://goldapple.ru/parfjumerija/novinki?p=5,"Объедините силу притяжения с парфюмированной водой BOSS The Scent Intense для мужчин. В этом амброво-фруктовом гурманском аромате BOSS гармонично сочетаются изысканная манинка и теплая амбра, образуя насыщенный ликер, излучающий чувственность. Аромат открывается динамичными нотами имбиря и пряных фруктов манинки, за которыми следует насыщенное сердце из лаванды и кожи. База раскрывается теплыми, чувственными нотами ветивера и ванили, создавая неизгладимое впечатление уверенности и притягательности. Изысканный, современный аромат для уверенного в себе мужчины идеально подходит для вечернего выхода, особых случаев и для тех моментов, когда вы хотите продемонстрировать силу и соблазнительную притягательность.","Распылите с расстояния 20–30 см на точки пульса, такие как запястья и шея, или создайте ароматное облако и войдите в него для более легкого и равномерного нанесения.",Франция,5
87,2026-09-29T23:11:49.790658,20260929_225902_ddf9b651,19000539241,parfjumerija/novinki,Zielinski & Rozen,"Cinnamon, Orange, Vetiver, Neroli",Духи концентрированные,2790.0,2790.0,0.0,1,4.2,https://goldapple.ru/19000539241-zielinski-rozen-cinnamon-orange-vetiver-neroli/,https://goldapple.ru/parfjumerija/novinki?p=5,Стойкий аромат-унисекс. Оставляет легкий шлейф.,"Распылите на кожу или одежду с расстояния 30 см. Либо распылите парфюм перед собой и войдите в образовавшееся облако. Чтобы аромат сохранялся дольше, наносите его на разогретое или влажное тело.",Россия,5
88,2026-09-29T23:11:56.902703,20260929_225902_ddf9b651,19000498779,parfjumerija/novinki,MEMO Paris,CAP CAMARAT,Парфюмерная вода,27975.0,27975.0,0.0,1,5.0,https://goldapple.ru/19000498779-memo-paris-cap-camarat/,https://goldapple.ru/parfjumerija/novinki?p=5,"Cap Camarat передает характер средиземноморского побережья благодаря яркой, морской ароматической композиции, сформированной светом, воздухом и минеральной свежестью. Аромат отражает вдохновленную путешествиями философию Memo Paris, переводя залитый солнцем пейзаж в изысканную ольфакторную структуру. Цитрусовые ноты бергамота и лимона создают сияющее вступление, подчеркнутое розовым перцем и освеженное свежей мятой. В сердце раскрывается легкий цветочный аккорд, где жасмин и цикламен плавно сочетаются с морскими нюансами, вызывая ощущение морского воздуха. По мере раскрытия композиции кокос придает тонкую сливочную мягкость, а белый мускус образует чистую, гладкую базу, которая продлевает свежесть мягким теплом. Созданный парфюмером Алиенор Массене и выпущенный в 2022 году, аромат подчеркивает мастерство Memo Paris в сочетании естественной свежести с утонченной элегантностью. На коже аромат ощущается свежим, но мягко обволакивающим.","Распылите на пульсирующие зоны, такие как запястья, шея, за ушами и внутренняя сторона локтя. Избегайте контакта с одеждой, чтобы сохранить качество аромата.",Франция,5
89,2026-09-29T23:12:04.879104,20260929_225902_ddf9b651,19000527654,parfjumerija/novinki,RABANNE,1 million black,Парфюмерная вода,9877.0,9877.0,0.0,1,4.3,https://goldapple.ru/19000527654-rabanne-1-million-black/,https://goldapple.ru/parfjumerija/novinki?p=5,"Насыщенный и стойкий аромат 1 MILLION BLACK объединяет тропическую свежесть ананаса с ярким звучанием ванили и выразительной нотой эбенового дерева. Смелая и притягательная парфюмерная композиция Paco Rabanne оставляет долгий, незабываемый шлейф. Элегантный днём и магнетический ночью, этот аромат открывает новую главу в истории 1 MILLION — ещё более дерзкую, свободную и чувственную. Фруктовая свежесть заряжает энергией, а интенсивная и тёплая ваниль раскрывает гурманскую, кремовую грань, плавно растворяясь в глубоком древесном звучании. 1 MILLION BLACK — аромат для тех, кто проживает жизнь на максимум.","Распылите на пульсирующие зоны: запястья, шею, за ушами и внутреннюю сторону локтя. Избегайте контакта с одеждой. Для повышения стойкости рекомендуем наносить на хорошо увлажненную кожу.",Франция,5
90,2026-09-29T23:12:13.446497,20260929_225902_ddf9b651,19000388918,parfjumerija/novinki,Ajmal,The Untold Stories Chapter 5,Парфюмерная вода,8694.0,8694.0,0.0,1,5.0,https://goldapple.ru/19000388918-chapter-5/,https://goldapple.ru/parfjumerija/novinki?p=5,"Chapter 5 является частью коллекции The Untold Stories, воплощающей стремление к самовыражению, восторг вдохновения и бережное сохранение в памяти особенно значимых моментов. Корали Спичер, создавшая этот аромат, представила свой инновационный взгляд на семейство фужерно-древесных ароматов, где яркие контрасты сливаются в совершенную гармонию. Композиция начинается с яркого сочетания сухого металлического дерева и чернильного аккорда, создавая сильное первое впечатление и настраивая на удивительное раскрытие. В сердце звучат ладан, сандал, уд и берёза, придавая аромату дымную глубину и таинственный шлейф. Эти ноты соединяют первобытную силу с утончённой элегантностью, создавая баланс древности и современности. В базе раскрываются свежие акценты кедра и мха, уравновешенные тёплой ванилью, оставляющей стойкий и утончённый шлейф.","Распылите на пульсирующие зоны: запястья, шею, за ушами и внутреннюю сторону локтя. Избегайте контакта с одеждой. Для повышения стойкости рекомендуем наносить на хорошо увлажненную кожу.",Оаэ,5
91,2026-09-29T23:12:21.517042,20260929_225902_ddf9b651,19000514306,parfjumerija/novinki,Maison Francis Kurkdjian,OUD SATIN MOOD,Парфюм для волос,9700.0,9700.0,0.0,1,4.8,https://goldapple.ru/19000514306-maison-francis-kurkdjian-oud-satin-mood/,https://goldapple.ru/parfjumerija/novinki?p=5,"Парфюм для волос OUD satin mood деликатно покрывает волосы нежным ароматом, делая волосы мягкими благодаря своей легкой, воздушной текстуре. Придает ощущение свежести, не утяжеляя волосы. OUD satin mood отражает желание парфюмера привнести в жизнь мерцающую грань. Окутайте себя древесно-амбровой вуалью, чтобы приостановить время и почувствовать себя здесь и сейчас. Утонченные фиалковые аккорды, ноты удового дерева, эссенция розы и абсолю розы сливаются с богатым ванильно-амбровым шлейфом. Парфюм для волос OUD satin mood — это парфюмерная композиция с добавлением ухаживающих масел, которые оставляют на волосах дорогой аромат и одновременно ухаживают, заключена в легендарный стеклянный флакон Дома. Исключительный ольфакторный ритуал для ежедневного удовольствия. Чтобы насладиться моментом ухода за собой и продлить звучание вашего аромата OUD satin mood, попробуйте также парфюмированное масло для тела OUD satin mood.","Нанести на сухие или слегка влажные волосы с расстояния 10-15 см. 
Парфюм для волос можно использовать самостоятельно и в сочетании с вашим ароматом.",Франция,5
92,2026-09-29T23:12:29.565799,20260929_225902_ddf9b651,19000539235,parfjumerija/novinki,Zielinski & Rozen,"Bergamot, Oud, Leather",Духи концентрированные,2790.0,2790.0,0.0,1,5.0,https://goldapple.ru/19000539235-zielinski-rozen-bergamot-oud-leather/,https://goldapple.ru/parfjumerija/novinki?p=5,Стойкий аромат-унисекс. Оставляет легкий шлейф.,"Распылите на кожу или одежду с расстояния 30 см. Либо распылите парфюм перед собой и войдите в образовавшееся облако. Чтобы аромат сохранялся дольше, наносите его на разогретое или влажное тело.",Россия,5
93,2026-09-29T23:12:36.887451,20260929_225902_ddf9b651,19000526860,parfjumerija/novinki,BYBOZO,WILL YOU MARRY ME?,Нет категории,6750.0,6750.0,0.0,1,5.0,https://goldapple.ru/19000526860-bybozo-will-you-marry-me/,https://goldapple.ru/parfjumerija/novinki?p=5,"«Will You Marry Me?» — аромат, вдохновлённый одним из самых нежных моментов в жизни. Его нежное и притягательное звучание пробуждает воспоминания о встречах, любви и романтике. Ноты сочных фруктов переносят в состояния первой влюблённости и ощущения безграничного счастья. Bybozo Will you marry me? Это аромат для тех, кто готов открыть свое сердце для любви и стать частью волшебной истории, которая будет длиться вечно! В интернет-магазине представлен актуальный дизайн продукта. Обращаем внимание, возможно поступление товара в старом дизайне.",Нанести на волосы.,Франция,5
94,2026-09-29T23:12:44.148606,20260929_225902_ddf9b651,19000537762,parfjumerija/novinki,Shiseido,ZEN Essence,Нет категории,7050.0,7050.0,0.0,1,4.4,https://goldapple.ru/19000537762-shiseido-zen-essence/,https://goldapple.ru/parfjumerija/novinki?p=5,"SHISEIDO Zen Essence — женская парфюмерная вода, воплощающая гармонию и внутренний баланс. Сделайте паузу в стремительном ритме жизни и вновь почувствуйте связь с собой. Нежное звучание белых цветов, согретое мягкими древесными нотами, раскрывается в элегантной, деликатно обволакивающей композиции и помогает обрести спокойствие и душевное равновесие. Создавая Zen Essence, парфюмер Флориан Галло вдохновлялся тишиной японского сада, где мягкий свет скользит по лепесткам, а воздух наполнен умиротворением. Этот образ воплотился в многогранном аромате, который обращается ко всем пяти чувствам и погружает в атмосферу безмятежности. Аромат раскрывается искристым бергамотом и сияющим жасмином, постепенно переходя в изысканное сердце, где бархатистый ирис переплетается с современным минерально-мускусным аккордом. Чувственная ваниль и благородный кедр создают утонченный, стойкий шлейф, дарящий ощущение покоя и внутреннего равновесия..","Наносите парфюмерную воду на пульсирующие точки: запястья, шею и область за ушами.",Франция,5
95,2026-09-29T23:12:52.556211,20260929_225902_ddf9b651,19000497288,parfjumerija/novinki,Carolina Herrera,212 Men NYC Parfum,Парфюмерная вода,13098.0,13098.0,0.0,1,4.2,https://goldapple.ru/19000497288-carolina-herrera-12-men-nyc/,https://goldapple.ru/parfjumerija/novinki?p=5,"В 212 Men Parfum дерзкая элегантность сплетается с бескомпромиссным удовольствием. Заряженный энергией Нью-Йорка, он создан для мужчины, который живет легко, страстно и в моменте. По словам Каролины Эрреры-младшей, директора парфюмерного направления модного дома, «источником вдохновения аромата послужили уверенность, обаяние и природная чувственность мужчины, умеющего наслаждаться жизнью». Идеален для незабываемого вечера, свидания и любого момента, когда хочется произвести впечатление. Композицию открывает горячая вспышка нот карамелизированного имбиря, бергамота и кардамона. Пряная лаванда добавляет ароматическую глубину. Кожаные древесные аккорды и теплая амбра оставляют на коже насыщенный совершенный шлейф.","Нанести на кожу, избегая попадания в глаза. 
Для более полного раскрытия аромата рекомендуется нанести его на точки пульса: на шее, в зоне декольте и запястьях.",Испания,5
96,2026-09-29T23:12:58.562585,20260929_225902_ddf9b651,19000526194,parfjumerija/novinki,Acqua di Parma,BLU MEDITERRANEO ARANCIA DI CAPRI,Туалетная вода,3200.0,3200.0,0.0,1,4.3,https://goldapple.ru/19000526194-acqua-di-parma-blu-mediterraneo-arancia-di-capri/,https://goldapple.ru/parfjumerija/novinki?p=5,"Символ итальянского Средиземноморья. Остров Капри. Искрящийся. Солнечный. Успокаивающий. Аромат, объединяющий эфирные масла апельсина, мандарина и лимона. В сердце аромата петитгрейн идеально сочетается с насыщенным оттенком кардамона. В шлейфе мягко звучит нежная нота карамели, украшенная чувственным мускусом. Удобный флакон объемом 12 мл поместится даже в маленькую сумочку и позволит обновить аромат в любой момент.","Нанести на шею, запястья и точки пульса.",Италия,5
97,2026-09-29T23:13:06.127248,20260929_225902_ddf9b651,19000388915,parfjumerija/novinki,Ajmal,The Untold Stories Chapter 2,Парфюмерная вода,8694.0,8694.0,0.0,1,5.0,https://goldapple.ru/19000388915-chapter-2/,https://goldapple.ru/parfjumerija/novinki?p=5,"Chapter 2 является частью коллекции The Untold Stories, воплощающей стремление к самовыражению, восторг вдохновения и бережное сохранение в памяти особенно значимых моментов. Далия Изем, парфюмер, создавшая эту композицию, отразила в нем простые моменты жизни, наслаждаясь которыми мы превращаем их в превращаем их в самые теплые воспоминания. Аромат открывается насыщенным чёрным чаем, оттенённым пряными акцентами и нежным жасмином. В сердце раскрывается мягкая сладость миндаля, которую обволакивает пудровая утонченность гелиотропа и ириса. Завершают композицию бархатистый сандал, тёплая ваниль и чувственный мускус.","Распылите на пульсирующие зоны: запястья, шею, за ушами и внутреннюю сторону локтя. Избегайте контакта с одеждой. Для повышения стойкости рекомендуем наносить на хорошо увлажненную кожу.",Оаэ,5
98,2026-09-29T23:13:14.699102,20260929_225902_ddf9b651,19000518358,parfjumerija/novinki,Yves Rocher,CITRON & BAIES ROSES,Туалетная вода,3390.0,3390.0,0.0,1,4.0,https://goldapple.ru/19000518358-yves-rocher-citron-baies-roses/,https://goldapple.ru/parfjumerija/novinki?p=5,"Яркая прохлада с лёгкой кислинкой. Путешествие по цветущим полям. Откройте для себя коллекцию ароматов, приглашающую в увлекательное и беззаботное путешествие по цветущим полям. Туалетная вода Citron & Baies Roses — это искрящийся свежий аромат, вдохновлённый сверкающим солнцем, озаряющим поля. В этой композиции чувствуется прохлада с лёгкой кислинкой, в которой яркость лимона сочетается с сияющими нотами розового перца. «Я стремился запечатлеть атмосферу, что царит на полях, залитых солнечным светом. В созвучии с этими ощущениями насыщенная и яркая нота лимона звучит в обрамлении пряных нюансов розового перца», — Грегуар Балледье, парфюмер. Руководство по сортировке упаковки: картонную коробку поместите в контейнер для бумаги и картона, флакон — в контейнер для стекла, крышку — в контейнер для пластика. Сортируя отходы, вы каждый раз помогаете дать им вторую жизнь.","Наносите на точки пульса, либо распылите перед собой и войдите в облако аромата.",Франция,5
99,2026-09-29T23:13:21.670949,20260929_225902_ddf9b651,19000388916,parfjumerija/novinki,Ajmal,The Untold Stories Chapter 3,Парфюмерная вода,8694.0,8694.0,0.0,1,5.0,https://goldapple.ru/19000388916-chapter-3/,https://goldapple.ru/parfjumerija/novinki?p=5,"Chapter 3 является частью коллекции The Untold Stories, воплощающей стремление к самовыражению, восторг вдохновения и бережное сохранение в памяти особенно значимых моментов. Парфюмер Бенджамин Белизон в своей композиции раскрыл мимолетную, чувственную красоту сладкого османтуса, создающую атмосферу осеннего Шанхая. Аромат, наполненный свежими, фруктовыми и зелёными нотами, воплощает природную элегантность — свежесть, живость и утончённость. Он начинается с ярких красных фруктов, абрикосов и персиков, наполняя воздух вокруг вас сладостью сада. В сердце композиции раскрывается османтус с его тёплой, абрикосовой сладостью, гармонично сочетаясь с бархатной розой. Это сочетание создаёт баланс между романтичностью и глубиной. В завершение чувственная база из сандала, амбры и мускуса оставляет тёплый и незабываемый шлейф.","Распылите на пульсирующие зоны: запястья, шею, за ушами и внутреннюю сторону локтя. Избегайте контакта с одеждой. Для повышения стойкости рекомендуем наносить на хорошо увлажненную кожу.",Оаэ,5
100,2026-09-29T23:13:28.608954,20260929_225902_ddf9b651,19000511797,parfjumerija/novinki,Zielinski & Rozen,"Pear, Amber",Свеча,3290.0,3290.0,0.0,1,5.0,https://goldapple.ru/19000511797-zielinski-rozen-pear-amber/,https://goldapple.ru/parfjumerija/novinki?p=5,Свечи в компактной алюминиевой банке с закручивающейся крышкой станут незаменимым спутником в путешествии: таким образом любимый аромат и частичка дома будут следовать за вами повсюду.,"Рекомендуется разместить свечу на открытой ровной поверхности, а затем зажечь. Общее время горения: до 5/12 часов.",Россия,5
101,2026-09-29T23:13:45.943323,20260929_225902_ddf9b651,19000523662,parfjumerija/novinki,PARFUMERIE DE CHÂTEAU,Rythme Soleil,парфюмерная вода,1600.0,1600.0,0.0,1,5.0,https://goldapple.ru/19000523662-parfumerie-de-chateau-rythme-soleil/,https://goldapple.ru/parfjumerija/novinki?p=6,"Parfumerie De Château — это французский Дом, возрождающий эстетику старинных традиций, соединяя их с авторским почерком Мелиссы Хоффман — главного парфюмера бренда и наследницы старинной династии парфюмеров из Грасса. Эта коллекция — её посвящение Лазурному Берегу Франции, её личная ароматная карта любви к Ривьере, к её свету, тишине, обаянию, культуре и красоте. Rythme Soleil — это аромат золотистой от загара кожи, разогретой солнцем и окутанной легкой мускусной дымкой. Он звучит, как ритм лета на юге Франции: томный, тягучий, соблазнительный. Это не просто аромат — это движение света по коже. Пульс жара. Такт страсти. Ритм солнца. Потому что солнце — это не свет, это ритм. Он проникает сквозь ткань, скользит по коже, окутывает волосы и остаётся в памяти. Создан Мелиссой Хоффманн как чувственная симфония амбры, ванили и мускуса — в духе пряного, гурманского юга, где ароматы держатся на коже до ночи.","Наносите парфюм только на тело, не на одежду.
Никогда не растирайте парфюм. Позвольте ароматным капелькам парфюмированной воды самостоятельно впитаться в кожу, чтобы пирамида аромата раскрылась в своей естественной последовательности.",Франция,6
102,2026-09-29T23:13:54.156204,20260929_225902_ddf9b651,19000506371,parfjumerija/novinki,Parfums de Marly,Athenais,Парфюмерная вода,38258.0,38258.0,0.0,1,4.6,https://goldapple.ru/19000506371-parfums-de-marly-athenais/,https://goldapple.ru/parfjumerija/novinki?p=6,"Parfums de Marly Athenais — это восточно‑цветочный гимн женской силе и утончённости, созданный домом Parfums de Marly в 2026 году в концентрации парфюмерной воды. Аромат посвящён Франсуазе Атене, маркизе де Монтеспан — блистательной фаворитке Людовика XIV. Её красота была подобна солнцу, ум — острее пера поэта, а судьба — сплетением величия и хрупкости эпохи абсолютной монархии. Композиция раскрывается как тайна, которая становится глубже с каждым мгновением. В верхних нотах — трио цитрусов: сияющий сицилийский бергамот, минерально‑свежий японский юзу и медово‑зелёный нероли с оттенком горького миндаля. Они создают иллюзию утреннего света на коже, только что покинувшей сады Тюильри. В сердце аромата — цветочный триптих, вдохновлённый королевскими оранжереями Версаля. Пудровая магнолия и трепетный ландыш в обрамлении молекулы Mahonial, изысканная сладость цветка апельсина и молочно‑зелёный жасмин самбак, звучащий как шёпот признаний в тёмных галереях дворца. База композиции — тёплая и загадочная: сухая, почти табачная сладость бобов тонка и ванили, напоминающая аромат старинных пергаментов. Бархатистая амбра завершает картину, сливаясь с кожей и становясь её вторым дыханием.","Распылите на пульсирующие зоны: запястья, шею, за ушами и внутреннюю сторону локтя. Избегайте контакта с одеждой. Для повышения стойкости рекомендуем наносить на хорошо увлажненную кожу.",Франция,6
103,2026-09-29T23:14:02.425832,20260929_225902_ddf9b651,19000399152,parfjumerija/novinki,MAISON NOIR,QUANDOLEY,Нет категории,18905.0,18905.0,0.0,1,5.0,https://goldapple.ru/19000399152-quandoley-805/,https://goldapple.ru/parfjumerija/novinki?p=6,"В смелом стремлении к наслаждению Quandoley 805 возвышает гурманскую ваниль с горькой гранью оливы, раскрывая сияние иланг-иланга сквозь дымку олибанума. Свет и тень переплетаются с удом, кожей и насыщенными смолами, создавая глубокий и изысканный аромат.","Распыляйте с расстояния 20-25 см. 
Не наносите на одежду, не используйте при нахождении на солнце.",Франция,6
104,2026-09-29T23:14:10.989605,20260929_225902_ddf9b651,19000526662,parfjumerija/novinki,HFC,SUNMUSK,Нет категории,18750.0,18750.0,0.0,1,4.7,https://goldapple.ru/19000526662-hfc-sunmusk/,https://goldapple.ru/parfjumerija/novinki?p=6,"Откройте для себя мир солнечного мускуса, который создан под лучами солнца и лёгкого бриза, на берегу сияющего Средиземного моря. Почувствуйте лёгкость летнего ветра, играющего в волосах и тепло лучей солнца, ласкающих вашу кожу. Место, где каждый день дарит атмосферу праздника, где бокалы всегда наполнены шампанским, а в воздухе витает аромат Sunmusk. Он станет вашим идеальным спутником в путешествии по миру ярких эмоций. Только попробуйте нанести его на себя, и вы уже в окружении лазурных волн и беззаботной роскоши, вспоминаете о весёлых вечерах под открытым небом. Сверкающий аромат, как солнечный луч, наполняет вас светом и любовью. Яркий аромат раскрывается аккордами зелёных листьев и искрящимся оттенком розового перца. Нежное цветочное сердце воплощает женственность аромата и переходит в чувственный, мягкий шлейф из амбры и белого мускуса. Современный и воздушный аромат. состав набора: — Парфюмерная вода Sunmusk, 15 мл х 4 шт",Не указано,Франция,6
105,2026-09-29T23:14:18.573215,20260929_225902_ddf9b651,19000523666,parfjumerija/novinki,LERBOLARIO,Pistachio Perfume,Туалетная вода,3120.0,3120.0,0.0,1,5.0,https://goldapple.ru/19000523666-lerbolario-pistachio-perfume/,https://goldapple.ru/parfjumerija/novinki?p=6,"Туалетная вода Pistachio — гурманский унисекс‑аромат с теплым ореховым акцентом сливочной фисташки. С первых секунд он раскрывается уютной сладостью и лёгкой солоноватой ноткой. В сердце — кокосовая вода, черная смородина и цветок персика, придающие композиции тропическую свежесть и мягкое сияние. В базе — карамель и кристаллы соли, создающие модный сладко‑солёный шлейф с «десертным» послевкусием. Аромат универсален: летом играет сочностью кокоса и ягод, а зимой дарит комфорт и тепло. Идеален для повседневного использования и особых случаев, когда хочется добавить образу уютной гурманской сладости. Дерматологически протестировано. Не содержит ингредиентов животного происхождения. Упаковка, на 100% пригодная для вторичной переработки.","Туалетную воду нужно распылять с расстояния 10–15 см на пульсирующие точки тела: запястья, сгибы локтей, ямку между ключицами, область за ушами, основание шеи у корней волос. Достаточно одного нажатия на спрей, чтобы аромат раскрылся, но не стоит его растирать: это может нарушить последовательность проявления нот.",Италия,6
106,2026-09-29T23:14:28.388843,20260929_225902_ddf9b651,19000509614,parfjumerija/novinki,Rochas,Mademoiselle rochas in love,Парфюмерная вода,9233.0,9233.0,0.0,1,4.9,https://goldapple.ru/19000509614-rochas-mademoiselle-rochas-in-love/,https://goldapple.ru/parfjumerija/novinki?p=6,"Аромат MADEMOISELLE ROCHAS in Love – это яркое и романтичное отражение любви. Сладкая и притягательная, как расцветающее в сердце чувство, композиция открывается игривыми нотами яблока в карамели, нежной фрезии и сочной груши. В чувственном сердце аромата переливаются свежие цветочные ноты пиона и розы. Пачули, кашмеран, деликатная ваниль и кедр мягко окутывают теплом, оставляя манящий шлейф. Этот аромат ROCHAS – парфюмерное признание в чувствах, о которых уже невозможно молчать.",Распылите с расстояния 20-30 см.,Франция,6
107,2026-09-29T23:14:37.486858,20260929_225902_ddf9b651,19000428555,parfjumerija/novinki,THE WOODS COLLECTION,Natural By The Woods Earth,парфюмерный набор,10782.0,10782.0,0.0,1,5.0,https://goldapple.ru/19000428555-earth/,https://goldapple.ru/parfjumerija/novinki?p=6,"В набор входят парфюмерная вода Earth (100 мл) и пустой атомайзер (5 мл). Парфюмерная вода The Woods Collection — воплощение взаимоотношений человечества с планетой Земля, вдохновлённое элементами природы и дарящее умиротворение. Композиция раскрывается нотой освежающего лимона для яркого старта, который напоминает сияние утренней росы на лоне природы. Баланс травяных нот шалфея, розмарина и листа лавра усиливает землистую грань аромата, воплощая сердце леса. Финальная тёплая нота ванили придаёт композиции сладкий и мягкий оттенок, который долго остаётся на коже. состав набора — Парфюмерная вода The Woods Collection Earth, 100 мл — Пустой атомайзер, 5 мл","Распылите на пульсирующие зоны: запястья, шею, за ушами и внутреннюю сторону локтя. Избегайте контакта с одеждой. Для повышения стойкости рекомендуем наносить на хорошо увлажненную кожу.",Франция,6
108,2026-09-29T23:14:48.953432,20260929_225902_ddf9b651,19000514286,parfjumerija/novinki,EX NIHILO,Lust in paradise,Духи,50150.0,50150.0,0.0,1,5.0,https://goldapple.ru/19000514286-ex-nihilo-lust-in-paradise/,https://goldapple.ru/parfjumerija/novinki?p=6,"Lust in paradise духи — это изысканный аромат, который подчеркнёт вашу индивидуальность и создаст атмосферу райского наслаждения. Идеальные для использования в любое время дня и подходящие для любого случая, эти духи обеспечат вам непревзойденное ощущение свежести и уверенности.","Нанесите 1–2 распыления аромата на запястья, шею и точки пульса. Не растирайте — это может изменить звучание композиции. Позвольте аромату раскрыться естественно.",Франция,6
109,2026-09-29T23:14:57.418656,20260929_225902_ddf9b651,19000529869,parfjumerija/novinki,Parfums de Marly,Discovery collection,Набор парфюмерной воды,24658.0,24658.0,0.0,1,5.0,https://goldapple.ru/19000529869-parfums-de-marly-discovery-collection/,https://goldapple.ru/parfjumerija/novinki?p=6,"Драгоценная мужская коллекция передаёт всю магию и очарование изысканных ароматов Parfums de Marly. От тепла до свежести, от цветочных нот до пряных аккордов. состав набора — Парфюмерная вода ""Layton"", 10 мл — Парфюмерная вода ""Haltane"", 10 мл — Парфюмерная вода ""Althaïr"", 10 мл — Парфюмерная вода ""Perseus"", 10 мл — Парфюмерная вода ""Castley"", 10 мл","Распылите на пульсирующие зоны: запястья, шею, за ушами и внутреннюю сторону локтя. Избегайте контакта с одеждой. Для повышения стойкости рекомендуем наносить на хорошо увлажненную кожу.",Франция,6
110,2026-09-29T23:15:05.565300,20260929_225902_ddf9b651,19000539242,parfjumerija/novinki,Zielinski & Rozen,"Cinnamon, Orange, Vetiver, Neroli",Духи концентрированные,7990.0,7990.0,0.0,1,5.0,https://goldapple.ru/19000539242-zielinski-rozen-cinnamon-orange-vetiver-neroli/,https://goldapple.ru/parfjumerija/novinki?p=6,Стойкий аромат-унисекс. Оставляет легкий шлейф.,"Распылите на кожу или одежду с расстояния 30 см. Либо распылите парфюм перед собой и войдите в образовавшееся облако. Чтобы аромат сохранялся дольше, наносите его на разогретое или влажное тело.",Россия,6
111,2026-09-29T23:15:14.344923,20260929_225902_ddf9b651,19000377369,parfjumerija/novinki,MEMO Paris,ABU DHABI,Парфюмерная вода,31696.0,31696.0,0.0,1,5.0,https://goldapple.ru/19000377369-abu-dhabi/,https://goldapple.ru/parfjumerija/novinki?p=6,"Насладитесь роскошью Ближнего Востока в ароматическом ресторане, вдохновленном величием Абу-Даби, где великолепие заката над заливом сочетается с богатыми нотами фруктов и специй, отражающими элегантность и древнюю культуру города. Аромат раскрывается роскошным сочетанием спелых фруктов и теплых специй, воплощая золотистое тепло солнечных лучей, заходящих за горизонт. База находится глубоко переплетаются с ветивером, придавая загадочности, который воплощает в себе изысканный характер и старинные традиции в Эмиратах. Аромат выпускается во флаконе, украшенном резьбой по традиционному Саду, одному из лучших бедуинских изделий ручной работы, отражающему глубокую связь с аутентичным наследием. Abu Dhabi - это аромат для мужчин и женщин, который приглашает вас совершить чувственное путешествие по сердцу ОАЭ, где наследие сочетается с роскошью, создавая незабываемые впечатления.","Распылите на пульсирующие зоны, такие как запястья, шея, за ушами и внутренняя сторона локтя. Избегайте контакта с одеждой, чтобы сохранить качество аромата.",Франция,6
112,2026-09-29T23:15:24.395010,20260929_225902_ddf9b651,19000506374,parfjumerija/novinki,Parfums de Marly,Valero,Духи,57800.0,57800.0,0.0,1,5.0,https://goldapple.ru/19000506374-parfums-de-marly-valero/,https://goldapple.ru/parfjumerija/novinki?p=6,"«Valero» («Вале́ро») от Parfums de Marly — древесно‑фужерный парфюм нишевой линейки французского бренда. Композиция строится вокруг гармоничного сочетания бурбонской герани, лаванды и амброкса. По словам Жюльена Спрешера, основателя и креативного директора марки, аромат исследует структуру древесного фужера через призму чистоты и сущности. В основе композиции — лаванда, бурбонская герань и кипарис, создающие ароматический каркас, а пачули и сандал формируют базу. Старт раскрывается свежестью бергамота, цитрона и ягод можжевельника. В сердце — благородные травы и пряности, в базе — пачули, сандал и амброкс, оставляющие стойкий утончённый шлейф. «Valero» подойдёт ценителям классической мужской элегантности в современном нишевом прочтении.","Нанесите 1–2 распыления аромата на запястья, шею и точки пульса. Не растирайте — это может изменить звучание композиции. Позвольте аромату раскрыться естественно.",Франция,6
113,2026-09-29T23:15:33.113868,20260929_225902_ddf9b651,19000514303,parfjumerija/novinki,EX NIHILO,Iconique 1,Нет категории,34850.0,34850.0,0.0,1,5.0,https://goldapple.ru/19000514303-ex-nihilo-iconique-1/,https://goldapple.ru/parfjumerija/novinki?p=6,"Набор миниатюр, включающий пять уникальных ароматов, представляет собой идеальное решение для знакомства с разнообразными парфюмами. Каждый из них предлагает своё собственное уникальное впечатление и эмоциональное путешествие. состав набора — Парфюмерная вода ""Blue talisman"", 10 мл — Парфюмерная вода ""Fleur narcotique"", 10 мл — Парфюмерная вода ""The hedonist"", 10 мл — Парфюмерная вода ""Lust in paradise"", 10 мл — Парфюмерная вода ""Santal Calling"", 10 мл","Распылите на пульсирующие зоны: запястья, шею, за ушами и внутреннюю сторону локтя. Избегайте контакта с одеждой. Для повышения стойкости рекомендуем наносить на хорошо увлажненную кожу.",Франция,6
114,2026-09-29T23:15:40.965579,20260929_225902_ddf9b651,19000388917,parfjumerija/novinki,Ajmal,The Untold Stories Chapter 4,Нет категории,8694.0,8694.0,0.0,1,5.0,https://goldapple.ru/19000388917-chapter-4/,https://goldapple.ru/parfjumerija/novinki?p=6,"Chapter 4 является частью коллекции The Untold Stories, воплощающей стремление к самовыражению, восторг вдохновения и бережное сохранение в памяти особенно значимых моментов. Парфюмер Натали Лорсон, являющаяся автором аромата, искусно играет с контрастами, создавая одновременно роскошную, смелую, но в то же время загадочную ольфакторную композицию. Аромат открывается яркими аккордами олибанума и розового перца, мгновенно пробуждая любопытство. В сердце раскрывается сочная чёрная вишня, нежно окутанная теплом карамели и тонкими травяными оттенками индийской полыни. По мере развития композиции на первый план выходят глубокие ноты кожи, смягчённые бархатистыми акцентами сандала и кедра, а перуанский бальзам придаёт аромату насыщенную смолистую сладость. Финальные штрихи — дымные нюансы пачули и киприола, создающие запоминающийся шлейф: дерзкий, утончённый и манящий.","Распылите на пульсирующие зоны: запястья, шею, за ушами и внутреннюю сторону локтя. Избегайте контакта с одеждой. Для повышения стойкости рекомендуем наносить на хорошо увлажненную кожу.",Оаэ,6
115,2026-09-29T23:15:51.287581,20260929_225902_ddf9b651,19000480371,parfjumerija/novinki,Jean Paul Gaultier,Scandal elixir,духи-спрей,11697.0,11697.0,0.0,1,5.0,https://goldapple.ru/19000480371-jean-paul-gaultier-scandal-pour-homme-elixir/,https://goldapple.ru/parfjumerija/novinki?p=6,"Аромат SCANDAL ELIXIR для мужчин – воплощение интенсивности. Чистая самоуверенность. Полное отсутствие сдержанности. Смелость, способная вызвать скандал. Сочная, дерзкая и провокационная черешня без колебаний пробуждает чувства. Притягательные пачули громко заявляют о себе. Мягкое звучание бобов тонка уравновешивает смелость и элегантность. Мастерски переплетаясь, ноты создают притягательный шлейф, за которым хочется следовать. Этот выразительный аромат Jean Paul GAULTIER идеально дополняет ауру харизмы и бунтарства. Классификация аромата: фруктовый, амбровый, шипровый. Верхние ноты: черешня Ноты сердца: пачули Базовые ноты: бобы тонка",Не указано,Испания,6
116,2026-09-29T23:16:00.366252,20260929_225902_ddf9b651,19000480365,parfjumerija/novinki,Banderas,Seduction x,Парфюмерная вода,2992.0,2992.0,0.0,1,5.0,https://goldapple.ru/19000480365-banderas-seduction-x/,https://goldapple.ru/parfjumerija/novinki?p=6,"Пробуди силу соблазна. Парфюмерная вода Seduction X смело представляет современный взгляд на искусство обольщения, воспринимая его более интенсивно и раскрепощённо. Аромат для тех, кто живет моментом, кто знает: соблазн — это не только искусство, но и природная сила стихии, которая не нуждается в контроле — только в свободе. Эта древесно-пряная композиция раскрывается яркими аккордами сочного освежающего грейпфрута и пикантностью розового перца. В сердце мускатный шалфей переплетается с дымным аккордом виски, создавая современное и мужественное звучание. Сандаловое дерево и аккорд замши завершают композицию стойким элегантным шлейфом. Элегантный и современный силуэт флакона притягивает взгляды, а его глубокий тёмно-синий оттенок и сияющий золотой логотип SX подчёркивает уникальность нового аромата. Искусство соблазна выходит на новый уровень. Новый мужской аромат Seduction Х с древесно-пряной композицией разработан на основе инновационной технологии, способной пробудить ваши чувства*. *На основе проведенного исследования компанией DSM-Firmenich в 2025 году среди 100 потребителей, 79 из которых подтвердили влияние с высокой степенью уверенности.","Нанести на кожу, избегая попадания в глаза.",Испания,6
117,2026-09-29T23:16:09.951842,20260929_225902_ddf9b651,19000514305,parfjumerija/novinki,Maison Francis Kurkdjian,BACCARAT ROUGE 540,Парфюм для волос,10700.0,10700.0,0.0,1,4.1,https://goldapple.ru/19000514305-maison-francis-kurkdjian-baccarat-rouge-540/,https://goldapple.ru/parfjumerija/novinki?p=6,"Парфюм для волос Baccarat Rouge 540 деликатно покрывает волосы нежным ароматом, делая волосы мягкими благодаря своей легкой, воздушной текстуре. Он не утяжеляет волосы и придает ощущение свежести. Яркая ольфакторная подпись. Baccarat Rouge 540 окутывает кожу амбровой, цветочно-древесной вуалью. Воздушные ноты жасмина и сияющего шафрана сочетаются с минеральными оттенками амбры и древесными аккордами свежесрубленного кедра. Парфюм для волос Baccarat Rouge 540 на основе касторового масла заключен в иконический стеклянный флакон Дома. Исключительный ольфакторный ритуал для ежедневного удовольствия. Чтобы насладиться моментом ухода за собой и продлить звучание вашего аромата Baccarat Rouge 540, попробуйте также парфюмированное масло для тела Baccarat Rouge 540.","Нанести на сухие или слегка влажные волосы с расстояния 10-15 см. 
Парфюм для волос можно использовать самостоятельно и в сочетании с вашим ароматом.",Франция,6
118,2026-09-29T23:16:20.881180,20260929_225902_ddf9b651,19000480119,parfjumerija/novinki,ROOM 1015,Love-o-matic,Парфюмерная вода,15200.0,15200.0,0.0,1,5.0,https://goldapple.ru/19000480119-love-o-matic/,https://goldapple.ru/parfjumerija/novinki?p=6,"Вдохновлённый неожиданными, почти кинематографичными моментами реальной жизни, Love‑O‑Matic рождается из контркультурной магии прачечных самообслуживания. Эти обыденные пространства, наполненные первозданной энергией, тайными романами и спонтанным творчеством, становятся неожиданной музой для этого радостного аромата. Яркие верхние ноты цитрусов и искрящейся зелени открывают композицию, словно солнечные блики, отражающиеся в вращающихся барабанах машин, — живо, легко и игриво. В сердце мягкие цветочные оттенки и деликатные мускусы переплетаются с кремовыми, уютными полутонами, передавая ощущение тепла, спонтанности и мимолётного притяжения. Love‑O‑Matic улавливает тонкий баланс между рутиной и романтикой, одиночеством и близостью, оставляя за собой светлый, живой шлейф — непринуждённо радостный и полный возможностей.","Распылите на пульсирующие зоны: запястья, шею, за ушами и внутреннюю сторону локтя. Избегайте контакта с одеждой. Для повышения стойкости рекомендуем наносить на хорошо увлажненную кожу.",Франция,6
119,2026-09-29T23:16:31.550094,20260929_225902_ddf9b651,19000526203,parfjumerija/novinki,Acqua di Parma,BUONGIORNO,Парфюмерная вода,4200.0,4200.0,0.0,1,4.6,https://goldapple.ru/19000526203-acqua-di-parma-buongiorno/,https://goldapple.ru/parfjumerija/novinki?p=6,"Аромат с ярким и свежим характером, Buongiorno воплощает в себе волнение новых начинаний, вдохновленных наступлением весны в тосканских холмах. Он передает бодрящую свежесть и жизненную энергию сезона, благодаря совместной экстракции базилика и петиґрейна. Этот аромат — настоящая ода итальянскому стилю, где красота скрыта даже в самых простых и незаметных вещах.
Удобный флакон объемом 12 мл поместится даже в маленькую сумочку и позволит обновить аромат в любой момент.","Нанести на шею, запястья и точки пульса.",Италия,6
120,2026-09-29T23:16:40.697285,20260929_225902_ddf9b651,19000518360,parfjumerija/novinki,Yves Rocher,MENTHE & CÉDRAT,Туалетная вода,3390.0,3390.0,0.0,1,4.0,https://goldapple.ru/19000518360-yves-rocher-menthe-cedrat/,https://goldapple.ru/parfjumerija/novinki?p=6,"Гармоничный баланс зелёных нот. Путешествие по цветущим полям. Откройте для себя коллекцию ароматов, приглашающую в увлекательное и беззаботное путешествие по цветущим полям. Туалетная вода Menthe & Cédrat — это воздушный свежий аромат, вдохновлённый запахом полей, овеваемых ветром. В этой композиции ощущается гармоничный баланс цитрусовых акцентов цитрона и нежности трио ароматных сортов мяты. «Мне хотелось запечатлеть воздушную свежесть зелени в лучах заходящего солнца. Изображая природу, полную жизни, я выстроила композицию вокруг трёх сортов мяты, подчеркнув их аромат ярким цитрусово‑цветочным аккордом цитрона», — Марин Мерсе, парфюмер. Руководство по сортировке упаковки: картонную коробку поместите в контейнер для бумаги и картона, флакон — в контейнер для стекла, крышку — в контейнер для пластика. Сортируя отходы, вы каждый раз помогаете дать им вторую жизнь.","Наносите на точки пульса, либо распылите перед собой и войдите в облако аромата.",Франция,6
121,2026-09-29T23:17:06.090876,20260929_225902_ddf9b651,19000480370,parfjumerija/novinki,Jean Paul Gaultier,Scandal elixir,духи,9753.0,9753.0,0.0,1,5.0,https://goldapple.ru/19000480370-jean-paul-gaultier-scandal-elixir/,https://goldapple.ru/parfjumerija/novinki?p=7,"Интенсивнее, ярче, смелее. Аромат SCANDAL ELIXIR – это чистая, бескомпромиссная чувственность. Выразительная композиция Jean Paul GAULTIER создана для уверенной в себе женщины, чей вкус экстравагантен, а власть – неоспорима. Её аромат доминирует: кисло-сладкий взрыв сочной ежевики встречается с изысканным, благородным звучанием ириса и глубиной, которую придают чувственные пачули. Шлейф предназначен для избранных. Он интенсивный и огненный. Слишком ярко? Идеально – именно этого она и хотела.",Не указано,Испания,7
122,2026-09-29T23:17:14.764450,20260929_225902_ddf9b651,19000501186,parfjumerija/novinki,Burberry,HER,духи,6000.0,6000.0,0.0,1,4.2,https://goldapple.ru/19000501186-burberry-her/,https://goldapple.ru/parfjumerija/novinki?p=7,"Burberry Her Parfum – самый насыщенный аромат в линейке Her. Он сочетает в себе смелость и изящество. Его фруктово-гурманский профиль раскрывается постепенно: вначале проявляются мягкие оттенки вишни, затем их сменяет теплый аккорд амбры. Завершает композицию обволакивающая ванильная база, придающая аромату элегантность и создающая узнаваемый шлейф. Вдохновленный богатством этой композиции, культовый флакон обрел новое исполнение — матовый непрозрачный корпус глубокого розового оттенка.","Распылите на пульсирующие зоны: запястья, шею, за ушами и внутреннюю сторону локтя. Избегайте контакта с одеждой.",Испания,7
123,2026-09-29T23:17:23.533668,20260929_225902_ddf9b651,19000511627,parfjumerija/novinki,RICHARD DEBOR,Angelo Tobacco,Нет категории,16575.0,16575.0,0.0,1,4.2,https://goldapple.ru/19000511627-richard-debor-angelo-tobacco/,https://goldapple.ru/parfjumerija/novinki?p=7,"Ольфакторная история Angelo Tobacco. Один день из жизни… Действие разворачивается в Тоскане в октябре — в тот особенный период, когда природа готовится к зимнему покою, но ещё хранит тепло ушедшего лета. Это время замедления, созерцания и тонких ароматов, которые и легли в основу Angelo Tobacco. Пейзаж и атмосфера: Перед глазами — тосканские холмы: убранные поля, где раньше колыхались золотистые колосья, виноградники, сбросившие урожай, оливковые рощи с серебристо‑зелёной листвой. Кипарисы вычерчивают строгие вертикали на фоне бледно‑голубого неба. Воздух прозрачен и чист, наполнен мягким осенним светом с золотистым оттенком. Где‑то неподалёку на верандах старых домов развешаны связки табака. Листья медленно сохнут под осенним солнцем, наполняя пространство особым ароматом — глубоким, обволакивающим, напоминающим о традициях и неспешном деревенском укладе. Итог: история в ощущениях.","Распылите на пульсирующие зоны: запястья, шею, за ушами и внутреннюю сторону локтя. Избегайте контакта с одеждой. Для повышения стойкости рекомендуем наносить на хорошо увлажненную кожу.",Оаэ,7
124,2026-09-29T23:17:33.132436,20260929_225902_ddf9b651,19000536215,parfjumerija/novinki,What We Do Is Secret,Covert Musk,Нет категории,15980.0,15980.0,0.0,1,0.0,https://goldapple.ru/19000536215-what-we-do-is-secret-covert-musk/,https://goldapple.ru/parfjumerija/novinki?p=7,"Covert Musk — современный эликсир животной страсти. Отражение инстинктов, первобытной энергии и страсти, оформленное в современное звучание мускусов от парфюмера Annick Menardo. Это не крик и не демонстрация, а скрытая пульсация — энергия, приручённая и направленная внутрь. Формула Covert Musk становится продолжением вашей кожи, проявляя её самые притягательные оттенки. В композиции звучит акациевый мёд — мягкий, золотистый акцент, который задаёт теплоту и сладость. В сердце — иланг‑иланг, чувственный и слегка экзотический, раскрывающийся как прикосновение. И всё это держится на мускусах, усиливающих ощущение интимности, дыхания, присутствия.","Распылите на пульсирующие зоны: запястья, шею, за ушами и внутреннюю сторону локтя. Избегайте контакта с одеждой. Для повышения стойкости рекомендуем наносить на хорошо увлажненную кожу.",Франция,7
125,2026-09-29T23:17:43.872152,20260929_225902_ddf9b651,19000537766,parfjumerija/novinki,Marina de Bourbon,Red Diamond,Парфюмерная вода,3601.0,3601.0,0.0,1,0.0,https://goldapple.ru/19000537766-marina-de-bourbon-red-diamond/,https://goldapple.ru/parfjumerija/novinki?p=7,"Истинное воплощение жгучей страсти и абсолютной любви, этот аромат рассказывает легендарную историю принца Андре де Бурбона и принцессы Марины. Подобно редкому драгоценному камню, Красный бриллиант украшает каждую женщину огненным и притягательным шлейфом, раскрывая сияние её женственности и силу её ауры. Red Diamond — это больше, чем просто аромат, это признание в любви — пылающее пламя, заключённое в глубокий, завораживающий флакон красного цвета. Этот сияющий красный цвет, настоящая дань уважения рубину, воплощает силу эмоций и смелость суверенной женственности. Его дизайн, вдохновлённый драгоценными камнями, отражает свет подобно бриллианту с бесконечным количеством граней. Эта бутылка, увенчанная золотым колпачком в виде лилии — главной эмблемы королевской семьи Бурбонов, представляет собой шедевр, изысканный футляр для эликсира, столь же чувственного, сколь и опьяняющего.","Распылите на пульсирующие зоны: запястья, шею, за ушами и внутреннюю сторону локтя. Избегайте контакта с одеждой. Для повышения стойкости рекомендуем наносить на хорошо увлажненную кожу.",Франция,7
126,2026-09-29T23:17:53.201051,20260929_225902_ddf9b651,19000510994,parfjumerija/novinki,EQUIVALENT,P 054 Plen,Духи,1040.0,1040.0,0.0,1,0.0,https://goldapple.ru/19000510994-equivalent-p-054-plen/,https://goldapple.ru/parfjumerija/novinki?p=7,"Аромат P 054 — источник энергии и уверенности, созданный для тех, кто выбирает активный ритм жизни и не боится быть в центре внимания. Бодрящее утро, холодный кофе со льдом и предвкушение нового дня, полного движения и ярких событий. Сочный старт из спелой груши и зелёного мандарина мгновенно освежает, настраивая на спортивный лад и заряжая позитивом для любых свершений. В сердце композиции переплетаются ноты пряной корицы, жасмина и орхидеи, создавая атмосферу тепла и искренней радости, напоминающую о ярких летних вечерах. Это идеальный выбор для молодых и амбициозных, кто ценит комфорт и стиль в каждой детали своего образа. Финальный шлейф из благородного кофе и пачули добавляет композиции глубины, вдохновлённой легендарной эстетикой Black Opium, но в более лёгком и динамичном прочтении. Компактный флакон легко поместится в рюкзак или спортивную сумку, становясь вашим незаменимым спутником в поиске новых впечатлений. Благодаря высокой концентрации компонентов аромат обладает повышенной стойкостью, а его премиальный шлейф звучит глубоко и насыщенно, подчёркивая безупречный вкус и внутреннюю силу.","Нанесите 1–2 распыления аромата на запястья, шею и точки пульса. Не растирайте — это может изменить звучание композиции. Позвольте аромату раскрыться естественно.",Россия,7
127,2026-09-29T23:18:01.302570,20260929_225902_ddf9b651,19000010444,parfjumerija/novinki,Loewe,AGUA MAR DE CORAL,Туалетная вода,11250.0,11250.0,0.0,1,5.0,https://goldapple.ru/19000010444-agua-mar-de-cora/,https://goldapple.ru/parfjumerija/novinki?p=7,"LOEWE Agua Mar de Coral — оригинальный парфюм в культовом ярком флаконе коллекции LOEWE Landscape. LOEWE Agua — это семейство ароматов, вдохновлённых игрой света на воде. Акватический и освежающий, LOEWE Agua Mar de Coral сочетает ноты мандарина, ландыша и грейпфрута, погружающие в подводный мир коралловых рифов. Аромат LOEWE Agua Mar de Coral заключён в полупрозрачный стеклянный флакон нежно-розового цвета.","Небольшое количество нанести на тело, избегая попадания в глаза.",Испания,7
128,2026-09-29T23:18:10.450373,20260929_225902_ddf9b651,19000541629,parfjumerija/novinki,EDEN,"Winter story, Пряная карамель",ароматическая свеча,470.0,470.0,0.0,1,0.0,https://goldapple.ru/19000541629-eden-winter-story-pranaa-karamel/,https://goldapple.ru/parfjumerija/novinki?p=7,Ароматическая свеча Winter Story с ароматом пряной карамели объёмом сто миллилитров предназначена для создания уютной атмосферы.,Зажигайте свечу на ровной и огнеупорной поверхности. За один раз свеча не должна гореть дольше 4 часов. Перед повторным использованием обрежьте фитиль до 3–5 мм. Не оставляйте горящую свечу без присмотра.,Россия,7
129,2026-09-29T23:18:19.740433,20260929_225902_ddf9b651,19000533495,parfjumerija/novinki,Marina de Bourbon,Symbol of joy,Парфюмерная вода,3809.0,3809.0,0.0,1,0.0,https://goldapple.ru/19000533495-marina-de-bourbon-symbol-of-joy/,https://goldapple.ru/parfjumerija/novinki?p=7,"Symbol of Joy — это праздник жизни, искрящийся гимн весне и обновлению. Бренд описывает его как «свежий и сияющий аромат для женщин, обладающих тихой силой и сделавших радость своим искусством жить». Вдохновением для композиции стала сочная и хрустально‑прозрачная груша — символ аромата, который дарит мгновенное ощущение лёгкости и жизненной энергии. Это не громкий и не пафосный парфюм. Это внутренний свет, женская уверенность и способность радоваться каждому дню, которую аромат делает осязаемой. Для кого? Этот аромат создан для женщин с «тихой силой». Для тех, кто: • обладает внутренней гармонией и не нуждается в том, чтобы доказывать свою значимость громкими заявлениями; • сделал радость своим главным жизненным принципом и искусством; • одновременно романтична, мечтательна и прочно стоит на ногах, уверенно проживая свою повседневность; • находится в контакте со своей чувственной природой, оставаясь элегантной и утончённой.","Распылите на пульсирующие зоны: запястья, шею, за ушами и внутреннюю сторону локтя. Избегайте контакта с одеждой. Для повышения стойкости рекомендуем наносить на хорошо увлажненную кожу.",Франция,7
130,2026-09-29T23:18:30.361473,20260929_225902_ddf9b651,19000523664,parfjumerija/novinki,PARFUMERIE DE CHÂTEAU,Gourmet Féerique,парфюмерная вода,1600.0,1600.0,0.0,1,0.0,https://goldapple.ru/19000523664-parfumerie-de-chateau-gourmet-feerique/,https://goldapple.ru/parfjumerija/novinki?p=7,"Parfumerie De Château — это французский Дом, возрождающий эстетику старинных традиций, соединяя их с авторским почерком Мелиссы Хоффман — главного парфюмера бренда и наследницы старинной династии парфюмеров из Грасса. Эта коллекция — её посвящение Лазурному Берегу Франции, её личная ароматная карта любви к Ривьере, к её свету, тишине, обаянию, культуре и красоте. Аромат света, тишины и притяжения. Это история о том, как аромат может стать пространством: между цветами, между кожей и воздухом, между прикосновением и ощущением. Gourmet Féerique — это не просто аромат. Это утончённое состояние между ясностью и грёзой, между сиянием полудня и мягкостью кожи в полутени. Это парфюм, где свет растворяется в мёде, где цветы раскрываются как шелковые акценты на коже, а бархатистый персик в сердце — не фрукт, а эхо летнего воздуха. Здесь нет прямолинейной сладости. Это аромат ощущения, а не вкуса. Он — о золотистом тепле, тонком прикосновении, о пространстве, где гурманские акценты звучат как внутренний свет.","Наносите парфюм только на тело, не на одежду.
Никогда не растирайте парфюм. Позвольте ароматным капелькам парфюмированной воды самостоятельно впитаться в кожу, чтобы пирамида аромата раскрылась в своей естественной последовательности.",Франция,7
131,2026-09-29T23:18:39.172557,20260929_225902_ddf9b651,19000529964,parfjumerija/novinki,MATIERE PREMIERE,Metal lavender,Парфюмерная вода,23850.0,23850.0,0.0,1,5.0,https://goldapple.ru/19000529964-matiere-premiere-metal-lavender/,https://goldapple.ru/parfjumerija/novinki?p=7,"Используя радикальный подход, основатель и парфюмер Aurélien Guichard создаёт современный аромат лаванды. Объёмный. Комфортный. Аромат, который хочется носить. В новой парфюмерной воде Metal lavender сочетаются два вида лаванды: лавандин с яркими металлическими оттенками, выращенный специально для Matière Premiere на собственных эко‑сертифицированных полях парфюмера в регионе Грасс, и органическая лаванда, мягкая и цветочная, из Верхнего Прованса. Усиленный нотами мускуса и кашмерана, аромат оставляет лёгкий, обволакивающий шлейф.","Распылите на пульсирующие зоны: запястья, шею, за ушами и внутреннюю сторону локтя. Избегайте контакта с одеждой. Для повышения стойкости рекомендуем наносить на хорошо увлажненную кожу.",Франция,7
132,2026-09-29T23:18:48.305327,20260929_225902_ddf9b651,19000513328,parfjumerija/novinki,POP!,Eau du Verger,парфюмерная вода,756.0,756.0,0.0,1,0.0,https://goldapple.ru/19000513328-eau-du-verger/,https://goldapple.ru/parfjumerija/novinki?p=7,"Eau du Verger — это аромат, как луч солнца на рассвете в весеннем саду. Со свежими нотами лимона, персикового цвета, вербены и амбры, этот аромат становится настоящим взрывом свежести, который мгновенно дарит энергию, как лёгкий ветер, ласкающий лицо. Каждая капля — это маленькое путешествие по Средиземному морю, даже если вы находитесь в центре города. Если вы хотите чувствовать себя легко и быть готовым к приключениям, Eau du Verger — ваш идеальный союзник.","Распылите на пульсирующие зоны: запястья, шею, за ушами и внутреннюю сторону локтя. Избегайте контакта с одеждой. Для повышения стойкости рекомендуем наносить на хорошо увлажненную кожу.",Франция,7
133,2026-09-29T23:18:56.560773,20260929_225902_ddf9b651,19000539240,parfjumerija/novinki,Zielinski & Rozen,Blue Pepper,Нет категории,7990.0,7990.0,0.0,1,5.0,https://goldapple.ru/19000539240-zielinski-rozen-blue-pepper/,https://goldapple.ru/parfjumerija/novinki?p=7,Стойкий аромат-унисекс. Оставляет легкий шлейф.,"Распылите на кожу или одежду с расстояния 30 см. Либо распылите парфюм перед собой и войдите в образовавшееся облако. Чтобы аромат сохранялся дольше, наносите его на разогретое или влажное тело.",Россия,7
134,2026-09-29T23:19:05.160874,20260929_225902_ddf9b651,19000523660,parfjumerija/novinki,PARFUMERIE DE CHÂTEAU,Musique Provence,Нет категории,1600.0,1600.0,0.0,1,0.0,https://goldapple.ru/19000523660-parfumerie-de-chateau-musique-provence/,https://goldapple.ru/parfjumerija/novinki?p=7,"Parfumerie De Château — это французский Дом, возрождающий эстетику старинных традиций, соединяя их с авторским почерком Мелиссы Хоффман — главного парфюмера бренда и наследницы старинной династии парфюмеров из Грасса. Эта коллекция — её посвящение Лазурному Берегу Франции, её личная ароматная карта любви к Ривьере, к её свету, тишине, обаянию, культуре и красоте. Аромат, в котором звучит Прованс. Прованс полон звуков: рассыпчатый гравий под ногами, шелест ставней, звон фарфоровой чашки и тихое «бонжур». Ароматы здесь — тоже музыка: груша, упавшая в траву, пряная тень цветущего апельсина, первый кофе дня, миндаль в тесте и лёгкий след ванили на коже как финальная нота. Musique De Provence — это не просто аромат. Это дневник одного утра. Это звуки, впитанные в свет. Это запах жизни — мягкой, честной, полной вкуса и тепла. Он начинается свежестью и фруктовым аккордом, переходит в гурманское, уютное сердце и растворяется в тёплой древесной базе, как музыка, которую слышишь даже в тишине.","Наносите парфюм только на тело, не на одежду.
Никогда не растирайте парфюм. Позвольте ароматным капелькам парфюмированной воды самостоятельно впитаться в кожу, чтобы пирамида аромата раскрылась в своей естественной последовательности.",Франция,7
135,2026-09-29T23:19:14.872080,20260929_225902_ddf9b651,19000537768,parfjumerija/novinki,Stellary,Grace Imperial,Парфюмерная вода,1146.0,1146.0,0.0,1,0.0,https://goldapple.ru/19000537768-stellary-grace-imperial/,https://goldapple.ru/parfjumerija/novinki?p=7,"Гурманский аромат, возглавляемый роскошным дуэтом какао и ванили, создан для тех, кто излучает уверенную теплоту и благородную изысканность. Его начало — это соблазнительная игра пряного имбиря с насыщенными аккордами какао. В сердце аромата раскрывается умиротворяющая и элегантная нота лаванды, придающая композиции воздушность и глубину. А в основе — стойкая, уютная и невероятно чувственная ваниль, которая мягко обволакивает, оставляя запоминающийся шлейф. Парфюм во флаконе тепло‑бронзового цвета — отражение вашей уверенности и безусловного чувства стиля.","Распылите на пульсирующие зоны: запястья, шею, за ушами и внутреннюю сторону локтя. Избегайте контакта с одеждой. Для повышения стойкости рекомендуем наносить на хорошо увлажненную кожу.",Россия,7
136,2026-09-29T23:19:24.113251,20260929_225902_ddf9b651,19000309229,parfjumerija/novinki,WIDIAN,Granada,Парфюмерный экстракт,21474.0,21474.0,0.0,1,5.0,https://goldapple.ru/19000309229-granada/,https://goldapple.ru/parfjumerija/novinki?p=7,"Этот контрастный аромат, посвященный богатой культуре Гранады, переливается от симфонии пламенных страстей к спокойному бризу.
Нежная роза и свежий можжевельник встречаются со жгучим черным перцем и пряной корицей. Чувственные амбра, мускус и ветивер усиливают наслаждение от гипнотических древесных нот.","Нанесите с небольшого расстояния на кожу или одежду. При распылении избегайте попадания в глаза, нос и рот.",Оаэ,7
137,2026-09-29T23:19:33.194328,20260929_225902_ddf9b651,19000429561,parfjumerija/novinki,THOMAS KOSMALA,12 Oud Douze,парфюмерная вода,20664.0,20664.0,0.0,1,5.0,https://goldapple.ru/19000429561-no12-oud-douze/,https://goldapple.ru/parfjumerija/novinki?p=7,"Аромат THOMAS KOSMALA переосмысливает классическую элегантность в современном ключе. Роза и шафран сочетаются с нотами уда и мускуса, создавая одновременно роскошное и авантюрное звучание. Идеально подходит для тех, кто идет по жизни смело — распыляйте, исследуйте и наслаждайтесь.",Распылите на кожу с расстояния 20–30 см.,Великобритания,7
138,2026-09-29T23:19:43.540403,20260929_225902_ddf9b651,19000388914,parfjumerija/novinki,Ajmal,The Untold Stories Chapter 1,Парфюмерная вода,8694.0,8694.0,0.0,1,0.0,https://goldapple.ru/19000388914-chapter-1/,https://goldapple.ru/parfjumerija/novinki?p=7,"Chapter 1 является частью коллекции The Untold Stories, воплощающей стремление к самовыражению, восторг вдохновения и бережное сохранение в памяти особенно значимых моментов. Парфюмер Максим Экслер запечатлел в этом аромате чувство ностальгии и детских воспоминаний, пробуждённых шёпотом листьев фигового дерева в солёном морском бризе.
Яркий старт пряного кардамона и тёплой амбры задаёт интригующий тон. В сердце раскрывается сочный инжир, переплетённый с землистыми оттенками киприола и пачули. Завершают композицию бархатистые аккорды кашемирового дерева, сандала, белого мускуса и нежная сладость бобов тонка.","Распылите на пульсирующие зоны: запястья, шею, за ушами и внутреннюю сторону локтя. Избегайте контакта с одеждой. Для повышения стойкости рекомендуем наносить на хорошо увлажненную кожу.",Оаэ,7
139,2026-09-29T23:19:52.809180,20260929_225902_ddf9b651,19000531871,parfjumerija/novinki,Bugatti,Iconiq platinum,Туалетная вода,4207.0,4207.0,0.0,1,0.0,https://goldapple.ru/19000531871-bugatti-iconiq-platinum/,https://goldapple.ru/parfjumerija/novinki?p=7,"Это аромат для мужчины, который не нуждается в громких словах — его присутствие говорит само за себя. Как и автомобили Bugatti, этот парфюм создан для тех, кто стремится к совершенству, ценит скорость мысли и точность решений. «Iconiq Platinum» — это не просто дань роскоши, а символ внутренней дисциплины, холодного расчета и горячего сердца. Он объединяет современную эстетику с классическим пониманием мужской привлекательности. Холодный, сдержанный, но внутри — пламенный. 
Аромат не кричит, но его невозможно игнорировать. Он резкий и в то же время утонченный, как граненый металл. 
Это запах лидера, который предпочитает тихую уверенность показной браваде. В нем нет слащавости или игры на публику — только честная, немного суровая харизма. «Iconiq Platinum» дарит ощущение чистоты, порядка и внутренней силы. 
Это выбор мужчины, который всегда держит слово и знает цену времени. Современный аристократ. Интеллектуал с атлетической фигурой. Мужчина в идеально сидящем костюме, который при этом умеет управлять спорткаром. Ему подвластны и переговоры, и риск. Он любит тишину, но может быть взрывным, когда того требует ситуация.",Распылите на одежду или в воздух и пройдите сквозь ароматное облако.,Франция,7
140,2026-09-29T23:20:01.452420,20260929_225902_ddf9b651,19000513336,parfjumerija/novinki,POP!,Musc blanc et baies rouges,парфюмерная вода,756.0,756.0,0.0,1,0.0,https://goldapple.ru/19000513336-musc-blanc-et-baies-rouges/,https://goldapple.ru/parfjumerija/novinki?p=7,"Белый мускус и красные ягоды создают аромат, который дарит ощущение элегантности и утонченности. Даже в домашней обстановке, этот аромат способен перенести вас в атмосферу роскоши и изысканности, способствуя ощущению уверенности и стиля. Гурманские ноты вишни, розы и пачули придают аромату особую изюминку. Композиция раскрывается нежными акцентами, оставляя впечатление неотразимости. Этот аромат станет идеальным выбором для тех, кто стремится к утонченному и стильному впечатлению.","Распылите на пульсирующие зоны: запястья, шею, за ушами и внутреннюю сторону локтя. Избегайте контакта с одеждой. Для повышения стойкости рекомендуем наносить на хорошо увлажненную кожу.",Франция,7
141,2026-09-29T23:20:24.100294,20260929_225902_ddf9b651,19000529797,parfjumerija/novinki,NINA RICCI,L'air du temps White orchid edition,Парфюмерная вода,11900.0,11900.0,0.0,1,4.3,https://goldapple.ru/19000529797-nina-ricci-l-air-du-temps-white-orchid-edition/,https://goldapple.ru/parfjumerija/novinki?p=8,"Встречайте новый лимитированный аромат Nina Ricci: глубокое и поэтичное воплощение современной женственности. L’Air du Temps White Orchid Edition — это приглашение открыть для себя изысканный цветок орхидеи, чья красота раскрывается благодаря минеральной солёной прохладе и яркому древесному звучанию. Амбровая цветочная парфюмерная вода производит неизгладимое впечатление с первого вдоха. Акватический и солёный аккорды в верхних нотах придают композиции сияющую свежесть — невесомую, словно воздух. В сердце аромата расцветает букет из орхидеи и белого жасмина. Базовые ноты, искрящийся ветивер и тёплая ваниль, создают неотразимый шлейф. Безупречный парфюм, обладающий незабываемой притягательностью.","Нанести на кожу, избегая попадания в глаза. Для более полного раскрытия аромата рекомендуется нанести его на точки пульса: на шее, в зоне декольте и запястьях.",Испания,8
142,2026-09-29T23:20:33.328461,20260929_225902_ddf9b651,19000539238,parfjumerija/novinki,Zielinski & Rozen,"Blend Vanilla, Pepper",Духи концентрированные,7990.0,7990.0,0.0,1,5.0,https://goldapple.ru/19000539238-zielinski-rozen-blend-vanilla-pepper/,https://goldapple.ru/parfjumerija/novinki?p=8,Стойкий аромат-унисекс. Оставляет легкий шлейф.,"Распылите на кожу или одежду с расстояния 30 см. Либо распылите парфюм перед собой и войдите в образовавшееся облако. Чтобы аромат сохранялся дольше, наносите его на разогретое или влажное тело.",Россия,8
143,2026-09-29T23:20:41.270214,20260929_225902_ddf9b651,19000523659,parfjumerija/novinki,PARFUMERIE DE CHÂTEAU,Villa Rouge,Нет категории,1600.0,1600.0,0.0,1,0.0,https://goldapple.ru/19000523659-parfumerie-de-chateau-villa-rouge/,https://goldapple.ru/parfjumerija/novinki?p=8,"Parfumerie De Château — это французский Дом, возрождающий эстетику старинных традиций, соединяя их с авторским почерком Мелиссы Хоффман — главного парфюмера бренда и наследницы старинной династии парфюмеров из Грасса. Эта коллекция — её посвящение Лазурному Берегу Франции, её личная ароматная карта любви к Ривьере, к её свету, тишине, обаянию, культуре и красоте. Villa Rouge — это аромат воспоминания о старинной вилле у подножия Грасса, утопающей в алых бугенвиллиях, маках, гранатовых деревьях и пылающем закате. Это место, где время не спешит, а воздух стоит — горячий, цветочный, насыщенный. Изысканная жара, трепет жасмина на коже, раскаленные солнцем старинные камни и облако амбры. Это образ женственности с характером — не громкой, но сильной, не сладкой, но страстной. Красные цветы, тёплая кожа, жасмин и амбра — это не просто аромат. Это живая картина.","Наносите парфюм только на тело, не на одежду.
Никогда не растирайте парфюм. Позвольте ароматным капелькам парфюмированной воды самостоятельно впитаться в кожу, чтобы пирамида аромата раскрылась в своей естественной последовательности.",Франция,8
144,2026-09-29T23:20:50.290282,20260929_225902_ddf9b651,19000368239,parfjumerija/novinki,WIDIAN,Cotton,Нет категории,13466.0,13466.0,0.0,1,4.3,https://goldapple.ru/19000368239-cotton/,https://goldapple.ru/parfjumerija/novinki?p=8,"Нежный аромат Cotton окутывает, словно мягкое и сладкое облако. Он начинается с чистой свежести лимона и зеленого чая и легкой, воздушной сладости, напоминающей о сахарной вате. В деликатном сердце композиции раскрываются ноты чарующего жасмина и цветка апельсина, а в базе слышится интригующий шепот ванили, которая словно окружает мягким, теплым одеялом и напоминает о беззаботных, уютных днях. Безмятежную, успокаивающую ауру гармонично дополняют тонкие древесные ноты. Эта композиция WIDIAN — приятное, ностальгическое путешествие в мир умиротворения и простых радостей. Парфюмер  Мари Саламань.","Нанесите с небольшого расстояния на кожу или одежду. При распылении избегайте попадания в глаза, нос и рот.",Оаэ,8
145,2026-09-29T23:20:59.578326,20260929_225902_ddf9b651,19000526195,parfjumerija/novinki,Acqua di Parma,BLU MEDITERRANEO FICO DI AMALFI,Туалетная вода,3200.0,3200.0,0.0,1,3.7,https://goldapple.ru/19000526195-acqua-di-parma-blu-mediterraneo-fico-di-amalfi/,https://goldapple.ru/parfjumerija/novinki?p=8,"Берег Амальфи. Удивительный, захватывающий сценарий, словно аромат Fico di Amalfi, с глубоким тонизирующим эффектом. Яркое начало с оттенками бергамота, лимона, грейпфрута и цитрона. Нектар инжира, розовый перец и лепестки жасмина переливаются в сердце аромата. Шлейфовые оттенки раскрываются изысканным, гармоничным сочетанием инжирного дерева, кедра и бензоиновых смол. Удобный флакон объемом 12 мл поместится даже в маленькую сумочку и позволит обновить аромат в любой момент.","Нанести на шею, запястья и точки пульса.",Италия,8
146,2026-09-29T23:21:08.476918,20260929_225902_ddf9b651,19000543492,parfjumerija/novinki,BornToStandOut,Black crème,Духи,26505.0,26505.0,0.0,1,5.0,https://goldapple.ru/19000543492-borntostandout-black-creme/,https://goldapple.ru/parfjumerija/novinki?p=8,"Свеча тает. Воск густой и горячий, тяжёлый, как сливки, скользит по потной коже в опасно медленном движении. Она горит близко, прилипает. Комната наполняется жаром воска и кожи, окутанным нежной и дикой сладостью. Время замедляется. Black crème — это момент, когда свеча тает, горячий кремообразный воск капает на потную кожу, медленно скользя, а похоть нарастает в воздухе. Black crème открывается горячим мускусом с нотами амбретты и специй, словно тающий на коже сливочный воск; гладкий, как молоко, мягкий, но обжигающий. Ирис добавляет пудровую вуаль, но жар пробивается наружу. Сердце темнеет, поднимается уд, кожаный и дикий, смешиваясь с липкой ванилью и дымной глубиной мирры. Аромат тягучий, как пот. В базе плавится карамель, переходя в золотистый сандал. Амбра и дерево тлеют на коже, оставляя грязную и притягательную сладость.","Нанесите 1–2 распыления аромата на запястья, шею и точки пульса. Не растирайте — это может изменить звучание композиции. Позвольте аромату раскрыться естественно.",Республика корея,8
147,2026-09-29T23:21:18.588694,20260929_225902_ddf9b651,19000515718,parfjumerija/novinki,Penhaligon's,Bold Blend,Парфюмерная вода,20210.0,20210.0,0.0,1,5.0,https://goldapple.ru/19000515718-penhaligon-s-bold-blend/,https://goldapple.ru/parfjumerija/novinki?p=8,"Британский парфюмерный дом Penhaligon’s с гордостью объявляет о запуске нового яркого и дерзкого аромата Bold Blend, пробуждающего чувства и ломающего стереотипы. Этот релиз авторства Поля Герлена стал первым пополнением коллекции Potions & Remedies с момента её создания в 2023 году. Bold Blend — это уверенный шаг в направлении миссии дома: переосмыслить собственное наследие для молодого поколения через призму лёгкой иронии и искромётного британского юмора. Аромат покоряет освежающим и бодрящим зелёным ароматическим звучанием. Раскрываясь всплеском ледяной мяты и чёрного перца в верхних нотах, он мгновенно обостряет чувства. В сердце пульсирует благородное слияние мускатного шалфея и листьев фиалки, придавая формуле уверенный характер и кристальную чистоту. Базу образует трио древесных аккордов: пало санто, кипарис и киприол, которые отвечают за глубину, теплоту и узнаваемый почерк автора.","Распылите на пульсирующие зоны: запястья, шею, за ушами и внутреннюю сторону локтя. Избегайте контакта с одеждой. Для повышения стойкости рекомендуем наносить на хорошо увлажненную кожу.",Франция,8
148,2026-09-29T23:21:29.816855,20260929_225902_ddf9b651,19000521425,parfjumerija/novinki,KINETIC,Tulua,Парфюмерный экстракт,23100.0,23100.0,0.0,1,0.0,https://goldapple.ru/19000521425-tulua/,https://goldapple.ru/parfjumerija/novinki?p=8,"Kinetic Perfumes Tulua — унисекс-парфюм 2025 года от испанского нишевого бренда Kinetic Perfumes. В нём контрастируют сладкая цветочная нежность и строгость древесно-земляных нот. Верхние ноты — цитрусы: лимон, бергамот и мандарин дарят свежесть и энергию. В сердце — жасмин и кремовая магнолия с лёгкой гурманской нотой пломбира и бархатистой амброй. База сочетает прохладу кедра, дымную терпкость ветивера и тёплый шлейф амбры.","Нанесите небольшое количество на пульсирующие зоны: запястья, шею, за ушами и внутреннюю сторону локтя. Избегайте контакта с одеждой.",Испания,8
149,2026-09-29T23:21:38.904802,20260929_225902_ddf9b651,19000536101,parfjumerija/novinki,Les Soeurs de Noe,Neon Splash,Парфюмерная вода,13800.0,13800.0,0.0,1,5.0,https://goldapple.ru/19000536101-les-soeurs-de-noe-neon-splash/,https://goldapple.ru/parfjumerija/novinki?p=8,Сочный цитрусовый аромат с солирующими нотами грейпфрута. Neon Splash вдохновлен бодрящей свежестью мякоти грейпфрута и совсем не содержит горчинки. Создан для хорошего настроения и танцев до утра.,"Распылите на пульсирующие зоны: запястья, шею, за ушами и внутреннюю сторону локтя. Избегайте контакта с одеждой. Для повышения стойкости рекомендуем наносить на хорошо увлажненную кожу.",Франция,8
150,2026-09-29T23:21:49.778628,20260929_225902_ddf9b651,19000537767,parfjumerija/novinki,Stellary,Green Veil,Парфюмерная вода,1146.0,1146.0,0.0,1,0.0,https://goldapple.ru/19000537767-stellary-green-veil/,https://goldapple.ru/parfjumerija/novinki?p=8,"Игривый аромат дарит ощущение гармонии, внутренней лёгкости и становится тем самым искрящимся акцентом, наполняющим всё вокруг радостью и светом. В нём сочные фруктовые аккорды горького апельсина и красной смородины переплетаются с нежными цветочными нотами жасмина и фиалки. В сердце аромата раскрывается свежесть зелёного чая и сладость пиона, а базовые ноты кедра и дубового мха добавляют глубины и элегантности. От композиции до яркого травяного цвета флакона — всё в этом парфюме поднимает настроение и заряжает энергией.","Распылите на пульсирующие зоны: запястья, шею, за ушами и внутреннюю сторону локтя. Избегайте контакта с одеждой. Для повышения стойкости рекомендуем наносить на хорошо увлажненную кожу.",Россия,8
151,2026-09-29T23:21:59.558312,20260929_225902_ddf9b651,19000537588,parfjumerija/novinki,Korloff Paris,Lady Nude,Парфюмерная вода,6927.0,6927.0,0.0,1,5.0,https://goldapple.ru/19000537588-korloff-paris-lady-nude/,https://goldapple.ru/parfjumerija/novinki?p=8,"Lady Nude. Не одежда, а состояние души. Свобода быть собой — вот её единственный кодекс. Ею невозможно обладать. Только ощутить. Lady Nude — это встреча с самой собой, подлинной и целостной. Она не стремится понравиться — она притягивает естественностью. Не пытается соблазнить, но её невозможно забыть, как дыхание обнажённой кожи или память, что живёт вечно. В её уязвимости — сила. В её искренности — изящество. Она не просто красива. Она полна внутреннего света, который принимает всё, даже собственную наготу, превращая её в откровение. Lady Nude — это изящество аутентичности. В нём просто живут.","Распылите на пульсирующие зоны: запястья, шею, за ушами и внутреннюю сторону локтя. Избегайте контакта с одеждой. Для повышения стойкости рекомендуем наносить на хорошо увлажненную кожу.",Франция,8
152,2026-09-29T23:22:08.390127,20260929_225902_ddf9b651,19000399103,parfjumerija/novinki,GUCCI,BLOOM AMBROSIA D'ORO,Парфюмерная вода,12740.0,12740.0,0.0,1,4.3,https://goldapple.ru/19000399103-bloom-bouquet/,https://goldapple.ru/parfjumerija/novinki?p=8,"Парфюм воплощает саму суть цветущего сада, сочетая натуральную туберозу и жасмин в насыщенный аромат белых цветов. Добавление квисквалиса индийского придает мягкий пудровый акцент, создавая утонченную композицию, которая отражает современный и подлинный дух женщины Gucci.","Распылите на точки пульса: шею, зону декольте, запястья и лодыжки, чтобы оставить за собой пленительный шлейф.",Испания,8
153,2026-09-29T23:22:16.366865,20260929_225902_ddf9b651,19000494571,parfjumerija/novinki,MEMO Paris,Portobello road,Нет категории,31696.0,31696.0,0.0,1,5.0,https://goldapple.ru/19000494571-memo-paris-portobello-road/,https://goldapple.ru/parfjumerija/novinki?p=8,"Мгновение озарения, что настигает после дождя в самом сердце улицы, полной жизни и общих воспоминаний. Своими цветочно‑пряными нотами, напоминающими о жизнерадостных красках фасадов и цветочного рынка, Portobello Road создаёт тонкое переплетение ароматов природы — от розы и зелёных листьев до шалфея мускатного и влажного асфальта. Как прогулка по городу в самый его прекрасный момент.",Нанести на пульсирующие точки.,Франция,8
154,2026-09-29T23:22:26.043916,20260929_225902_ddf9b651,19000506373,parfjumerija/novinki,Parfums de Marly,Eragon,Нет категории,57800.0,57800.0,0.0,1,5.0,https://goldapple.ru/19000506373-parfums-de-marly-eragon/,https://goldapple.ru/parfjumerija/novinki?p=8,"Parfums de Marly Eragon — союз восточной загадочности и европейского шарма. Аромат словно переносит в миг заката: небо наливается сумерками, а улицы окутывает мягкое золотое сияние. Открывается он энергично — искрящийся мандарин переплетается с тёплыми пряными нотами, пробуждая внутреннюю силу и придавая шагу уверенности. В сердце композиции звучание углубляется: аромат становится уютным и чувственным, словно глоток согревающего напитка в прохладный вечер. Благородный и слегка дерзкий, он притягивает к себе, как магнит. Завершается композиция насыщенным древесно‑сладким аккордом. Бархатные оттенки кожи и нежная ваниль создают тёплый шлейф, который окутывает аурой спокойствия и сдержанной власти.","Нанесите 1–2 распыления аромата на запястья, шею и точки пульса. Не растирайте — это может изменить звучание композиции. Позвольте аромату раскрыться естественно.",Франция,8
155,2026-09-29T23:22:35.357260,20260929_225902_ddf9b651,19000530305,parfjumerija/novinki,Lab Fragrance,Vetiver,Духи,2700.0,2700.0,0.0,1,5.0,https://goldapple.ru/19000530305-lab-fragrance-vetiver/,https://goldapple.ru/parfjumerija/novinki?p=8,"Воспоминание о морских путешествиях на белоснежной яхте, куда морской бриз, смешанный с солеными брызгами, приносит ароматы садов и трав с побережья. 
Наполненные сочностью спелых плодов, ноты бергамота и грейпфрута с побережья Сицилии, взрывная кисло-сладкая ягодная нота, ноты элеми и пряность индийского кардамона, изысканный дымно-травянистый ветивер, пряный шалфей, ароматы дерева и мускуса. Vetiver как квинтэссенция порывистости, счастья и наслаждения. Ну и как здесь устоять?","Нанесите 1–2 распыления аромата на запястья, шею и точки пульса. Не растирайте — это может изменить звучание композиции. Позвольте аромату раскрыться естественно.",Россия,8
156,2026-09-29T23:22:44.074928,20260929_225902_ddf9b651,19000513341,parfjumerija/novinki,POP!,Violette Musquée,парфюмерная вода,756.0,756.0,0.0,1,0.0,https://goldapple.ru/19000513341-violette-musquee/,https://goldapple.ru/parfjumerija/novinki?p=8,"Violette Musquée — это парфюм с характером. Шикарный цветочный аромат сочетает в себе нотки розы, жасмина и фиалки, создавая эффектное и запоминающееся впечатление. Этот парфюм обладает чувственностью и элегантностью, вызывая сильное привыкание. Он ошеломляет и оставляет неуловимый шлейф, который привлекает внимание окружающих. Одно-два распыления дарят уверенность и уникальную ауру, выделяющую вас из толпы. Идеально подходит для тех, кто ищет яркий и запоминающийся аромат, способный подчеркнуть индивидуальность и стиль.","Распылите на пульсирующие зоны: запястья, шею, за ушами и внутреннюю сторону локтя. Избегайте контакта с одеждой. Для повышения стойкости рекомендуем наносить на хорошо увлажненную кожу.",Франция,8
157,2026-09-29T23:22:52.787585,20260929_225902_ddf9b651,19000512680,parfjumerija/novinki,CHOPARD,MALAKI,подарочный набор парфюмерной воды,33637.0,33637.0,0.0,1,5.0,https://goldapple.ru/19000512680-chopard-malaki/,https://goldapple.ru/parfjumerija/novinki?p=8,"Подарочный набор Chopard — это изысканное трио ароматов из коллекции MALAKI. В сет входят 3 элегантных творения Chopard: парфюмерная вода OUD MALAKI (80 мл), парфюмерная BLACK INCENSE MALAKI (80 мл) и парфюмерная вода LEATHER MALAKI (80 мл). Древесно-восточный аромат OUD MALAKI открывается взрывом свежих нот грейпфрута и лаванды. Постепенно они уступают благородной красоте драгоценного уда, окутанного теплыми нотами табака, амбры, кожи и пряностей, которые придают аромату чувственность и переносят в сказочную арабскую ночь. Насыщенный аромат BLACK INCENSE MALAKI посвящен многогранной и таинственной красоте ладана. Словно волнующие клубы дыма, ноты смол, редких специй и ценных пород дерева окружают ладан, усиливая его благородное звучание. Ноты лабданума и уда дополняют выразительный шлейф композиции. Элегантный аромат LEATHER MALAKI открывается пронзительной нотой бергамота и ярким акцентом черного перца. В этой чувственной композиции теплые дымные ноты контрастируют с завораживающей минеральностью. Кедр усиливает насыщенность и притягательность смелого кожаного аккорда. состав набора — парфюмерная вода OUD MALAKI, 80 мл — парфюмерная вода BLACK INCENSE MALAKI, 80 мл — парфюмерная вода LEATHER MALAKI, 80 мл","Распылите на пульсирующие зоны: запястья, шею, за ушами и внутреннюю сторону локтя. Избегайте контакта с одеждой. Для повышения стойкости рекомендуем наносить на хорошо увлажненную кожу.",Италия,8
158,2026-09-29T23:23:00.869907,20260929_225902_ddf9b651,19000523670,parfjumerija/novinki,LERBOLARIO,Verbena,Туалетная вода,1357.0,1357.0,0.0,1,5.0,https://goldapple.ru/19000523670-lerbolario-verbena/,https://goldapple.ru/parfjumerija/novinki?p=8,"Туалетная вода Verbena — это совершенное сочетание энергии, умиротворения и свежести, напоминающее весенний букет, который пробуждает чувства. Чарующие лимонные ноты создают завораживающий аромат, даря ощущение бодрости и гармонии. Аромат для мужчин и женщин, где верхние аккорды бергамота и мате словно приветствуют и готовят к встрече с другими нотами, а композиция из красной розы и чёрного чая придаёт аромату романтичность и стойкость, при этом базовые аккорды ванили и янтаря формируют парфюмерную композицию. Дерматологически протестировано. Не тестируется на животных. Не содержит ингредиентов животного происхождения. Не содержит тяжелых металлов. Экологичная упаковка FSC®.","Туалетную воду нужно распылять с расстояния 10–15 см на пульсирующие точки тела: запястья, сгибы локтей, ямку между ключицами, область за ушами, основание шеи у корней волос. Достаточно одного нажатия на спрей, чтобы аромат раскрылся, но не стоит его растирать: это может нарушить последовательность проявления нот.",Италия,8
159,2026-09-29T23:23:09.570915,20260929_225902_ddf9b651,19000528939,parfjumerija/novinki,Zielinski & Rozen,"Amberwood, Vanilla, Davana",Парфюм для дома,3990.0,3990.0,0.0,1,3.3,https://goldapple.ru/19000528939-zielinski-rozen-amberwood-vanilla-davana/,https://goldapple.ru/parfjumerija/novinki?p=8,Средство для ароматизации помещений.,"Распылите необходимое количество средства в воздухе. 
Для усиления ароматического эффекта можно распылить спрей на текстиль — диваны, шторы и постельное белье. 
Важно распылять с расстояния не менее одного метра, чтобы избежать масляных пятен. Избегайте попадания на кожу и кожзаменитель.",Россия,8
160,2026-09-29T23:23:20.691198,20260929_225902_ddf9b651,19000490150,parfjumerija/novinki,Amouage,Line 618,Парфюмерная эссенция,61512.0,61512.0,0.0,1,5.0,https://goldapple.ru/19000490150-amouage-line-618/,https://goldapple.ru/parfjumerija/novinki?p=8,"Аромат, находящийся в постоянном движении, линия простирается как горизонт: обширная, непрерывная, но постоянно меняющаяся. 
Удивительное сочетание дымного ладана и лактонного аккорда в сочетании с яркими фруктами (ананас, персик, слива) открывает композицию, переходящую в сердце из сосны и гелиотропа, вызывающее в воображении образы бесконечных дорог и лесов. 
База представляет собой глубокую структуру из сандалового дерева и кожаного аккорда, уносящую аромат в бесконечность.","Распылите на точки пульса, такие как запястья, шея, за ушами и/или внутренней стороне локтя. Избегайте контакта с одеждой, чтобы сохранить качество аромата.",Оман,8
161,2026-09-29T23:23:41.742906,20260929_225902_ddf9b651,19000511801,parfjumerija/novinki,Zielinski & Rozen,"Lemongrass, Aloysia",Свеча,1790.0,1790.0,0.0,1,5.0,https://goldapple.ru/19000511801-zielinski-rozen-lemongrass-aloysia/,https://goldapple.ru/parfjumerija/novinki?p=9,Свечи в компактной алюминиевой банке с закручивающейся крышкой станут незаменимым спутником в путешествии: таким образом любимый аромат и частичка дома будут следовать за вами повсюду.,"Рекомендуется разместить свечу на открытой ровной поверхности, а затем зажечь. Общее время горения: до 5/12 часов.",Россия,9
162,2026-09-29T23:23:49.404822,20260929_225902_ddf9b651,19000523668,parfjumerija/novinki,LERBOLARIO,Shades of Dahlia,Туалетная вода,1357.0,1357.0,0.0,1,4.0,https://goldapple.ru/19000523668-lerbolario-shades-of-dahlia/,https://goldapple.ru/parfjumerija/novinki?p=9,"Туалетная вода Shades of Dahlia начинается с ярких цитрусовых аккордов калабрийского бергамота, мандарина и сладкого белого винограда, которые задают тон для всей композиции. Сердечные ноты раскрывают богатый цветочный букет, который одновременно опьяняет и очаровывает. Египетская герань, болгарская роза и георгин занимают центральное место, излучая женственность и изящество. Жасмин добавляет нотку сладости, а иланг-иланг привносит в композицию экзотику. Это сочетание цветочных нот создаёт ощущение вечной красоты, окутывая ароматом, который вызывает чувство восхищения и умиротворения. Базовые ноты мускуса и кедра придают аромату изысканную глубину и продолжительность, окутывая его теплом и чувственностью. Мускус придаёт аромату нежную пудровую мягкость, в то время как кедр вносит в него землистые, изысканные акценты. Сандал и ваниль добавляют сладкие, сливочные ноты, завершая композицию и даря ей ощущение роскошной утончённости. Дерматологически протестировано. Не тестируется  на животных. Не содержит ингредиентов животного происхождения.  Не содержит тяжелых металлов.","Туалетную воду нужно распылять с расстояния 10–15 см на пульсирующие точки тела: запястья, сгибы локтей, ямку между ключицами, область за ушами, основание шеи у корней волос. Достаточно одного нажатия на спрей, чтобы аромат раскрылся, но не стоит его растирать: это может нарушить последовательность проявления нот.",Италия,9
163,2026-09-29T23:23:56.023213,20260929_225902_ddf9b651,19000513327,parfjumerija/novinki,POP!,Eau de the vert,Нет категории,500.0,500.0,0.0,1,5.0,https://goldapple.ru/19000513327-eau-de-the-vert/,https://goldapple.ru/parfjumerija/novinki?p=9,"Парфюмерная вода с нотами зеленого чая пробуждает чувства, окутывая энергией дзен. Этот аромат подарит ощущение свежести и безмятежности, идеально подходя для тех, кто в поиске светящегося аромата, оставляющего вуаль тонкой свежести на коже. Верхние ноты раскрываются взрывом цитрусовых фруктов, лимона и бергамота, придавая аромату свежесть и бодрость. Кориандр добавляет сладость и ароматность, которые постепенно растворяются в нежном древесном шлейфе, ласкающем кожу. Этот аромат не кричит, а нежно шепчет, создавая вокруг атмосферу спокойствия и умиротворенности.","Распылите на пульсирующие зоны: запястья, шею, за ушами и внутреннюю сторону локтя. Избегайте контакта с одеждой. Для повышения стойкости рекомендуем наносить на хорошо увлажненную кожу.",Франция,9
164,2026-09-29T23:24:03.018280,20260929_225902_ddf9b651,19000537958,parfjumerija/novinki,Mancera,Mochi Musk,Нет категории,12809.0,12809.0,0.0,1,5.0,https://goldapple.ru/19000537958-mancera-mochi-musk/,https://goldapple.ru/parfjumerija/novinki?p=9,"Представьте миг тишины перед выходом в мир. Кимоно мягко скользит по обнажённой коже. Спокойный вдох. Один заключительный, безукоризненно точный жест. В этот миг, будто остановивший время, мягкость превращается в силу. Mochi Musk передаёт суть этого превращения: сдержанность уступает место чувственности, а нежность превращается в ощутимое присутствие. Пудровая и сияющая мягкость, вдохновлённая современной эстетикой. Mochi Musk вызывает ассоциации с чистой кожей, окутанной лёгкой вуалью. Противостояние чистоты и соблазна. Между кожей и обволакивающей кремовостью. Нежная мягкость уравновешивается чёткой структурой. Верхние ноты: рисовая пудра, измельчённые фисташки и коричневый сахар. Лёгкое и насыщенное начало. Сияющий, мягкий, с тонким гурманским оттенком. Ноты сердца: фисташковое мороженое, стручки ванили и итальянский оррис. Кремовое и сложное сердце. Гурманская нота приобретает структуру и утончённую пудровую элегантность. Базовые ноты: мягкий мускус, бразильские бобы тонка и серая амбра. Естественная, обволакивающая и притягательная база. Интимная, магнетическая и идеально сбалансированная.","Распылите на пульсирующие зоны: запястья, шею, за ушами и внутреннюю сторону локтя. Избегайте контакта с одеждой. Для повышения стойкости рекомендуем наносить на хорошо увлажненную кожу.",Франция,9
165,2026-09-29T23:24:10.374578,20260929_225902_ddf9b651,19000539245,parfjumerija/novinki,Zielinski & Rozen,"Rum, Black Pepper, Leather",Духи концентрированные,2790.0,2790.0,0.0,1,4.0,https://goldapple.ru/19000539245-zielinski-rozen-rum-black-pepper-leather/,https://goldapple.ru/parfjumerija/novinki?p=9,Стойкий аромат-унисекс. Оставляет легкий шлейф.,"Распылите на кожу или одежду с расстояния 30 см. Либо распылите парфюм перед собой и войдите в образовавшееся облако. Чтобы аромат сохранялся дольше, наносите его на разогретое или влажное тело.",Россия,9
166,2026-09-29T23:24:16.995867,20260929_225902_ddf9b651,19000531857,parfjumerija/novinki,Bugatti,Signature intense,Парфюмерная вода,5414.0,5414.0,0.0,1,0.0,https://goldapple.ru/19000531857-bugatti-signature-intense/,https://goldapple.ru/parfjumerija/novinki?p=9,"Bugatti Signature Intense — аромат, который не просто дополняет образ, он его формирует. С первых мгновений он окутывает аурой уверенности и глубины, создавая ощущение силы и харизмы. 
Это выбор мужчины, который знает себе цену и не боится быть в центре внимания. «Intense» в названии говорит сам за себя: аромат обладает впечатляющей стойкостью и мощным, но элегантным шлейфом, оставляющим после себя незабываемое впечатление. 
Идеален для значимых событий и вечеров, когда каждый жест и каждое слово должны быть подчеркнуты индивидуальностью.","Распылите на пульсирующие зоны: запястья, шею, за ушами и внутреннюю сторону локтя. Избегайте контакта с одеждой. Для повышения стойкости рекомендуем наносить на хорошо увлажненную кожу.",Германия,9
167,2026-09-29T23:24:24.078681,20260929_225902_ddf9b651,19000543486,parfjumerija/novinki,ROOM 1015,Love-o-matic,Парфюмерная вода,3258.0,3258.0,0.0,1,3.0,https://goldapple.ru/19000543486-room-1015-love-o-matic/,https://goldapple.ru/parfjumerija/novinki?p=9,"Вдохновлённый неожиданными, почти кинематографичными моментами реальной жизни, Love‑O‑Matic рождается из контркультурной магии прачечных самообслуживания. Эти обыденные пространства, наполненные первозданной энергией, тайными романами и спонтанным творчеством, становятся неожиданной музой для этого радостного аромата. Яркие верхние ноты цитрусов и искрящейся зелени открывают композицию, словно солнечные блики, отражающиеся в вращающихся барабанах машин, — живо, легко и игриво. В сердце мягкие цветочные оттенки и деликатные мускусы переплетаются с кремовыми, уютными полутонами, передавая ощущение тепла, спонтанности и мимолётного притяжения. Love‑O‑Matic улавливает тонкий баланс между рутиной и романтикой, одиночеством и близостью, оставляя за собой светлый, живой шлейф — непринуждённо радостный и полный возможностей.","Распылите на пульсирующие зоны: запястья, шею, за ушами и внутреннюю сторону локтя. Избегайте контакта с одеждой. Для повышения стойкости рекомендуем наносить на хорошо увлажненную кожу.",Франция,9
168,2026-09-29T23:24:31.661244,20260929_225902_ddf9b651,19000526198,parfjumerija/novinki,Acqua di Parma,FICO DI AMALFI LA RISERVA,Парфюмерная вода,4000.0,4000.0,0.0,1,3.7,https://goldapple.ru/19000526198-acqua-di-parma-fico-di-amalfi-la-riserva/,https://goldapple.ru/parfjumerija/novinki?p=9,"В Fico di Amalfi La Riserva природная сочность инжира возведена в ранг ольфакторного искусства. Двухмесячная мацерация наполняет аромат глубиной и текстурой, создавая полноценную, интенсивную и шелковистую эссенцию. Сверкающий, золотистый и сияющий, этот аромат гармонично сбалансирован в каждой ноте благодаря длительному процессу развития. Яркий взрыв свежести итальянского мандарина, красного апельсина, грейпфрута и лимонных эссенций открывает композицию, наполняя ее солнечным светом. Удобный флакон объемом 12 мл поместится даже в маленькую сумочку и позволит обновить аромат в любой момент. Изысканное сочетание концентрата ириса, настоя инжира и лимона, а также богатого аккорда мякоти инжира раскрывает глубину и чувственность аромата. Теплый и утонченный шлейф из абсолюта бобов тонка, амбреттолида и орканокса завершает композицию, оставляя за собой ощущение изысканной элегантности.","Нанести на шею, запястья и точки пульса.",Италия,9
169,2026-09-29T23:24:39.191563,20260929_225902_ddf9b651,19000540026,parfjumerija/novinki,Vilhelm Parfumerie,Oligarch,Парфюмерная вода,28050.0,28050.0,0.0,1,5.0,https://goldapple.ru/19000540026-vilhelm-parfumerie-oligarch/,https://goldapple.ru/parfjumerija/novinki?p=9,"Хрустящие фруктовые ноты встречаются с сухой пряностью уже в начале: зелёное яблоко и ананас дают сочную яркость, а чёрный перец добавляет энергичный контраст. Такое сочетание быстро уводит аромат от простой свежести к более тёплому и фактурному характеру с заметной глубиной. Пачули создаёт в сердце землистую основу, белый табак добавляет сухую мягкость, а бобы тонка округляют аккорд спокойным теплом. По мере раскрытия фруктовая ясность остаётся заметной, но постепенно уступает место более тёмным и гладким оттенкам. Пряность связывает эти этапы и делает переход от верхних нот к сердцу естественным. Мускусный аккорд и амброксан формируют чистую, стойкую древесно-мускусную базу. Композиция хорошо подходит для ситуаций, когда нужен собранный аромат с контрастом яркости и глубины: от зелёных фруктов и перца через табак и пачули к современному, лаконичному шлейфу.","Распылите на пульсирующие зоны: запястья, шею, за ушами и внутреннюю сторону локтя. Избегайте контакта с одеждой. Для более стойкого звучания наносите на увлажнённую кожу.",Франция,9
170,2026-09-29T23:24:46.638647,20260929_225902_ddf9b651,19000511796,parfjumerija/novinki,Zielinski & Rozen,"Grapefruit, Vanilla, Musk",Свеча,1790.0,1790.0,0.0,1,0.0,https://goldapple.ru/19000511796-zielinski-rozen-grapefruit-vanilla-musk/,https://goldapple.ru/parfjumerija/novinki?p=9,Свечи в компактной алюминиевой банке с закручивающейся крышкой станут незаменимым спутником в путешествии: таким образом любимый аромат и частичка дома будут следовать за вами повсюду.,"Рекомендуется разместить свечу на открытой ровной поверхности, а затем зажечь. Общее время горения: до 5/12 часов.",Россия,9
171,2026-09-29T23:24:54.818777,20260929_225902_ddf9b651,19000537541,parfjumerija/novinki,Maison Francis Kurkdjian,Oud Velvet Mood,парфюмерный экстракт,39700.0,39700.0,0.0,1,0.0,https://goldapple.ru/19000537541-maison-francis-kurkdjian-oud-velvet-mood-exp/,https://goldapple.ru/parfjumerija/novinki?p=9,"Среди дюн, колышущихся под ветрами пустыни, мерцающих звезд и песков, навеивается мысль о мягкости бархата, о том, что неудержимо манит прикоснуться к нему. Согретый солнцем песок источает удивительное тепло и бесконечную нежность. OUD velvet mood — это аромат, который раскрывается, словно благоухающее прикосновение, и скользит по коже подобно роскошному бархату. Он открывается мягким звучанием персика и нежностью замши, затем обволакивая чувственной глубиной удового дерева. Этот фруктово-древесный аромат подобен ткани, нежно окутывающей кожу.","Нанести аромат на запястья, шею и точки пульса.",Франция,9
172,2026-09-29T23:25:03.187653,20260929_225902_ddf9b651,19000406585,parfjumerija/novinki,David Beckham,Classic Homme,Туалетная вода,1407.0,1407.0,0.0,1,5.0,https://goldapple.ru/19000406585-david-beckham-classic-homme/,https://goldapple.ru/parfjumerija/novinki?p=9,"Classic Homme — современный взгляд на мужской аромат. Смело носите его по любому поводу. 
Этот неподвластный времени аромат представляет собой ароматическую смесь теплых дымчатых тонов со свежими пряными нотами.",Нанести на пульсирующие точки.,Испания,9
173,2026-09-29T23:25:11.772845,20260929_225902_ddf9b651,19000523669,parfjumerija/novinki,LERBOLARIO,Sweet Poppy perfume,Нет категории,1357.0,1357.0,0.0,1,3.5,https://goldapple.ru/19000523669-lerbolario-sweet-poppy-perfume/,https://goldapple.ru/parfjumerija/novinki?p=9,"Туалетная вода Sweet Poppy воплощает в себе ослепительный и сладкий аромат, в котором гармонично переплетаются беззаботная и природная красота маков. Таинственный и мечтательный характер восточного Papaver orientale и беззаботный нрав полевого мака — все эти черты воплощены в аромате, где женственность подчёркивают ноты сандалового дерева и амбры, а сочные ноты персика и мандарина окутывают. Цветочные ноты сердца, в которых звучат экзотические даваны из Индии, прунеллы и иланг-иланг, в сочетании с главным героем аккорда — маком, создают неповторимое благоухание. Дерматологически протестировано. Не тестируется на животных. Не содержит ингредиентов животного происхождения. Не содержит тяжелых металлов.","Туалетную воду нужно распылять с расстояния 10–15 см на пульсирующие точки тела: запястья, сгибы локтей, ямку между ключицами, область за ушами, основание шеи у корней волос. Достаточно одного нажатия на спрей, чтобы аромат раскрылся, но не стоит его растирать: это может нарушить последовательность проявления нот.",Италия,9
174,2026-09-29T23:25:21.998938,20260929_225902_ddf9b651,19000492522,parfjumerija/novinki,Narciso Rodriguez,For Him Musc Santal Intense,Нет категории,12787.0,12787.0,0.0,1,0.0,https://goldapple.ru/19000492522-narciso-rodriguez-for-him-musc-santal/,https://goldapple.ru/parfjumerija/novinki?p=9,"Обогащенный характер аромата отражает современную мужественность благодаря тщательно сбалансированному сочетанию свежих верхних нот и богатой древесной глубины. Парфюмерная вода For Him Musc Santal построена таким образом, чтобы предложить тонкое выражение контраста — яркие травяные грани на фоне более землистых и чувственных базовых элементов. Открываясь бодрящими ягодами можжевельника и итальянским бергамотом, переплетающимися с шалфеем и зеленым кардамоном, композиция сразу же передает чистый, но травянистый характер. Эти элементы готовы задействовать чувства, прежде чем аромат раскроется в своей основе. В сердце аромата выделяется четко выраженный мускусный аккорд — отличительная черта серии «For Him» от Narciso Rodriguez — привносящий тепло и магнетизм, которые компенсируют первоначальную яркость. Мускус здесь играет центральную роль в идентичности аромата, обеспечивая чувственную целостность. Базовые ноты кедра и сливочного сандала, обогащенные смолистым лабданумом и бальзамическим бензоином, углубляют профиль аромата, а пачули добавляют темные древесные ноты. Эта база усиливает интенсивность и стойкость. Созданный парфюмером Флорианом Галло и выпущенный в 2026 году, этот аромат отражает современную философию Нарсисо Родригеса — сочетание классических элементов мускуса и древесины с утонченной структурной двойственностью между холодными и теплыми аккордами.","Распылите на пульсирующие зоны, такие как запястья, шея, за ушами и внутренняя сторона локтя. Избегайте контакта с одеждой, чтобы сохранить качество аромата.",Франция,9
175,2026-09-29T23:25:29.042012,20260929_225902_ddf9b651,19000543495,parfjumerija/novinki,BornToStandOut,Fugazzi,Парфюмерная вода,26505.0,26505.0,0.0,1,0.0,https://goldapple.ru/19000543495-borntostandout-fugazzi/,https://goldapple.ru/parfjumerija/novinki?p=9,"Fugazzi от BORNTOSTANDOUT® — это аромат, вдохновленный скандальной интрижкой, дикой романтикой, запретной страстью, которая горит ярко и интенсивно. 
Созданный Квентином Бишем, этот аромат представляет собой гармоничное сочетание гурманских, анимальных нот, характерных для бренда BORNTOSTANDOUT®, и фирменных воздушных текстур Fugazzi.","Нанесите 1–2 распыления аромата на запястья, шею и точки пульса. Не растирайте — это может изменить звучание композиции. Позвольте аромату раскрыться естественно.",Республика корея,9
176,2026-09-29T23:25:37.147539,20260929_225902_ddf9b651,19000536098,parfjumerija/novinki,Les Soeurs de Noe,Citrus Poetry,Парфюмерная вода,13800.0,13800.0,0.0,1,5.0,https://goldapple.ru/19000536098-les-soeurs-de-noe-citrus-poetry/,https://goldapple.ru/parfjumerija/novinki?p=9,"Лето, сицилийское побережье. Ты бежишь по апельсиновому саду, а потом останавливаешься, срываешь один фрукт — апельсиновый сок течёт по твоим рукам и телу, оставляя на коже тот самый аромат с привкусом терпких горьковатых косточек. 
Опьяненная этим запахом, ты ложишься под дерево, и тут… дует ветер и приносит с моря рождённую в нём амбру, которая, уже приближаясь к тебе, захватывает аромат мха с обратной стороны дерева, под которым ты лежишь.","Распылите на пульсирующие зоны: запястья, шею, за ушами и внутреннюю сторону локтя. Избегайте контакта с одеждой. Для повышения стойкости рекомендуем наносить на хорошо увлажненную кожу.",Франция,9
177,2026-09-29T23:25:44.661091,20260929_225902_ddf9b651,19000538841,parfjumerija/novinki,Maison Francis Kurkdjian,GENTLE FLUIDITY GOLD,Парфюм для волос,9700.0,9700.0,0.0,1,0.0,https://goldapple.ru/19000538841-maison-francis-kurkdjian-gentle-fluidity-gold/,https://goldapple.ru/parfjumerija/novinki?p=9,"Парфюм для волос gentle Fluidity Gold деликатно покрывает волосы нежным ароматом, смягчая их благодаря своей легкой, воздушной текстуре. Нанесите на щетку для волос или непосредственно на волосы в течение дня, чтобы освежить ваш образ красивым и нежным ароматом. Вдохновленные одинаковой ольфакторной подписью, gentle Fluidity Gold и Gentle fluidity Silver — это два совершенно разных аромата. Насыщенный, обволакивающий шлейф раскрывается пряной эссенцией семян кориандра и усиливается концентрацией мускуса и ванили. Парфюм для волос gentle Fluidity Gold на основе касторового масла заключен в легендарный флакон парфюмерного дома из матового стекла с крышечкой, как у одноименного аромата. Исключительный ольфакторный ритуал для ежедневного удовольствия. Чтобы насладиться моментом ухода за собой и продлить звучание вашего аромата, попробуйте также другие продукты из линии gentle Fluidity Gold: очищающий парфюмированный гель для душа и парфюмированное масло для тела.",Распылить на волосы небольшое количество средства с расстояния 20-30 см.,Франция,9
178,2026-09-29T23:25:51.947775,20260929_225902_ddf9b651,19000529965,parfjumerija/novinki,MATIERE PREMIERE,Metal lavender,Парфюмерная вода,5625.0,5625.0,0.0,1,0.0,https://goldapple.ru/19000529965-matiere-premiere-metal-lavender/,https://goldapple.ru/parfjumerija/novinki?p=9,"Используя радикальный подход, основатель и парфюмер Aurélien Guichard создаёт современный аромат лаванды. Объёмный. Комфортный. Аромат, который хочется носить. В новой парфюмерной воде Metal lavender сочетаются два вида лаванды: лавандин с яркими металлическими оттенками, выращенный специально для Matière Premiere на собственных эко‑сертифицированных полях парфюмера в регионе Грасс, и органическая лаванда, мягкая и цветочная, из Верхнего Прованса. Усиленный нотами мускуса и кашмерана, аромат оставляет лёгкий, обволакивающий шлейф.","Распылите на пульсирующие зоны: запястья, шею, за ушами и внутреннюю сторону локтя. Избегайте контакта с одеждой. Для повышения стойкости рекомендуем наносить на хорошо увлажненную кожу.",Франция,9
179,2026-09-29T23:25:59.656095,20260929_225902_ddf9b651,19000514299,parfjumerija/novinki,EX NIHILO,Blue talisman,Набор миниатюр духов,34850.0,34850.0,0.0,1,0.0,https://goldapple.ru/19000514299-ex-nihilo-blue-talisman/,https://goldapple.ru/parfjumerija/novinki?p=9,"Дорожный набор из пяти флаконов по 7,5 мл каждый с духами «Blue talisman» предназначен для ценителей изысканных ароматов в удобном формате для путешествий. Этот набор позволит вам насладиться любимым ароматом в любом месте и в любое время. состав набора — Духи «Blue talisman», 5 флаконов по 7,5 мл","Нанесите 1–2 распыления аромата на запястья, шею и точки пульса. Не растирайте — это может изменить звучание композиции. Позвольте аромату раскрыться естественно.",Франция,9
180,2026-09-29T23:26:07.496579,20260929_225902_ddf9b651,19000541604,parfjumerija/novinki,HFC,Grand prix,Парфюмерная вода,35708.0,35708.0,0.0,1,0.0,https://goldapple.ru/19000541604-hfc-grand-prix/,https://goldapple.ru/parfjumerija/novinki?p=9,"Откройте для себя аромат-триумф — как мгновение победы на финишной прямой: свежий, дерзкий и бесконечно притягательный. Верхние ноты дарят мгновенный заряд энергии: прохладная акватическая волна с едва уловимой солоноватой искрой переплетается с искрящимся бергамотом и пряно-травянистой лавандой. Это первый аккорд — бодрящий, яркий, словно вспышка эмоций на старте гонки. В сердце композиции раскрывается благородная гармония: кремовая мягкость сандала сплетается с влажной, землистой глубиной пачули и дымным, чуть ореховым оттенком ветивера. Древесно-землистый дуэт звучит уверенно и сдержанно — как сила, собранная в одном дыхании. Базовые ноты формируют долгий, выразительный шлейф: торжественная смолистая дымка ладана соединяется с горьковато-сладкими бальзамическими акцентами мирры, а тёплый, чувственный мускус придаёт композиции завершённость. Это финал, достойный оваций, — древесно-смолистый, глубокий и по-настоящему победный.","Распылите на пульсирующие зоны: запястья, шею, за ушами и внутреннюю сторону локтя. Избегайте контакта с одеждой. Для повышения стойкости рекомендуем наносить на хорошо увлажненную кожу.",Франция,9
181,2026-09-29T23:26:31.378283,20260929_225902_ddf9b651,19000536869,parfjumerija/novinki,TEA ART,Ослепительная эйфория,Ароматический диффузор,6375.0,6375.0,0.0,1,0.0,https://goldapple.ru/19000536869-tea-art-oslepitel-naa-ejforia/,https://goldapple.ru/parfjumerija/novinki?p=10,"Кофе из Эфиопии — насыщенный и бодрящий, с цветочно-фруктовыми оттенками и намёком на шоколад — пробуждает чувства. Бергамот придаст свежесть, добавит яркости и лёгкости, как солнечный луч. Нежный и сладкий какао создаст тёплую атмосферу. Жасмин придаст романтизма и нежности. Дымный аккорд добавит глубины. Ветивер и ваниль, мягкие и сладкие, создают гармонию и завершенность, дарят ощущение счастья, от которого невозможно отказаться.","Поместите во флакон палочки, которые идут в комплекте. 
Для регулирования интенсивности аромата переворачивайте необходимое количество палочек ежедневно (1-2 для деликатного, еле заметного звучания; все палочки – для более яркого).",Россия,10
182,2026-09-29T23:26:40.213989,20260929_225902_ddf9b651,81151800002,parfjumerija/novinki,Marina de Bourbon,Cristal Royal Rose,Парфюмерная вода,6536.0,6536.0,0.0,1,4.6,https://goldapple.ru/81151800002-cristal-royal-rose/,https://goldapple.ru/parfjumerija/novinki?p=10,"Изысканность, шик и очарование, Cristal Royal Rose - яркий и сверкающий цветущий аромат, символизирующий радость и страсть. Аромат деликатно ласкает тело женщины, словно нежность шелка. В качестве прелюдии – вибрирующий, утонченный всплеск нот, во главе которых – лимон, персик и роза, который вызывает любопытство. Многообещающее сердце аромата постепенно раскрывает чувственность фрезии и фиалки с запоминающимися нотами персика. Магнетический шлейф концентрируется вокруг амброзии, мускуса и кедрового дерева, сохраняющих интригу. Это волна энергии, захватывающая вас в круговорот счастья и фантазии.","Нанести на кожу, избегая попадания в глаза. Не для пищевых целей. Только для наружного применения.",Франция,10
183,2026-09-29T23:26:48.537688,20260929_225902_ddf9b651,19000543494,parfjumerija/novinki,BornToStandOut,Black karak,Нет категории,9405.0,9405.0,0.0,1,0.0,https://goldapple.ru/19000543494-borntostandout-black-karak/,https://goldapple.ru/parfjumerija/novinki?p=10,"Black karak — это чашка уюта, превратившаяся в хаос. Карак — это больше, чем просто чай. Это тепло, щедрость и ритуал в маленькой чашке. Сладкий, молочный, пряный, незабываемый. Но мы не оставляем сладость без внимания. Мы утопили её в дымном уде, одели в кожаную обложку и зажгли искру. Уют, ставший диким. Гостеприимство, вышедшее из‑под контроля. Аромат открывается, словно дымящийся карак, наполненный свежим сливочным молоком, насыщенными специями и раскалённым шафраном. Он кажется щедрым, золотистым, живым. Затем происходит неожиданный поворот. Врывается уд, тёмный и анималистичный, окутывая сливки дымом. Кожа придаёт ему грубость, огонь обжигает. Сладость не задерживается, она липкая и притягательная, приправленная специями и кожей. Это сущность гостеприимства, превращённая в нечто необузданное и дикое. Чашка тепла, которая дольше обжигает тело, чем язык.","Нанесите 1–2 распыления аромата на запястья, шею и точки пульса. Не растирайте — это может изменить звучание композиции. Позвольте аромату раскрыться естественно.",Республика корея,10
184,2026-09-29T23:27:02.483323,20260929_225902_ddf9b651,19000514304,parfjumerija/novinki,EX NIHILO,Iconique,Нет категории,22950.0,22950.0,0.0,1,0.0,https://goldapple.ru/19000514304-ex-nihilo-iconique/,https://goldapple.ru/parfjumerija/novinki?p=10,"Дорожный набор включает пять уникальных ароматов по 7,5 мл каждый. В этом комплекте представлены ароматы 'Blue talisman', 'Fleur narcotique', 'The hedonist', 'Lust in paradise' и 'Santal Calling'. состав набора — Парфюмерная вода «Blue Talisman», 7,5 мл — Парфюмерная вода «Fleur Narcotique», 7,5 мл — Парфюмерная вода «The Hedonist», 7,5 мл — Парфюмерная вода «Lust in Paradise», 7,5 мл — Парфюмерная вода «Santal Calling», 7,5 мл","Нанесите 1–2 распыления аромата на запястья, шею и точки пульса. Не растирайте — это может изменить звучание композиции. Позвольте аромату раскрыться естественно.",Франция,10
185,2026-09-29T23:27:11.515759,20260929_225902_ddf9b651,19000526209,parfjumerija/novinki,Acqua di Parma,BUONGIORNO,Аромадиффузор для автомобиля (Сменный блок),5210.0,5210.0,0.0,1,0.0,https://goldapple.ru/19000526209-acqua-di-parma-buongiorno/,https://goldapple.ru/parfjumerija/novinki?p=10,Бодрящий зеленый аромат для автомобильного диффузора Buongiorno рисует идиллическую картину утра в итальянской провинции. Он передает бодрящую свежесть и жизненную энергию сезона благодаря совместной экстракции базилика и петиґгрейна. После вскрытия упаковки парфюмированный сменный блок сохраняет свои свойства до трех месяцев.,Использовать для ароматизации автомобиля.,Франция,10
186,2026-09-29T23:27:18.997342,20260929_225902_ddf9b651,19000543496,parfjumerija/novinki,Histoires de Parfums,Tubereuse Nuit Blanche,Парфюмерная вода,4465.0,4465.0,0.0,1,4.0,https://goldapple.ru/19000543496-histoires-de-parfums-tubereuse-nuit-blanche/,https://goldapple.ru/parfjumerija/novinki?p=10,"Tubéreuse Nuit Blanche — это бесконечная ночь, тайна, раскрывающаяся с каждым вдохом, пламенная дива, делающая вечность неотразимой. Искрящийся и смелый старт: яркий имбирь, свежий ревень и ослепительная элеми. 
Затем тубероза, одновременно капризная и чувственная, растворяется в жасмине и флердоранже, подчеркнутых сияющим оттенком шафрана. 
Наконец, раскрывается богатая бархатистая база, в которой переплетаются белый мускус, амброксан, драгоценные породы дерева, ваниль и карамель, оставляя теплый и уютный шлейф.","Распылите на пульсирующие зоны: запястья, шею, за ушами и внутреннюю сторону локтя. Избегайте контакта с одеждой. Для повышения стойкости рекомендуем наносить на хорошо увлажненную кожу.",Франция,10
187,2026-09-29T23:27:28.637932,20260929_225902_ddf9b651,19000479843,parfjumerija/novinki,BornToStandOut,Black karak,Духи,26505.0,26505.0,0.0,1,0.0,https://goldapple.ru/19000479843-black-karak/,https://goldapple.ru/parfjumerija/novinki?p=10,"Black karak — это чашка уюта, превратившаяся в хаос. Карак — это больше, чем просто чай. Это тепло, щедрость и ритуал в маленькой чашке. Сладкий, молочный, пряный, незабываемый. Но мы не оставляем сладость без внимания. Мы утопили её в дымном уде, одели в кожаную обложку и зажгли искру. Уют, ставший диким. Гостеприимство, вышедшее из‑под контроля. Аромат открывается, словно дымящийся карак, наполненный свежим сливочным молоком, насыщенными специями и раскалённым шафраном. Он кажется щедрым, золотистым, живым. Затем происходит неожиданный поворот. Врывается уд, тёмный и анималистичный, окутывая сливки дымом. Кожа придаёт ему грубость, огонь обжигает. Сладость не задерживается, она липкая и притягательная, приправленная специями и кожей. Это сущность гостеприимства, превращённая в нечто необузданное и дикое. Чашка тепла, которая дольше обжигает тело, чем язык.","Нанесите 1–2 распыления аромата на запястья, шею и точки пульса. Не растирайте — это может изменить звучание композиции. Позвольте аромату раскрыться естественно.",Республика корея,10
188,2026-09-29T23:27:36.571805,20260929_225902_ddf9b651,19000536097,parfjumerija/novinki,Les Soeurs de Noe,Call Me Iris,Парфюмерная вода,13800.0,13800.0,0.0,1,0.0,https://goldapple.ru/19000536097-les-soeurs-de-noe-call-me-iris/,https://goldapple.ru/parfjumerija/novinki?p=10,"Этот аромат — о элегантности изысканной и исключительной женщины. Аромат, который подойдёт любой любящей себя девушке, потому что он о красоте, которая вечна. Раскрывают аромат легкие, свежие ноты бергамота и лимона, их оттеняет розовый перец. Затем вступает ирис — сладкий, но не приторный, — оттенённый облаком ладана. Завершает композицию дуэт из противоположностей, идеально дополняющих друг друга: ванильный и пихтовый бальзам. Аромат прозрачный, но не эфемерный.","Распылите на пульсирующие зоны: запястья, шею, за ушами и внутреннюю сторону локтя. Избегайте контакта с одеждой. Для повышения стойкости рекомендуем наносить на хорошо увлажненную кожу.",Франция,10
189,2026-09-29T23:27:43.870538,20260929_225902_ddf9b651,19000539246,parfjumerija/novinki,Zielinski & Rozen,"Rum, Black Pepper, Leather",Духи концентрированные,7990.0,7990.0,0.0,1,0.0,https://goldapple.ru/19000539246-zielinski-rozen-rum-black-pepper-leather/,https://goldapple.ru/parfjumerija/novinki?p=10,Стойкий аромат-унисекс. Оставляет легкий шлейф.,"Распылите на кожу или одежду с расстояния 30 см. Либо распылите парфюм перед собой и войдите в образовавшееся облако. Чтобы аромат сохранялся дольше, наносите его на разогретое или влажное тело.",Россия,10
190,2026-09-29T23:27:50.191145,20260929_225902_ddf9b651,19000490151,parfjumerija/novinki,Amouage,Remain,Парфюмерная эссенция,61512.0,61512.0,0.0,1,0.0,https://goldapple.ru/19000490151-amouage-remain/,https://goldapple.ru/parfjumerija/novinki?p=10,"Специи придают композиции зеленую ароматическую свежесть, а морковь и бергамот добавляют золотистое сияние. В сердце этого творения ваниль предстает как парадокс: одновременно сырая и утонченная, первобытная и бархатистая. 
Окутанная цветочным теплом иланг-иланга и жасмина, она приобретает сияющее, почти небесное качество. База состоит из священного ладана, глубокого сандалового дерева и кастореума, укореняя аромат в самых истоках истории парфюмерии.","Распылите на точки пульса, такие как запястья, шея, за ушами и/или внутренней стороне локтя. Избегайте контакта с одеждой, чтобы сохранить качество аромата.",Оман,10
191,2026-09-29T23:27:58.142856,20260929_225902_ddf9b651,19000531851,parfjumerija/novinki,Maison Francis Kurkdjian,Gentle fluidity silver,набор рефилов парфюмерной воды,14800.0,14800.0,0.0,1,0.0,https://goldapple.ru/19000531851-maison-francis-kurkdjian-gentle-fluidity-silver/,https://goldapple.ru/parfjumerija/novinki?p=10,"Одинаковые ноты, две индивидуальности. Ингредиенты в составе ароматов полностью раскрывают свой потенциал, чтобы создать два уникальных парфюма, несмотря на одинаковые ноты — ягоды можжевельника, мускатный орех, кориандр, мускус, амбра и ваниль. Дуэт Gentle Fluidity родился из воображения парфюмера и предлагает две ольфакторные вселенные — для него и для неё. В парфюмерной воде Gentle Fluidity Silver от Maison Francis Kurkdjian преобладают мускатный орех и амброво‑древесный аккорд, создавая комфортный и яркий шлейф. Эссенция ягод можжевельника открывает ультрасвежую и ароматическую верхнюю ноту, похожую на знаменитый коктейль gin fizz, сбалансированную сухими пряными нотами и нежными нотами мускатного ореха. Альтернативно мягкие и обволакивающие, мощные и сухие амбро‑древесные грани появляются на заднем плане. Ароматическая древесная парфюмерная вода Gentle Fluidity Silver — свободная и комфортная, глубоко меняющаяся. Чтобы насладиться моментом ухода за собой и продлить звучание вашего аромата, попробуйте также другие продукты из линии Gentle Fluidity Silver: очищающий парфюмированный гель для душа и парфюмированный лосьон для рук и тела. В наборе 3 рефила по 11 мл.","Нанести аромат на запястья, шею и точки пульса.",Франция,10
192,2026-09-29T23:28:05.618237,20260929_225902_ddf9b651,19000536099,parfjumerija/novinki,Les Soeurs de Noe,Midnight Call,Парфюмерная вода,13800.0,13800.0,0.0,1,0.0,https://goldapple.ru/19000536099-les-soeurs-de-noe-midnight-call/,https://goldapple.ru/parfjumerija/novinki?p=10,"Это предвкушение долгожданного свидания, мурашки по телу, первый глоток коктейля «Мартини Порнстар», это ночной звонок от человека, от которого вы его так ждали…","Распылите на пульсирующие зоны: запястья, шею, за ушами и внутреннюю сторону локтя. Избегайте контакта с одеждой. Для повышения стойкости рекомендуем наносить на хорошо увлажненную кожу.",Франция,10
193,2026-09-29T23:28:12.765553,20260929_225902_ddf9b651,19000526211,parfjumerija/novinki,Acqua di Parma,BLU MEDITERRANEO FICO DI AMALFI,Нет категории,5210.0,5210.0,0.0,1,0.0,https://goldapple.ru/19000526211-acqua-di-parma-blu-mediterraneo-fico-di-amalfi/,https://goldapple.ru/parfjumerija/novinki?p=10,"Яркий фруктово-древесный аромат Fico di Amalfi с нотами цитрусов, инжирного нектара, розового перца и жасмина создан, чтобы поднимать настроение. Синий цвет намекает на принадлежность рефила коллекции Blu Mediterraneo, вдохновленной итальянским Средиземноморьем. После вскрытия упаковки парфюмированный сменный блок сохраняет свои свойства до трех месяцев.",Использовать для ароматизации автомобиля.,Франция,10
194,2026-09-29T23:28:21.419839,20260929_225902_ddf9b651,19000539234,parfjumerija/novinki,Zielinski & Rozen,"Aloysia, Lemon, Amber",Нет категории,7990.0,7990.0,0.0,1,0.0,https://goldapple.ru/19000539234-zielinski-rozen-aloysia-lemon-amber/,https://goldapple.ru/parfjumerija/novinki?p=10,Стойкий аромат-унисекс. Оставляет легкий шлейф.,"Распылите на кожу или одежду с расстояния 30 см. Либо распылите парфюм перед собой и войдите в образовавшееся облако. Чтобы аромат сохранялся дольше, наносите его на разогретое или влажное тело.",Россия,10
195,2026-09-29T23:28:29.607620,20260929_225902_ddf9b651,19000526223,parfjumerija/novinki,MAISON NOIR,ROSAETERNA,Парфюмерная вода,12825.0,12825.0,0.0,1,0.0,https://goldapple.ru/19000526223-maison-noir-rosaeterna/,https://goldapple.ru/parfjumerija/novinki?p=10,"ROSAETERNA — это дань вечной элегантности розы. Нежный цветок, который превосходит время, несущий шепот страсти, радости и тоски — соединяющий прошлое, настоящее и будущее. С каждым цветением он напоминает нам, что некоторые моменты, как и сущность розы, вечны. ROSAETERNA пробуждает воспоминания, эмоции и связи с вашими самыми заветными моментами. Это приглашение заново открыть себя, принять свое внутреннее сияние и позволить своей сущности цвести вечно. Аромат воплощает в себе вневременную элегантность Тосканы, сочетая утонченную розу и древесно-кожаный аккорд со свежим бергамотом и лавандой для создания чистого профиля.","Распыляйте с расстояния 20-25 см. 
Не наносите на одежду, не используйте при нахождении на солнце.",Швейцария,10
196,2026-09-29T23:28:37.565529,20260929_225902_ddf9b651,19000539248,parfjumerija/novinki,Zielinski & Rozen,"Saffron, Vanilla",Духи концентрированные,7990.0,7990.0,0.0,1,0.0,https://goldapple.ru/19000539248-zielinski-rozen-saffron-vanilla/,https://goldapple.ru/parfjumerija/novinki?p=10,Стойкий аромат-унисекс. Оставляет легкий шлейф.,"Распылите на кожу или одежду с расстояния 30 см. Либо распылите парфюм перед собой и войдите в образовавшееся облако. Чтобы аромат сохранялся дольше, наносите его на разогретое или влажное тело.",Россия,10
197,2026-09-29T23:28:45.004567,20260929_225902_ddf9b651,19000539244,parfjumerija/novinki,Zielinski & Rozen,"Incense, Amber, Leather",Духи концентрированные,7990.0,7990.0,0.0,1,0.0,https://goldapple.ru/19000539244-zielinski-rozen-incense-amber-leather/,https://goldapple.ru/parfjumerija/novinki?p=10,Стойкий аромат-унисекс. Оставляет легкий шлейф.,"Распылите на кожу или одежду с расстояния 30 см. Либо распылите парфюм перед собой и войдите в образовавшееся облако. Чтобы аромат сохранялся дольше, наносите его на разогретое или влажное тело.",Россия,10
198,2026-09-29T23:28:53.130955,20260929_225902_ddf9b651,19000503048,parfjumerija/novinki,Calvin Klein,CK One Essence,духи,4956.0,4956.0,0.0,1,3.0,https://goldapple.ru/19000503048-calvin-klein-ck-one-essence/,https://goldapple.ru/parfjumerija/novinki?p=10,"Яркая цитрусовая подпись открывает эту композицию: итальянский бергамот и красный апельсин создают насыщенное и освежающее начало. Их сочетание звучит хрустяще и слегка сочно, сразу передавая чистый, современный характер, характерный для линии CK One. В сердце раскрывается органический зелёный чай, придающий композиции спокойную и гармоничную ароматическую глубину. Его мягкий травянистый оттенок подчёркивает цитрусовую свежесть и добавляет естественную прозрачность, сохраняя лёгкость и сбалансированность звучания. Представленный в 2024 году, этот интенсивный парфюм переосмысливает классическую идентичность CK One в более насыщенной и текстурной интерпретации. Аромат сохраняет минималистичную эстетику Calvin Klein, предлагая более глубокий и выразительный ольфакторный профиль, соответствующий современным предпочтениям. В финале сандаловое дерево и мускус формируют гладкую и стойкую базу. Тёплая древесная мягкость сандала соединяется с чистой деликатностью мускуса, позволяя цитрусовым и чайным акцентам постепенно растворяться в утончённом, сдержанном шлейфе.","Распылите на чистую и сухую кожу с расстояния 15-20 см, избегая попадания в глаза и на поврежденные участки кожи.",Испания,10
199,2026-09-29T23:28:59.974530,20260929_225902_ddf9b651,19000514300,parfjumerija/novinki,EX NIHILO,Iconique 2,Набор миниатюр духов,45900.0,45900.0,0.0,1,0.0,https://goldapple.ru/19000514300-ex-nihilo-iconique-2/,https://goldapple.ru/parfjumerija/novinki?p=10,"Набор миниатюр парфюмированных вод включает в себя пять уникальных ароматов, каждый из которых обладает своей изысканной композицией. Это отличный способ познакомиться с разнообразием ароматов и выбрать для себя идеальное сочетание. Blue Talisman — аромат, созданный для тех, кто ценит свежесть и утонченность. Композиция раскрывается нотами голубого фужера, окруженного легким облаком морского бриза. Fleur Narcotique — это аромат, который завораживает своей цветочной композицией, насыщенной и глубококой, вызывающей необычайное чувство эйфории. The Hedonist — аромат, воплощающий дух удовольствия. Он завораживает гурманскими акцентами, плавно переходящими в тёплые древесные ноты. Lust in Paradise — аромат, передающий радость и ощущение беззаботности, как на тропическом пляже. Светлые фруктовые ноты переплетаются с солнечными оттенками. Gold Immortals — это аромат роскоши и вечности, в котором золотые ноты гармонично сочетаются с древесно-амбровым аккордом. состав набора — Духи «Blue Talisman», 10 мл — Духи «Fleur Narcotique», 10 мл — Духи «The Hedonist», 10 мл — Духи «Lust in Paradise», 10 мл — Духи «Gold Immortals», 10 мл","Нанесите 1–2 распыления аромата на запястья, шею и точки пульса. Не растирайте — это может изменить звучание композиции. Позвольте аромату раскрыться естественно.",Франция,10
200,2026-09-29T23:29:07.524281,20260929_225902_ddf9b651,19000480183,parfjumerija/novinki,ROOM 1015,Electric wood,Духи,21907.0,21907.0,0.0,1,0.0,https://goldapple.ru/19000480183-room-1015-electric-wood/,https://goldapple.ru/parfjumerija/novinki?p=10,"Электризующая версия оригинального аромата объединяет пряные и древесные ноты в насыщенной композиции, вдохновлённой запахом лакированного дерева и металлических струн гитары. Верхние аккорды с кардамоном, шафраном и мускатным орехом раскрывают пряный, тёплый старт. Сердце построено на дубовом мхе, ирисе и мирре, а база с кедром, нагармотой, ветивером и ванилью придаёт древесно-теплую глубину и мягкий характер, подчёркивая художественный замысел парфюма.","Нанесите 1–2 распыления аромата на запястья, шею и точки пульса. Не растирайте — это может изменить звучание композиции. Позвольте аромату раскрыться естественно.",Франция,10
201,2026-09-29T23:29:26.404693,20260929_225902_ddf9b651,19000522401,parfjumerija/novinki,Acqua di Parma,BLU MEDITERRANEO MANDORLO DI SICILIA,Туалетная вода,11680.0,11680.0,0.0,1,0.0,https://goldapple.ru/19000522401-acqua-di-parma-blu-mediterraneo-mandorlo-di-sicilia/,https://goldapple.ru/parfjumerija/novinki?p=11,"Сицилия — пересечение культуры и искусства, где миндаль является частью стиля и традиций. Сладкие ощущения раскрываются в аромате Mandorlo di Sicilia. Искрящаяся свежесть звёздчатого аниса из Китая, бергамот и апельсин переливаются в мягкие, окутывающие ноты зелёного средиземноморского миндаля и иланг-иланга. В шлейфе аромата — необыкновенное сочетание сандала, ванили, бальзама толу и белого мускуса.","Небольшое количество нанести на тело, избегая попадания в глаза.",Италия,11
202,2026-09-29T23:29:34.267508,20260929_225902_ddf9b651,19000539236,parfjumerija/novinki,Zielinski & Rozen,"Bergamot, Oud, Leather",Духи концентрированные,7990.0,7990.0,0.0,1,0.0,https://goldapple.ru/19000539236-zielinski-rozen-bergamot-oud-leather/,https://goldapple.ru/parfjumerija/novinki?p=11,Стойкий аромат-унисекс. Оставляет легкий шлейф.,"Распылите на кожу или одежду с расстояния 30 см. Либо распылите парфюм перед собой и войдите в образовавшееся облако. Чтобы аромат сохранялся дольше, наносите его на разогретое или влажное тело.",Россия,11
203,2026-09-29T23:29:42.480562,20260929_225902_ddf9b651,19000490152,parfjumerija/novinki,Amouage,Sequence,Нет категории,61512.0,61512.0,0.0,1,0.0,https://goldapple.ru/19000490152-amouage-sequence/,https://goldapple.ru/parfjumerija/novinki?p=11,"Время движется циклами, и круг олицетворяет возвышенное возвращение всех вещей, сочные личи и малина отражают сладость жизни, а шафран добавляет красный оттенок. В сердце аромата османтус и роза расцветают заново, а их насыщенность углубляется благодаря бобам тонка. База представляет собой глубокое объятие кожи, уда и амбрового дерева, вызывая в воображении бесконечное течение времени, где конец является лишь началом.","Распылите на точки пульса, такие как запястья, шея, за ушами и/или внутренней стороне локтя. Избегайте контакта с одеждой, чтобы сохранить качество аромата.",Оман,11
204,2026-09-29T23:29:51.875022,20260929_225902_ddf9b651,19000511802,parfjumerija/novinki,Zielinski & Rozen,Old fashion,Нет категории,3290.0,3290.0,0.0,1,0.0,https://goldapple.ru/19000511802-zielinski-rozen-old-fashion/,https://goldapple.ru/parfjumerija/novinki?p=11,Свечи в компактной алюминиевой банке с закручивающейся крышкой станут незаменимым спутником в путешествии: таким образом любимый аромат и частичка дома будут следовать за вами повсюду.,"Рекомендуется разместить свечу на открытой ровной поверхности, а затем зажечь. Общее время горения: до 5/12 часов.",Россия,11
205,2026-09-29T23:29:58.937792,20260929_225902_ddf9b651,19000536787,parfjumerija/novinki,EX NIHILO,Fleur Narcotique,Набор миниатюр духов,34850.0,34850.0,0.0,1,0.0,https://goldapple.ru/19000536787-ex-nihilo-fleur-narcotique/,https://goldapple.ru/parfjumerija/novinki?p=11,"В дорожный набор входит пять миниатюр аромата Fleur Narcotique — его чарующий цветочно‑фруктовый букет завораживает с первых нот. Сердце композиции — изысканный ансамбль из пышно распустившихся пионов, нежного жасмина, утончённых роз и флердоранжа. Яркость и сочность букету придают сочные акценты личи, персика и бергамота — они словно рассыпают по воздуху солнечные искры. Завершает образ тёплый, обволакивающий шлейф: в нём переплетаются мускус, бархатистый мох и мягкие древесные оттенки. состав набора — Духи ""Fleur Narcotique"", 5 шт х 7,5 мл","Распылите на пульсирующие зоны: запястья, шею, за ушами и внутреннюю сторону локтя. Избегайте контакта с одеждой. Для повышения стойкости рекомендуем наносить на хорошо увлажненную кожу.",Франция,11
206,2026-09-29T23:30:06.710724,20260929_225902_ddf9b651,19000526202,parfjumerija/novinki,Acqua di Parma,OUD,Парфюмерная вода,5200.0,5200.0,0.0,1,0.0,https://goldapple.ru/19000526202-acqua-di-parma-oud/,https://goldapple.ru/parfjumerija/novinki?p=11,"Автографы Солнца. Превосходное выражение парфюмерного искусства, чьи выразительные оттенки происходят от света и ярких открытий. Ингредиенты, отобранные по всему миру за свою драгоценность, являют собой лейтмотив новой коллекции. Каждый из них выбран брендом из самых чистых эссенций, каждая из которых становится протагонистом аромата. Acqua di Parma пересматривает каждый ингредиент через призму Colonia, привнося свет и солнце в каждый аромат. Автографы солнца (Signatures of the Sun) – это словно вдох знакомого ингредиента вновь и вновь с новой душой. Удобный флакон объемом 12 мл поместится даже в маленькую сумочку и позволит обновить аромат в любой момент.","Нанести на шею, запястья и точки пульса.",Италия,11
207,2026-09-29T23:30:13.391981,20260929_225902_ddf9b651,19000526201,parfjumerija/novinki,Acqua di Parma,YUZU,Парфюмерная вода,5200.0,5200.0,0.0,1,0.0,https://goldapple.ru/19000526201-acqua-di-parma-yuzu/,https://goldapple.ru/parfjumerija/novinki?p=11,"Автографы Солнца. Превосходное выражение парфюмерного искусства, чьи выразительные оттенки происходят от света и ярких открытий. Ингредиенты, отобранные по всему миру за свою драгоценность, являют собой лейтмотив новой коллекции. Каждый из них выбран брендом из самых чистых эссенций, каждая из которых становится протагонистом аромата. Acqua di Parma пересматривает каждый ингредиент через призму Colonia, привнося свет и солнце в каждый аромат. Автографы солнца (Signatures of the Sun) – это словно вдох знакомого ингредиента вновь и вновь с новой душой. Удобный флакон объемом 12 мл поместится даже в маленькую сумочку и позволит обновить аромат в любой момент.","Нанести на шею, запястья и точки пульса.",Италия,11
208,2026-09-29T23:30:21.137377,20260929_225902_ddf9b651,19000535887,parfjumerija/novinki,Laurent Mazzone,Radikal Protea,Духи,20000.0,20000.0,0.0,1,0.0,https://goldapple.ru/19000535887-laurent-mazzone-radikal-protea/,https://goldapple.ru/parfjumerija/novinki?p=11,"Radikal protéa — это ода цветку Южной Африки — Протее, символу света и возрождения. Он обладает едва уловимым травянисто‑медовым нейтральным ароматом и символизирует три ключевых значения: • Смелость — обозначает мужество, попытку изменить мир, преодоление жизненных барьеров, обретение смелости. • Разнообразие — по этой причине его дарят людям, наделённым особым даром, и личностям с уникальными чертами внешности. • Трансформация — важные перемены в жизни, попытка изменить себя в лучшую сторону. Аромат Radikal protéa воплощает современный взгляд на цветочные композиции — сияющий, уверенный и решительный. Его дерзкая, чистая и необузданная красота вдохновила на создание пирамиды, в которой каждая нота дышит утренним сиянием. Аромат, подобный молитве свету. Дань красоте в её истинной сути.","Нанесите 1–2 распыления аромата на запястья, шею и точки пульса. Не растирайте — это может изменить звучание композиции. Позвольте аромату раскрыться естественно.",Франция,11
209,2026-09-29T23:30:30.541278,20260929_225902_ddf9b651,19000526200,parfjumerija/novinki,Acqua di Parma,OSMANTHUS,Парфюмерная вода,5200.0,5200.0,0.0,1,0.0,https://goldapple.ru/19000526200-acqua-di-parma-osmanthus/,https://goldapple.ru/parfjumerija/novinki?p=11,"Очень миниатюрный, но насыщенный ароматом цветок. Лепестки османтуса – меньше сантиметра и цветут всего один день в году в роскошных лесах юго-восточной Азии. В этот краткий миг все, от белоснежных до апельсиново-рыжих, лепестки окрашивают воздух роскошеством благородного и сильного аромата. В Китае османтус называют «цветком счастья», и он отдается невестой ее новой семье как пожелание процветания и добра. По древне-восточной легенде, семена этого вечно-зеленого растения были брошены на землю из лунного рая по желанию Бога, который решил привнести благополучие и гармонию земному миру. Удобный флакон объемом 12 мл поместится даже в маленькую сумочку и позволит обновить аромат в любой момент.","Нанести на шею, запястья и точки пульса.",Италия,11
210,2026-09-29T23:30:37.270414,20260929_225902_ddf9b651,19000526197,parfjumerija/novinki,Acqua di Parma,ARANCIA DI CAPRI LA RISERVA,Парфюмерная вода,4000.0,4000.0,0.0,1,0.0,https://goldapple.ru/19000526197-acqua-di-parma-arancia-di-capri-la-riserva/,https://goldapple.ru/parfjumerija/novinki?p=11,"Ольфактивная дань нетронутой красоте природного ландшафта Капри, Arancia di Capri La Riserva создается в результате двухмесячного процесса мацерации, что придает ему глубину и текстуру, что приводит к полной, интенсивной и шелковистой эссенции. Свет искристый, золотистый и сияющий, где каждая нота гармонирует в прекрасном балансе благодаря длительному развитию. Пикантный итальянский красный апельсин, мандарин и эссенции петитгрейна и бигарадии встречают свежестью, в то время как сердце раскрывается ароматическим сочетанием эссенций розмарина и итальянского базилика, усиленных соленым минеральным аккордом. Наконец, базовые ноты кедра и амбреттолида в сочетании с мягким и обволакивающим замшевым аккордом оставляют теплое и стойкое впечатление, придавая аромату глубину. Удобный флакон объемом 12 мл поместится даже в маленькую сумочку и позволит обновить аромат в любой момент.","Нанести на шею, запястья и точки пульса.",Италия,11
211,2026-09-29T23:30:44.143189,20260929_225902_ddf9b651,19000526196,parfjumerija/novinki,Acqua di Parma,BLU MEDITERRANEO MIRTO DI PANAREA,Туалетная вода,3200.0,3200.0,0.0,1,3.0,https://goldapple.ru/19000526196-acqua-di-parma-blu-mediterraneo-mirto-di-panarea/,https://goldapple.ru/parfjumerija/novinki?p=11,"Освежающий аромат, раскрывающийся нотами мирта и базилика в сочетании с лимоном и бергамотом. Акватический аккорд в сердце аромата переливается оттенками жасмина и розы. В насыщенном шлейфе – изысканное сочетание смол мастикового дерева и можжевельника, украшенное кедром и многогранными оттенками амбры. Удобный флакон объемом 12 мл поместится даже в маленькую сумочку и позволит обновить аромат в любой момент.","Нанести на шею, запястья и точки пульса.",Италия,11
212,2026-09-29T23:30:50.741950,20260929_225902_ddf9b651,19000531858,parfjumerija/novinki,TEA ART,Ветер грез,Парфюмерная вода,10285.0,10285.0,0.0,1,0.0,https://goldapple.ru/19000531858-tea-art-veter-grez/,https://goldapple.ru/parfjumerija/novinki?p=11,"Ветер грёз — дайте своим мечтам взлететь. Это ваш личный гид в Страну чудес, где каждый шаг — это желание открыть что-то новое. Ветер грёз — это не просто аромат, это целая симфония неповторимых оттенков лета, уносящих вас в загадочные просторы Страны чудес. Представьте себе утренний рассвет, когда свежесть зелёного чая, как первые лучи солнца, пробуждают вас, наполняя гармонией и спокойствием. В сердце аромата цветочные аккорды фрезии, магнолии и жасмина, словно лепестки, летящие по ветру, дарят вам ощущение лёгкости и невесомости. Личи и мандарин, как солнечные блики на поверхности воды, добавят яркие штрихи в композицию, грейпфрут с его искристой горечью наполнит аромат игривым характером, но на этом путешествие не заканчивается. Ветер грёз уносит вас дальше, по просторам Страны чудес, где розмарин и имбирь кружатся в танце, создавая ощущение свежести и бодрости. И, наконец, мягкая нежная ваниль и мускус встречают вас теплом, как ласковое прикосновение летнего ветра.","Распылите на пульсирующие зоны: запястья, шею, за ушами и внутреннюю сторону локтя. Избегайте контакта с одеждой. Для повышения стойкости рекомендуем наносить на хорошо увлажненную кожу.",Россия,11
213,2026-09-29T23:30:57.662478,20260929_225902_ddf9b651,19000526208,parfjumerija/novinki,Acqua di Parma,Black leather,Нет категории,15620.0,15620.0,0.0,1,0.0,https://goldapple.ru/19000526208-acqua-di-parma-black-leather/,https://goldapple.ru/parfjumerija/novinki?p=11,"Для создания линейки аромадиффузоров пригласили мастеров компании Poltorna Frau, специализация которой — производство кожаной обивки автомобилей и мебели для дома. Аксессуар черного цвета с тисненым логотипом и гербовой эмблемой Acqua di Parma представлен в боксе знакового для марки желтого оттенка, вдохновленного итальянскими цитрусами.",Вставьте в чехол картридж (продается отдельно) и закрепите диффузор на вентиляционной решетке автомобиля.,Италия,11
214,2026-09-29T23:31:06.008515,20260929_225902_ddf9b651,19000502456,parfjumerija/novinki,Calvin Klein,euphoria magnetic elixir intense,Нет категории,5775.0,5775.0,0.0,1,0.0,https://goldapple.ru/19000502456-calvin-klein-euphoria-magnetic-elixir-intense/,https://goldapple.ru/parfjumerija/novinki?p=11,"Парфюм Euphoria Magnetic Elixir от Calvin Klein представляет собой сложную композицию, где древесно-восточные ноты гармонично сочетаются с утонченной сладостью. Начальные аккорды вишни и свежесть мандарина плавно перетекают в сердце аромата, где доминируют орхидея, ваниль и мускус, создавая волнующую и чувственную ауру. Финальная база с амброй придает шлейфу завершенность, глубину и впечатляющую стойкость. Он станет идеальным спутником для уверенных в себе людей, стремящихся подчеркнуть индивидуальность. Euphoria Magnetic Elixir работает как завершающий аксессуар образа, способный напомнить о ярких эмоциональных моментах и стать выбором для ценителей деталей.","Распылите на пульсирующие зоны: запястья, шею, за ушами и внутреннюю сторону локтя. Избегайте контакта с одеждой.",Испания,11
215,2026-09-29T23:31:14.634785,20260929_225902_ddf9b651,19000453922,parfjumerija/novinki,Goldfield & Banks,Tales of Amber,Парфюмерный экстракт,28050.0,28050.0,0.0,1,0.0,https://goldapple.ru/19000453922-tales-of-amber/,https://goldapple.ru/parfjumerija/novinki?p=11,"Сила элементов определяет Tales of Amber, где Goldfield & Banks исследует натуральную мощь амбры. Этот парфюмерный экстракт сочетает редкую новозеландскую амбру с легендарным аккордом De Laire Amber 83, искусно составленным из лабданума и ванилина. В результате получается аромат, который передает тепло, текстурный контраст и прямую связь с первозданной красотой природы. В композиции мох и цветы апельсина создают свежую начальную ноту, переходящую в ирис, масло ладанника, мускус, корицу и уд. База закрепляется агаровым деревом, амброй и Amber 83, создавая стойкую глубину и баланс. Аромат, разработанный основателем Димитрием Вебером совместно с парфюмером Сьюзи Ле Хэлли, был выпущен в 2025 году, объединяя австралийские ботанические компоненты с французским мастерством. Чистые архитектурные линии и сияющий финиш формируют флакон, отражая минеральную ясность композиции внутри. Дизайн подчеркивает контраст и баланс, отражая, как Tales of Amber соединяет инновации с традицией, оставаясь верным элементам, стоящим у истоков аромата.","Нанесите небольшое количество на точки пульса, такие как запястья, шея, за ушами и внутренняя сторона локтя. Не распыляйте на одежду, чтобы избежать пятен.",Франция,11
216,2026-09-29T23:31:22.323109,20260929_225902_ddf9b651,19000543499,parfjumerija/novinki,ASTROPHIL&STELLA,Mon santal,Духи,15675.0,15675.0,0.0,1,0.0,https://goldapple.ru/19000543499-astrophil-stella-mon-santal/,https://goldapple.ru/parfjumerija/novinki?p=11,"Mon Santal — дань уважения майсурскому сандалу. Необыкновенной разновидности, известной своей кремовой насыщенностью и многогранной глубиной. 
Чтобы подчеркнуть это драгоценное сырье, парфюмер создал яркое и пряное начало аромата, которое усиливает характер и глубину композиции. 
Ноты базы представляют собой чувственное сочетание амброксана, ванили и анималистических оттенков, вызывающее привыкание, которое пленяет чувства и оставляет неизгладимое впечатление.","Нанесите 1–2 распыления аромата на запястья, шею и точки пульса. Не растирайте — это может изменить звучание композиции. Позвольте аромату раскрыться естественно.",Италия,11
217,2026-09-29T23:31:31.855411,20260929_225902_ddf9b651,19000502457,parfjumerija/novinki,Calvin Klein,euphoria solar elixir intense,духи,5775.0,5775.0,0.0,1,0.0,https://goldapple.ru/19000502457-calvin-klein-euphoria-solar-elixir-intense/,https://goldapple.ru/parfjumerija/novinki?p=11,"Парфюмерная композиция Calvin Klein Euphoria Solar Elixir Parfum Intense для женщин — больше чем парфюм, это элегантное воплощение внутреннего света и уверенности в себе. Ее структура выстроена вокруг света и витальной энергии, что делает аромат уникальным и незабываемым. Аромат открывается энергичной нотой манго, ассоциирующейся с солнечным сиянием на спелых фруктах, а в сердце композиции звучит золотая орхидея, дарящая мягкое экзотическое тепло, напоминающее о летнем вечере, наполненном безмятежностью. Все это дополняется изысканным сочетанием ванильного экстракта и кедра, создающим ощущение солнечного света в каждой молекуле.","Распылите на пульсирующие зоны: запястья, шею, за ушами и внутреннюю сторону локтя. Избегайте контакта с одеждой.",Испания,11
218,2026-09-29T23:31:43.169183,20260929_225902_ddf9b651,19000531854,parfjumerija/novinki,Bugatti,Blu,Парфюмерная вода,5414.0,5414.0,0.0,1,0.0,https://goldapple.ru/19000531854-bugatti-blu/,https://goldapple.ru/parfjumerija/novinki?p=11,"Свежесть свободы и глубина океана. Аромат воплощает спокойствие и уверенность женщины, которая черпает силу в ясности мыслей и чистоте намерений. Женщина, похожая на безмятежную гладь моря — внешне спокойная, но внутри обладающая огромной энергией и глубиной. Она современна, независима и выбирает утонченную простоту. Чистота, безмятежность и легкая прохлада. 
Аромат создает ощущение прозрачности и покоя, оставляя после себя чувство свежести и внутренней гармонии.","Распылите на пульсирующие зоны: запястья, шею, за ушами и внутреннюю сторону локтя. Избегайте контакта с одеждой. Для повышения стойкости рекомендуем наносить на хорошо увлажненную кожу.",Германия,11
219,2026-09-29T23:31:52.094855,20260929_225902_ddf9b651,19000526207,parfjumerija/novinki,Acqua di Parma,BrownCamel leather,Кожаный чехол для аромадиффузора,15620.0,15620.0,0.0,1,0.0,https://goldapple.ru/19000526207-acqua-di-parma-browncamel-leather/,https://goldapple.ru/parfjumerija/novinki?p=11,"Для создания линейки аромадиффузоров пригласили мастеров компании Poltorna Frau, специализация которой — производство кожаной обивки автомобилей и мебели для дома. Аксессуар коричневого цвета с тисненым логотипом и гербовой эмблемой Acqua di Parma представлен в боксе знакового для марки желтого оттенка, вдохновленного итальянскими цитрусами.",Вставьте в чехол картридж (продается отдельно) и закрепите диффузор на вентиляционной решетке автомобиля.,Италия,11
220,2026-09-29T23:32:00.586481,20260929_225902_ddf9b651,19000511799,parfjumerija/novinki,Zielinski & Rozen,"Lavender, Musk, Vanilla",Свеча,1790.0,1790.0,0.0,1,0.0,https://goldapple.ru/19000511799-zielinski-rozen-lavender-musk-vanilla/,https://goldapple.ru/parfjumerija/novinki?p=11,Свечи в компактной алюминиевой банке с закручивающейся крышкой станут незаменимым спутником в путешествии: таким образом любимый аромат и частичка дома будут следовать за вами повсюду.,"Рекомендуется разместить свечу на открытой ровной поверхности, а затем зажечь. Общее время горения: до 5/12 часов.",Россия,11
221,2026-09-29T23:32:24.405105,20260929_225902_ddf9b651,19000523656,parfjumerija/novinki,PARFUMERIE DE CHÂTEAU,Petit Cannes,парфюмерная вода,2000.0,2000.0,0.0,1,0.0,https://goldapple.ru/19000523656-petit-cannes/,https://goldapple.ru/parfjumerija/novinki?p=12,"Parfumerie De Château — это французский Дом, возрождающий эстетику старинных традиций, соединяя их с авторским почерком Мелиссы Хоффман — главного парфюмера бренда и наследницы старинной династии парфюмеров из Грасса. Эта коллекция — её посвящение Лазурному Берегу Франции, её личная ароматная карта любви к Ривьере, к её свету, тишине, обаянию, культуре и красоте. Этот аромат — как утро в Каннах, но не в разгар кинофестиваля, а в маленьком переулке, вдали от вспышек камер. Там женщина пьёт грушевый сок на террасе, а в воздухе — лёгкий аромат черной смородины, цветущих апельсиновых деревьев и пудрового ириса. Petit Cannes — это не о гламуре, а о тонких деталях, которые влюбляют в Ривьеру: нежный жасмин на коже, карамельная нотка пралине в утреннем воздухе, тёплая ваниль на шелковом шарфе, солнечные лучи сквозь ставни. Это аромат маленьких, но драгоценных мгновений, тех, что невозможно сфотографировать, но можно запомнить навсегда.","Наносите парфюм только на тело, не на одежду.
Никогда не растирайте парфюм. Позвольте ароматным капелькам парфюмированной воды самостоятельно впитаться в кожу, чтобы пирамида аромата раскрылась в своей естественной последовательности.",Франция,12
222,2026-09-29T23:32:34.805560,20260929_225902_ddf9b651,19000513338,parfjumerija/novinki,POP!,Pivoine Blanche,парфюмерная вода,945.0,945.0,0.0,1,0.0,https://goldapple.ru/19000513338-pivoine-blanche/,https://goldapple.ru/parfjumerija/novinki?p=12,"Pivoine Blanche — это парфюм, который говорит сам за себя, не говоря ни слова. Букет из розы, ландыша и жасмина мягко раскрывается, с оттенком мускуса и гурджума, завораживая ароматом. Он предназначен для тех, у кого есть эта немного таинственная, немного волшебная аура, оставляющая впечатление, куда бы они ни пришли. Аромат балансирует между светом и тенью, словно закат, который захватывает. Pivoine Blanche — это прикосновение сладости и страсти для тех, кто живет со стилем и дерзостью.","Распылите на пульсирующие зоны: запястья, шею, за ушами и внутреннюю сторону локтя. Избегайте контакта с одеждой. Для повышения стойкости рекомендуем наносить на хорошо увлажненную кожу.",Франция,12
223,2026-09-29T23:32:42.522049,20260929_225902_ddf9b651,19000526226,parfjumerija/novinki,CHOPARD,OUD MALAKI,Нет категории,12599.0,12599.0,0.0,1,0.0,https://goldapple.ru/19000526226-chopard-oud-malaki/,https://goldapple.ru/parfjumerija/novinki?p=12,"В изысканный подарочный набор Chopard входят парфюмерная вода OUD MALAKI (80 мл) и гель для душа MALAKI PERFUMED SHOWER GEL (150 мл), который бережно очищает кожу тела, окутывая чувственным ароматом. Насыщенный древесно-восточный аромат OUD MALAKI с выразительным шлейфом олицетворяет встречу динамичного Запада и загадочного Востока. Эта соблазнительная и мужественная парфюмерная композиция открывается взрывом свежих нот грейпфрута и лаванды. Постепенно они уступают благородной красоте драгоценного уда, окутанного теплыми нотами табака, амбры, кожи и пряностей, которые придают аромату чувственность и словно переносят в сказочную арабскую ночь. состав набора — парфюмерная вода OUD MALAKI, 80 мл — гель для душа MALAKI PERFUMED SHOWER GEL, 150 мл","Гель для душа нанесите на влажную кожу тела, распределите массирующими движениями, затем смойте водой. Парфюмерную воду распылите с небольшого расстояния. Избегайте попадания в глаза.",Италия,12
224,2026-09-29T23:32:54.295533,20260929_225902_ddf9b651,19000513334,parfjumerija/novinki,POP!,Melon et vanille,Нет категории,945.0,945.0,0.0,1,0.0,https://goldapple.ru/19000513334-melon-et-vanille/,https://goldapple.ru/parfjumerija/novinki?p=12,"Аромат дыня и ваниль — это настоящий глоток сладкой свежести, погружающий в атмосферу солнечного пляжа. Ноты карамели, ванили и фруктов создают взрыв сладости, который побуждает наслаждаться каждым моментом. Каждый спрей дарит веселье и легкость, как фруктовая конфета без излишеств. Этот аромат идеально подходит для тех, кто ищет нотку легкости, бодрости и мягкости.","Распылите на пульсирующие зоны: запястья, шею, за ушами и внутреннюю сторону локтя. Избегайте контакта с одеждой. Для повышения стойкости рекомендуем наносить на хорошо увлажненную кожу.",Франция,12
225,2026-09-29T23:33:06.104037,20260929_225902_ddf9b651,19000538369,parfjumerija/novinki,Acqua di Parma,Buongiorno Amore Mio,парфюмерная вода,29000.0,29000.0,0.0,1,0.0,https://goldapple.ru/19000538369-acqua-di-parma-buongiorno-amore-mio/,https://goldapple.ru/parfjumerija/novinki?p=12,"Яркий чистый аромат, который излучает нежность раннего утра, передавая радостное ощущение нового дня. Воздух наполнен сияющей свежестью калабрийского бергамота и хрустящим аккордом итальянского хлопка. В сердце аромата — бархатистый ирис, переходящий в обволакивающий и успокаивающий мускус. Воздушный и в то же время интригующий, он передает тихую красоту нового дня, в котором переплетаются легкость и текстура. Аромат представлен во флаконе из ребристого стекла, повторяющем дизайн культовых творений из предыдущих коллекций Acqua di Parma. Его изысканный дизайн сочетает в себе свет и элегантность, а колпачок из стекла желтого цвета создает яркий дизайнерский акцент.","Нанесите на шею, запястья и точки пульса.",Италия,12
226,2026-09-29T23:33:18.469107,20260929_225902_ddf9b651,19000523667,parfjumerija/novinki,LERBOLARIO,Frangipani,Туалетная вода,1357.0,1357.0,0.0,1,0.0,https://goldapple.ru/19000523667-lerbolario-frangipani/,https://goldapple.ru/parfjumerija/novinki?p=12,"Туалетная вода Frangipani — это глубокое стремление к эмоциям, дарующим наслаждение и радость. В аромате гармонично сочетаются цветочные ноты франжипани, которые находятся в центре композиции. Их дополняет свежий цитрусовый аккорд, созданный из мандарина и бергамота. Тёплые оттенки кедрового дерева и амбры придают композиции особую глубину и уют. Дерматологически протестировано. Не тестируется на животных. Не содержит ингредиентов животного происхождения. Не содержит тяжелых металлов. Экологичная упаковка FSC®.","Туалетную воду нужно распылять с расстояния 10–15 см на пульсирующие точки тела: запястья, сгибы локтей, ямку между ключицами, область за ушами, основание шеи у корней волос. Достаточно одного нажатия на спрей, чтобы аромат раскрылся, но не стоит его растирать: это может нарушить последовательность проявления нот.",Италия,12
227,2026-09-29T23:33:34.332297,20260929_225902_ddf9b651,19000522115,parfjumerija/novinki,Penhaligon's,The manoeuvres of the baroness,парфюмерная вода,35075.0,35075.0,0.0,1,0.0,https://goldapple.ru/19000522115-penhaligon-s-the-manoeuvres-of-the-baroness/,https://goldapple.ru/parfjumerija/novinki?p=12,"Британский парфюмерный дом Penhaligon’s в честь своего 10-летнего юбилея выпускает четырнадцатый аромат в легендарной коллекции Portraits — релиз, которому суждено стать самой захватывающей главой этой саги. The Manoeuvres of the Baroness. Кто она? Влиятельная фигура, скрывающаяся за занавесом, и серый кардинал, который виртуозно дёргает за ниточки, неизменно оставаясь вне поля зрения за кулисами. Настал момент, когда Баронесса выходит из тени, чтобы явить миру тайны и разоблачить интриги семьи Portraits. Аромат, созданный парфюмером Дафной Бюже, раскрывается воздушной сладостью крема Шантильи, который постепенно уступает место согревающему сиянию солнечного цветка апельсина. В базе мягкие, обволакивающие ноты сандала искусно собирают все грани композиции в единое целое. Результат — элегантное, сдержанное звучание с по-настоящему властным характером, достойное своей именитой обладательницы.",Распылите с расстояния 20-30 см.,Испания,12
228,2026-09-29T23:33:43.235500,20260929_225902_ddf9b651,19000531836,parfjumerija/novinki,Maison Francis Kurkdjian,RUE DES GROSEILLIERS,Ароматическая свеча,10700.0,10700.0,0.0,1,0.0,https://goldapple.ru/19000531836-maison-francis-kurkdjian-rue-des-groseilliers/,https://goldapple.ru/parfjumerija/novinki?p=12,"Rue des Groseilliers — это улица, на которой я вырос, примерно в двенадцати милях от Парижа. Мой семейный дом был окружен небольшим садом, где каждое лето ярко-красные ягоды восхищали нас сладким вкусом. Сегодня те же ноты раскрываются в этой ароматной свече, отражая мои детские воспоминания. Свеча создана из французского минерально-растительного воска, внутри которой хлопковый фитиль, передающий ее ароматические свойства и обеспечивающий оптимальное время горения 65 часов. Представлена в элегантном подсвечнике из Лиможского фарфора.","Подожгите фитиль свечи. 
Следите за тем, чтобы свеча не опрокинулась и рядом не находились легковоспламеняющиеся предметы.",Франция,12
229,2026-09-29T23:33:52.095103,20260929_225902_ddf9b651,19000531874,parfjumerija/novinki,Bugatti,Unlimited black,Туалетная вода,5108.0,5108.0,0.0,1,0.0,https://goldapple.ru/19000531874-bugatti-unlimited-black/,https://goldapple.ru/parfjumerija/novinki?p=12,"Bugatti Unlimited Black — заявление о глубокой уверенности и утонченной загадочности. Он воплощает в себе суть ночи: ее тайну, ее глубину и ее безграничные возможности. Аромат для личности, которая предпочитает действовать тонко, но решительно, оставляя за собой не кричащий, но абсолютно незабываемый след. Он символизирует власть, достигаемую не показным блеском, а внутренней мощью и безошибочным стилем. 
Unlimited Black — это квинтэссенция шика в его самой чистой, смелой и бескомпромиссной форме.",Распылите на одежду или в воздух и пройдите сквозь ароматное облако.,Франция,12
230,2026-09-29T23:34:01.434891,20260929_225902_ddf9b651,19000517681,parfjumerija/novinki,RP Paris,Eau de foudre intense,Парфюмерная вода,3330.0,3330.0,0.0,1,0.0,https://goldapple.ru/19000517681-rp-paris-eau-de-foudre-intense/,https://goldapple.ru/parfjumerija/novinki?p=12,"Аромат абсолютной ухоженности. Благородный и одновременно успокаивающий. Аромат комфорта. Своему обладателю он дарит ощущение полной безопасности и релакса, как после посещения SPA-процедур.
Аромат, наполненный нотами чарующей мирры, можжевельника и розового перца. А звучание аристократичного ириса передает настроение роскоши каждому, кто его слышит.","Распылите на пульсирующие зоны: запястья, шею, за ушами и внутреннюю сторону локтя. Избегайте контакта с одеждой. Для повышения стойкости рекомендуем наносить на хорошо увлажненную кожу.",Франция,12
231,2026-09-29T23:34:10.671043,20260929_225902_ddf9b651,19000513297,parfjumerija/novinki,TOUCH OF OUD,Aghla,Духи,14985.0,14985.0,0.0,1,0.0,https://goldapple.ru/19000513297-lemar/,https://goldapple.ru/parfjumerija/novinki?p=12,"Aghla — это драгоценность, облачённая в аромат. Сияющий старт из бергамота, лимона и шафрана звучит как вспышка света на драгоценном металле. В сердце — абсолют флердоранжа и пачули, смягчённые нотой ириски, создающей ощущение тёплой, почти осязаемой роскоши. База из амбры, ванили и амброксана — это долгий, бархатный шлейф, который остаётся на коже, как память о чём-то по-настоящему драгоценном. Aghla — это гимн себе. Аромат, который напоминает: самая большая ценность — это вы.","Распылите на пульсирующие зоны: запястья, шею, за ушами и внутреннюю сторону локтя. 
Для повышения стойкости рекомендуем наносить на хорошо увлажненную кожу. 
Не подвергать воздействию прямых солнечных лучей. 
Беречь от источников тепла, огня.",Оаэ,12
232,2026-09-29T23:34:19.840207,20260929_225902_ddf9b651,19000531834,parfjumerija/novinki,Maison Francis Kurkdjian,AU 17,Ароматическая свеча,10700.0,10700.0,0.0,1,0.0,https://goldapple.ru/19000531834-maison-francis-kurkdjian-au-17/,https://goldapple.ru/parfjumerija/novinki?p=12,"Я люблю Париж, его волшебство и свободную атмосферу. Au 17 — мой островок в Городе Света. Его уютная, эклектичная атмосфера напоминает об уютных обедах, оживленных вечеринках и о нежных утренних пробуждениях. Они раскрываются в теплом свете этой свечи, которая содержит смешанные ароматы открытого огня и японского ладана. Свеча создана из французского минерально-растительного воска, внутри которой хлопковый фитиль, передающий ее ароматические свойства и обеспечивающий оптимальное время горения 65 часов. Представлена в элегантном подсвечнике из Лиможского фарфора.","Подожгите фитиль свечи. 
Следите за тем, чтобы свеча не опрокинулась и рядом не находились легковоспламеняющиеся предметы.",Франция,12
233,2026-09-29T23:34:29.278503,20260929_225902_ddf9b651,19000526225,parfjumerija/novinki,CHOPARD,Black Incense Malaki,Нет категории,12599.0,12599.0,0.0,1,0.0,https://goldapple.ru/19000526225-chopard-black-incense-malaki/,https://goldapple.ru/parfjumerija/novinki?p=12,"В элегантный подарочный набор Chopard входят парфюмерная вода BLACK INCENSE MALAKI (80 мл) и гель для душа MALAKI PERFUMED SHOWER GEL (150 мл), который бережно очищает кожу тела, окутывая чувственным ароматом. Насыщенный и стойкий аромат BLACK INCENSE MALAKI — это мощный и пьянящий эликсир, в котором переливаются бальзамические, ароматические, древесные, дымные и восточные ноты. Парфюмерная композиция посвящена многогранной и таинственной красоте ладана и чарующей силе его аромата. Словно волнующие клубы дыма, ноты смол, редких специй и ценных пород дерева окружают ладан, усиливая его благородное звучание. Ноты лабданума и уда дополняют выразительный шлейф композиции, напоминающей об атмосфере королевских церемоний. состав набора — парфюмерная вода BLACK INCENSE MALAKI, 80 мл — гель для душа MALAKI PERFUMED SHOWER GEL, 150 мл","Гель для душа нанесите на влажную кожу тела, распределите массирующими движениями, затем смойте водой. Парфюмерную воду распылите с небольшого расстояния. Избегайте попадания в глаза.",Италия,12
234,2026-09-29T23:34:38.190807,20260929_225902_ddf9b651,19000511824,parfjumerija/novinki,Arluni,для воздуха и текстиля,Нет категории,534.0,534.0,0.0,1,3.0,https://goldapple.ru/19000511824-arluni-dla-vozduha-i-tekstila/,https://goldapple.ru/parfjumerija/novinki?p=12,"Подарочный набор парфюмированных спреев для дома от Arluni – это идеальный выбор для создания уютной и приятной атмосферы в любом пространстве. Этот изысканный и практичный набор придется по душе каждому. Трендовые ароматы в стильном дизайне мгновенно освежают и ароматизируют воздух. В наборе представлены две уникальные композиции. Первая – нежный дуэт амбры, ванили и пиона. Сладковатая ваниль гармонично сочетается с изящным пионом, а теплая амбра придает композиции глубину и уют. Вторая – дерзкий аккорд вишни, гвоздики и табака. Терпкая вишня переплетается с пряной гвоздикой, а благородный табак создает мужественный и интригующий шлейф. Этот освежитель подходит для воздуха, текстиля и салона автомобиля. Он не оставляет следов, деликатно пропитывает волокна и дарит длительный аромат свежести и уюта. Спрей эффективно устраняет неприятные запахи – от табака, сырости, канализации, после ремонта или от домашних животных. Он подходит для использования как во время уборки, так и ежедневно. Набор включает два флакона с удобным распылителем и дозатором, что обеспечивает равномерное распределение аромата и экономичный расход. Парфюмированные спреи на водной основе не содержат спирта, парабенов и красителей, что делает их безопасными для использования. состав набора Парфюмированный спрей для дома Arluni (Амбра, Ваниль и Пион) — 300 мл. Парфюмированный спрей для дома Arluni (Вишня, Гвоздика и Табак) — 300 мл.","Встряхните флакон в течение 3–5 секунд. Разблокируйте курок распылителя. Нажатиями на курок (2–3 раза) распылите средство в разные стороны в воздух, направив распылитель в противоположную от лица сторону. Во время использования старайтесь держать флакон вертикально (распылителем вверх). Заблокируйте курок распылителя.",Россия,12
235,2026-09-29T23:34:46.406531,20260929_225902_ddf9b651,19000538374,parfjumerija/novinki,Acqua di Parma,Zafferano Ambrosia,Экстракт парфюмерной воды,24430.0,24430.0,0.0,1,0.0,https://goldapple.ru/19000538374-acqua-di-parma-zafferano-ambrosia/,https://goldapple.ru/parfjumerija/novinki?p=12,"Zafferano Ambrosia — это искрящийся, сияющий экстракт, сотканный из изысканных натуральных ингредиентов. Он оставляет за собой уникальный, драгоценный шлейф — тончайший шепот чистой роскоши, усиленный беспрецедентной 30% концентрацией чистого парфюмерного масла. Этот цветочно-амбровый аромат открывается яркими нотами бергамота, красного мандарина и имбиря. В сердце расцветают нюансы флердоранжа, экстракт шафрана и абсолют жасмина самбак, создавая интенсивный и притягательный цветочный шлейф, завершающийся чувственными акцентами пачули, ванили и амбры. Изящный флакон с декорированной фарфоровой крышкой, представленный в знаковой желтой шляпной коробке Дома.","Нанести на шею, запястья и точки пульса.",Италия,12
236,2026-09-29T23:34:54.430544,20260929_225902_ddf9b651,19000536868,parfjumerija/novinki,TEA ART,Веселый ройбуш,Ароматический диффузор,6375.0,6375.0,0.0,1,0.0,https://goldapple.ru/19000536868-tea-art-veselyj-rojbus/,https://goldapple.ru/parfjumerija/novinki?p=12,"Цитрусовая искра бергамота мгновенно заряжает вас энергией. Богатство красного чая напоминает о тёплых днях, проведённых в компании друзей за чаепитием.
Сердце аромата — спелые сочные красные ягоды и корица, которые наполнят воздух свежей сладостью, вызывая ассоциацию с летним десертом. И, наконец, ваниль и бобы тонка — полное наслаждение. 
В этом десерте все ингредиенты — это часть волшебной истории.
Каждый момент с ароматом «Веселый ройбуш» становится незабываемым. Подарите себе и самым близким частичку этой прекрасной счастливой истории.","Поместите во флакон палочки, которые идут в комплекте. 
Для регулирования интенсивности аромата переворачивайте необходимое количество палочек ежедневно (1-2 для деликатного, еле заметного звучания; все палочки – для более яркого).",Россия,12
237,2026-09-29T23:35:03.953949,20260929_225902_ddf9b651,19000526210,parfjumerija/novinki,Acqua di Parma,BLU MEDITERRANEO ARANCIA DI CAPRI,Аромадиффузор для автомобиля (Сменный блок),5210.0,5210.0,0.0,1,0.0,https://goldapple.ru/19000526210-acqua-di-parma-blu-mediterraneo-arancia-di-capri/,https://goldapple.ru/parfjumerija/novinki?p=12,"Рефил для диффузора из коллекции Blu Mediterraneo наполнит салон автомобиля ароматом спелых апельсинов с острова Капри. Композицию дополнят ноты и других средиземноморских цитрусов, пряного кардамона, сладковатой карамели. После вскрытия упаковки парфюмированный сменный блок сохраняет свои свойства до трех месяцев.",Использовать для ароматизации автомобиля.,Франция,12
238,2026-09-29T23:35:12.708863,20260929_225902_ddf9b651,19000537716,parfjumerija/novinki,BAGO home,Black vanilla & Tobacco,Ароматическая карточка,948.0,948.0,0.0,1,0.0,https://goldapple.ru/19000537716-bago-home-black-vanilla-tobacco/,https://goldapple.ru/parfjumerija/novinki?p=12,"Благородный и насыщенный аромат с тёплым звучанием табачного листа, бархатной сладостью чёрной ванили и элегантной глубиной древесных аккордов. Восхитительное звучание для интерьеров с характером и стилем. 
Возможности использования ароматических карточек NEOCLASSIC: салон автомобиля, шкафы и гардеробные, бельевые ящики, сумки и чемоданы, небольшие пространства. Для более насыщенного звучания рекомендуется размещать ароматическую карточку в закрытом пространстве.","Освободите ароматическую карточку от упаковки. 
Ароматическую карточку можно поместить в гардеробную комнату, ящики для белья и платяные шкафы, багаж или сумку, в салон автомобиля и под подушку.",Россия,12
239,2026-09-29T23:35:20.106087,20260929_225902_ddf9b651,19000538371,parfjumerija/novinki,Acqua di Parma,Buongiorno Dolce Far Niente,парфюмерная вода,29000.0,29000.0,0.0,1,0.0,https://goldapple.ru/19000538371-acqua-di-parma-buongiorno-dolce-far-niente/,https://goldapple.ru/parfjumerija/novinki?p=12,"Ода беззаботной легкости, аромат, вобравший в себя сладость неспешных часов. Он создает ощущение полуденного отдыха под лимонным деревом, где искрящееся сияние цитрусовых смешивается с зеленым оттенком листвы и смолистой глубиной древесины. Бодрящая энергия аккорда лимонного дерева сочетается с теплотой мускуса, создавая аромат, который одновременно является свежим и успокаивающим — яркий образ времени, оставленного для наслаждения моментом. Аромат представлен во флаконе из ребристого стекла, повторяющем дизайн культовых творений из предыдущих коллекций Acqua di Parma. Его изысканный дизайн сочетает в себе свет и элегантность, а колпачок из стекла оранжевого цвета создает яркий дизайнерский акцент.","Нанесите на шею, запястья и точки пульса.",Италия,12
240,2026-09-29T23:35:30.704825,20260929_225902_ddf9b651,19000538370,parfjumerija/novinki,Acqua di Parma,buongiorno buonanotte,парфюмерная вода,29000.0,29000.0,0.0,1,0.0,https://goldapple.ru/19000538370-acqua-di-parma-buongiorno-buonanotte/,https://goldapple.ru/parfjumerija/novinki?p=12,"Деликатный обволакивающий аромат, который знаменует окончание вечера, наполненного смехом и радостью. Этот аромат вдохновлен первыми лучами утреннего солнца, когда ночь уступает место рассвету. Он несет в себе тепло совместных мгновений и мягкость, подобно нежной игре солнечных лучей на коже. Двойственность композиции раскрывается в контрастах: сияющая свежесть калабрийского бергамота сочетается с бархатистой глубиной ириса, вплетенного в обволакивающие объятия мускуса. Вместе они передают эмоцию яркого контраста, яркие краски рассвета и нежность утра. Аромат представлен во флаконе из ребристого стекла, повторяющем дизайн культовых творений из предыдущих коллекций Acqua di Parma. Его изысканный дизайн сочетает в себе свет и элегантность, а колпачок из цветного стекла изумрудного цвета создает яркий дизайнерский акцент.","Нанесите на шею, запястья и точки пульса.",Италия,12
241,2026-09-29T23:35:57.084665,20260929_225902_ddf9b651,19000531873,parfjumerija/novinki,Bugatti,Unlimited amber,Туалетная вода,5108.0,5108.0,0.0,1,0.0,https://goldapple.ru/19000531873-bugatti-unlimited-amber/,https://goldapple.ru/parfjumerija/novinki?p=13,"Bugatti Unlimited Amber — это путешествие в мир обволакивающей теплоты и изысканного богатства, предназначенное для сильного и уверенного мужчины. Он воплощает в себе суть драгоценной амбры. 
Это аромат для мужчины, который излучает природный магнетизм и внутреннюю мощь, чье присутствие ощущается как теплое, но решительное объятие. Unlimited Amber символизирует наследие, глубину характера и ту нежную, но прочную связь с истинной мужественностью, которая не нуждается в громких заявлениях, но ощущается всеми.",Распылите на одежду или в воздух и пройдите сквозь ароматное облако.,Франция,13
242,2026-09-29T23:36:05.141598,20260929_225902_ddf9b651,19000526212,parfjumerija/novinki,Acqua di Parma,BLU MEDITERRANEO MIRTO DI PANAREA,Аромадиффузор для автомобиля (Сменный блок),5210.0,5210.0,0.0,1,0.0,https://goldapple.ru/19000526212-acqua-di-parma-blu-mediterraneo-mirto-di-panarea/,https://goldapple.ru/parfjumerija/novinki?p=13,"Диффузор с цитрусовым ароматом серии Blu Mediterraneo переносит на остров Панарея, где царят спокойствие и гармония. Безмятежный пейзаж итальянского юга написан красками мирта и базилика, лимонов, соленого морского бриза, лепестков розы и жасмина. После вскрытия упаковки парфюмированный сменный блок сохраняет свои свойства до трех месяцев.",Использовать для ароматизации автомобиля.,Франция,13
243,2026-09-29T23:36:15.617520,20260929_225902_ddf9b651,19000366483,parfjumerija/novinki,L'Artisan Parfumeur,Tonka Blanc,Нет категории,17850.0,17850.0,0.0,1,0.0,https://goldapple.ru/19000366483-tonka-blanc/,https://goldapple.ru/parfjumerija/novinki?p=13,"Отдавая дань новаторскому духу Жана Лапорта, создавшего в 1978 году L'Eau de Celeri, L'Artisan Parfumeur представляет коллекцию Le Potager, сердцем которой стали овощные культуры. Ароматы вдохновлены стремлением к простоте и естественности: они отражают современные тенденции, сохраняя французские традиции. Такое обращение к истокам характерно для французской культуры: от королевского огорода в Версале, разбитого Жаном-Батистом де Ла Кантини для Людовика XIV, до растительной гастрономии, возведённой в ранг искусства трёхзвёздочным шеф-поваром Аленом Пассаром. Оригинальность Tonka Blanc кроется в неожиданном источнике вдохновения. Парфюмер Александра Карлен обратилась не к классическим цветам или специям, а к кухне натуропата и шеф-повара Дженнифер Харт-Смит. Александра была очарована тем, как в авторском чизкейке Дженнифер цветная капуста удивительно гармонично сочетается с ванилью, кокосом и бобами тонка, создавая изысканный десерт. Карлен решила перенести эту гастрономическую алхимию в парфюмерию. Результатом стала композиция, которая передаёт кремовую текстуру десерта, оставаясь при этом совсем не тяжёлой.",Не указано,Франция,13
244,2026-09-29T23:36:24.441066,20260929_225902_ddf9b651,19000537715,parfjumerija/novinki,BAGO home,Black candy,Нет категории,948.0,948.0,0.0,1,0.0,https://goldapple.ru/19000537715-bago-home-black-candy/,https://goldapple.ru/parfjumerija/novinki?p=13,"Фантастически сочный аромат сладкого черного граната с терпкими винными нотами и теплыми медово-цветочными нюансами станет акцентным дополнением неоклассического интерьера. 
Возможности использования ароматических карточек NEOCLASSIC: салон автомобиля, шкафы и гардеробные, бельевые ящики, сумки и чемоданы, большие пространства. Для более насыщенного звучания рекомендуется размещать ароматическую карточку в закрытом пространстве.","Освободите ароматическую карточку от упаковки. 
Ароматическую карточку можно поместить в гардеробную комнату, ящики для белья и платяные шкафы, багаж или сумку, в салон автомобиля и под подушку.",Россия,13
245,2026-09-29T23:36:32.726586,20260929_225902_ddf9b651,19000439869,parfjumerija/novinki,Xerjoff,Black Moonlight,Парфюмерная вода,29452.0,29452.0,0.0,1,0.0,https://goldapple.ru/19000439869-black-moonlight/,https://goldapple.ru/parfjumerija/novinki?p=13,"Ночная энергия звучит иначе с Black Moonlight. Аромат входит в пространство мягко, но ощутимо — сдержанный, притягательный, невозможно игнорировать. В первом касании появляется искра, вызывающая желание приблизиться, за которой следует более глубокая, теневая элегантность, остающаяся рядом и ощущающаяся выверенной. В нём — тот самый баланс тайны и уверенности, который считывается уже в названии, создавая ауру, меняющую общее настроение вокруг. Тёмный флакон закрепляет это ощущение: лаконичный, выразительный, созданный для тех, кто воспринимает аромат как форму присутствия.","Распылите на пульсирующие зоны, такие как запястья, шея, за ушами и внутренняя сторона локтя. Избегайте контакта с одеждой, чтобы сохранить качество аромата.",Италия,13
246,2026-09-29T23:36:41.681303,20260929_225902_ddf9b651,19000537717,parfjumerija/novinki,BAGO home,Lavender cade,Ароматическая карточка,948.0,948.0,0.0,1,0.0,https://goldapple.ru/19000537717-bago-home-lavender-cade/,https://goldapple.ru/parfjumerija/novinki?p=13,"Благородное и аристократичное звучание аромата «Можжевельник и лаванда» со смолистыми хвойно-древесными нотами и свежими цитрусовыми нюансами грейпфрута и бергамота добавит королевской роскоши в ваш интерьер. 
Возможности использования ароматических карточек NEOCLASSIC: салон автомобиля, шкафы и гардеробные, бельевые ящики, сумки и чемоданы, большие пространства. Для более насыщенного звучания рекомендуется размещать ароматическую карточку в закрытом пространстве.","Освободите ароматическую карточку от упаковки. 
Ароматическую карточку можно поместить в гардеробную комнату, ящики для белья и платяные шкафы, багаж или сумку, в салон автомобиля и под подушку.",Россия,13
247,2026-09-29T23:36:50.663128,20260929_225902_ddf9b651,19000537718,parfjumerija/novinki,BAGO home,Night jasmine,Ароматическая карточка,948.0,948.0,0.0,1,0.0,https://goldapple.ru/19000537718-bago-home-night-jasmine/,https://goldapple.ru/parfjumerija/novinki?p=13,"Изысканный сладковатый аромат цветущего жасмина в очаровательном букете из белоснежных цветов на богатой амбровой основе. Классический бело-цветочный аромат для вашего элегантного дома. Возможности использования ароматических карточек NEOCLASSIC: салон автомобиля, шкафы и гардеробные, бельевые ящики, сумки и чемоданы, небольшие пространства. Для более насыщенного звучания рекомендуется размещать ароматическую карточку в закрытом пространстве.","Освободите ароматическую карточку от упаковки. 
Ароматическую карточку можно поместить в гардеробную комнату, ящики для белья и платяные шкафы, багаж или сумку, в салон автомобиля и под подушку.",Россия,13
248,2026-09-29T23:36:58.472043,20260929_225902_ddf9b651,19000543497,parfjumerija/novinki,Histoires de Parfums,Tubereuse Nuit Blanche,Парфюмерная вода,11875.0,11875.0,0.0,1,0.0,https://goldapple.ru/19000543497-histoires-de-parfums-tubereuse-nuit-blanche/,https://goldapple.ru/parfjumerija/novinki?p=13,"Tubéreuse Nuit Blanche — это бесконечная ночь, тайна, раскрывающаяся с каждым вдохом, пламенная дива, делающая вечность неотразимой. Искрящийся и смелый старт: яркий имбирь, свежий ревень и ослепительная элеми. 
Затем тубероза, одновременно капризная и чувственная, растворяется в жасмине и флердоранже, подчеркнутых сияющим оттенком шафрана. 
Наконец, раскрывается богатая бархатистая база, в которой переплетаются белый мускус, амброксан, драгоценные породы дерева, ваниль и карамель, оставляя теплый и уютный шлейф.","Распылите на пульсирующие зоны: запястья, шею, за ушами и внутреннюю сторону локтя. Избегайте контакта с одеждой. Для повышения стойкости рекомендуем наносить на хорошо увлажненную кожу.",Франция,13
249,2026-09-29T23:37:08.138598,20260929_225902_ddf9b651,19000544500,parfjumerija/novinki,Tesoro d'Aroma,Sun&love,Парфюмерная вода,2500.0,2500.0,0.0,1,0.0,https://goldapple.ru/19000544500-sun-love/,https://goldapple.ru/parfjumerija/novinki?p=13,"Уютный средиземноморский городок, сотканный из солнечного света и морского бриза. Солёный ветер нежно перебирает пряди волос, а воздух, наполненный свежестью и пьянящим запахом цветущих деревьев, кружит голову. 
На ветках, как драгоценные камни, горят спелые цитрусы, и их терпкий аромат сливается с дыханием моря в один коктейль. Белоснежные яхты в гавани, покачиваясь, отсчитывают мгновенья до отплытия, и от них веет духом больших приключений.","Распылите на пульсирующие зоны: запястья, шею, за ушами и внутреннюю сторону локтя. Избегайте контакта с одеждой. Для повышения стойкости рекомендуем наносить на хорошо увлажненную кожу.",Оаэ,13
250,2026-09-29T23:37:17.305652,20260929_225902_ddf9b651,19000536102,parfjumerija/novinki,Les Soeurs de Noe,Cherry Blush,Парфюмерная вода,13800.0,13800.0,0.0,1,0.0,https://goldapple.ru/19000536102-les-soeurs-de-noe-cherry-blush/,https://goldapple.ru/parfjumerija/novinki?p=13,"Cherry Blush — это контраст между невинностью и дерзостью, мягкостью и интенсивностью. Игра красной и черной вишни служит яркой метафорой этого дуализма, сочетая нежную сладость с глубоким насыщенным звучанием. 
Каждая нота раскрывает новый слой, превращая Cherry Blush в магнетический и незабываемый аромат, который олицетворяет гармонию контрастов.","Распылите на пульсирующие зоны: запястья, шею, за ушами и внутреннюю сторону локтя. Избегайте контакта с одеждой. Для повышения стойкости рекомендуем наносить на хорошо увлажненную кожу.",Франция,13
251,2026-09-29T23:37:25.963882,20260929_225902_ddf9b651,19000544501,parfjumerija/novinki,Tesoro d'Aroma,Sunset delight,Парфюмерная вода,2500.0,2500.0,0.0,1,0.0,https://goldapple.ru/19000544501-sunset-delight/,https://goldapple.ru/parfjumerija/novinki?p=13,"Вечер. Воздух густеет, становясь сладким, как поцелуй; из уютных кондитерских плывёт душистый запах лимонного пирога, смешанный с терпкими нотками амаретто и весёлым перезвоном бокалов. На площадях, залитых золотом заката, пары кружатся в безумном ритме тарантеллы; их смех тонет в музыке, что льётся из каждого уголка. Кажется, будто земля уходит из-под ног, и ты паришь над крышами, касаясь рукой пылающего горизонта.","Распылите на пульсирующие зоны: запястья, шею, за ушами и внутреннюю сторону локтя. Избегайте контакта с одеждой. Для повышения стойкости рекомендуем наносить на хорошо увлажненную кожу.",Оаэ,13
252,2026-09-29T23:37:34.514116,20260929_225902_ddf9b651,19000536100,parfjumerija/novinki,Les Soeurs de Noe,Forbidden Nectar,Парфюмерная вода,13800.0,13800.0,0.0,1,0.0,https://goldapple.ru/19000536100-les-soeurs-de-noe-forbidden-nectar/,https://goldapple.ru/parfjumerija/novinki?p=13,"Это воплощение дерзкой, страстной, вызывающей зависимость женщины. Она смелая, роковая, властная и хорошо знает, чего хочет. Один ее взгляд вызывает навязчивое желание следовать за ней, и даже когда она уходит, ее прикосновения навсегда остаются фантомной привычкой. 
Запретный нектар… Тот, кто его попробует, мгновенно лишится возможности сопротивляться. И вот тарелка с темными сочными вишнями летит на пол и разбивается вдребезги, а красная помада неконтролируемо размазывается по лицу в жарких поцелуях. Невозможно надышаться и невозможно напиться. А нужно ли отказывать себе?","Распылите на пульсирующие зоны: запястья, шею, за ушами и внутреннюю сторону локтя. Избегайте контакта с одеждой. Для повышения стойкости рекомендуем наносить на хорошо увлажненную кожу.",Франция,13
253,2026-09-29T23:37:43.646068,20260929_225902_ddf9b651,19000544498,parfjumerija/novinki,Tesoro d'Aroma,Honey blossom,Нет категории,2500.0,2500.0,0.0,1,0.0,https://goldapple.ru/19000544498-honey-blossom/,https://goldapple.ru/parfjumerija/novinki?p=13,"Послеполуденное солнце. Вы устремляетесь вперёд по бескрайнему полю, оставляя за собой едва заметные следы. Гул пчёл переплетается с трелями птиц, рождая естественную симфонию лета. Ветер играет с волосами, наполняя вас лёгкостью и безусловной свободой. Вокруг расстилается бескрайний ковёр полевых цветов, а воздух пропитан пьянящим ароматом лип.","Распылите на пульсирующие зоны: запястья, шею, за ушами и внутреннюю сторону локтя. Избегайте контакта с одеждой. Для повышения стойкости рекомендуем наносить на хорошо увлажненную кожу.",Оаэ,13
254,2026-09-29T23:37:52.988135,20260929_225902_ddf9b651,19000506372,parfjumerija/novinki,Parfums de Marly,Carios,Нет категории,57800.0,57800.0,0.0,1,0.0,https://goldapple.ru/19000506372-parfums-de-marly-carios/,https://goldapple.ru/parfjumerija/novinki?p=13,"«Carios» («Кариос») от нишевого французского дома Parfums de Marly — словно солнечный луч, воплощённый в аромате. Он начинается с ослепительной вспышки: сочный красный мандарин переплетается с искрами розового перца и золотистыми нитями шафрана. Сердце композиции — это пряный пульс жизни: нежная герань встречается с терпким красным тимьяном, а острый чёрный перец добавляет дерзкой энергии. В базе — гармония земли и леса: благородный кедр и ветивер сплетаются с многогранным амброксаном, завершаясь глубоким, тёплым аккордом обжаренных бобов тонка. Шлейф получается долгим, мощным, запоминающимся. По словам создателя Жюльена Спрешера, «Carios ломает правила и мгновенно производит впечатление» — свежесть мандарина и тимьяна здесь действительно контрастирует с уютным теплом бобов тонка. Этот аромат — для тех, кто не боится быть ярким.","Нанесите 1–2 распыления аромата на запястья, шею и точки пульса. Не растирайте — это может изменить звучание композиции. Позвольте аромату раскрыться естественно.",Франция,13
255,2026-09-29T23:38:02.535826,20260929_225902_ddf9b651,19000531856,parfjumerija/novinki,Bugatti,Essenza,Парфюмерная вода,5414.0,5414.0,0.0,1,0.0,https://goldapple.ru/19000531856-bugatti-essenza/,https://goldapple.ru/parfjumerija/novinki?p=13,"Аромат воплощает чистую элегантность и эмоциональную глубину. Это приглашение осознанно проживать каждый момент. Он создан для тех, кто ценит гармонию между внутренней силой и внешней утонченностью. 
Женщина, которая носит Bugatti Essenza, — уверенная, современная и элегантная. Она знает себе цену, но остается легкой и открытой миру. В ней сочетаются утонченность, спокойствие и внутренняя страсть. 
Аромат дарит ощущение гармонии, тепла и современной привлекательности. Он звучит мягко, но уверенно, оставляя после себя чувство уюта и женственности.","Распылите на пульсирующие зоны: запястья, шею, за ушами и внутреннюю сторону локтя. Избегайте контакта с одеждой. Для повышения стойкости рекомендуем наносить на хорошо увлажненную кожу.",Германия,13
256,2026-09-29T23:38:11.621849,20260929_225902_ddf9b651,19000517682,parfjumerija/novinki,RP Paris,Jasmin de nuit,Парфюмерная вода,13500.0,13500.0,0.0,1,0.0,https://goldapple.ru/19000517682-rp-paris-jasmin-de-nuit/,https://goldapple.ru/parfjumerija/novinki?p=13,"Jasmin de nuit — как афродизиак. Знаете ли Вы, как пахнет жасмин в сумеречное время суток? Когда солнце садится, он пахнет всё ярче и ярче с каждой минутой. 
Его аромат распространяется, словно хорошее предчувствие от приближающейся радостной встречи. А ночью, когда жасмин, османтус и персик, составляющие Jasmin de Nuit, переплетаются с ванилью, то эта нежная мелодия уступает место чарующей, терпкой цветочной страсти.","Распылите на пульсирующие зоны: запястья, шею, за ушами и внутреннюю сторону локтя. Избегайте контакта с одеждой. Для повышения стойкости рекомендуем наносить на хорошо увлажненную кожу.",Франция,13
257,2026-09-29T23:38:24.480084,20260929_225902_ddf9b651,19000546150,parfjumerija/novinki,Lab Fragrance,Love affair,Духи,2700.0,2700.0,0.0,1,0.0,https://goldapple.ru/19000546150-lab-fragrance-love-affair/,https://goldapple.ru/parfjumerija/novinki?p=13,"Love Affair — чарующий аромат, окутанный атмосферой таинственности. Композиция открывается притягательными верхними нотами вишни, шафрана и даваны. В сердце сочетаются кожаные аккорды и ноты розы, придавая звучанию утончённость и интригующий характер. Тёплая древесная база соткана из нот миндаля, сандала и пачули, создавая ощущение комфорта, глубины и насыщенности. Парфюм воплощает притягательную силу чувств, окружая своего обладателя магнетической аурой и завораживающим очарованием.","Нанесите 1–2 распыления аромата на запястья, шею и точки пульса. Не растирайте — это может изменить звучание композиции. Позвольте аромату раскрыться естественно.",Россия,13
258,2026-09-29T23:38:34.341682,20260929_225902_ddf9b651,19000258768,parfjumerija/novinki,Boadicea The Victorious,Consort,Парфюмерная вода,52275.0,52275.0,0.0,1,0.0,https://goldapple.ru/19000258768-consor/,https://goldapple.ru/parfjumerija/novinki?p=13,"Ты вспоминаешь, как бархатная штора легко касается плеча, как замирает воздух в зале перед тем, как зазвучит музыка. Это мгновение тишины — собранное, благородное, только твоё. Аромат Consort не создан, чтобы следовать за модой — он остаётся близко к коже, как тихое, уверенное напоминание о себе. В нём есть спокойное достоинство, редкая уверенность, которая одновременно утешает и вдохновляет. На коже он начинается яркими, живыми шепотами шафрана и розового перца — тёплыми, светлыми, как прелюдия. В сердце — роза и лаванда, смягчённые кремовой жасминовой нотой. Богато, но сдержанно, никогда громко. Финал — уд, сандал, пачули и мягкий мускус. Совершенная гармония: тонкая, но глубоко стойкая. Лучше всего раскрывается в прохладе вечернего воздуха — для моментов тишины, осознанности и тихих праздников.","Распылите аромат на кожу, область груди, за ушами, на запястьях, затылке, по линии роста волос и на внутренней стороне коленей. СОВЕТЫ: Распылите на волосы с такого же расстояния для тонкого и стойкого шлейфа. Наносите на одежду с расстояния для более длительного звучания аромата.",Великобритания,13
259,2026-09-29T23:38:42.838965,20260929_225902_ddf9b651,19000543490,parfjumerija/novinki,UNE NUIT NOMADE,Jardins de misfah,Духи,19323.0,19323.0,0.0,1,0.0,https://goldapple.ru/19000543490-une-nuit-nomade-jardins-de-misfah/,https://goldapple.ru/parfjumerija/novinki?p=13,"Jardins de Misfah Extrait — это переосмысленный Jardins de Misfah. В этой более мягкой, глубокой версии изобилие не означает избыток. В самом сердце уникального розового сада аромат фиников, меда и миндаля возбуждает аппетит и желание.","Нанесите 1–2 распыления аромата на запястья, шею и точки пульса. Не растирайте — это может изменить звучание композиции. Позвольте аромату раскрыться естественно.",Франция,13
260,2026-09-29T23:38:53.271787,20260929_225902_ddf9b651,19000526206,parfjumerija/novinki,Acqua di Parma,Yellow leather,Кожаный чехол для аромадиффузора,15620.0,15620.0,0.0,1,0.0,https://goldapple.ru/19000526206-acqua-di-parma-yellow-leather/,https://goldapple.ru/parfjumerija/novinki?p=13,"Для создания линейки аромадиффузоров пригласили мастеров компании Poltorna Frau, специализация которой — производство кожаной обивки автомобилей и мебели для дома. Аксессуар культового желтого цвета с тисненым логотипом и гербовой эмблемой Acqua di Parma представлен в боксе знакового для марки желтого оттенка, вдохновленного итальянскими цитрусами.",Вставьте в чехол картридж (продается отдельно) и закрепите диффузор на вентиляционной решетке автомобиля.,Италия,13
261,2026-09-29T23:39:17.652328,20260929_225902_ddf9b651,19000526199,parfjumerija/novinki,Acqua di Parma,MIRTO DI PANAREA LA RISERVA,Парфюмерная вода,4000.0,4000.0,0.0,1,0.0,https://goldapple.ru/19000526199-acqua-di-parma-mirto-di-panarea-la-riserva/,https://goldapple.ru/parfjumerija/novinki?p=14,"Представляем вашему вниманию Mirto di Panarea La Riserva – аромат, сотканный из глубины и многогранности, результат двухмесячной мацерации, где богатые эссенции мирта и лаванды искусно переплетаются со смолистой теплотой мирры и лабданума. Этот изысканный аромат — дань уважения диким плодам мирта и величественным вулканическим ландшафтам острова Панарея. Созданный в результате тщательного двухмесячного процесса мацерации, Mirto di Panarea La Riserva обретает исключительную глубину и текстуру, превращаясь в полную, интенсивную и шелковистую эссенцию. Свежесть эссенции цедрата, шалфея и ягод можжевельника пробуждает чувства, даря бодрящее и энергичное начало. Роскошное сочетание эссенций мирта и лаванды, углубленное абсолютом мирры, раскрывает многогранное и пленительное сердце аромата. Теплая, землистая основа из фракции пачули, абсолюта лабданума и абсолюта мастикового дерева оставляет незабываемое и стойкое впечатление.","Нанести на шею, запястья и точки пульса.",Италия,14
262,2026-09-29T23:39:26.267787,20260929_225902_ddf9b651,19000523661,parfjumerija/novinki,PARFUMERIE DE CHÂTEAU,Sillage Monaco,парфюмерная вода,2000.0,2000.0,0.0,1,0.0,https://goldapple.ru/19000523661-parfumerie-de-chateau-sillage-monaco/,https://goldapple.ru/parfjumerija/novinki?p=14,"Parfumerie De Château — это французский Дом, возрождающий эстетику старинных традиций, соединяя их с авторским почерком Мелиссы Хоффман — главного парфюмера бренда и наследницы старинной династии парфюмеров из Грасса. Эта коллекция — её посвящение Лазурному Берегу Франции, её личная ароматная карта любви к Ривьере, к её свету, тишине, обаянию, культуре и красоте. Sillage Monaco — это не просто шлейф. Это знак присутствия. Как тонкий блеск на ключице после поцелуя солнца. Как вкус малины в бокале шампанского. Как лёгкий медовый след в воздухе после ухода кого-то по-настоящему прекрасного. Этот аромат — как Монако на рассвете: где белые яхты качаются в марине, поднимается лимонное солнце над тентом террасы и жасмин распускается от прикосновения к коже. Sillage Monaco — это выражение гармоничной, уверенной женственности, в которой нет ни одной лишней ноты. Только сияние. Потому что в Монако не нужно быть громкой, чтобы быть заметной. Достаточно оставить шлейф. Легкий. Нежный. Женственный. Такой, чтобы спустя секунду после ухода тебя уже хотелось найти глазами.","Наносите парфюм только на тело, не на одежду.
Никогда не растирайте парфюм. Позвольте ароматным капелькам парфюмированной воды самостоятельно впитаться в кожу, чтобы пирамида аромата раскрылась в своей естественной последовательности.",Франция,14
263,2026-09-29T23:39:34.468172,20260929_225902_ddf9b651,19000531855,parfjumerija/novinki,Bugatti,Dynamic move intense,Нет категории,5414.0,5414.0,0.0,1,0.0,https://goldapple.ru/19000531855-bugatti-dynamic-move-intense/,https://goldapple.ru/parfjumerija/novinki?p=14,"Тот, кто носит этот аромат, — настоящий «двигатель» прогресса, человек, который берет судьбу в свои руки и устремляет взгляд в будущее. Движение вместо застоя — он энергично шагает по жизни, исполненный уверенности в себе. 
Dynamic Move Intense — это воплощение универсальности и точности, созданное для ароматов, подходящих к любому моменту. Bugatti Dynamic Move Intense выводит эту динамику на новый уровень — роскошно, мощно и технически совершенно.","Распылите на пульсирующие зоны: запястья, шею, за ушами и внутреннюю сторону локтя. Избегайте контакта с одеждой. Для повышения стойкости рекомендуем наносить на хорошо увлажненную кожу.",Германия,14
264,2026-09-29T23:39:44.701352,20260929_225902_ddf9b651,19000537720,parfjumerija/novinki,BAGO home,Woody lemon,Нет категории,948.0,948.0,0.0,1,0.0,https://goldapple.ru/19000537720-bago-home-woody-lemon/,https://goldapple.ru/parfjumerija/novinki?p=14,"Восхитительный аромат «Древесный лимон» открывается свежими нотами лимона и лайма, продолжается деликатным звучанием мяты и терпкой полыни на богатой древесной основе. Аристократическая роскошь в изящном исполнении. 
Возможности использования ароматических карточек NEOCLASSIC: салон автомобиля, шкафы и гардеробные, бельевые ящики, сумки и чемоданы, большие пространства. Для более насыщенного звучания рекомендуется размещать ароматическую карточку в закрытом пространстве.","Освободите ароматическую карточку от упаковки. 
Ароматическую карточку можно поместить в гардеробную комнату, ящики для белья и платяные шкафы, багаж или сумку, в салон автомобиля и под подушку.",Россия,14
265,2026-09-29T23:39:54.243977,20260929_225902_ddf9b651,19000543489,parfjumerija/novinki,UNE NUIT NOMADE,Estrella de la manana,Духи,19323.0,19323.0,0.0,1,0.0,https://goldapple.ru/19000543489-une-nuit-nomade-estrella-de-la-manana/,https://goldapple.ru/parfjumerija/novinki?p=14,"Estrella de la Mañana — это черный стручок ванили, сердцевина которого разрезана и сожжена в горящем очаге камина. Дым обугленного дерева и черной пудры какао сочетаются с округлостью ванили.","Нанесите 1–2 распыления аромата на запястья, шею и точки пульса. Не растирайте — это может изменить звучание композиции. Позвольте аромату раскрыться естественно.",Франция,14
266,2026-09-29T23:40:03.521982,20260929_225902_ddf9b651,19000517687,parfjumerija/novinki,RP Paris,Soleil d’Arabie,Парфюмерная вода,9900.0,9900.0,0.0,1,0.0,https://goldapple.ru/19000517687-rp-paris-soleil-d-arabie/,https://goldapple.ru/parfjumerija/novinki?p=14,"Если бы у цветов пустынных дюн был свой собственный аромат, это был бы Soleil d’Arabie.
Щедрое сердце Востока, подкрепленное верностью амбры и кожи. Волнующий пудровый шлейф пьянящего ириса.
Бархатистая мягкость цветов османтуса, в котором ноты цитрусов и кожи добавляют долгожданную прохладу и восхитительную изюминку.","Распылите на пульсирующие зоны: запястья, шею, за ушами и внутреннюю сторону локтя. Избегайте контакта с одеждой. Для повышения стойкости рекомендуем наносить на хорошо увлажненную кожу.",Франция,14
267,2026-09-29T23:40:14.172102,20260929_225902_ddf9b651,19000523665,parfjumerija/novinki,PARFUMERIE DE CHÂTEAU,Vintage Mystique,парфюмерная вода,2000.0,2000.0,0.0,1,0.0,https://goldapple.ru/19000523665-parfumerie-de-chateau-vintage-mystique/,https://goldapple.ru/parfjumerija/novinki?p=14,"Parfumerie De Château — это французский Дом, возрождающий эстетику старинных традиций, соединяя их с авторским почерком Мелиссы Хоффман — главного парфюмера бренда и наследницы старинной династии парфюмеров из Грасса. Эта коллекция — её посвящение Лазурному Берегу Франции, её личная ароматная карта любви к Ривьере, к её свету, тишине, обаянию, культуре и красоте. Vintage Mystique — это аромат воспоминания, которое ты не проживал, но откуда-то знаешь о нём. Он будто найден в шкатулке на чердаке, под пергаментом старых писем. Он прекрасен как старинная драгоценность, которая никогда не выйдет из моды. Он яркий, но не кричащий. Сладкий, но не приторный. Восточный, но из Франции. И он оставляет след — не только в комнате, но и в памяти. Vintage Mystique — это тайна, которая не раскрывается до конца. Это дух старинных флаконов, спрятанных в бархатной шкатулке. Это воспоминание персонажей классического романа, которое стало твоим. Аромат, в котором сплетается шепот цветов, сладость летней ночи и волнение от тайного свидания.","Наносите парфюм только на тело, не на одежду.
Никогда не растирайте парфюм. Позвольте ароматным капелькам парфюмированной воды самостоятельно впитаться в кожу, чтобы пирамида аромата раскрылась в своей естественной последовательности.",Франция,14
268,2026-09-29T23:40:25.318038,20260929_225902_ddf9b651,19000543488,parfjumerija/novinki,UNE NUIT NOMADE,Chemin d'amande,Духи,19323.0,19323.0,0.0,1,0.0,https://goldapple.ru/19000543488-une-nuit-nomade-chemin-d-amande/,https://goldapple.ru/parfjumerija/novinki?p=14,"Давным-давно, когда Португалия ещё не была Португалией, мавританский король Ибн Альмундим правил Шелби в Алгарве. Вернувшись с победой из завоевательного похода, он привёл с собой множество пленников, в том числе Джильду, прекрасную королеву из северных земель. Со временем Джильда становилась всё более печальной, страстно желая увидеть белизну снега. Целители не могли излечить её от печали, пока по совету таинственной женщины король не посадил в долине цветущие миндальные деревья. Когда Джильда увидела долину, покрытую белыми цветами, к ней вернулась радость. С тех пор Алгарве остаётся королевством цветущего миндаля, хранителем этой древней сказки.","Нанесите 1–2 распыления аромата на запястья, шею и точки пульса. Не растирайте — это может изменить звучание композиции. Позвольте аромату раскрыться естественно.",Франция,14
269,2026-09-29T23:40:35.098962,20260929_225902_ddf9b651,19000543006,parfjumerija/novinki,KEVIN.MURPHY,PLUM NOIR,Ароматический диффузор с палочками,6630.0,6630.0,0.0,1,0.0,https://goldapple.ru/19000543006-kevin-murphy-plum-noir/,https://goldapple.ru/parfjumerija/novinki?p=14,"Принесите фирменный аромат KEVIN.MURPHY в свой дом.
Освежающий аромат увлажняющей линии HYDRATE-ME сочетает сочные ноты мандарина и апельсиновой цедры с землистыми оттенками пачули и тёплой ванилью. Уютная композиция создаёт расслабляющую атмосферу и наполняет пространство ощущением свежести и гармонии.",Установите палочки во флакон для равномерного раскрытия аромата в помещении. Для поддержания интенсивности аромата рекомендуется переворачивать палочки каждые несколько дней.,Испания,14
270,2026-09-29T23:40:44.897990,20260929_225902_ddf9b651,19000537719,parfjumerija/novinki,BAGO home,Sicilian orange,Ароматическая карточка,948.0,948.0,0.0,1,0.0,https://goldapple.ru/19000537719-bago-home-sicilian-orange/,https://goldapple.ru/parfjumerija/novinki?p=14,"Аромат «Сицилийский апельсин» — классическое сочетание ярких цитрусовых нот, сладких мандаринов и сочных красных апельсинов с очаровательными тонкими нюансами нероли на землисто-мускусной основе из мха. Кто сказал, что классика должна быть скучной? Возможности использования ароматических карточек NEOCLASSIC: салон автомобиля, шкафы и гардеробные, бельевые ящики, сумки и чемоданы, большие пространства. Для более насыщенного звучания рекомендуется размещать ароматическую карточку в закрытом пространстве.","Освободите ароматическую карточку от упаковки. 
Ароматическую карточку можно поместить в гардеробную комнату, ящики для белья и платяные шкафы, багаж или сумку, в салон автомобиля и под подушку.",Россия,14
271,2026-09-29T23:40:53.807772,20260929_225902_ddf9b651,19000530261,parfjumerija/novinki,Karl Lagerfeld,JEANS URBAN CORAL,Парфюмерная вода,5305.0,5305.0,0.0,1,5.0,https://goldapple.ru/19000530261-karl-lagerfeld-jeans-urban-coral/,https://goldapple.ru/parfjumerija/novinki?p=14,"Современный и яркий женский аромат KARL LAGERFELD создан для женщин, живущих в динамичном ритме большого города. Композиция, балансирующая между нежностью и выразительностью, эффектностью и элегантностью, открывается мягким цветочным звучанием вистерии. Необычный дуэт аппетитных сливок и каштана звучит в сердце аромата. Базовая нота чувственной амбры гармонично дополняет чарующую парфюмерную композицию, которая словно окутывает воздушным облаком.",Распылите с расстояния 20-30 см.,Франция,14
272,2026-09-29T23:41:04.243166,20260929_225902_ddf9b651,19000517684,parfjumerija/novinki,RP Paris,Malachite,Парфюмерная вода,13500.0,13500.0,0.0,1,0.0,https://goldapple.ru/19000517684-rp-paris-malachite/,https://goldapple.ru/parfjumerija/novinki?p=14,"Malachite — аромат удачи. С древних времен о свойствах малахита слагали легенды. Считается, что этот камень может исполнять любые желания его владельца и привлекает удачу в денежных делах.
Автор считает, что удача имеет свой аромат. Malachite от RP PARIS — это лабиринт граней, в котором свежий бигарад сочетается со сливочным жасмином самбука, а затем расцветает, встречаясь с лилиями, бензоином и ванилью. Драгоценный аромат удачи, такой же зеленый, немного винтажный и статусный, как самый красивый зеленый камень на планете, в честь которого он назван.","Распылите на пульсирующие зоны: запястья, шею, за ушами и внутреннюю сторону локтя. Избегайте контакта с одеждой. Для повышения стойкости рекомендуем наносить на хорошо увлажненную кожу.",Франция,14
273,2026-09-29T23:41:15.252723,20260929_225902_ddf9b651,19000533494,parfjumerija/novinki,Marina de Bourbon,Symbol of joy,Нет категории,9078.0,9078.0,0.0,1,0.0,https://goldapple.ru/19000533494-marina-de-bourbon-symbol-of-joy/,https://goldapple.ru/parfjumerija/novinki?p=14,"Symbol of Joy — это праздник жизни, искрящийся гимн весне и обновлению. Бренд описывает его как «свежий и сияющий аромат для женщин, обладающих тихой силой и сделавших радость своим искусством жить». Вдохновением для композиции стала сочная и хрустально‑прозрачная груша — символ аромата, который дарит мгновенное ощущение лёгкости и жизненной энергии. Это не громкий и не пафосный парфюм. Это внутренний свет, женская уверенность и способность радоваться каждому дню, которую аромат делает осязаемой. Для кого? Этот аромат создан для женщин с «тихой силой». Для тех, кто: • обладает внутренней гармонией и не нуждается в том, чтобы доказывать свою значимость громкими заявлениями; • сделал радость своим главным жизненным принципом и искусством; • одновременно романтична, мечтательна и прочно стоит на ногах, уверенно проживая свою повседневность; • находится в контакте со своей чувственной природой, оставаясь элегантной и утончённой.","Распылите на пульсирующие зоны: запястья, шею, за ушами и внутреннюю сторону локтя. Избегайте контакта с одеждой. Для повышения стойкости рекомендуем наносить на хорошо увлажненную кожу.",Франция,14
274,2026-09-29T23:41:24.212496,20260929_225902_ddf9b651,19000543491,parfjumerija/novinki,UNE NUIT NOMADE,Silver saffron,Нет категории,19323.0,19323.0,0.0,1,0.0,https://goldapple.ru/19000543491-une-nuit-nomade-silver-saffron/,https://goldapple.ru/parfjumerija/novinki?p=14,"Silver saffron — словно теплое дыхание.
Смелое фруктовое сочетание личи и малины, раскрывающее всю силу пряных и кожаных граней шафрана и ириса, а также дымную интенсивность папируса.","Нанесите 1–2 распыления аромата на запястья, шею и точки пульса. Не растирайте — это может изменить звучание композиции. Позвольте аромату раскрыться естественно.",Франция,14
275,2026-09-29T23:41:34.558905,20260929_225902_ddf9b651,19000513296,parfjumerija/novinki,TOUCH OF OUD,Al majd,Духи,16200.0,16200.0,0.0,1,0.0,https://goldapple.ru/19000513296-al-majd/,https://goldapple.ru/parfjumerija/novinki?p=14,"Взрывная чистота цитрусов — бергамот, лимон, грейпфрут. Свежесть, от которой захватывает дух. Имбирь и ветивер добавляют прозрачной энергии, а база из пачули, амброксана и мускуса звучит как тихое величие. 
Это аромат, который хочется вдыхать снова и снова. Величие, которое носят смиренно.","Распылите на пульсирующие зоны: запястья, шею, за ушами и внутреннюю сторону локтя. 
Для повышения стойкости рекомендуем наносить на хорошо увлажненную кожу. 
Не подвергать воздействию прямых солнечных лучей. 
Беречь от источников тепла, огня.",Оаэ,14
276,2026-09-29T23:41:43.429215,20260929_225902_ddf9b651,19000531875,parfjumerija/novinki,Bugatti,Unlimited blue,Туалетная вода,5108.0,5108.0,0.0,1,0.0,https://goldapple.ru/19000531875-bugatti-unlimited-blue/,https://goldapple.ru/parfjumerija/novinki?p=14,"Bugatti Unlimited Blue — это ода открытым пространствам, ясности мысли и динамичному движению. Он воплощает в себе суть небесной лазури и глубокого океана: безмятежность, свежесть и вдохновляющую бесконечность. 
Это аромат для личности, которая обладает чистым видением, смело смотрит в будущее и управляет своей судьбой с утонченной уверенностью. Unlimited Blue символизирует вдохновение, прогресс и ту изысканную силу, что кроется в спокойствии и ясности.",Распылите на одежду или в воздух и пройдите сквозь ароматное облако.,Франция,14
277,2026-09-29T23:41:52.735926,20260929_225902_ddf9b651,19000409084,parfjumerija/novinki,ASTROPHIL&STELLA,CHROMODORO,Духи,13205.0,13205.0,0.0,1,0.0,https://goldapple.ru/19000409084-chocoromoro/,https://goldapple.ru/parfjumerija/novinki?p=14,Описание отсутствует,"Нанесите 1–2 распыления аромата на запястья, шею и точки пульса. Не растирайте — это может изменить звучание композиции. Позвольте аромату раскрыться естественно.",Италия,14
278,2026-09-29T23:42:00.974661,20260929_225902_ddf9b651,19000523658,parfjumerija/novinki,PARFUMERIE DE CHÂTEAU,Chère Nice,парфюмерная вода,2000.0,2000.0,0.0,1,0.0,https://goldapple.ru/19000523658-parfumerie-de-chateau-chere-nice/,https://goldapple.ru/parfjumerija/novinki?p=14,"Parfumerie De Château — это французский Дом, возрождающий эстетику старинных традиций, соединяя их с авторским почерком Мелиссы Хоффман — главного парфюмера бренда и наследницы старинной династии парфюмеров из Грасса. Эта коллекция — её посвящение Лазурному Берегу Франции, её личная ароматная карта любви к Ривьере, к её свету, тишине, обаянию, культуре и красоте. Chère Nice — это не просто аромат. Это письмо, оставленное на подушке, ароматная открытка из утра на Лазурном Берегу. Это признание в любви городу, где цветёт мимоза, звучит море, а в воздухе витает аромат жасмина и лёгкий привкус апельсиновой цедры. Где каждый день — как утро воскресенья, тёплое, ленивое и бесконечно красивое. Аромат утренней свежести, чашки кофе на террасе, шелестящей листвы, ветра с моря и цветущих деревьев. Chère Nice — хрупкое и прекрасное чувство. Форма любви, в которой нет ни одного лишнего слова. Только аромат.","Наносите парфюм только на тело, не на одежду.
Никогда не растирайте парфюм. Позвольте ароматным капелькам парфюмированной воды самостоятельно впитаться в кожу, чтобы пирамида аромата раскрылась в своей естественной последовательности.",Франция,14
279,2026-09-29T23:42:11.074483,20260929_225902_ddf9b651,19000546151,parfjumerija/novinki,Lab Fragrance,Oud delicious,Духи,2700.0,2700.0,0.0,1,5.0,https://goldapple.ru/19000546151-lab-fragrance-oud-delicious/,https://goldapple.ru/parfjumerija/novinki?p=14,"Oud Delicious — это аромат, вдохновлённый атмосферой Востока, его чувственностью и роскошью. Композиция открывается выразительным сочетанием шоколада и шафрана, создавая тёплое и притягательное вступление. 
В сердце раскрывается глубокий дуэт уда и дикой кожи, придающий звучанию благородство, характерную стойкость и истинный восточный колорит. 
В шлейфе олибанум, сахар и мускус соединяются в мягкий, обволакивающий аккорд, где благородная сладость смягчает экспрессию кожи и дерева, а мускусные полутона добавляют шлейфу особую глубину.","Нанесите 1–2 распыления аромата на запястья, шею и точки пульса. Не растирайте — это может изменить звучание композиции. Позвольте аромату раскрыться естественно.",Россия,14
280,2026-09-29T23:42:20.339938,20260929_225902_ddf9b651,19000538368,parfjumerija/novinki,Acqua di Parma,buongiorno al bacio,парфюмерная вода,29000.0,29000.0,0.0,1,0.0,https://goldapple.ru/19000538368-acqua-di-parma-buongiorno-al-bacio/,https://goldapple.ru/parfjumerija/novinki?p=14,"Сияющий, подобно капле росы, аромат, напоминающий о нежности утреннего поцелуя, — тёплая искра, пробуждающая чувства и приветствующая новый день. Сладость утреннего поцелуя — нежного, невинного и наполненного моментом пробуждения. Искрящийся шлейф калабрийского бергамота напоминает игривый звук поцелуя, яркий и радостный. В сердце аромата представлена новая интерпретация апельсинового флердоранжа, созданная в результате тщательного четырёхэтапного процесса экстракции и переработки. Сияющий и нежный, он сочетает в себе светящуюся лёгкость и стойкую глубину. И, наконец, мягкий мускус окутывает кожу чистотой и комфортом, создавая ощущение сияния и свежести. Аромат представлен во флаконе из ребристого стекла, повторяющем дизайн культовых творений из предыдущих коллекций Acqua di Parma. Его изысканный дизайн сочетает в себе свет и элегантность, а колпачок из лимонно-жёлтого стекла создаёт яркий дизайнерский акцент.","Нанесите на шею, запястья и точки пульса.",Италия,14
281,2026-09-29T23:42:47.269509,20260929_225902_ddf9b651,19000544499,parfjumerija/novinki,Tesoro d'Aroma,Sparkling rose,Парфюмерная вода,2500.0,2500.0,0.0,1,0.0,https://goldapple.ru/19000544499-sparkling-rose/,https://goldapple.ru/parfjumerija/novinki?p=15,"Первые лучи солнца. Автомобиль скользит по ещё сонным улицам. Звуки любимой мелодии льются из динамиков, сплетаясь с пьянящим ароматом роз, укутанных ночной росой. Первый глоток прохладного персикового Беллини дарит искрящуюся прохладу, а воздух наполняется самым сладким ароматом — ароматом новых путешествий.","Распылите на пульсирующие зоны: запястья, шею, за ушами и внутреннюю сторону локтя. Избегайте контакта с одеждой. Для повышения стойкости рекомендуем наносить на хорошо увлажненную кожу.",Оаэ,15
282,2026-09-29T23:42:56.578953,20260929_225902_ddf9b651,19000513329,parfjumerija/novinki,POP!,Fleur de Coton,парфюмерная вода,945.0,945.0,0.0,1,0.0,https://goldapple.ru/19000513329-fleur-de-coton/,https://goldapple.ru/parfjumerija/novinki?p=15,"Fleur de Coton — это аромат, который дарит ощущение легкости и свободы, как весенний ветерок. Цветочный и пудровый аккорд, одновременно сладкий и напористый, обеспечивает простую, естественную свежесть, которая прилипает к коже и не переусердствует. Этот аромат подходит для тех, кто любит утонченность, оставляя настоящее впечатление.","Распылите на пульсирующие зоны: запястья, шею, за ушами и внутреннюю сторону локтя. Избегайте контакта с одеждой. Для повышения стойкости рекомендуем наносить на хорошо увлажненную кожу.",Франция,15
283,2026-09-29T23:43:06.481048,20260929_225902_ddf9b651,19000543498,parfjumerija/novinki,ASTROPHIL&STELLA,Nabati oud,Нет категории,17100.0,17100.0,0.0,1,0.0,https://goldapple.ru/19000543498-astrophil-stella-nabati-oud/,https://goldapple.ru/parfjumerija/novinki?p=15,"Эссенция, воплощающая дух пустыни, усиленная богатым и пленительным удом. Аромат открывается теплыми, пряными нотами, которые создают основу для путешествия в его глубокое, текстурированное сердце. Кожаный уд сливается с древесными и смолистыми нюансами, вызывая в воображении потрескивающее тепло костра в ночной тишине. Бальзамическая сладость и дымные оттенки создают утонченный, бархатистый характер, который долго остается на коже. Ноты базы раскрывают истинную глубину уда, гармонично сочетающегося с амбровыми и мускусными оттенками, оставляя после себя пленительный шлейф. Nabati oud — это изысканная дань красоте контраста, где сила и элегантность сливаются воедино.","Нанесите 1–2 распыления аромата на запястья, шею и точки пульса. Не растирайте — это может изменить звучание композиции. Позвольте аромату раскрыться естественно.",Италия,15
284,2026-09-29T23:43:15.783168,20260929_225902_ddf9b651,19000531872,parfjumerija/novinki,Bugatti,Performance silver meta,Нет категории,5108.0,5108.0,0.0,1,0.0,https://goldapple.ru/19000531872-bugatti-performance-silver-meta/,https://goldapple.ru/parfjumerija/novinki?p=15,"Bugatti Performance Silver Metal – это современный парфюм, созданный для тех, кто ценит скорость, стиль и динамику. Это аромат уверенности и энергии, который подчеркнет индивидуальность и оставит приятное впечатление. 
Этот парфюм открывается яркими нотами грейпфрута и розового перца, которые сразу же заряжают энергией и бодростью. Сердце аромата раскрывается элегантным ветивером и амброксаном, добавляя глубину и мужественность. База из сандала и мха создает теплый и обволакивающий шлейф, который остается на коже надолго.",Распылите на одежду или в воздух и пройдите сквозь ароматное облако.,Германия,15
285,2026-09-29T23:43:24.842632,20260929_225902_ddf9b651,19000523663,parfjumerija/novinki,PARFUMERIE DE CHÂTEAU,Ombre Florale,парфюмерная вода,2000.0,2000.0,0.0,1,0.0,https://goldapple.ru/19000523663-parfumerie-de-chateau-ombre-florale/,https://goldapple.ru/parfjumerija/novinki?p=15,"Parfumerie De Château — это французский Дом, возрождающий эстетику старинных традиций, соединяя их с авторским почерком Мелиссы Хоффман — главного парфюмера бренда и наследницы старинной династии парфюмеров из Грасса. Эта коллекция — её посвящение Лазурному Берегу Франции, её личная ароматная карта любви к Ривьере, к её свету, тишине, обаянию, культуре и красоте. Ombre Florale — это не просто аромат цветов, это их отражение в тени, их тишина на рассвете. Он — как утро в старинном саду Прованса, где лёгкий ветер играет в кронах, а цветы говорят шёпотом, не привлекая внимания. Аромат — не цвет, а полутон. В нём есть прохлада, мягкость, бархат лепестков, недосказанность. Это аромат тонкой красоты, почти невесомой, но оставляющей глубокий след. Этот аромат — не о ярком цветке, а о его тени, об отражении, об ощущении, когда ты проходишь рядом с садом и чувствуешь не запах, а состояние.","Наносите парфюм только на тело, не на одежду.
Никогда не растирайте парфюм. Позвольте ароматным капелькам парфюмированной воды самостоятельно впитаться в кожу, чтобы пирамида аромата раскрылась в своей естественной последовательности.",Франция,15
286,2026-09-29T23:43:34.096754,20260929_225902_ddf9b651,19000517683,parfjumerija/novinki,RP Paris,L'oiseau oud,Парфюмерная вода,13500.0,13500.0,0.0,1,0.0,https://goldapple.ru/19000517683-rp-paris-l-oiseau-oud/,https://goldapple.ru/parfjumerija/novinki?p=15,"RP Paris L’Oiseau Oud — аромат, в котором благородная древесность обретает крылья. Название, отсылающее к «птице уда», задаёт философию композиции: это не тяжёлый восточный монумент, а парфюм о лёгкости, парящей над глубиной. Созданный в 2024 году нишевым парфюмерным домом RP Paris, он переосмысливает классический удовый жанр через призму современной архитектуры и унисекс‑гармонии. Здесь нет излишней густоты или животной резкости — только выверенный баланс между сухой древесной чёткостью, тёплым смолистым дыханием и пряной элегантностью. Композиция начинается с тёплого пряного созвучия кардамона и перца. Постепенно аромат погружается в тёплую древесную глубину. Палисандр привносит тонкую, слегка медовую древесную прозрачность, ветивер добавляет землистую, слегка дымную прохладу, сандал обволакивает кремовой мягкостью, а уд звучит благородно: сухой, выдержанный, лишённый тяжести, словно отполированное временем дерево. В базовом аккорде амбра и бобы тонка создают лучистый, слегка карамельный фон, ваниль добавляет бархатистую, уютную мягкость, а кардамон и перец рассыпают сухие, искристые акценты. Как силуэт птицы на закатном небе или шёпот ветра в кронах древних деревьев, шлейф аромата RP Paris L’Oiseau Oud не требует объяснений — его присутствие говорит само за себя.","Распылите на пульсирующие зоны: запястья, шею, за ушами и внутреннюю сторону локтя. Избегайте контакта с одеждой. Для повышения стойкости рекомендуем наносить на хорошо увлажненную кожу.",Франция,15
287,2026-09-29T23:43:43.729577,20260929_225902_ddf9b651,19000532489,parfjumerija/novinki,BARBARO,Oud de France,Парфюмерная вода,2354.0,2354.0,0.0,1,0.0,https://goldapple.ru/19000532489-barbaro-oud-de-france/,https://goldapple.ru/parfjumerija/novinki?p=15,"Парфюмерная вода BARBARO Oud de France — насыщенный древесно-восточный мужской аромат с благородными нотами уда. Аромат создан для тех, кто ценит глубину, самобытность и стойкость. Стойкая парфюмерная вода представлена в удобном дорожном формате 10 мл.","Распылить на кожу (запястья, шею) или одежду с расстояния 15–20 см.",Россия,15
288,2026-09-29T23:43:53.873946,20260929_225902_ddf9b651,19000513340,parfjumerija/novinki,POP!,Vanille des Iles,парфюмерная вода,945.0,945.0,0.0,1,0.0,https://goldapple.ru/19000513340-vanille-des-iles/,https://goldapple.ru/parfjumerija/novinki?p=15,"Vanille des Îles — это ваш паспорт для экзотического путешествия. Ультра-успокаивающий ванильно-кокосовый аромат перенесет вас прямо под пальмы, не выходя из ванной. Его сладкие и солнечные нотки создают ощущение праздника: пляж, теплая кожа, коктейль в руке. Сладкий парфюм немного сексуален и очень приятен на ощупь. Он идеально подходит, если вы хотите пережить ощущение прохладной, тропической атмосферы, и вам нравится, когда все действительно чудесно.","Распылите на пульсирующие зоны: запястья, шею, за ушами и внутреннюю сторону локтя. Избегайте контакта с одеждой. Для повышения стойкости рекомендуем наносить на хорошо увлажненную кожу.",Франция,15
289,2026-09-29T23:44:02.062418,20260929_225902_ddf9b651,19000517685,parfjumerija/novinki,RP Paris,Poeme rouge,Парфюмерная вода,3330.0,3330.0,0.0,1,0.0,https://goldapple.ru/19000517685-rp-paris-poeme-rouge/,https://goldapple.ru/parfjumerija/novinki?p=15,"Poème Rouge – это аромат, воплощающий загадочную глубину и утонченную элегантность природы. Шипровая свежесть сицилийского бергамота открывает композицию ярким и бодрящим аккордом, пробуждая энергию и уверенность. Землистые пачули добавляют аромату насыщенности и выразительности, а дубовый мох завершает букет бархатной глубиной и природной теплотой. Poème Rouge – это классический шипровый аромат с современным акцентом, идеально подходящий для тех, кто ценит утонченные и благородные композиции. Он универсален: прекрасно дополнит строгий деловой образ днем и станет элегантным акцентом для вечернего выхода.","Распылите на пульсирующие зоны: запястья, шею, за ушами и внутреннюю сторону локтя. Избегайте контакта с одеждой. Для повышения стойкости рекомендуем наносить на хорошо увлажненную кожу.",Франция,15
290,2026-09-29T23:44:11.073621,20260929_225902_ddf9b651,19000513300,parfjumerija/novinki,TOUCH OF OUD,Lemar,Духи,14985.0,14985.0,0.0,1,0.0,https://goldapple.ru/19000513300-tayma/,https://goldapple.ru/parfjumerija/novinki?p=15,"Lemar — это жидкое золото, обретшее форму аромата. Тихое сияние, которое остаётся с тобой. Сочный личи и искристый бергамот распахиваются на коже прохладной прозрачностью утреннего света. 
Сердце сплетает лепестки розы и бархатистую ваниль в романтичную, притягательную глубину. 
В шлейфе тёплая амбра — бархат, который остаётся на коже, как второй слой, как память о летнем дне. Рафинированная элегантность, созданная для тех, кто ценит красоту вне времени.","Распылите на пульсирующие зоны: запястья, шею, за ушами и внутреннюю сторону локтя. 
Для повышения стойкости рекомендуем наносить на хорошо увлажненную кожу. 
Не подвергать воздействию прямых солнечных лучей. 
Беречь от источников тепла, огня.",Оаэ,15
291,2026-09-29T23:44:20.426670,20260929_225902_ddf9b651,19000513326,parfjumerija/novinki,POP!,Black sesame,парфюмерная вода,945.0,945.0,0.0,1,0.0,https://goldapple.ru/19000513326-black-sesame/,https://goldapple.ru/parfjumerija/novinki?p=15,"Черный кунжут — это аромат, который усиливает вашу ауру с первого нанесения. Ноты кофе, ванили и белых цветов создают теплый, смелый и немного таинственный купаж. Он придает дополнительную ценность и оставляет неизгладимое впечатление, естественно соответствуя настроению. Аромат идеально подходит для тех, кто хочет сиять, без преувеличения, и следует за вами всю ночь, делая вас незабываемыми.","Распылите на пульсирующие зоны: запястья, шею, за ушами и внутреннюю сторону локтя. Избегайте контакта с одеждой. Для повышения стойкости рекомендуем наносить на хорошо увлажненную кожу.",Франция,15
292,2026-09-29T23:44:29.942978,20260929_225902_ddf9b651,19000546153,parfjumerija/novinki,Lab Fragrance,Oud delicious,Духи,7110.0,7110.0,0.0,1,0.0,https://goldapple.ru/19000546153-lab-fragrance-oud-delicious/,https://goldapple.ru/parfjumerija/novinki?p=15,"Oud Delicious — это аромат, вдохновлённый атмосферой Востока, его чувственностью и роскошью. Композиция открывается выразительным сочетанием шоколада и шафрана, создавая тёплое и притягательное вступление. 
В сердце раскрывается глубокий дуэт уда и дикой кожи, придающий звучанию благородство, характерную стойкость и истинный восточный колорит. 
В шлейфе олибанум, сахар и мускус соединяются в мягкий, обволакивающий аккорд, где благородная сладость смягчает экспрессию кожи и дерева, а мускусные полутона добавляют шлейфу особую глубину.","Нанесите 1–2 распыления аромата на запястья, шею и точки пульса. Не растирайте — это может изменить звучание композиции. Позвольте аромату раскрыться естественно.",Россия,15
293,2026-09-29T23:44:40.602564,20260929_225902_ddf9b651,19000544497,parfjumerija/novinki,Tesoro d'Aroma,Blue meadow,Нет категории,2500.0,2500.0,0.0,1,0.0,https://goldapple.ru/19000544497-blue-meadow/,https://goldapple.ru/parfjumerija/novinki?p=15,"Взгляду открывается бесконечность. Меловые утёсы, окутанные воздушной дымкой, медленно тают на краю неба и земли. Вы отправляетесь к месту, которое принадлежит только вам. Здесь все земные заботы теряют свою остроту. Цветущий луг обнимает вас, сплетая изумрудную зелень и лепестки цветов в дышащий ковёр.","Распылите на пульсирующие зоны: запястья, шею, за ушами и внутреннюю сторону локтя. Избегайте контакта с одеждой. Для повышения стойкости рекомендуем наносить на хорошо увлажненную кожу.",Оаэ,15
294,2026-09-29T23:44:52.126622,20260929_225902_ddf9b651,19000539131,parfjumerija/novinki,Acqua di Parma,CHAPEAU MIRTO DI PANAREA,Нет категории,35620.0,35620.0,0.0,1,0.0,https://goldapple.ru/19000539131-acqua-di-parma-chapeau-mirto-di-panarea/,https://goldapple.ru/parfjumerija/novinki?p=15,"Продолжая игривый диалог между ароматом и дизайном, Acqua di Parma представляет коллекционную свечу, вдохновленную эстетикой ар-деко. Уникальная форма содержит две ароматические свечи: одна заключена в основании, другая — в фирменной желтой крышке, напоминающей элегантную шляпу. Основание, выполненное из неглазурованного фарфора, создается с особой тщательностью: его формуют, обжигают в печи, а затем деликатно шлифуют, придавая поверхности матовую, приятную на ощупь текстуру. Крышка проходит иной этап обработки: ее покрывают глазурью, обжигают и повторно наносят покрытие, чтобы добиться сияющей, глянцевой поверхности. Завершающим штрихом становятся воск, залитый вручную, и декоративная табличка с рельефным тиснением — современная интерпретация легендарной этикетки Acqua di Parma. воплощает дух вселенной Chapeau! в изысканном и удивительно компактном формате, объединяя искусство, мастерство и аромат. Mirto di Panarea раскрывает теплую средиземноморскую композицию, в которой аромат мирта переплетается с пряной свежестью базилика и искрящимися цитрусовыми акцентами лимона и калабрийского бергамота. Морской бриз и бодрящие ноты можжевельника встречаются с нежными оттенками жасмина и розы, наполняя пространство ощущением безмятежности, гармонии и легкости.","Не жгите свечу более 1,5 часов подряд. Это предотвратит слишком сильное пламя, которое создает дым и может оставить пятна на стенках бокала.
Используйте подходящую насадку для тушения пламени.
Дайте свече затвердеть, прежде чем зажигать ее снова.
После каждого использования опускайте фитиль в воск, чтобы обеспечить равномерный расход воска.
Регулярно обрезайте фитиль с помощью триммера (идеальная длина — 5 мм), чтобы фитиль не прилипал к воску и не давал свече выделять дым.
Следите за тем, чтобы в восковой ванночке не было спичек и мусора.
Не используйте свечу, если уровень оставшегося воска в стакане составляет менее 5 мм.
Не оставляйте горящую свечу без присмотра. Храните вдали от детей, занавесок и домашних животных.
Не передвигайте горящую свечу, пока воск еще горячий. Подождите, пока воск застынет.
Не ставьте свечу на термочувствительные поверхности, вблизи легковоспламеняющихся материалов, открытого окна или других свечей.
Если требуется медицинская консультация, имейте под рукой упаковку с продуктом или этикетку.
Храните в недоступном для детей месте.",Италия,15
295,2026-09-29T23:45:01.032980,20260929_225902_ddf9b651,19000532487,parfjumerija/novinki,BARBARO,Absinthe de jour,Парфюмерная вода,2681.0,2681.0,0.0,1,0.0,https://goldapple.ru/19000532487-barbaro-absinthe-de-jour/,https://goldapple.ru/parfjumerija/novinki?p=15,"Парфюмерная вода BARBARO Absinthe De Jour — выразительный ароматный мужской парфюм с редким сочетанием: свежий уд в обрамлении полыни. Не тяжёлый восточный аромат с приторными смолистыми нотами, а лёгкий, воздушный парфюм с глубиной и стойкостью. Аромат для мужчины, который ценит сложные нишевые композиции и хочет звучать ярко без перегруза. Стойкая парфюмерная вода представлена в удобном дорожном формате 10 мл.","Распылить на кожу (запястья, шею) или одежду с расстояния 15–20 см.",Россия,15
296,2026-09-29T23:45:09.312348,20260929_225902_ddf9b651,19000538373,parfjumerija/novinki,Acqua di Parma,Gelsomino A Freddo Ambrosia,Экстракт парфюмерной воды,24430.0,24430.0,0.0,1,0.0,https://goldapple.ru/19000538373-acqua-di-parma-gelsomino-a-freddo-ambrosia/,https://goldapple.ru/parfjumerija/novinki?p=15,"Gelsomino a Freddo Ambrosia – изысканный экстракт роскоши, мерцающий, как драгоценные камни, с несравненным и стойким шлейфом. Обладая 30% концентрацией чистого парфюмерного масла из драгоценных ингредиентов, он является воплощением абсолютной изысканности. Этот благородный древесно-цветочный аромат открывается сияющими нотами итальянского лимона, сбалансированного согревающими нотами олибанума и пряного кардамона. В сердце – утонченный экстракт жасмина анфлераж, обогащенный глубокими нотами черного чая, ирисом и миррой, создавая гармоничную игру света и тени. Завершается композиция мощной базой, где кремовые ноты сандала встречаются с землистыми аккордами ветивера и кедра. Ключевым элементом композиции является главная эссенция жасмина анфлераж, полученная благодаря точной, почти алхимической технике. Нежные цветы жасмина многократно наслаиваются на очищенное масло ши под неусыпным надзором мастера-парфюмера. Этот кропотливый процесс гарантирует улавливание каждого, даже самого тонкого нюанса ольфактивной молекулы, сохраняя естественную сложность и богатство цветка во всей его первозданной красе. Экстракт заключен в изящный флакон 50 мл с декорированной фарфоровой крышкой и представлен в культовой желтой шляпной коробке Дома, символизирующей безупречный вкус и элегантность Acqua di Parma.","Нанести на шею, запястья и точки пульса.",Италия,15
297,2026-09-29T23:45:19.390668,20260929_225902_ddf9b651,19000513298,parfjumerija/novinki,TOUCH OF OUD,Tayma,Духи,14985.0,14985.0,0.0,1,0.0,https://goldapple.ru/19000513298-saden/,https://goldapple.ru/parfjumerija/novinki?p=15,"Tayma — это стойкость, воплощённая в аромате. Тихая грация, сияющая изнутри. Шафран, имбирь и апельсин — пряная, сочная вспышка. В сердце — пачули, кожа и кедр: сухая, земная сила. База из ванили, мускуса и сандала дарит мягкое, неугасимое тепло.","Распылите на пульсирующие зоны: запястья, шею, за ушами и внутреннюю сторону локтя. 
Для повышения стойкости рекомендуем наносить на хорошо увлажненную кожу. 
Не подвергать воздействию прямых солнечных лучей. 
Беречь от источников тепла, огня.",Оаэ,15
298,2026-09-29T23:45:28.027923,20260929_225902_ddf9b651,19000513330,parfjumerija/novinki,POP!,Fleur d'Orient,парфюмерная вода,945.0,945.0,0.0,1,0.0,https://goldapple.ru/19000513330-fleur-d-orient/,https://goldapple.ru/parfjumerija/novinki?p=15,"Fleur d'Orient — это аромат, который заставляет вас благоухать действительно неотразимо. Благодаря легким, цветочным и мускусным нотам, он дарит мягкую свежесть без усилий. Этот парфюм идеально подходит для тех, кто ценит свою уникальность и аутентичность. Каждый раз, когда вы его наносите, он напоминает о вашей уникальности, обеспечивая очарование, которое не останется незамеченным. Он создан для тех, кто предпочитает быть собой, не создавая лишней суеты, но при этом выгодно выделяясь. Это аромат, который подчеркнет вашу индивидуальность и оставит незабываемое впечатление.","Распылите на пульсирующие зоны: запястья, шею, за ушами и внутреннюю сторону локтя. Избегайте контакта с одеждой. Для повышения стойкости рекомендуем наносить на хорошо увлажненную кожу.",Франция,15
299,2026-09-29T23:45:36.011325,20260929_225902_ddf9b651,19000513299,parfjumerija/novinki,TOUCH OF OUD,Jelood,Духи,16200.0,16200.0,0.0,1,0.0,https://goldapple.ru/19000513299-salwan/,https://goldapple.ru/parfjumerija/novinki?p=15,"Jelood — это уверенность, которая не нуждается в громких словах. 
Он начинается вспышкой свежести, но быстро раскрывается тёплой, чувственной глубиной. Вспышка розового перца и бергамота — словно первый глоток воздуха перед важным шагом. 
Сердце: герань и роза — цветы, но без сладости, сдержанные и гордые. 
А база — тёплая, смолистая глубина, дымный шлейф дорогой кожи и благородного уда. Это аромат для тех, кто знает цену времени и себе,  но предпочитает проявлять твердость через тихую элегантность.","Распылите на пульсирующие зоны: запястья, шею, за ушами и внутреннюю сторону локтя. 
Для повышения стойкости рекомендуем наносить на хорошо увлажненную кожу. 
Не подвергать воздействию прямых солнечных лучей. 
Беречь от источников тепла, огня.",Оаэ,15
300,2026-09-29T23:45:44.312161,20260929_225902_ddf9b651,19000513337,parfjumerija/novinki,POP!,Patchouli en Fleurs,парфюмерная вода,945.0,945.0,0.0,1,0.0,https://goldapple.ru/19000513337-patchouli-en-fleurs/,https://goldapple.ru/parfjumerija/novinki?p=15,"Patchouli en Fleurs – это парфюм, не похожий ни на один другой. Неожиданное сочетание цитрусовых и пачули создает атмосферу аристократического дома: немного необычное, явно оригинальное. Каждое нанесение – как маленький буст: свежий, пряный, удивительный. Аромат мягкий и в то же время смелый. Идеально, если вы хотите выделиться без особого труда и просто быть собой.","Распылите на пульсирующие зоны: запястья, шею, за ушами и внутреннюю сторону локтя. Избегайте контакта с одеждой. Для повышения стойкости рекомендуем наносить на хорошо увлажненную кожу.",Франция,15
301,2026-09-29T23:46:07.527175,20260929_225902_ddf9b651,19000513331,parfjumerija/novinki,POP!,Fleur Gourmande,парфюмерная вода,945.0,945.0,0.0,1,0.0,https://goldapple.ru/19000513331-fleur-gourmande/,https://goldapple.ru/parfjumerija/novinki?p=16,"Fleur Gourmande – это аромат, который вызывает желание жить полной жизнью. Фруктовая, жадная и слегка древесная смесь сразу погружает в радостную атмосферу, полную энергии и очарования. Каждое нанесение похоже на легкий и сверкающий флирт, который следует за вами повсюду и делает вас полностью зависимым. Это веселый, озорной и немного чувственный аромат для тех, кто любит жить полной жизнью.","Распылите на пульсирующие зоны: запястья, шею, за ушами и внутреннюю сторону локтя. Избегайте контакта с одеждой. Для повышения стойкости рекомендуем наносить на хорошо увлажненную кожу.",Франция,16
302,2026-09-29T23:46:17.222441,20260929_225902_ddf9b651,19000513335,parfjumerija/novinki,POP!,Monoi et tiare,парфюмерная вода,945.0,945.0,0.0,1,0.0,https://goldapple.ru/19000513335-monoi-et-tiare/,https://goldapple.ru/parfjumerija/novinki?p=16,"Monoï & Tiaré — это парфюмерная версия путешествия в дальние страны. Смесь иланг-иланга, нероли и цветущего миндаля погружает в атмосферу пляжа, солнца и золотистой кожи. Его экзотические и цветочные ноты сразу создают праздничное настроение, вызывая ощущение нахождения в ином месте, расслабленности и яркости. Каждое распыление ощущается как мягкая, теплая волна, придающая уверенность. Этот парфюм разработан для тех, кто стремится чувствовать себя хорошо, свободно и немного в другом месте даже в середине недели.","Распылите на пульсирующие зоны: запястья, шею, за ушами и внутреннюю сторону локтя. Избегайте контакта с одеждой. Для повышения стойкости рекомендуем наносить на хорошо увлажненную кожу.",Франция,16
303,2026-09-29T23:46:25.588297,20260929_225902_ddf9b651,19000531835,parfjumerija/novinki,Maison Francis Kurkdjian,ES CAP,Нет категории,10700.0,10700.0,0.0,1,0.0,https://goldapple.ru/19000531835-maison-francis-kurkdjian-es-cap/,https://goldapple.ru/parfjumerija/novinki?p=16,"Сегодня я открываю двери в место, где время, кажется, остановилось: Эс Кап на острове Форментера в Испании. В самом сердце засушливой растительности расположился дом – место с умиротворяющей атмосферой уединения. Здесь царит элегантность простоты и роскошь тишины. Зажигая эту свечу, я слышу аромат красной почвы, раскаленной летним солнцем, и сияющего голубого неба; аромат фигового дерева, чей голос доносится теплым ветром, бьющимся о скалы к югу от Форментеры. Francis Kurkdjian. Свеча создана из французского минерально-растительного воска, внутри которой хлопковый фитиль, передающий ее ароматические свойства и обеспечивающий оптимальное время горения 65 часов. Представлена в элегантном подсвечнике из Лиможского фарфора.","Подожгите фитиль свечи. 
Следите за тем, чтобы свеча не опрокинулась и рядом не находились легковоспламеняющиеся предметы.",Франция,16
304,2026-09-29T23:46:32.969209,20260929_225902_ddf9b651,19000539129,parfjumerija/novinki,Acqua di Parma,CHAPEAU BUONGIORNO,Нет категории,35620.0,35620.0,0.0,1,0.0,https://goldapple.ru/19000539129-acqua-di-parma-chapeau-buongiorno/,https://goldapple.ru/parfjumerija/novinki?p=16,"Продолжая игривый диалог между ароматом и дизайном, Acqua di Parma представляет коллекционную свечу, вдохновленную эстетикой ар-деко. Уникальная форма содержит две ароматические свечи: одна заключена в основании, другая — в фирменной желтой крышке, напоминающей элегантную шляпу. Основание, выполненное из неглазурованного фарфора, создается с особой тщательностью: его формуют, обжигают в печи, а затем деликатно шлифуют, придавая поверхности матовую, приятную на ощупь текстуру. Крышка проходит иной этап обработки: ее покрывают глазурью, обжигают и повторно наносят покрытие, чтобы добиться сияющей, глянцевой поверхности. Завершающим штрихом становятся воск, залитый вручную, и декоративная табличка с рельефным тиснением — современная интерпретация легендарной этикетки Acqua di Parma. Воплощает дух вселенной Chapeau! В изысканном и удивительно компактном формате, объединяя искусство, мастерство и аромат. Buongiorno — это чувственное и одновременно свежее пробуждение, наполненное атмосферой итальянского утра. С первыми лучами солнца, проникающими сквозь окно, легкий ветерок приносит зеленые, живые оттенки, навевающие воспоминания о живописных пейзажах итальянской сельской местности. Аромат свежескошенной травы переплетается с чистым благоуханием высушенного на солнце льна, наполняя пространство ощущением естественной свежести и безмятежной простоты. Благородные древесные ноты смягчаются бархатистыми аккордами мха, придавая композиции тепло, гармонию и уют.","Не жгите свечу более 1,5 часов подряд. Это предотвратит слишком сильное пламя, которое создает дым и может оставить пятна на стенках бокала.
Используйте подходящую насадку для тушения пламени.
Дайте свече затвердеть, прежде чем зажигать ее снова.
После каждого использования опускайте фитиль в воск, чтобы обеспечить равномерный расход воска.
Регулярно обрезайте фитиль с помощью триммера (идеальная длина — 5 мм), чтобы фитиль не прилипал к воску и не давал свече выделять дым.
Следите за тем, чтобы в восковой ванночке не было спичек и мусора.
Не используйте свечу, если уровень оставшегося воска в стакане составляет менее 5 мм.
Не оставляйте горящую свечу без присмотра. Храните вдали от детей, занавесок и домашних животных.
Не передвигайте горящую свечу, пока воск еще горячий. Подождите, пока воск застынет.
Не ставьте свечу на термочувствительные поверхности, вблизи легковоспламеняющихся материалов, открытого окна или других свечей.
Если требуется медицинская консультация, имейте под рукой упаковку с продуктом или этикетку.
Храните в недоступном для детей месте.",Италия,16
305,2026-09-29T23:46:41.730261,20260929_225902_ddf9b651,19000513339,parfjumerija/novinki,POP!,Rose Irisée,парфюмерная вода,945.0,945.0,0.0,1,0.0,https://goldapple.ru/19000513339-rose-irisee/,https://goldapple.ru/parfjumerija/novinki?p=16,"Rose Irisée – это гораздо больше, чем парфюм, это настоящая декларация независимости! Каждая нота окутывает вас завораживающим и чувственным ароматом, как луч солнца, который скрашивает ваш день. С гурманскими нотами ванили и карамели, этот аромат приглашает вас насладиться каждым моментом счастья, жить без границ и запечатлеть красоту, которая вас окружает. Это маленький заряд радости, который сопровождает вас повсюду, с утра до вечера.","Распылите на пульсирующие зоны: запястья, шею, за ушами и внутреннюю сторону локтя. Избегайте контакта с одеждой. Для повышения стойкости рекомендуем наносить на хорошо увлажненную кожу.",Франция,16
306,2026-09-29T23:46:49.626318,20260929_225902_ddf9b651,19000517057,parfjumerija/novinki,Penhaligon's,HIGHGROVE BOUQUET,Ароматическая свеча,11200.0,11200.0,0.0,1,0.0,https://goldapple.ru/19000517057-penhaligon-s-highgrove-bouquet/,https://goldapple.ru/parfjumerija/novinki?p=16,"Highgrove Bouquet от Penhaligon's — это аромат, рождённый в садах, которые сам король Карл III называет своей душой. Вдохновлённый красотой Хайгроув, он звучит как «земное сияние»: солнечная мимоза переплетается с серебристой липой под тенью кедра — каждый аккорд дышит английской природой и изысканной простотой. Та же магия заключена в свече ручной работы, созданной в сотрудничестве с Highgrove Gardens. Благоухающая липа и цветущая мимоза в объятиях летнего бриза — красота Хайгроув, застывшая в воске, чтобы наполнить ваш дом светом и уютом на 32 часа. 10% от продаж направляются в поддержку The King's Foundation, сохраняя наследие этих удивительных садов",Зажигать свечу на расстоянии от воспламеняющихся объектов.,Великобритания,16
307,2026-09-29T23:46:56.895313,20260929_225902_ddf9b651,19000513295,parfjumerija/novinki,TOUCH OF OUD,Saden,Духи,14985.0,14985.0,0.0,1,0.0,https://goldapple.ru/19000513295-al-majd/,https://goldapple.ru/parfjumerija/novinki?p=16,"С арабского """"Saden"""" - человек, который выполняет свою священную обязанность с величайшим смирением и достоинством, и чье присутствие дарует благодать и умиротворение. Saden - это тихая сила, дышащая покоем. Пронзительный бергамот и тёплый кориандр. В сердце — роза, ирис и благородный уд. База из кожи, сухой древесины и уда дарит торжественную мощь и безмятежность. Аромат, который не кричит о величии — он просто хранит покой.","Распылите на пульсирующие зоны: запястья, шею, за ушами и внутреннюю сторону локтя. 
Для повышения стойкости рекомендуем наносить на хорошо увлажненную кожу. 
Не подвергать воздействию прямых солнечных лучей. 
Беречь от источников тепла, огня.",Оаэ,16
308,2026-09-29T23:47:04.891170,20260929_225902_ddf9b651,19000532488,parfjumerija/novinki,BARBARO,Avant la nuit,Парфюмерная вода,2536.0,2536.0,0.0,1,0.0,https://goldapple.ru/19000532488-barbaro-avant-la-nuit/,https://goldapple.ru/parfjumerija/novinki?p=16,"Парфюмерная вода BARBARO Avant La Nuit — глубокий вечерний мужской аромат. Шафран здесь не фон, а характер: пряный, тёплый, почти варварский. Именно он делает этот аромат непохожим на всё остальное. Парфюм для мужчины, который знает себе цену и выбирает звучать узнаваемо. Стойкая парфюмерная вода представлена в удобном дорожном формате 10 мл.","Распылить на кожу (запястья, шею) или одежду с расстояния 15–20 см.",Россия,16
309,2026-09-29T23:47:11.742213,20260929_225902_ddf9b651,19000539130,parfjumerija/novinki,Acqua di Parma,CHAPEAU LUCE DI COLONIA,Ароматическая свеча,35620.0,35620.0,0.0,1,0.0,https://goldapple.ru/19000539130-acqua-di-parma-chapeau-luce-di-colonia/,https://goldapple.ru/parfjumerija/novinki?p=16,"Продолжая игривый диалог между ароматом и дизайном, Acqua di Parma представляет коллекционную свечу, вдохновленную эстетикой ар-деко. Уникальная форма содержит две ароматические свечи: одна заключена в основании, другая — в фирменной желтой крышке, напоминающей элегантную шляпу. Основание, выполненное из неглазурованного фарфора, создается с особой тщательностью: его Формуют, обжигают в печи, а затем деликатно шлифуют, придавая поверхности матовую, приятную на ощупь текстуру. Крышка проходит иной этап обработки: ее покрывают глазурью, обжигают и повторно наносят покрытие, чтобы добиться сияющей, глянцевой поверхности. Завершающим штрихом становятся воск, залитый вручную, и декоративная табличка с рельефным тиснением — современная интерпретация легендарной этикетки Acqua di Parma. воплощает дух вселенной Chapeau! в изысканном и удивительно компактном формате, объединяя искусство, мастерство и аромат. Luce di Colonia — неподвластное времени воплощение самой сути парфюмерной вселенной Acqua di Parma. Вдохновленная культовой Colonia, композиция наполняет пространство светом и воздушностью. Искристые цитрусовые эссенции переплетаются с утонченными цветочными нотами, уступая место благородным теплым древесным аккордам, создавая атмосферу естественной элегантности.","Не жгите свечу более 1,5 часов подряд. Это предотвратит слишком сильное пламя, которое создает дым и может оставить пятна на стенках бокала.
Используйте подходящую насадку для тушения пламени.
Дайте свече затвердеть, прежде чем зажигать ее снова.
После каждого использования опускайте фитиль в воск, чтобы обеспечить равномерный расход воска.
Регулярно обрезайте фитиль с помощью триммера (идеальная длина — 5 мм), чтобы фитиль не прилипал к воску и не давал свече выделять дым.
Следите за тем, чтобы в восковой ванночке не было спичек и мусора.
Не используйте свечу, если уровень оставшегося воска в стакане составляет менее 5 мм.
Не оставляйте горящую свечу без присмотра. Храните вдали от детей, занавесок и домашних животных.
Не передвигайте горящую свечу, пока воск еще горячий. Подождите, пока воск застынет.
Не ставьте свечу на термочувствительные поверхности, вблизи легковоспламеняющихся материалов, открытого окна или других свечей.
Если требуется медицинская консультация, имейте под рукой упаковку с продуктом или этикетку.
Храните в недоступном для детей месте.",Италия,16
310,2026-09-29T23:47:20.564035,20260929_225902_ddf9b651,19000508900,parfjumerija/novinki,Penhaligon's,DAMASCENA,Ароматическая свеча,11200.0,11200.0,0.0,1,0.0,https://goldapple.ru/19000508900-penhaligon-s-damascena/,https://goldapple.ru/parfjumerija/novinki?p=16,Чувственный. Мягкий. Роза и мандарин вступают в нежный танец. Кедр мерцает в согревающей ласке. Цветочный сад в свече ручной работы.,Зажигать свечу на расстоянии от воспламеняющихся объектов.,Великобритания,16
311,2026-09-29T23:47:28.426118,20260929_225902_ddf9b651,19000526339,parfjumerija/novinki,Ajmal,AURUM ELIXIR,Парфюмерная вода,7000.0,7000.0,0.0,1,0.0,https://goldapple.ru/19000526339-ajmal-aurum-elixir/,https://goldapple.ru/parfjumerija/novinki?p=16,"Современный цветочно-восточный аромат из культовой линейки Aurum, вдохновленный мифической амброзией. Он открывается ярким сочетанием бергамота, черной смородины и клубники. В сердце – пышный жасмин и сладкая карамель, окутанные мягкими акцентами кашемирового дерева. Смесь ванили и пачули в базовых нотах окутывает аромат нежной томностью и обволакивающим теплом. Аромат для современной дивы в ауре сияющей роскоши.","Только на чистую кожу. Наносите парфюм только на тело, не на одежду. Наносить парфюм на несколько точек. Никогда не растирайте парфюм, позвольте ароматным капелькам парфюмированной воды самостоятельно впитаться в кожу, тогда пирамида останется целой и невредимой, соответственно, раскроется в своей естественной последовательности.",Оаэ,16
312,2026-09-29T23:47:35.987091,20260929_225902_ddf9b651,19000508903,parfjumerija/novinki,Penhaligon's,QUERCUS,Ароматическая свеча,11200.0,11200.0,0.0,1,0.0,https://goldapple.ru/19000508903-penhaligon-s-quercus/,https://goldapple.ru/parfjumerija/novinki?p=16,"Свежий, как рассвет, и успокаивающий, как сумерки. Сила дуба, заключенная в отлитой вручную свече, рядом с сияющими цитрусовыми. Лесной оазис у вас дома.",Зажигать свечу на расстоянии от воспламеняющихся объектов.,Великобритания,16
313,2026-09-29T23:47:43.169889,20260929_225902_ddf9b651,19000513332,parfjumerija/novinki,POP!,Fruit of Paradise,Нет категории,945.0,945.0,0.0,1,0.0,https://goldapple.ru/19000513332-fruit-of-paradise/,https://goldapple.ru/parfjumerija/novinki?p=16,"Fruit of Paradise — это аромат, который приковывает к себе внимание, как только вы входите в помещение. Фруктово-цветочная смесь создает ощущение уверенности и исключительности, делая вас чувственным, легким и непринужденным. Каждое нанесение аромата — это подмигивание и заигрывание, сообщающее окружающим о вашем хорошем настроении и оставляющее долговечное напоминание о вашем присутствии. Подходит для тех, кто любит сиять и наслаждаться жизнью, подчеркивая свою уникальность и стиль.","Распылите на пульсирующие зоны: запястья, шею, за ушами и внутреннюю сторону локтя. Избегайте контакта с одеждой. Для повышения стойкости рекомендуем наносить на хорошо увлажненную кожу.",Франция,16
314,2026-09-29T23:47:50.683909,20260929_225902_ddf9b651,19000538375,parfjumerija/novinki,Acqua di Parma,buongiorno collection,Нет категории,19340.0,19340.0,0.0,1,0.0,https://goldapple.ru/19000538375-acqua-di-parma-buongiorno-collection/,https://goldapple.ru/parfjumerija/novinki?p=16,"Набор из пяти ароматов коллекции Buongiorno. Каждый из ароматов запечатлевает момент и придает ему особенный поэтический образ. Набор представлен в компактном формате, который удобно брать с собой. состав набора — Buongiorno Al Bacio, 10 мл. — Buongiorno Buonanotte, 10 мл. — Buongiorno Dolce Far Niente, 10 мл. — Buongiorno Gioco del Destino, 10 мл. — Buongiorno Amore Mio, 10 мл.","Нанесите на шею, запястья и точки пульса",Италия,16
315,2026-09-29T23:47:57.837750,20260929_225902_ddf9b651,19000421765,parfjumerija/novinki,Bvlgari,The Vert,Туалетная вода,12800.0,12800.0,0.0,1,0.0,https://goldapple.ru/19000421765-the-vert/,https://goldapple.ru/parfjumerija/novinki?p=16,"Туалетная вода Eau Parfumee Thé Vert прокладывает дорожку в ботаническом саду BVLGARI и раскрывает успокаивающие свойства зеленого чая. Мастер-парфюмер Жан-Клод Эллена передает неотразимую жизненную силу молодых чайных листьев, а также их растительный, травянистый и освежающий аромат. Фирменная цитрусовая грань композиции раскрывается через сочетание зеленого чая и яркого цветочного аккорда лепестков нероли. Шипучее звучание эссенции бергамота встречается с хрустящими листьями молодого чая, чтобы воссоздать неизменное, наполняющее удовольствие от погружения в природу и зарядить ваши чувства новой энергией. Туалетная вода содержит натуральный экстракт зеленого чая, чья чистая эссенция из листьев сохраняется во всей своей яркой травянистой красоте. Силуэт флакона вдохновлен элегантностью и монументальностью древнеримских колонн, а колпачок с инкрустацией — селадоновой глазурью на керамике.",Не указано,Италия,16
316,2026-09-29T23:48:06.205164,20260929_225902_ddf9b651,19000538372,parfjumerija/novinki,Acqua di Parma,Buongiorno Gioco Del Destino,парфюмерная вода,29000.0,29000.0,0.0,1,0.0,https://goldapple.ru/19000538372-acqua-di-parma-buongiorno-gioco-del-destino/,https://goldapple.ru/parfjumerija/novinki?p=16,"Притягательный, обволакивающий аромат передает трепетное чувство ожидания, волнующий порыв случайности, который превращает мгновение в нечто незабываемое. Изысканное дополнение к современной палитре ароматов для гурманов, эта парфюмерная вода обладает удивительной нотой абсолю экстракта пшеницы, который добавляет теплоты и интриги. Окутанный яркостью итальянского зеленого и желтого мандарина и сицилийского лимона, насыщенный мускусом, аромат сочетает в себе свежесть и комфорт в игре контрастов, которые остаются на коже подобно искре. Аромат представлен во флаконе из ребристого стекла, повторяющем дизайн культовых творений из предыдущих коллекций Acqua di Parma. Его изысканный дизайн сочетает в себе свет и элегантность, а колпачок из стекла яркого красного цвета создает яркий дизайнерский акцент.","Нанесите на шею, запястья и точки пульса.",Италия,16
317,2026-09-29T23:48:13.617339,20260929_225902_ddf9b651,19000538441,parfjumerija/novinki,USO PARIS,Colour Iris Jasmine,Парфюмерная вода,2178.0,2178.0,0.0,1,0.0,https://goldapple.ru/19000538441-uso-paris-colour-iris-jasmine/,https://goldapple.ru/parfjumerija/novinki?p=16,"Аромат припудренной аристократки, которая может быть несколько надменна, но только потому, что знает себе цену. Аккорд ириса сорта паллида (бледного) — самый дорогой сорт ириса в мире. Ирис в составе аромата придаёт очень ухоженное и элегантное звучание.","Распылите на пульсирующие зоны: запястья, шею, за ушами и внутреннюю сторону локтя. Избегайте контакта с одеждой. Для повышения стойкости рекомендуем наносить на хорошо увлажненную кожу.",Турция,16
318,2026-09-29T23:48:20.635746,20260929_225902_ddf9b651,19000513333,parfjumerija/novinki,POP!,Jasmin Boisé,парфюмерная вода,945.0,945.0,0.0,1,0.0,https://goldapple.ru/19000513333-jasmin-boise/,https://goldapple.ru/parfjumerija/novinki?p=16,"Jasmin Boisé — это парфюм, который сочетает смелость и элегантность в одном флаконе. Свежие ноты апельсина и ландыша открывают современную, шикарную и неотразимую женственность. Каждая капля — это прикосновение уверенности, глоток свободы и гламура. Базовые ноты амбры и ванили создают особую атмосферу, идеальную для тех, кто не боится произвести впечатление.","Распылите на пульсирующие зоны: запястья, шею, за ушами и внутреннюю сторону локтя. Избегайте контакта с одеждой. Для повышения стойкости рекомендуем наносить на хорошо увлажненную кожу.",Франция,16
319,2026-09-29T23:48:28.831947,20260929_225902_ddf9b651,19000513526,parfjumerija/novinki,Nicolai Parfumeur-Createur Paris,Fig Tea Intense,Парфюмерная вода,20155.0,20155.0,0.0,1,0.0,https://goldapple.ru/19000513526-nicolai-parfumeur-createur-paris-fig-tea/,https://goldapple.ru/parfjumerija/novinki?p=16,"Коллекция INTENSE — исключительные ароматы в «интенсивной» версии, изготовленные из лучшего и уникального сырья. NICOLAÏ PARFUMEUR-CRÉATEUR PARIS представляет ещё более яркую и сияющую интерпретацию культового аромата FIG-TEA. Композиция переносит нас в атмосферу летнего обеда в тени цветущей смоковницы. Здесь оживают смех и неспешные радости этого жаркого времени года. Волшебная алхимия между османтусом и фруктово-чайными гранями жасмина и апельсина обрамляет пропитанный солнцем аккорд сушеного инжира — символ истинно средиземноморского аромата. «Переосмыслить FIG-TEA, к которому я так сильно была привязана, оказалось непросто. Я сохранила его драгоценную основу, дополнив бодрящим всплеском лимона и мандарина, а также эссенцией розового дерева в сердце, чтобы придать элегантность и силу. Это аромат праздника, радостных и искрящихся моментов», — Патрисия де Николаи.","Распылите на пульсирующие зоны: запястья, шею, за ушами и внутреннюю сторону локтя. Избегайте контакта с одеждой. Для повышения стойкости рекомендуем наносить на хорошо увлажненную кожу.",Франция,16
320,2026-09-29T23:48:35.655542,20260929_225902_ddf9b651,19000513294,parfjumerija/novinki,TOUCH OF OUD,Salwan,Духи,16200.0,16200.0,0.0,1,0.0,https://goldapple.ru/19000513294-aghla/,https://goldapple.ru/parfjumerija/novinki?p=16,"Salwan — это абсолютное спокойствие, обретшее форму аромата. Тихая нега, в которой хочется раствориться. Аромат раскрывается сочной, почти карамельной свежестью сочных малины и грейпфрута, обрамлённой сиянием бергамота. 
В сердце — невесомое дыхание ландыша, сплетённое с изящной белой древесиной. 
База из кедра, пачули, ванили и мускуса звучит как бархатная, обволакивающая тишина — долгое тепло, которое остаётся с вами.","Распылите на пульсирующие зоны: запястья, шею, за ушами и внутреннюю сторону локтя. 
Для повышения стойкости рекомендуем наносить на хорошо увлажненную кожу. 
Не подвергать воздействию прямых солнечных лучей. 
Беречь от источников тепла, огня.",Оаэ,16
321,2026-09-29T23:48:53.963958,20260929_225902_ddf9b651,19000538448,parfjumerija/novinki,USO PARIS,Patchoili Citruses,Парфюмерная вода,7380.0,7380.0,0.0,1,0.0,https://goldapple.ru/19000538448-uso-paris-patchoili-citruses/,https://goldapple.ru/parfjumerija/novinki?p=17,"Аромат, посвящённый яхтенному спорту. Яхта, море, солнце — идеальный аромат для побега от ежедневной рутины. Аромат мужчины, у которого в руках и штурвал его яхты, и штурвал его жизни. Релакс вдали от забот.","Распылите на пульсирующие зоны: запястья, шею, за ушами и внутреннюю сторону локтя. Избегайте контакта с одеждой. Для повышения стойкости рекомендуем наносить на хорошо увлажненную кожу.",Турция,17
322,2026-09-29T23:49:01.595998,20260929_225902_ddf9b651,19000538457,parfjumerija/novinki,USO PARIS,Hazelnut Leather,Парфюмерная вода,7380.0,7380.0,0.0,1,0.0,https://goldapple.ru/19000538457-uso-paris-hazelnut-leather/,https://goldapple.ru/parfjumerija/novinki?p=17,"Сильный и властный аромат для мужчины, облаченного в кожу, атмосфера кожевенной мастерской. Аромат свежевыделанной кожи. Соблазн кожаных вещей.","Распылите на пульсирующие зоны: запястья, шею, за ушами и внутреннюю сторону локтя. Избегайте контакта с одеждой. Для повышения стойкости рекомендуем наносить на хорошо увлажненную кожу.",Турция,17
323,2026-09-29T23:49:10.394943,20260929_225902_ddf9b651,19000538442,parfjumerija/novinki,USO PARIS,Colour Vanilla Powdery,Нет категории,2178.0,2178.0,0.0,1,0.0,https://goldapple.ru/19000538442-uso-paris-colour-vanilla-powdery/,https://goldapple.ru/parfjumerija/novinki?p=17,"Бесстыдная ваниль, едва прикрытая мускусом. Аккорд драгоценной орхидеи — ваниль сорта планифолия (плосколистная). Впервые в парфюмерии ваниль без привычных кондитерских нот. Эта ваниль не кричит, а шепчет. Аккорд натуральной ванили с плотскими кожаными оттенками. Ваниль как афродизиак, а не как лакомство. Аромат для тех, кто не любит ваниль.","Распылите на пульсирующие зоны: запястья, шею, за ушами и внутреннюю сторону локтя. Избегайте контакта с одеждой. Для повышения стойкости рекомендуем наносить на хорошо увлажненную кожу.",Турция,17
324,2026-09-29T23:49:19.194030,20260929_225902_ddf9b651,19000546703,parfjumerija/novinki,Laurent Mazzone,Aqua zenzero,Нет категории,5440.0,5440.0,0.0,1,5.0,https://goldapple.ru/19000546703-laurent-mazzone-aqua-zenzero/,https://goldapple.ru/parfjumerija/novinki?p=17,"Aqua Zenzero — это вихрь специй, который мгновенно переносит вас на побережье Средиземноморья.
На старте композиции пряная свежесть имбиря эффектно подчеркнута нотами кардамона и благородной остротой перца. В сердце раскрываются аккорды корицы и мускатного ореха, излучающие обволакивающее тепло. Эта яркая пряная симфония изящно смягчается нежностью белого жасмина на чувственной подложке из мускуса, ветивера и сандала.","Распылите на пульсирующие зоны: запястья, шею, за ушами и внутреннюю сторону локтя. Избегайте контакта с одеждой. Для повышения стойкости рекомендуем наносить на хорошо увлажненную кожу.",Франция,17
325,2026-09-29T23:49:27.506673,20260929_225902_ddf9b651,19000538445,parfjumerija/novinki,USO PARIS,Honey Patchouli,Парфюмерная вода,7380.0,7380.0,0.0,1,0.0,https://goldapple.ru/19000538445-uso-paris-honey-patchouli/,https://goldapple.ru/parfjumerija/novinki?p=17,"Вызывающе роскошный аромат денег. Пачули считают ароматом денег, так как листьями пачули перекладывали шелк, который возили из Китая и Индии. В итоге аристократы на балах пахли пачули и думали, что так пахнет сам шёлк. Аромат сладкой жизни. Аромат, который привлекает внимание.","Распылите на пульсирующие зоны: запястья, шею, за ушами и внутреннюю сторону локтя. Избегайте контакта с одеждой. Для повышения стойкости рекомендуем наносить на хорошо увлажненную кожу.",Турция,17
326,2026-09-29T23:49:35.128313,20260929_225902_ddf9b651,19000538455,parfjumerija/novinki,USO PARIS,Colour Saffron Violet Leaf,Парфюмерная вода,2178.0,2178.0,0.0,1,0.0,https://goldapple.ru/19000538455-uso-paris-colour-saffron-violet-leaf/,https://goldapple.ru/parfjumerija/novinki?p=17,"Аромат миллионера. Аромат кожаного бумажника, наполненного деньгами. Аккорд драгоценного шафрана — специя королей и король специй. Оригинальный аромат для уверенного в себе мужчины. USO COLOUR Saffron Violet Leaf — элегантный и уникальный нишевый парфюм, привлекающий внимание своим неповторимым ароматом. Свежий, но не сладкий цитрусовый аромат мандарина в сочетании с пряным, сухим и изысканным эффектом шафрана придаёт начальным нотам яркий и изысканный оттенок. Идеально подойдёт тем, кто любит нишевые и необычные ароматы, тем, кто предпочитает древесные, минеральные и слегка солоноватые духи, а также тем, кто хочет ароматы не сладкие и тяжёлые, но привлекающие внимание. Если вы ищете необычный и нишевый аромат, вам определённо стоит попробовать этот парфюм! Идеален для холодного времени года, но станет ярким акцентом и летом.","Распылите на пульсирующие зоны: запястья, шею, за ушами и внутреннюю сторону локтя. Избегайте контакта с одеждой. Для повышения стойкости рекомендуем наносить на хорошо увлажненную кожу.",Турция,17
327,2026-09-29T23:49:42.045740,20260929_225902_ddf9b651,19000538450,parfjumerija/novinki,USO PARIS,Vanilla Passion Flower,Парфюмерная вода,7380.0,7380.0,0.0,1,0.0,https://goldapple.ru/19000538450-uso-paris-vanilla-passion-flower/,https://goldapple.ru/parfjumerija/novinki?p=17,"Аромат запретного плода. Цветок искушения. Цветок маракуйи. Пассифлора — это цветки маракуйи, которую еще называют фруктом страсти. Вкусное искушение, которому хочется поддаться.","Распылите на пульсирующие зоны: запястья, шею, за ушами и внутреннюю сторону локтя. Избегайте контакта с одеждой. Для повышения стойкости рекомендуем наносить на хорошо увлажненную кожу.",Турция,17
328,2026-09-29T23:49:51.206810,20260929_225902_ddf9b651,19000538454,parfjumerija/novinki,USO PARIS,Colour Black Pepper Neroli,Парфюмерная вода,2178.0,2178.0,0.0,1,0.0,https://goldapple.ru/19000538454-uso-paris-colour-black-pepper-neroli/,https://goldapple.ru/parfjumerija/novinki?p=17,"Первый мужской аромат, созданный нравится женщинам. Огромный букет цветов, который вы несете на свидание. Для женщины мужчина с цветочным ароматом звучит очень привлекательно, словно он спешит на свидание к возлюбленной. Оригинальный и изысканный парфюм с пряным, теплым и цветочным характером. Идеально подходит для тех, кто любит пряные и древесные ароматы, тех, кто ищет теплые и притягательные ароматы, а также тех, кто любит амбру, черный перец и древесные ноты. Идеален для: любого времени суток, подчёркивая вашу индивидуальность.","Распылите на пульсирующие зоны: запястья, шею, за ушами и внутреннюю сторону локтя. Избегайте контакта с одеждой. Для повышения стойкости рекомендуем наносить на хорошо увлажненную кожу.",Турция,17
329,2026-09-29T23:50:00.921039,20260929_225902_ddf9b651,19000546704,parfjumerija/novinki,Laurent Mazzone,Citron Caviar,Парфюмерная вода,5440.0,5440.0,0.0,1,0.0,https://goldapple.ru/19000546704-laurent-mazzone-citron-caviar/,https://goldapple.ru/parfjumerija/novinki?p=17,"Освежающие, бодрящие ноты холодных цитрусов — лайма и апельсина, обрамлённые мятой, раскрывают нежное сердце композиции, сотканное из лепестков белых цветов с тонкими пудровыми нюансами. 
В шлейфе раскрывается подчёркнутая элегантность роскошной простоты ириса, где звенящая цитрусовая свежесть гармонично перекликается с цветочной нежностью и согревающим теплом амбры и пачули.","Распылите на пульсирующие зоны: запястья, шею, за ушами и внутреннюю сторону локтя. Избегайте контакта с одеждой. Для повышения стойкости рекомендуем наносить на хорошо увлажненную кожу.",Франция,17
330,2026-09-29T23:50:09.512516,20260929_225902_ddf9b651,19000538440,parfjumerija/novinki,USO PARIS,Colour Cherry Almond,Парфюмерная вода,2178.0,2178.0,0.0,1,0.0,https://goldapple.ru/19000538440-uso-paris-colour-cherry-almond/,https://goldapple.ru/parfjumerija/novinki?p=17,"Аромат столь же притягательный и дерзкий, как манящие красные губы. Вдохновением для парфюмера послужили глянцевая оболочка и сочная мякоть вишнёвых плодов — так родился аромат, вобравший в себя все оттенки вишни. Его можно назвать настоящим символом красного цвета — соблазнительным и ярким. USO COLOUR Cherry Almond — сладкий, тёплый и роскошный унисекс‑аромат, который особенно полюбился женщинам за нежную кремовую структуру. Это выбор для тех, кто ценит изысканные, оригинальные и запоминающиеся композиции. Если вы ищете сладкие и чувственные духи — обязательно попробуйте!","Распылите на пульсирующие зоны: запястья, шею, за ушами и внутреннюю сторону локтя. Избегайте контакта с одеждой. Для повышения стойкости рекомендуем наносить на хорошо увлажненную кожу.",Турция,17
331,2026-09-29T23:50:17.405671,20260929_225902_ddf9b651,19000538443,parfjumerija/novinki,USO PARIS,Colour White Tea Sandalwood,Парфюмерная вода,2178.0,2178.0,0.0,1,0.0,https://goldapple.ru/19000538443-uso-paris-colour-white-tea-sandalwood/,https://goldapple.ru/parfjumerija/novinki?p=17,"Сандаловая шкатулка, наполненная белым чаем, — драгоценный подарок из Индии. Аккорды майсурского сандала и белого чая создают изысканное сочетание: майсурский сандал считается самым дорогим сортом сандала в мире, а белый чай — редчайший сорт чая на планете. USO COLOUR White Tea Sandalwood — это роскошный, харизматичный и глубокий парфюм. Это мощный и яркий аромат, который создаёт утончённую и таинственную атмосферу за счёт интенсивных нот кожи, ладана и древесины. Он соблазнительный, таинственный и благородный — идеальный выбор для тех, кто ищет яркий и роскошный аромат, сочетающий классические и современные детали. Аромат будет прекрасным решением для любителей сильных, доминирующих и уверенных композиций. Если вы ищете фирменный парфюм с характером, вам обязательно стоит его попробовать! Он идеально подходит как для повседневного использования, так и для спокойных вечеров.","Распылите на пульсирующие зоны: запястья, шею, за ушами и внутреннюю сторону локтя. Избегайте контакта с одеждой. Для повышения стойкости рекомендуем наносить на хорошо увлажненную кожу.",Турция,17
332,2026-09-29T23:50:24.515113,20260929_225902_ddf9b651,19000538452,parfjumerija/novinki,USO PARIS,Amber Vanilla,Парфюмерная вода,7380.0,7380.0,0.0,1,0.0,https://goldapple.ru/19000538452-uso-paris-amber-vanilla/,https://goldapple.ru/parfjumerija/novinki?p=17,"Amber vanilla (АМБР ваниль) ваниль и амбра ароматное сокровище моря, амбра — это секрет кашалота, который стоит дороже золота из-за своей редкости. Аромат-аттрактант — вещество с соблазнительным запахом животного происхождения. Амбра обладает гипнотическим ароматом, на который сворачиваются шеи.","Распылите на пульсирующие зоны: запястья, шею, за ушами и внутреннюю сторону локтя. Избегайте контакта с одеждой. Для повышения стойкости рекомендуем наносить на хорошо увлажненную кожу.",Турция,17
333,2026-09-29T23:50:32.229474,20260929_225902_ddf9b651,19000538444,parfjumerija/novinki,USO PARIS,Cotton Candy Musk,Нет категории,7380.0,7380.0,0.0,1,0.0,https://goldapple.ru/19000538444-uso-paris-cotton-candy-musk/,https://goldapple.ru/parfjumerija/novinki?p=17,"Ароматное воспоминание из детства, аромат сладкой ваты. Моменты счастья родом из детства.","Распылите на пульсирующие зоны: запястья, шею, за ушами и внутреннюю сторону локтя. Избегайте контакта с одеждой. Для повышения стойкости рекомендуем наносить на хорошо увлажненную кожу.",Турция,17
334,2026-09-29T23:50:41.769347,20260929_225902_ddf9b651,19000546702,parfjumerija/novinki,Laurent Mazzone,Black oud,Нет категории,10800.0,10800.0,0.0,1,0.0,https://goldapple.ru/19000546702-laurent-mazzone-black-oud/,https://goldapple.ru/parfjumerija/novinki?p=17,"Духи Laurent Mazzone Black Oud представляют собой глубокий аромат, в котором переплетаются смолистые ноты агарового дерева, терпкость сандала и упоительные оттенки ладана. 
Композиция открывается пряной горчинкой тмина и мускатного ореха. В сердце раскрываются чувственные аккорды уда и лабданума, а шлейф наполнен ванильной сладостью, древесными нотами и притягательной амброй.","Распылите на пульсирующие зоны: запястья, шею, за ушами и внутреннюю сторону локтя. Избегайте контакта с одеждой. Для повышения стойкости рекомендуем наносить на хорошо увлажненную кожу.",Франция,17
335,2026-09-29T23:50:49.403944,20260929_225902_ddf9b651,19000538439,parfjumerija/novinki,USO PARIS,Colour Black Currant Raspberry,Парфюмерная вода,2178.0,2178.0,0.0,1,0.0,https://goldapple.ru/19000538439-uso-paris-colour-black-currant-raspberry/,https://goldapple.ru/parfjumerija/novinki?p=17,"Аромат коктейля аристократов под названием Kir Royal — черносмородиновый ликёр и шампанское. Воспоминание о лете. Аромат словно огромная тарелка спелых сочных фруктов и ягод, лежащих перед вами. Идеальный аромат от осеннего авитаминоза. Яркий, игривый и женственный — таким предстаёт аромат USO COLOUR Black Currant Raspberry. Аромат одновременно элегантный и впечатляющий, со сбалансированным сочетанием сладких специй, древесных нот и цветов. Это отличный вариант для тех, кто любит уверенные в себе, утончённые и привлекающие внимание ароматы. Если вы ищете фирменный парфюм, который одновременно тёплый и элегантный, его определённо стоит попробовать!","Распылите на пульсирующие зоны: запястья, шею, за ушами и внутреннюю сторону локтя. Избегайте контакта с одеждой. Для повышения стойкости рекомендуем наносить на хорошо увлажненную кожу.",Турция,17
336,2026-09-29T23:50:59.206780,20260929_225902_ddf9b651,19000538438,parfjumerija/novinki,USO PARIS,Apple Rose,Парфюмерная вода,7380.0,7380.0,0.0,1,0.0,https://goldapple.ru/19000538438-uso-paris-apple-rose/,https://goldapple.ru/parfjumerija/novinki?p=17,"Тонна роз, брошенных к вашим ногам. Огромный букет роз, собранных для единственной любимой. Ароматный подарок влюблённого мужчины.","Распылите на пульсирующие зоны: запястья, шею, за ушами и внутреннюю сторону локтя. Избегайте контакта с одеждой. Для повышения стойкости рекомендуем наносить на хорошо увлажненную кожу.",Турция,17
337,2026-09-29T23:51:09.080911,20260929_225902_ddf9b651,19000538447,parfjumerija/novinki,USO PARIS,Orchid Violet,Парфюмерная вода,7380.0,7380.0,0.0,1,0.0,https://goldapple.ru/19000538447-uso-paris-orchid-violet/,https://goldapple.ru/parfjumerija/novinki?p=17,"Аромат-загадка, которую хочется разгадывать. Образ «фам фаталь» — роковой красавицы. Образ загадочной женщины, такой же недоступной и редкой, как и орхидея. Женский образ в плаще и шляпе, как в голливудских фильмах 40-х.","Распылите на пульсирующие зоны: запястья, шею, за ушами и внутреннюю сторону локтя. Избегайте контакта с одеждой. Для повышения стойкости рекомендуем наносить на хорошо увлажненную кожу.",Турция,17
338,2026-09-29T23:51:16.940222,20260929_225902_ddf9b651,19000546706,parfjumerija/novinki,Laurent Mazzone,Pistache,Парфюмерная вода,5440.0,5440.0,0.0,1,4.7,https://goldapple.ru/19000546706-laurent-mazzone-pistache/,https://goldapple.ru/parfjumerija/novinki?p=17,"Pistache с первых нот раскрывает бархатистую, изысканную текстуру, даря обволакивающее, почти тактильное ощущение мягкости. Гурманские аккорды какао и кофе сплетаются в элегантный дуэт, привнося в композицию особую интенсивность и глубину. Ноты белых цветов создают яркий контраст, тонко уравновешивая нюансы обволакивающей обжарки, в то время как невесомое мускусное дыхание изящно завершает эту парфюмерную партитуру. Каждый нюанс аромата воспевает итальянское парфюмерное искусство в его самом благородном проявлении — создавая редкую, чувственную композицию на грани контролируемой силы и вечной сладости.","Распылите на пульсирующие зоны: запястья, шею, за ушами и внутреннюю сторону локтя. Избегайте контакта с одеждой. Для повышения стойкости рекомендуем наносить на хорошо увлажненную кожу.",Франция,17
339,2026-09-29T23:51:27.461722,20260929_225902_ddf9b651,19000538451,parfjumerija/novinki,USO PARIS,Watermelon Kiwi,Парфюмерная вода,7380.0,7380.0,0.0,1,0.0,https://goldapple.ru/19000538451-uso-paris-watermelon-kiwi/,https://goldapple.ru/parfjumerija/novinki?p=17,Освежающий арбуз и киви. Наслаждение смузи из арбуза и киви в жаркий день. Глоток свежести в жаркую погоду. Аромат желанной прохлады.,"Распылите на пульсирующие зоны: запястья, шею, за ушами и внутреннюю сторону локтя. Избегайте контакта с одеждой. Для повышения стойкости рекомендуем наносить на хорошо увлажненную кожу.",Турция,17
340,2026-09-29T23:51:36.621873,20260929_225902_ddf9b651,19000538446,parfjumerija/novinki,USO PARIS,Lilac Peach,Парфюмерная вода,7380.0,7380.0,0.0,1,0.0,https://goldapple.ru/19000538446-uso-paris-lilac-peach/,https://goldapple.ru/parfjumerija/novinki?p=17,Благородство во флаконе. Лилии изображали на гербах аристократы в средневековой Европе. Цветок лилии считается цветком французских королей. Аромат аристократической стати и благородства.,"Распылите на пульсирующие зоны: запястья, шею, за ушами и внутреннюю сторону локтя. Избегайте контакта с одеждой. Для повышения стойкости рекомендуем наносить на хорошо увлажненную кожу.",Турция,17
341,2026-09-29T23:51:59.025861,20260929_225902_ddf9b651,19000546152,parfjumerija/novinki,Lab Fragrance,Love affair,Духи,7110.0,7110.0,0.0,1,0.0,https://goldapple.ru/19000546152-lab-fragrance-love-affair/,https://goldapple.ru/parfjumerija/novinki?p=18,"Love Affair — чарующий аромат, окутанный атмосферой таинственности. Композиция открывается притягательными верхними нотами вишни, шафрана и даваны. В сердце сочетаются кожаные аккорды и ноты розы, придавая звучанию утончённость и интригующий характер. Тёплая древесная база соткана из нот миндаля, сандала и пачули, создавая ощущение комфорта, глубины и насыщенности. Парфюм воплощает притягательную силу чувств, окружая своего обладателя магнетической аурой и завораживающим очарованием.","Нанесите 1–2 распыления аромата на запястья, шею и точки пульса. Не растирайте — это может изменить звучание композиции. Позвольте аромату раскрыться естественно.",Россия,18
342,2026-09-29T23:52:08.916108,20260929_225902_ddf9b651,19000538449,parfjumerija/novinki,USO PARIS,Strawberry Raspberry,Парфюмерная вода,7380.0,7380.0,0.0,1,0.0,https://goldapple.ru/19000538449-uso-paris-strawberry-raspberry/,https://goldapple.ru/parfjumerija/novinki?p=18,Глоток коктейля клубнично-малиновый дайкири родом из Кубы.,"Распылите на пульсирующие зоны: запястья, шею, за ушами и внутреннюю сторону локтя. Избегайте контакта с одеждой. Для повышения стойкости рекомендуем наносить на хорошо увлажненную кожу.",Турция,18
343,2026-09-29T23:52:16.820917,20260929_225902_ddf9b651,19000546705,parfjumerija/novinki,Laurent Mazzone,Lavande noire,Нет категории,5440.0,5440.0,0.0,1,0.0,https://goldapple.ru/19000546705-laurent-mazzone-lavande-noire/,https://goldapple.ru/parfjumerija/novinki?p=18,"Lavande Noire переносит нас на побережье Французской Ривьеры под тёмно-синим ночным небом. Играя на контрасте света и тени, аромат сначала раскрывает сияющую травяную свежесть лаванды, а затем окутывает её сладость тёмными бальзамическими нюансами. В тёплом сердце композиции рождается успокаивающий эликсир, воплощающий истинное парфюмерное мастерство. Пленительный шлейф завершается древесной базой, усиленной ладаном и благородным аккордом рома, что придаёт звучанию современный и манящий характер.","Распылите на пульсирующие зоны: запястья, шею, за ушами и внутреннюю сторону локтя. Избегайте контакта с одеждой. Для повышения стойкости рекомендуем наносить на хорошо увлажненную кожу.",Франция,18
344,2026-09-29T23:52:25.318850,20260929_225902_ddf9b651,19000538456,parfjumerija/novinki,USO PARIS,Fruity Seaweed,Нет категории,7380.0,7380.0,0.0,1,0.0,https://goldapple.ru/19000538456-uso-paris-fruity-seaweed/,https://goldapple.ru/parfjumerija/novinki?p=18,"Атмосфера Кипра во флаконе. Ароматное путешествие на Кипр. Ароматы моря, цитрусовых и зелени, разлитые в воздухе.","Распылите на пульсирующие зоны: запястья, шею, за ушами и внутреннюю сторону локтя. Избегайте контакта с одеждой. Для повышения стойкости рекомендуем наносить на хорошо увлажненную кожу.",Турция,18
345,2026-09-29T23:52:35.659354,20260929_225902_ddf9b651,19000538458,parfjumerija/novinki,USO PARIS,Spicy Lavender,Парфюмерная вода,7380.0,7380.0,0.0,1,0.0,https://goldapple.ru/19000538458-uso-paris-spicy-lavender/,https://goldapple.ru/parfjumerija/novinki?p=18,"Умиротворяющий аромат леса после дождя. Фужерный аромат нашей коллекции. Искусственно воссоздающий аромат папоротника и леса после дождя. Он мгновенно стал мужской классикой, давшей начало целому новому направлению в парфюмерии — фужерному.","Распылите на пульсирующие зоны: запястья, шею, за ушами и внутреннюю сторону локтя. Избегайте контакта с одеждой. Для повышения стойкости рекомендуем наносить на хорошо увлажненную кожу.",Турция,18
346,2026-09-29T23:52:44.274690,20260929_225902_ddf9b651,19000538453,parfjumerija/novinki,USO PARIS,Colour Bergamot Mossy,Парфюмерная вода,2178.0,2178.0,0.0,1,0.0,https://goldapple.ru/19000538453-uso-paris-colour-bergamot-mossy/,https://goldapple.ru/parfjumerija/novinki?p=18,"Bergamot mossy — бергамот и дубовый мох. Солёный морской воздух, заточенный во флакон. Элегантная чистота для перфекциониста, который всегда одет с иголочки. Аромат мужской ухоженности, словно только что нанесли бальзам после бритья. Основу аромата составляют древесные и минеральные ноты. Эти ингредиенты придают аромату глубину и стойкость. Bergamot & Mossy — это, как правило, свежий и чистый парфюм, вдохновлённый морской тематикой. Свежие морские тона в верхних и средних нотах придают аромату энергичное и свежее начало, а древесные и минеральные компоненты в базовых нотах — основательность и изысканную глубину. Парфюм подходит как для дневного, так и для ночного использования и особенно популярен в жаркие летние месяцы. Его стойкость довольно высока, а шлейф также силён, что гарантирует, что парфюм оставит заметный след в вашем окружении. Это идеальный выбор для тех, кто ищет насыщенный, свежий и глубокий парфюм. Это идеальный выбор для тех, кто ищет свежий и прохладный парфюм с морской тематикой. Идеален для: деловых встреч, прогулок и вечерних мероприятий.","Распылите на пульсирующие зоны: запястья, шею, за ушами и внутреннюю сторону локтя. Избегайте контакта с одеждой. Для повышения стойкости рекомендуем наносить на хорошо увлажненную кожу.",Турция,18
347,2026-09-29T23:52:52.159674,20260929_225902_ddf9b651,19000551469,parfjumerija/novinki,La Sultane de Saba,rose,парфюмерная вода,20250.0,20250.0,0.0,1,0.0,https://goldapple.ru/19000551469-la-sultane-de-saba-rose/,https://goldapple.ru/parfjumerija/novinki?p=18,"В лучезарной вспышке света, в самом сердце долины, бесконечно покрытой цветущими розами, рождается исключительный аромат. Нежный ветерок дрейфует по лепесткам, все еще поцелованным утренней росой, оставляя на коже чистые, почти неземные эмоции. В этой новой парфюмерной воде La Sultane de Saba воплощает саму суть женственности: утонченную, сильную и незабываемую. В центре композиции — цветущая роза. Ее подчёркивают изысканные гурманские ноты мёда и карамели, которые придают аромату особую притягательность и создают эффект зависимости. Аромат гурманский, амбровый, пудровый, фруктовый. Обращаем внимание, дизайн флакона может отличаться от фото в интернет-магазине.","Нанесите на кожу, одежду или распылите в воздухе для равномерного распределения аромата. Избегайте попадания в глаза.
При попадании промойте глаза водой.",Франция,18
348,2026-09-29T23:53:05.213940,20260929_225902_ddf9b651,19000493331,parfjumerija/novinki,Clive Christian,Strange Heavens Out Of The Blue,Экстракт,56347.0,56347.0,0.0,0,5.0,https://goldapple.ru/19000493331-clive-christian-strange-heavens-out-of-the-blue/,https://goldapple.ru/parfjumerija/novinki?p=18,"Смелый по своей концепции, Strange Heavens Out Of The Blue занимает особое место в линии Addictive Arts от Clive Christian, выражая гурманско-цветочный стиль, в котором сочетаются теплота и сложность. Парфюмерный экстракт открывается ярким взаимодействием кофе и аниса, которое сменяется сияющим цветочным ядром на основе жасмина и цветка апельсина, дополненным фирменным аккордом Addictive Fusion. Базовые ноты склоняются к более богатой, гурманской палитре, где абсолют какао и ванильная карамель смешиваются с дымной базой, которая остается глубокой и выразительной. Этот переход от пряно-ароматических к сливочно-гурманским элементам создает многослойное ощущение на коже, которое одновременно роскошно, но не чрезмерно. Аромат Strange Heavens Out Of The Blue воплощает современные тенденции в парфюмерии, сохраняя при этом философию дома, основанную на мастерстве и смелости, предлагая выразительный аромат, который подойдет тем, кто ищет глубину и утонченный гурманский характер.","Нанесите небольшое количество на пульсирующие зоны, такие как запястья, шея, за ушами и внутренняя сторона локтя. Не наносите на одежду, чтобы избежать пятен.",Великобритания,18
349,2026-09-29T23:53:16.974755,20260929_225902_ddf9b651,19000523544,parfjumerija/novinki,Maison Francis Kurkdjian,A LA ROSE,Парфюмированная свеча,8025.0,8025.0,0.0,0,5.0,https://goldapple.ru/19000523544-maison-francis-kurkdjian-a-la-rose/,https://goldapple.ru/parfjumerija/novinki?p=18,"Обволакивающая и воздушная парфюмированная свеча À la rose — это ода женственности. Вдохновленный розой Сентифолией и Дамасской розой, ее цветочно-мускусный аромат воплощает элегантность сияющей женственности и чувственности. Создана из французского минерально-растительного воска с хлопковым фитилем, превосходно передающим ее ароматические свойства и обеспечивающим оптимальное время горения 55 часов.","Подожгите фитиль свечи. 
Следите за тем, чтобы свеча не опрокинулась и рядом не находились легковоспламеняющиеся предметы.",Франция,18
350,2026-09-29T23:53:29.124428,20260929_225902_ddf9b651,19000541793,parfjumerija/novinki,L'Artisan Parfumeur,DISCOVERY SET,Набор миниатюр парфюмерной воды,7882.0,7882.0,0.0,0,5.0,https://goldapple.ru/19000541793-l-artisan-parfumeur-discovery-set/,https://goldapple.ru/parfjumerija/novinki?p=18,"Этот набор — идеальное приглашение в знаменитую коллекцию бренда: он позволит найти свой уникальный аромат или дополнить уже существующую коллекцию новыми гранями. Каждый флакон повторяет форму культовых полноразмерных ароматов. В набор вошли шесть невероятных бестселлеров: «Mure & musc extreme» — фруктово‑мускусный аромат с сочным акцентом ежевики и чёрной смородины в сердце, смягчённый чувственным белым мускусом в базе. «Passage d’enfer extreme» — древесный аромат с дымным ладаном, цветущим жасмином и белой лилией, завершённый кремовым сандалом и ванилью. «Memoire de roses» — цветочно‑цитрусовая композиция с искрящейся нотой мандарина и бергамота в старте, раскрывающаяся нежным сердцем из розы и белого мускуса в шлейфе. «A Fleur de Peche» — цветочно‑древесный аромат, вдохновлённый роскошью королевского сада Версаля, с сочным персиком, красными ягодами, нотой ветивера и пачули. «Il etait un bois» — древесный унисекс‑аромат, передающий атмосферу спокойной лесной прогулки: розовый перец и грейпфрут в старте, ветивер и гречиха в сердце, кедр и мускус в базе. «Histoire d’orangers extreme» — яркий, солнечный аромат: освежающие ноты нероли и бергамота переходят в цветочное сердце из жасмина и цветов апельсинового дерева с оттенком мёда, а затем — в тёплый шлейф из мускуса и амброксана. состав набора — Парфюмерная вода «Mure & musc extreme», 5 мл — Парфюмерная вода «Passage d’enfer extreme», 5 мл — Парфюмерная вода «Memoire de roses», 5 мл — Парфюмерная вода «A fleur de peche», 5 мл — Парфюмерная вода «Il etait un bois», 5 м — Парфюмерная вода «Histoire d’orangers extreme», 5 мл","Нанести на кожу, избегая попадания в глаза. Для более полного раскрытия аромата рекомендуется нанести его на точки пульса: на шее, в зоне декольте и запястьях.",Франция,18
351,2026-09-29T23:53:38.756791,20260929_225902_ddf9b651,19000512099,parfjumerija/novinki,Pernoire,Yuma,Экстракт духов,25075.0,25075.0,0.0,0,0.0,https://goldapple.ru/19000512099-pernoire-yuma/,https://goldapple.ru/parfjumerija/novinki?p=18,"Аромат Yuma словно ольфакторное путешествие по гористой местности: вы проделали путь от подножия гор к самой вершине, чтобы найти сокровище — белый эдельвейс, символ любви, стойкости и недоступности. Композиция раскрывается стремительно и ярко: слепящие, как горное солнце, цитрусовые аккорды юзу и бергамота в сочетании с двумя сортами мяты подобны стакану желанного охлаждающего мохито в летний зной. Альпийский бриз высокогорья с оттенками пряного имбиря является сердцем аромата. В базовых нотах — глубокий землисто‑сладкий аромат сухой амбры, ветивера и пачули: он выражает непоколебимость горных массивов. Аромат, которым движет любовь: любые вершины покоряются тем, кто идёт вперёд за мечтой.","Нанесите 1–2 распыления аромата на запястья, шею и точки пульса. Не растирайте — это может изменить звучание композиции. Позвольте аромату раскрыться естественно.",Швейцария,18
352,2026-09-29T23:53:51.228365,20260929_225902_ddf9b651,19000522399,parfjumerija/novinki,Acqua di Parma,BLU MEDITERRANEO BERGAMOTTO DI CALABRIA,Туалетная вода,11680.0,11680.0,0.0,0,0.0,https://goldapple.ru/19000522399-acqua-di-parma-blu-mediterraneo-bergamotto-di-calabria/,https://goldapple.ru/parfjumerija/novinki?p=18,"Калабрийская земля. Необычайно богатая. Только здесь произрастает самый изысканный сорт бергамота DOP (обозначает подлинность компонента). Его искрящиеся ноты раскрываются в начале аромата, украшенного свежестью цитрона. Фруктово-цветочные оттенки бергамота ярко звучат в сердце аромата вместе с красным имбирем и кедром. В шлейфе аромата — неподражаемое сочетание ветивера, бензоиновых смол и чарующего мускуса.","Небольшое количество нанести на тело, избегая попадания в глаза.",Италия,18
353,2026-09-29T23:54:04.956771,20260929_225902_ddf9b651,19000509962,parfjumerija/novinki,ESSENTIAL PARFUMS PARIS,AMBRE LATTE by Jordi Fernández,Нет категории,10053.0,10053.0,0.0,0,4.8,https://goldapple.ru/19000509962-essential-parfums-paris/,https://goldapple.ru/parfjumerija/novinki?p=18,"Парфюмер – Jordi Fernández. «Я задумал AMBRE LATTE как гипнотическую передозировку моих любимых амбровых древесных нот, окутанных восхитительным вихрем миндального молока. Карамель, тонка, ваниль и бензоин создают сливочную дымку, которая придает амбровой структуре притягательную и незабываемую подпись. Аромат, который притягивает… и удерживает рядом». AMBRE LATTE — исследование нео-гурманского направления и древесно-амбрового звучания. Ноты Georgywood, Ambrofix и Akigalawood вместе с эссенциями сандала и гваякового дерева оттеняются гурманскими акцентами в виде аккордов миндального латте и карамели, абсолюта обжаренных бобов тонка, натурального ванилина из риса, бензоина и белого мускуса. Это сочетание делает композицию не слишком сладкой и создает неотразимое впечатление. Создатели парфюмерной воды ESSENTIAL PARFUMS выбирают натуральные, экологически чистые материалы и стремятся снизить воздействие на окружающую среду. Композиция включает компоненты с сертификатом Orpur — знак высочайшего качества, прослеживаемости и ответственного подбора сырья. Флакон парфюмерной воды подходит для многоразового использования, и его можно пополнять из рефила.","Флакон парфюмерной воды подходит для многоразового использования, и его можно пополнять из рефила. Для пополнения выполните следующие шаги: Снимите защитную крышку с флакона. Присоедините рефил к флакону. Нажмите на рефил, чтобы перенести содержимое во флакон. Убедитесь, что флакон закрыт плотно после пополнения.",Франция,18
354,2026-09-29T23:54:18.989101,20260929_225902_ddf9b651,19000495948,parfjumerija/novinki,Byredo,Alto Astral,Нет категории,33192.0,33192.0,0.0,0,4.8,https://goldapple.ru/19000495948-byredo-alto-astral/,https://goldapple.ru/parfjumerija/novinki?p=18,"Alto Astral – это чувство радости, оптимизма и позитива, которое вдохновляет всех вокруг и пронизывает природу и культуру. Открываясь захватывающей нотой кокоса, смешанной с ярким альдегидом, аромат раскрывается насыщенным фруктовым звучанием, которое динамично сочетает свежесть с притягательностью, создавая искрящийся гурманский опыт. Сердце аромата – ладан, лепестки жасмина и молочный мускус – усиливает аромат, а затем переходит в базу из сандала, кашемирового дерева и солёной амбры, которая заземляет аромат, оставляя после себя шлейф позитивной энергии.",Нанести на пульсирующие точки.,Испания,18
355,2026-09-29T23:54:32.860105,20260929_225902_ddf9b651,19000511482,parfjumerija/novinki,CASAMORATI,1888 TEMPIO D'ACQUA,Парфюмерная вода,11687.0,11687.0,0.0,0,4.8,https://goldapple.ru/19000511482-casamorati-1888-tempio-d-acqua/,https://goldapple.ru/parfjumerija/novinki?p=18,"На холмах недалеко от Пармы, Италия, расположен природный спа-комплекс, являющийся архитектурным шедевром. Он был создан, чтобы соединить человека с целебными свойствами природы и напомнить о её изобилии и красоте. 
Изображения цветущей флоры и фауны, переплетённые с образами греческих богинь, украшают внутренние стены, создавая гармоничное сочетание ар-нуво, ар-деко и дальневосточных влияний.","Распылите на пульсирующие зоны: запястья, шею, за ушами и внутреннюю сторону локтя. Избегайте контакта с одеждой. Для повышения стойкости рекомендуем наносить на хорошо увлажненную кожу.",Италия,18
356,2026-09-29T23:54:45.270340,20260929_225902_ddf9b651,19000503934,parfjumerija/novinki,Liquides Imaginaires,Âme de Fleur,Парфюмерная вода,21690.0,21690.0,0.0,0,4.7,https://goldapple.ru/19000503934-liquides-imaginaires-ame-de-fleur/,https://goldapple.ru/parfjumerija/novinki?p=18,"Âme de Fleur переводится с французского как «душа цветка». Созданный из слез Афродиты, этот аромат переосмысливает цветок анемоны, символ вечной любви, желания и преображения. Анемоны прячутся на ночь, складывая лепестки конвертом, а утром, с восходом солнца, вновь раскрываются, демонстрируя миру свою нежность. В сердце композиции тубероза, самый наркотический и опьяняющий цветок, соединяется с анималистичным и роскошным жасмином. Сухая и зеленая нота мате дополняет обволакивающие лактонные белые цветы. Древесная база из нот Clearwood, Ambrox и кашемирового дерева придает характер и глубину этому сияющему творению. Парфюмерная вода Liquides Imaginaires превращает безмолвный язык цветов в поэтичную цветочную композицию, в которой мифология встречается с современной чувственностью.",Распылите с расстояния 20-30 см.,Италия,18
357,2026-09-29T23:54:58.563547,20260929_225902_ddf9b651,19000526388,parfjumerija/novinki,Loewe,Miniature set,Набор миниатюр,11870.0,11870.0,0.0,0,5.0,https://goldapple.ru/19000526388-loewe-travel-set/,https://goldapple.ru/parfjumerija/novinki?p=18,"Погрузитесь в чарующую коллекцию LOEWE Landscape— серию ароматов, вдохновлённую природой и испанским происхождением Дома LOEWE. Набор миниатюр включает пять ароматов для неё и для него в удобных флаконах объемом 7 мл, представленных в фирменной монохромной подарочной коробке LOEWE. Идеальный выбор для подарка, путешествий, обновления аромата в течение дня или знакомства с новыми парфюмерными композициями. В набор входят: — Парфюмерная вода LOEWE Esencia — выразительный и характерный аромат с нотами базилика, эстрагона и красного перца. — Туалетная вода LOEWE Aire Sutileza — цветочный аромат, вдохновлённый стихией воздуха, с нотами жасмина, ландыша и груши, воплощающий лёгкость и утончённость. — Парфюмерная вода LOEWE Solo Ella — аромат заката во флаконе, сочетающий белую древесину, красное яблоко и нероли. — Парфюмерная вода LOEWE 001 Woman — свежий аромат с нотами льна, мускуса и жасмина, излучающий естественную уверенность. — Парфюмерная вода LOEWE 001 Man — чувственная композиция с нотами мускуса, кипариса и семян моркови. Этот набор миниатюр станет идеальным способом исследовать, тестировать, сочетать ароматы между собой и открывать для себя новые грани коллекции LOEWE Landscape. Наносите аромат непосредственно на кожу кончиками пальцев и создавайте своё уникальное парфюмерное настроение каждый день.","Небольшое количество нанести на тело, избегая попадания в глаза.",Испания,18
358,2026-09-29T23:55:11.031227,20260929_225902_ddf9b651,19000537700,parfjumerija/novinki,AROMATONIX,Tobacco & Vanilla,Ароматический спрей,180.0,180.0,0.0,0,0.0,https://goldapple.ru/19000537700-aromatonix-tobacco-vanilla/,https://goldapple.ru/parfjumerija/novinki?p=18,"Изысканный аромат цветков табака и душистого табачного листа с нотами ванили, бобов тонка и какао.","Распылять с расстояния около 30 см.
Используйте его для постельного белья и подушек, штор и полотенец, для одежды, в любой комнате, в офисе, в салоне автомобиля, дома или в путешествиях.",Россия,18
359,2026-09-29T23:55:23.852796,20260929_225902_ddf9b651,19000537699,parfjumerija/novinki,AROMATONIX,Pomegranate noir,Ароматический спрей,180.0,180.0,0.0,0,0.0,https://goldapple.ru/19000537699-aromatonix-pomegranate-noir/,https://goldapple.ru/parfjumerija/novinki?p=18,"Освежающий, водный аромат граната в сочетании с нотами клюквы, сочной груши, яблока, листьев, древесными оттенками и сухофруктами.","Распылять с расстояния около 30 см.
Используйте его для постельного белья и подушек, штор и полотенец, для одежды, в любой комнате, в офисе, в салоне автомобиля, дома или в путешествиях.",Россия,18
360,2026-09-29T23:55:32.942817,20260929_225902_ddf9b651,19000537698,parfjumerija/novinki,AROMATONIX,Bamboo & Coconut milk,Ароматический спрей,180.0,180.0,0.0,0,0.0,https://goldapple.ru/19000537698-aromatonix-bamboo-coconut-milk/,https://goldapple.ru/parfjumerija/novinki?p=18,"Освежающий аромат бамбука в сочетании с роскошными кремовыми нотами кокосового молока, насыщенный оттенками дыни, винограда и персика. В основе свежесть морских нот, древесные оттенки и сухоцвет.","Распылять с расстояния около 30 см.
Используйте его для постельного белья и подушек, штор и полотенец, для одежды, в любой комнате, в офисе, в салоне автомобиля, дома или в путешествиях.",Россия,18
361,2026-09-29T23:55:52.006273,20260929_225902_ddf9b651,19000537927,parfjumerija/novinki,EX NIHILO,Demon Dancer,Парфюмерная вода,28908.0,28908.0,0.0,0,5.0,https://goldapple.ru/19000537927-ex-nihilo-demon-dancer/,https://goldapple.ru/parfjumerija/novinki?p=19,"Demon Dancer — парфюмерная вода с ярким, контрастным характером: свежая и почти колкая в начале, она постепенно становится мягче, теплее и глубже. Красный апельсин, бергамот, ревень и перечная мята дают энергичное цитрусово-зеленое звучание с легкой терпкостью. Цветок апельсина и черная смородина смягчают старт и добавляют композиции объема. По мере раскрытия на первый план выходят Akigalawood и Georgywood — сухие современные древесные ноты, которые делают аромат более собранным. Ambrofix, бобы тонка и мускус добавляют тепла и чистой мягкости, связывая свежие акценты с плотной базой. В итоге аромат остается выразительным, но не тяжелым. Он хорошо меняется на коже: от бодрого цитрусово-зеленого начала к теплому древесно-мускусному шлейфу. Подойдет тем, кто любит заметные, современные композиции с характером и постепенным раскрытием.",Распылите на пульсирующие точки: запястья и шею. Не растирайте кожу после нанесения; дайте аромату раскрыться естественно.,Франция,19
362,2026-09-29T23:56:03.340959,20260929_225902_ddf9b651,19000528291,parfjumerija/novinki,Laurent Mazzone,Lineam,Духи,17520.0,17520.0,0.0,0,5.0,https://goldapple.ru/19000528291-laurent-mazzone-lineam/,https://goldapple.ru/parfjumerija/novinki?p=19,"Новый гурманский аромат Lineam – это ольфакторное воплощение безудержного ночного веселья в парке аттракционов, вы погружаетесь в атмосферу, наполненную весельем, приключениями и адреналином. Многогранный аромат, построенный вокруг нот попкорна и коньяка, рассказывает о кураже, который ждет вас этой ночью!","Нанесите 1–2 распыления аромата на запястья, шею и точки пульса. Не растирайте — это может изменить звучание композиции. Позвольте аромату раскрыться естественно.",Франция,19
363,2026-09-29T23:56:14.064762,20260929_225902_ddf9b651,19000541794,parfjumerija/novinki,L'Artisan Parfumeur,Iris de gris,Нет категории,17850.0,17850.0,0.0,0,0.0,https://goldapple.ru/19000541794-l-artisan-parfumeur-iris-de-gris/,https://goldapple.ru/parfjumerija/novinki?p=19,"Отдавая дань новаторскому духу Жана Лапорта, создавшего в 1978 году L’Eau de Céleri, L’Artisan Parfumeur представляет коллекцию Le Potager, вдохновлённую огородными культурами. Ароматы отражают стремление к простоте и естественности, сохраняя французские традиции — от королевского огорода в Версале до растительной гастрономии Алена Пассара. Iris de Gris — это гимн зелени. Аромат рождается из детского воспоминания парфюмера Квентина Биша: летний день, деревенский огород, соревнование с братом — кто быстрее налущит стручков душистого горошка. Этот миг чистой радости застыл в парфюмерной композиции. Композиция открывается свежим аккордом зелёного горошка в объятиях смолистого гальбанума, напоминающего запах скошенной травы и влажной листвы. Прохладная мята и искристый красный апельсин добавляют цитрусовую лёгкость. В сердце — ирис: не сладкий, а пудровый, землистый, с лёгким морковным оттенком. Он окутывает зелёную мелодию вуалью элегантности, превращая огородную свежесть в истинное парфюмерное откровение. В базе звучит амброксан, оставляющий тёплый изысканный шлейф. Это аромат для ценителей необычных зелёных композиций. Живой и утончённый, он дарит ощущение прикосновения к природе, деревенского лета, глотка свежего воздуха после дождя.","Нанести на кожу, избегая попадания в глаза. Для более полного раскрытия аромата рекомендуется нанести его на точки пульса: на шее, в зоне декольте и запястьях.",Франция,19
364,2026-09-29T23:56:26.343593,20260929_225902_ddf9b651,19000546701,parfjumerija/novinki,Laurent Mazzone,Lineam,Парфюмерная вода,8400.0,8400.0,0.0,0,0.0,https://goldapple.ru/19000546701-laurent-mazzone-lineam/,https://goldapple.ru/parfjumerija/novinki?p=19,"Новый гурманский аромат Lineam — это ольфакторное воплощение безудержного ночного веселья в парке аттракционов. С ним вы погружаетесь в атмосферу, наполненную радостью, приключениями и адреналином. Многогранная композиция, построенная вокруг нот попкорна и коньяка, рассказывает о кураже, который ждёт вас этой ночью!","Распылите на пульсирующие зоны: запястья, шею, за ушами и внутреннюю сторону локтя. Избегайте контакта с одеждой. Для повышения стойкости рекомендуем наносить на хорошо увлажненную кожу.",Франция,19
365,2026-09-29T23:56:35.077126,20260929_225902_ddf9b651,19000537701,parfjumerija/novinki,AROMATONIX,Wild hibiscus sparkle,Ароматический спрей,180.0,180.0,0.0,0,0.0,https://goldapple.ru/19000537701-aromatonix-wild-hibiscus-sparkle/,https://goldapple.ru/parfjumerija/novinki?p=19,"Веселая, искрящаяся и опьяняющая шипучка с оттенками пудры, розового гибискуса и лесных фруктов.","Распылять с расстояния около 30 см.
Используйте его для постельного белья и подушек, штор и полотенец, для одежды, в любой комнате, в офисе, в салоне автомобиля, дома или в путешествиях.",Россия,19
366,2026-10-03T13:45:36.011616,20261003_134506_41750a02,19000522107,parfjumerija/novinki,L'atelier parfum,MATCHA CREME,парфюмерная вода,7853.0,7853.0,0.0,1,4.8,https://goldapple.ru/19000522107-l-atelier-parfum/,https://goldapple.ru/parfjumerija/novinki,"Аромат L'ATELIER PARFUM — потерянный миг между пробуждением и восторгом, шепот сладких тайн. Он вызывает тихое притяжение, когда свежесть зелени превращается в сливочное наслаждение. Нота матчи подчеркивается аккордом молочной пенки, смешивается с фисташковым кремом, а затем согревается нежным, обволакивающим сандалом. Каждый «глоток» этого аромата тает на коже, а его шлейф дарит мягкое и захватывающее ощущение, которое хочется испытать снова и снова. Парфюмер — Clément Marx.","Распылите на пульсирующие зоны: запястья, шею, за ушами и внутреннюю сторону локтя. Избегайте контакта с одеждой. Для повышения стойкости рекомендуем наносить на хорошо увлажненную кожу.",Франция,1
367,2026-10-03T13:45:44.851739,20261003_134506_41750a02,19000522104,parfjumerija/novinki,Penhaligon's,CHANGING CONSTANCE INTENSE,Нет категории,43100.0,43100.0,0.0,1,0.0,https://goldapple.ru/19000522104-penhaligon-s-changing-constance-intense/,https://goldapple.ru/parfjumerija/novinki,"Констанс, сестра влиятельной леди Бланш, гордо носит звание «современной женщины». Её отличают острый ум, дерзкий дух и смелость выходить за рамки ограничений, которые накладывает общество. Она – хозяйка своей судьбы. Интенсивное звучание аромата Penhaligon’s соответствует бунтарскому характеру Констанс, готовой нарушать правила и стремиться к свободе. В насыщенной парфюмерной композиции встречаются дерзкая нота перца пименто, мягкий аккорд солёной карамели, намекающий на доброе сердце, и утончённый шафран.",Распылите с расстояния 20-30 см.,Испания,1
368,2026-10-03T13:45:51.958529,20261003_134506_41750a02,19000527655,parfjumerija/novinki,Penhaligon's,THE COVETED DUCHESS ROSE INTENSE,Парфюмерная вода,43100.0,43100.0,0.0,1,0.0,https://goldapple.ru/19000527655-penhaligon-s-the-coveted-duchess-rose-intense/,https://goldapple.ru/parfjumerija/novinki,"Герцогиней всегда восхищались. Теперь её желают. В интенсивной парфюмерной композиции THE COVETED DUCHESS ROSE EAU DE PARFUM INTENSE раскрывается более тёмная, чувственная роза, окутанная насыщенной ванилью и золотистым сиянием амбры. Героиня этой парфюмерной истории Penhaligon's — Роуз. Чтобы вырваться из-под гнета семьи, она поспешно вышла замуж за герцога. Но страсть угасла, на смену ей пришла скука. Желая большего, герцогиня ищет острых ощущений. Теперь она пишет тайные послания, оставляя на них соблазнительный аромат розы, амбры и ванили. Но стоит быть осторожнее: у этой розы есть шипы. Эта парфюмерная вода Penhaligon's — более насыщенная версия аромата THE COVETED DUCHESS ROSE, переосмысленная в более глубоких и темных тонах.",Распылите с расстояния 20-30 см.,Испания,1
369,2026-10-03T13:46:11.824080,20261003_134506_41750a02,19000522114,parfjumerija/novinki,Penhaligon's,THE BLAZING MISTER SAM INTENSE,парфюмерная вода,43100.0,43100.0,0.0,1,0.0,https://goldapple.ru/19000522114-penhaligon-s-the-blazing-mister-sam-intense/,https://goldapple.ru/parfjumerija/novinki?p=2,"Американец в Лондоне, Сэм тратит деньги без ограничений, живёт быстро и говорит громко. Перебор? Вполне возможно. И всё же его присутствие очаровывает, а разговор с ним — захватывает. Он обезоруживающе харизматичен. Аромат Penhaligon’s с интенсивным звучанием — идеальный выбор для обаятельного смельчака. Тёплый, притягательный и глубокий — в этом насыщенном аромате переплетаются соблазнительные ноты сливового ликёра и табака, дополненные чувственным аккордом кожи.",Распылите с расстояния 20-30 см.,Испания,2
370,2026-10-03T13:46:21.077434,20261003_134506_41750a02,19000523891,parfjumerija/novinki,MIXIT,Perfume Diary Page 116,парфюмерная вода,2250.0,2250.0,0.0,1,4.7,https://goldapple.ru/19000523891-mixit-perfume-diary-page-116/,https://goldapple.ru/parfjumerija/novinki?p=2,"Тёплый вечер, апельсиновые деревья, медленный шаг по камню. Город живёт в своём ритме – и ты вдруг попадаешь в него. Здесь приходит уверенность: ничего не нужно ускорять. Достаточно просто позволить. Ноты аромата: вишня, кокос, ананас, взбитые сливки, ваниль, мускус, бобы тонка.","Распылите парфюмерную воду на чистую кожу, держа флакон на расстоянии 10-15 см. Рекомендуется наносить на точки пульса: шею, запястья, зону за ушами или сгибы локтей. Не растирайте аромат после нанесения — дайте ему раскрыться естественным образом.",Китай (китайская народная республика),2
371,2026-10-03T13:46:40.063022,20261003_134506_41750a02,19000522119,parfjumerija/novinki,L'atelier parfum,TRIPLE BLACK VANILLA,парфюмерная вода,7853.0,7853.0,0.0,1,5.0,https://goldapple.ru/19000522119-l-atelier-parfum/,https://goldapple.ru/parfjumerija/novinki?p=3,"Аромат L'ATELIER PARFUM — переход от уверенности к власти. Он уводит в тень прежде, чем вы успеваете это осознать. По коже пробегает дрожь силы. Глубокая, чувственная и притягательная композиция строится вокруг соблазнительной ноты ванили, которая главенствует над ночью. Пока темный ром опьяняет, черный перец искрится на обнаженной коже. Каждый вздох привлекает внимание, а каждая нота этого аромата манит за собой или заставляет сдаться. Парфюмер — Clément Marx.","Распылите на пульсирующие зоны: запястья, шею, за ушами и внутреннюю сторону локтя. Избегайте контакта с одеждой. Для повышения стойкости рекомендуем наносить на хорошо увлажненную кожу.",Франция,3
372,2026-10-03T13:46:48.735281,20261003_134506_41750a02,19000522110,parfjumerija/novinki,L'atelier parfum,RED HOT VANILLA,парфюмерная вода,7853.0,7853.0,0.0,1,5.0,https://goldapple.ru/19000522110-l-atelier-parfum/,https://goldapple.ru/parfjumerija/novinki?p=3,"Аромат L'ATELIER PARFUM — страсть и дерзость, которая разжигает удовольствие вплоть до запретного. Это момент, когда наслаждение становится непреодолимым, а кожа загорается без предупреждения. Композиция строится вокруг главной ноты ванили, которая не остается робкой, а зажигает, бросает вызов и заигрывает с запретным. Ваниль становится ещё более провокационной благодаря сочетанию амбры и шафрана, вызывая трепет. Каждая нота отражает жгучее желание: дерзкий смех в ночи, дрожь соблазна, перед которым невозможно устоять, и дыхание огня на коже. Парфюмер — Rémi Bernier.","Распылите на пульсирующие зоны: запястья, шею, за ушами и внутреннюю сторону локтя. Избегайте контакта с одеждой. Для повышения стойкости рекомендуем наносить на хорошо увлажненную кожу.",Франция,3
373,2026-10-03T13:46:56.443288,20261003_134506_41750a02,19000522113,parfjumerija/novinki,L'atelier parfum,SAKURA KISS,Нет категории,7853.0,7853.0,0.0,1,0.0,https://goldapple.ru/19000522113-l-atelier-parfum/,https://goldapple.ru/parfjumerija/novinki?p=3,"Аромат L'ATELIER PARFUM — сияние тысячи поцелуев из лепестков, вихрь нежного и воздушного цветения. Тот самый незабываемый момент, когда город превращается в сад, а каждый вздох ощущается как прилив весны. Цветочные лепестки кружатся в воздухе, касаясь кожи, в самом сердце Токио. Над крышами домов распускаются сакуры, их розовые лепестки развеваются на городском ветру. Нота яркой вишни пробуждает чувства, а нежный мускус окутывает каждое дуновение шлейфа своей притягательной мягкостью. Парфюмер — Serge De Oliveira.","Распылите на пульсирующие зоны: запястья, шею, за ушами и внутреннюю сторону локтя. Избегайте контакта с одеждой. Для повышения стойкости рекомендуем наносить на хорошо увлажненную кожу.",Франция,3
374,2026-10-03T13:47:29.726660,20261003_134506_41750a02,19000529963,parfjumerija/novinki,MATIERE PREMIERE,Metal lavender,Парфюмерная вода,34650.0,34650.0,0.0,1,5.0,https://goldapple.ru/19000529963-matiere-premiere-metal-lavender/,https://goldapple.ru/parfjumerija/novinki?p=5,"Используя радикальный подход, основатель и парфюмер Aurélien Guichard создаёт современный аромат лаванды. Объёмный. Комфортный. Аромат, который хочется носить. В новой парфюмерной воде Metal lavender сочетаются два вида лаванды: лавандин с яркими металлическими оттенками, выращенный специально для Matière Premiere на собственных эко‑сертифицированных полях парфюмера в регионе Грасс, и органическая лаванда, мягкая и цветочная, из Верхнего Прованса. Усиленный нотами мускуса и кашмерана, аромат оставляет лёгкий, обволакивающий шлейф.","Распылите на пульсирующие зоны: запястья, шею, за ушами и внутреннюю сторону локтя. Избегайте контакта с одеждой. Для повышения стойкости рекомендуем наносить на хорошо увлажненную кожу.",Франция,5
375,2026-10-03T13:47:50.176135,20261003_134506_41750a02,19000522103,parfjumerija/novinki,RABANNE,1 million black,Парфюмерная вода,13166.0,13166.0,0.0,1,4.2,https://goldapple.ru/19000522103-rabanne-1-million-black/,https://goldapple.ru/parfjumerija/novinki?p=6,"1 MILLION BLACK ОТ RABANNE. Секунда на соблазнение. 48 часов абсолютной стойкости. Новая парфюмерная вода 1 Million Black – смелое переосмысление легендарного мужского аромата 1 Million. Мгновенное притяжение с первых нот. Эффект, перед которым невозможно устоять. Сексуальный, интенсивный, обволакивающий шлейф до 48 часов. Композиция 1 Million Black раскрывается ярким контрастом свежести, сладости и древесной силы. Энергичный старт задает сочетание тропического дуэта сочного ананаса и красного апельсина. В сердце — тройная доза ванили с кокосом: олицетворение кремового, томного соблазна. Базовые ноты эбенового дерева добавляют магнетическую, мощную глубину, обеспечивая шлейф и стойкость до 48 часов. Узнаваемая форма слитка предстает в новом черном воплощении, дерзко заявляя об интенсивности звучания. А золотая цифра «1» на флаконе – символ тех, кто не следует трендам, а задает их.","Распылите на пульсирующие зоны: запястья, шею, за ушами и внутреннюю сторону локтя. Избегайте контакта с одеждой. Для повышения стойкости рекомендуем наносить на хорошо увлажненную кожу.",Франция,6
376,2026-10-03T13:47:56.958376,20261003_134506_41750a02,19000010446,parfjumerija/novinki,Loewe,AGUA MAR DE CORAL,Туалетная вода,15620.0,15620.0,0.0,1,5.0,https://goldapple.ru/19000010446-agua-mar-de-cora/,https://goldapple.ru/parfjumerija/novinki?p=6,"LOEWE Agua Mar de Coral — оригинальный парфюм в культовом ярком флаконе коллекции LOEWE Landscape. LOEWE Agua — это семейство ароматов, вдохновлённых игрой света на воде. Акватический и освежающий, LOEWE Agua Mar de Coral сочетает ноты мандарина, ландыша и грейпфрута, погружающие в подводный мир коралловых рифов. Аромат LOEWE Agua Mar de Coral заключён в полупрозрачный стеклянный флакон нежно-розового цвета.","Небольшое количество нанести на тело, избегая попадания в глаза.",Испания,6
377,2026-10-03T13:48:17.975796,20261003_134506_41750a02,19000399102,parfjumerija/novinki,GUCCI,BLOOM AMBROSIA D'ORO,Нет категории,9100.0,9100.0,0.0,1,4.0,https://goldapple.ru/19000399102-bloom-bouquet/,https://goldapple.ru/parfjumerija/novinki?p=7,"Парфюм воплощает саму суть цветущего сада, сочетая натуральную туберозу и жасмин в насыщенный аромат белых цветов. Добавление квисквалиса индийского придает мягкий пудровый акцент, создавая утонченную композицию, которая отражает современный и подлинный дух женщины Gucci.","Распылите на точки пульса: шею, зону декольте, запястья и лодыжки, чтобы оставить за собой пленительный шлейф.",Испания,7
378,2026-10-03T13:48:41.654903,20261003_134506_41750a02,19000537765,parfjumerija/novinki,Marina de Bourbon,Red Diamond,Парфюмерная вода,8270.0,8270.0,0.0,1,0.0,https://goldapple.ru/19000537765-marina-de-bourbon-red-diamond/,https://goldapple.ru/parfjumerija/novinki?p=8,"Истинное воплощение жгучей страсти и абсолютной любви, этот аромат рассказывает легендарную историю принца Андре де Бурбона и принцессы Марины. Подобно редкому драгоценному камню, Красный бриллиант украшает каждую женщину огненным и притягательным шлейфом, раскрывая сияние ее женственности и силу ее ауры. Red Diamond — это больше, чем просто аромат, это признание в любви - пылающее пламя, заключенное в глубокий, завораживающий флакон красного цвета. Этот сияющий красный цвет, настоящая дань уважения рубину, воплощает силу эмоций и смелость суверенной женственности.Его дизайн, вдохновленный драгоценными камнями, отражает свет подобно бриллианту с бесконечным количеством граней. Эта бутылка, увенчанная золотым колпачком в виде лилии - главной эмблемы королевской семьи Бурбонов, представляет собой шедевр, изысканный футляр для эликсира, столь же чувственного, сколь и опьяняющего.","Распылите на пульсирующие зоны: запястья, шею, за ушами и внутреннюю сторону локтя. Избегайте контакта с одеждой. Для повышения стойкости рекомендуем наносить на хорошо увлажненную кожу.",Франция,8
379,2026-10-03T13:50:21.241648,20261003_134506_41750a02,19000480173,parfjumerija/novinki,Histoires de Parfums,Tubereuse Nuit Blanche,Парфюмерная вода,18905.0,18905.0,0.0,1,0.0,https://goldapple.ru/19000480173-histoires-de-parfums-tubereuse-nuit-blanche/,https://goldapple.ru/parfjumerija/novinki?p=13,"Tubéreuse Nuit Blanche — это бесконечная ночь, тайна, раскрывающаяся с каждым вдохом, пламенная дива, делающая вечность неотразимой. Искрящийся и смелый старт: яркий имбирь, свежий ревень и ослепительная элеми. 
Затем тубероза, одновременно капризная и чувственная, растворяется в жасмине и флердоранже, подчеркнутых сияющим оттенком шафрана. 
Наконец, раскрывается богатая бархатистая база, в которой переплетаются белый мускус, амброксан, драгоценные породы дерева, ваниль и карамель, оставляя теплый и уютный шлейф.","Распылите на пульсирующие зоны: запястья, шею, за ушами и внутреннюю сторону локтя. Избегайте контакта с одеждой. Для повышения стойкости рекомендуем наносить на хорошо увлажненную кожу.",Франция,13
380,2026-10-03T13:51:28.598810,20261003_134506_41750a02,19000540169,parfjumerija/novinki,Nicolai Parfumeur-Createur Paris,Fig Tea Intense,Парфюмерная вода,7871.0,7871.0,0.0,1,0.0,https://goldapple.ru/19000540169-nicolai-parfumeur-createur-paris-fig-tea-intense/,https://goldapple.ru/parfjumerija/novinki?p=17,"Коллекция INTENSE — исключительные ароматы в «интенсивной» версии, изготовленные из лучшего и уникального сырья. NICOLAÏ PARFUMEUR-CRÉATEUR PARIS представляет ещё более яркую и сияющую интерпретацию культового аромата FIG-TEA. Композиция переносит нас в атмосферу летнего обеда в тени цветущей смоковницы. Здесь оживают смех и неспешные радости этого жаркого времени года. Волшебная алхимия между османтусом и фруктово-чайными гранями жасмина и апельсина обрамляет пропитанный солнцем аккорд сушеного инжира — символ истинно средиземноморского аромата. «Переосмыслить FIG-TEA, к которому я так сильно была привязана, оказалось непросто. Я сохранила его драгоценную основу, дополнив бодрящим всплеском лимона и мандарина, а также эссенцией розового дерева в сердце, чтобы придать элегантность и силу. Это аромат праздника, радостных и искрящихся моментов», — Патрисия де Николаи.","Распылите на пульсирующие зоны: запястья, шею, за ушами и внутреннюю сторону локтя. Избегайте контакта с одеждой. Для повышения стойкости рекомендуем наносить на хорошо увлажненную кожу.",Франция,17
381,2026-10-03T13:51:35.941094,20261003_134506_41750a02,19000549267,parfjumerija/novinki,Frederic Malle,northern love,парфюмерная вода,9400.0,9400.0,0.0,1,0.0,https://goldapple.ru/19000549267-frederic-malle-northern-love/,https://goldapple.ru/parfjumerija/novinki?p=17,"Парфюмерная вода Northern Love — тёплый и душевный аромат, созданный мастером-парфюмером Бруно Йовановичем. Эта композиция в амброво-древесной гамме воспевает исключительную сущность сандалового дерева с бархатистыми нотами. В сердце аромата — тёплая корица, создающая изысканный аккорд, напоминающий пряное печенье. Вдохновлённый стремлением к эмоциональной искренности, Northern Love — это любовное послание современному романтизму. Тёплое, утешающее объятие, в котором чувствуется лёгкая ностальгия — как горько-сладкое прикосновение. Это смелость чувствовать. В основе аромата — превосходное сандаловое дерево, чья кремовая текстура раскрывается тёплыми специями и плавно переходит в обволакивающую сладость ванили. Этот дуэт создаёт глубокий, уютный шлейф.","Нанесите аромат на запястья, шею и точки пульса, чтобы он раскрылся.",Франция,17
382,2026-10-03T13:51:42.969076,20261003_134506_41750a02,19000543654,parfjumerija/novinki,Frederic Malle,northern love,парфюмерная вода,45200.0,45200.0,0.0,1,0.0,https://goldapple.ru/19000543654-frederic-malle-northern-love/,https://goldapple.ru/parfjumerija/novinki?p=17,"Парфюмерная вода Northern Love — тёплый и душевный аромат, созданный мастером-парфюмером Бруно Йовановичем. Эта композиция в амброво-древесной гамме воспевает исключительную сущность сандалового дерева с бархатистыми нотами. В сердце аромата — тёплая корица, создающая изысканный аккорд, напоминающий пряное печенье. Вдохновлённый стремлением к эмоциональной искренности, Northern Love — это любовное послание современному романтизму. Тёплое, утешающее объятие, в котором чувствуется лёгкая ностальгия — как горько-сладкое прикосновение. Это смелость чувствовать. В основе аромата — превосходное сандаловое дерево, чья кремовая текстура раскрывается тёплыми специями и плавно переходит в обволакивающую сладость ванили. Этот дуэт создаёт глубокий, уютный шлейф.","Нанесите аромат на запястья, шею и точки пульса, чтобы он раскрылся.",Франция,17
383,2026-10-03T13:51:50.585979,20261003_134506_41750a02,19000505033,parfjumerija/novinki,CHOPARD,Blooming Love,Нет категории,13568.0,13568.0,0.0,1,0.0,https://goldapple.ru/19000505033-chopard-blooming-love/,https://goldapple.ru/parfjumerija/novinki?p=17,"Романтичный цветочно-фруктовый аромат Chopard воспевает утонченную красоту цветущей магнолии. Чарующая ода женственности начинается со свежих и сочных нот мандарина и мангостана, которые сочетаются с пикантным акцентом сычуаньского перца. В нежном сердце аромата распускается магнолия, дополненная изысканным цветочным звучанием розы и герани. Чувственная, мягкая база окутывает элегантными нотами черного чая и османтуса. Оформление и цвет флакона напоминают о мягком оттенке благородного розового опала. Blooming Love — это изящное парфюмерное украшение, идеально дополняющее образ романтичной и мечтательной женщины. Парфюмер — Дора Багриш.","Распылите на пульсирующие зоны: запястья, шею, за ушами и внутреннюю сторону локтя. Избегайте контакта с одеждой. Для повышения стойкости рекомендуем наносить на хорошо увлажнённую кожу.",Италия,17
384,2026-10-03T13:51:58.600462,20261003_134506_41750a02,19000507683,parfjumerija/novinki,Bvlgari,AMUNAE,Парфюмерная вода,46655.0,46655.0,0.0,1,0.0,https://goldapple.ru/19000507683-bvlgari-amunae/,https://goldapple.ru/parfjumerija/novinki?p=17,"Коллекция LE GEMME — ольфакторное путешествие в поисках драгоценных камней от Запада до Востока. Следуя древнейшим маршрутам человечества, BVLGARI раскрывает очарование и силу драгоценных камней через изысканные ингредиенты в исключительных композициях. AMUNAE — цветочно-древесный аромат на основе абсолюта жасмина и аккорда чёрного мускуса. Отправляйтесь в очаровательную Шри-Ланку и познакомьтесь с драгоценным лунным камнем. Камень заключает в себе силу Луны, даруя ясность ума и укрепляя интуицию. Его переливы раскрывают разные стороны личности. Слово AMUN в переводе с арабского означает «то, что скрыто», как эхо Луны, которое мы иногда не видим, но всегда ощущаем его силу. Композиция BVLGARI звучит как ода жасмину, настоящей жемчужине цветов. Цветочные, свежие, воздушные и сливочные грани жасмина передают яркий характер лунного камня. Сочетание жасмина с древесным чёрным мускусом показывает, как мягкость может скрывать невероятную силу, а контрасты помогают обрести внутреннее равновесие.","Распылите на пульсирующие зоны: запястья, шею, за ушами и внутреннюю сторону локтя. Избегайте контакта с одеждой. Для повышения стойкости рекомендуем наносить на хорошо увлажнённую кожу.",Италия,17
385,2026-10-03T13:52:06.672598,20261003_134506_41750a02,19000378831,parfjumerija/novinki,EPC. EXPERIMENTAL PERFUME CLUB,AMBRE EPICES,парфюмерная вода,14113.0,14113.0,0.0,1,4.5,https://goldapple.ru/19000378831-epc-experimental-perfume-club-ambre-epices/,https://goldapple.ru/parfjumerija/novinki?p=17,"Теплый амброво-пряный аромат EPC – это гипнотическое погружение в ощущение роскоши. В насыщенной и глубокой, но при этом мягкой композиции землистые смолы, пудровый ирис и теплые пачули органично переплетаются с сухими специями, формируя пленительное восточное звучание. Эта парфюмерная вода EPC появилась в результате соединения двух лаконичных ароматов бренда, подходящих для смешивания: BERGAMOT INCENSE и AMBER IRIS. Гармоничное сочетание композиций в тщательно подобранных пропорциях позволило создать эффектный и уникальный аромат с особым характером.","Распылите на пульсирующие зоны: запястья, шею, за ушами и внутреннюю сторону локтя.",Франция,17
386,2026-10-03T13:52:14.587537,20261003_134506_41750a02,19000357461,parfjumerija/novinki,ANTINOMIE,Opulence de fragrance discovery,Набор парфюмерных семплов,3780.0,3780.0,0.0,1,5.0,https://goldapple.ru/19000357461-antinomie-opulence-de-fragrance-discovery/,https://goldapple.ru/parfjumerija/novinki?p=17,"состав набора — Revolte Delicate (Antinomie), 2 мл — Alchimie Celeste (Antinomie), 2 мл — Fievre Idyllique (Antinomie), 2 мл — Courtoisie Feroce (Antinomie), 2 мл — Majeste Brute (Antinomie), 2 мл В набор входят семплы пяти ароматов Antinomie. Одновременно смелые и изысканные ароматы коллекции отражают наши самые противоречивые желания.",Не указано,Франция,17
387,2026-10-03T13:52:47.750968,20261003_134506_41750a02,19000551714,parfjumerija/novinki,Maison Francis Kurkdjian,mon beau sapin,Ароматическая свеча,10700.0,10700.0,0.0,0,0.0,https://goldapple.ru/19000551714-maison-francis-kurkdjian-mon-beau-sapin/,https://goldapple.ru/parfjumerija/novinki?p=19,"Свеча Mon beau Sapin вдохновлена традиционной рождественской елью. Mon beau Sapin представлена в зеленом подсвечнике, украшенном узорами в стиле Великого века, источающем теплое и чарующее сияние. Ее древесные и тонкие смолистые ноты нежно навевают воспоминания о радостной прогулке по заснеженному лесу. Созданная из смеси минерального и растительного воска, свеча оснащена плетеным хлопковым фитилем, что гарантирует оптимальное горение и безупречную передачу аромата.","Подожгите фитиль свечи. Следите за тем, чтобы свеча не опрокинулась и рядом не находились легковоспламеняющиеся предметы.",Франция,19
388,2026-10-03T13:52:57.243271,20261003_134506_41750a02,19000551711,parfjumerija/novinki,Maison Francis Kurkdjian,Candles,подарочный набор ароматических свечей,10700.0,10700.0,0.0,0,0.0,https://goldapple.ru/19000551711-maison-francis-kurkdjian-candles/,https://goldapple.ru/parfjumerija/novinki?p=19,"В этот праздничный сезон Côté Cour и Côté Jardin выходят на сцену вместе с Mon beau Sapin. Отражая театральное великолепие эпохи Великого века, Côté Cour раскрывается нотами рисовой пудры, ириса и нежной фиалки, отдавая дань уважения искусству сценического макияжа. В то же время Côté Jardin источает аромат свежескошенных трав, переплетающийся с утонченностью роз и прохладной свежестью пышной зеленой листвы. Царящий в этом сезоне Mon beau Sapin озаряет сцену своим древесным, мягким смолистым звучанием. Три праздничные, изысканные свечи — дань уважения эпохе Великого века, призванные пробудить магию праздников. Созданная во Франции, каждая свеча изготовлена из смеси минерального и растительного воска и оснащена плетеным хлопковым фитилем, что гарантирует оптимальное горение и безупречную передачу аромата. Примерное время горения каждой свечи — 24 часа. состав набора — свеча Côté Cour, 75 г — свеча Côté Jardin, 75 г — свеча Mon beau Sapin, 75 г.","Подожгите фитиль свечи. Следите за тем, чтобы свеча не опрокинулась и рядом не находились легковоспламеняющиеся предметы.",Франция,19
389,2026-10-03T13:53:07.062630,20261003_134506_41750a02,19000551715,parfjumerija/novinki,Maison Francis Kurkdjian,Cote Cour,Нет категории,10700.0,10700.0,0.0,0,0.0,https://goldapple.ru/19000551715-maison-francis-kurkdjian-cote-cour/,https://goldapple.ru/parfjumerija/novinki?p=19,"В этот праздничный сезон на сцене появляется новая свеча: Côté Cour. Ее ноты рисовой пудры, ириса и нежной фиалки пробуждают ассоциации с ритуалом нанесения театрального грима. Названная в честь правой стороны театральной сцены (Côté Cour), она освещает то, что скрыто за занавесом — пространство, где репетируется каждое движение и происходит каждое перевоплощение. Ее ярко-красный подсвечник, украшенный изящной золотой этикеткой, оформлен мотивами, вдохновленными арабесками и листьями аканта. Созданная из смеси минерального и растительного воска, свеча оснащена плетеным хлопковым фитилем, что гарантирует оптимальное горение и безупречную передачу аромата. Примерное время горения — 60 часов.","Зажгите фитиль свечи. Следите за тем, чтобы свеча не опрокинулась и рядом не находились легковоспламеняющиеся предметы.",Франция,19
390,2026-10-03T13:53:18.670898,20261003_134506_41750a02,19000551719,parfjumerija/novinki,Maison Francis Kurkdjian,grand soir,Нет категории,11700.0,11700.0,0.0,0,0.0,https://goldapple.ru/19000551719-maison-francis-kurkdjian-grand-soir/,https://goldapple.ru/parfjumerija/novinki?p=19,"Откройте для себя пленительный парфюмерный экстракт Grand Soir в наборе драгоценных эликсиров. Драгоценный эликсир представлен в элегантном и удобном для путешествий флаконе. состав набора — парфюмерный экстракт grand soir, 4 мл, 4 шт.","Нанесите на шею, запястья и точки пульса.",Франция,19
391,2026-10-03T13:53:27.509917,20261003_134506_41750a02,19000551716,parfjumerija/novinki,Maison Francis Kurkdjian,Cote Jardin,Ароматическая свеча,10700.0,10700.0,0.0,0,0.0,https://goldapple.ru/19000551716-maison-francis-kurkdjian-cote-jardin/,https://goldapple.ru/parfjumerija/novinki?p=19,"В этот праздничный сезон на сцену выходит новая свеча: Côté Jardin. Ее аромат передает благоухание свежескошенных трав, переплетающееся с утонченностью роз и прохладной свежестью пышной зеленой листвы. Названная в честь левой стороны театральной сцены Côté Jardin, она возрождает атмосферу Великого века, отдавая дань уважения сценическим традициям театра и танца. Ее насыщенно-синий подсвечник, украшенный изящной золотой этикеткой, вторит занавесам величественного театра. Созданная из смеси минерального и растительного воска, свеча оснащена плетеным хлопковым фитилем, что гарантирует оптимальное горение и безупречную передачу аромата.","Подожгите фитиль свечи. Следите за тем, чтобы свеча не опрокинулась и рядом не находились легковоспламеняющиеся предметы.",Франция,19
392,2026-10-03T13:53:39.008074,20261003_134506_41750a02,19000551713,parfjumerija/novinki,Maison Francis Kurkdjian,gentle fluidity gold,набор миниатюр парфюмерных экстрактов,11700.0,11700.0,0.0,0,0.0,https://goldapple.ru/19000551713-maison-francis-kurkdjian-gentle-fluidity-gold/,https://goldapple.ru/parfjumerija/novinki?p=19,"Откройте для себя обволакивающий парфюмерный экстракт gentle fluidity gold в наборе драгоценных эликсиров. Ольфактивное семейство: мускусные амбровые. Верхние ноты: масло ягод можжевельника, масло мускатного ореха. Средние ноты: масло семян кориандра. Базовые ноты: мускус, амбровые древесные ноты, ванильный аккорд. состав набора — парфюмерный экстракт Gentle Fluidity Gold, 4 мл, 4 шт.","Нанесите на шею, запястья и точки пульса.",Франция,19
393,2026-10-03T13:53:54.277100,20261003_134506_41750a02,19000313385,parfjumerija/novinki,Rochas,MADEMOISELLE ROCHAS IN PARIS,Парфюмерная вода,6020.0,6020.0,0.0,0,4.8,https://goldapple.ru/19000313385-mademoiselle-rochas-in-paris/,https://goldapple.ru/parfjumerija/novinki?p=19,"Естественная элегантность, оригинальность и спонтанность привлекают внимание и умиляют окружающих. Ее яркая личность и жизнерадостность выделяют ее среди остальных парижанок. Ее новый аромат выполнен в сочном розовом цвете с праздничными блестками и подчеркивает жизнеутверждающую энергию девушки Рошас. Яркий сочный букет с благородным послевкусием золотой древесины сандала, который добавит своей обладательнице оригинальной элегантности истинной парижанки. Радостный и искристый, смелый и непредсказуемый, спонтанный и озорной, с ноткой Парижского шика.",Для внешнего применения.,Франция,19
