id,created_at,session_id,item_id,category,brand,name,product_type,old_price_rub,current_price_rub,discount,in_stock,rating,url,catalog_page_url,description,usage,country_of_origin,page_number
1,2026-09-29T20:21:25.165468,20260929_202045_c14ed0ad,19000497589,parfjumerija/nabory,Zielinski & Rozen,Bestsellers 2,Парфюмерный набор,3901.0,3901.0,0.0,1,4.7,https://goldapple.ru/19000497589-zielinski-rozen-bestsellers-2/,https://goldapple.ru/parfjumerija/nabory,"Стойкий аромат-унисекс. Оставляет легкий шлейф. В состав набора входит: — Black Vanilla, 3 мл. — Black Pepper, Vetiver, Neroli, Amber, 3 мл. — Pink Pepper, Ele, 3 мл. — Oakmoss & Amber, 3 мл. — Amberwood, Vanilla, Davana, 3 мл.","Распылите на кожу или одежду с расстояния 30 см. Либо распылите парфюм перед собой и войдите в образовавшееся облако. Чтобы аромат сохранялся дольше, наносите его на разогретое или влажное тело.",Россия,1
2,2026-09-29T20:21:33.753717,20260929_202045_c14ed0ad,19000059324,parfjumerija/nabory,ORENS PARFUMS,Undea des Iles,Парфюмерный набор,12903.0,12903.0,0.0,1,5.0,https://goldapple.ru/19000059324-undea-des-iles/,https://goldapple.ru/parfjumerija/nabory,"Ориентальный древесный аромат, который словно покрыт брызгами сочных фруктов, свежего бергамота и сладостной малины. Роскошный теплый уд наполняет сердце аромата. Аромат раскрывается на ложе, сотканном из сильнейших – сплетение чувственного мускуса с манящей ванилью. Аромат настолько кружит голову, что окружающие будут одержимы этим ароматом и вами в нём. Объем: 3*10 мл.",Нанести на пульсирующие точки.,Франция,1
3,2026-09-29T20:21:42.581209,20260929_202045_c14ed0ad,19000215490,parfjumerija/nabory,TUMI,Kinetic --:-- gmt,Нет категории,11436.0,11436.0,0.0,1,5.0,https://goldapple.ru/19000215490/,https://goldapple.ru/parfjumerija/nabory,"В набор входят парфюмерная вода TUMI ""KINETIC [--:-- GMT]"" (100 мл), парфюмерная вода TUMI ""KINETIC [--:-- GMT]"" (30 мл) в объёме, удобном для путешествий, и парфюмированный гель для душа TUMI ""KINETIC [--:-- GMT]"" (200 мл), который очищает кожу тела и оставляет чувственный аромат. Парфюмерная композиция стартует с древесно-амбрового звучания в сочетании с нотой листьев пименты и свежестью итальянского мандарина. Мужественный и уверенный характер аромата отражен в соблазнительном сочетании нот ладана, цветка бессмертника и мускатного ореха. В привлекательном шлейфе переплетаются дымная ваниль, теплота сандала и благородное звучание тикового дерева.","Только для наружного применения. Нанесите гель для душа на влажную кожу тела, распределите массирующими движениями, затем смойте водой. Парфюмерную воду наносите на точки пульсации.",Сша,1
4,2026-09-29T20:21:50.354712,20260929_202045_c14ed0ad,19000413513,parfjumerija/nabory,M.INT,FLIGHT MODE,Нет категории,12400.0,12400.0,0.0,1,0.0,https://goldapple.ru/19000413513-flight-mode/,https://goldapple.ru/parfjumerija/nabory,"Аромат которым можно выразить уникальные ощущения, которые испытываешь во время путешествия. Это ощущение безграничной свободы, которое появляется после того, как самолет взлетает и начинает набирать высоту. Обычная рутина остается позади, когда на наших смартфонах активируется РЕЖИМ ПОЛЕТА.
Парфюмер: Kevin Mathys.","Нанести на тело, избегая попадания в глаза.",Франция,1
5,2026-09-29T20:22:00.504971,20260929_202045_c14ed0ad,19000186238,parfjumerija/nabory,FRANCK BOCLET,ADDICTION,Дорожный набор,7770.0,7770.0,0.0,1,4.2,https://goldapple.ru/19000186238-addiction/,https://goldapple.ru/parfjumerija/nabory,"После очень свежего и ароматного старта, сердце раскрывается яркими нотами пьянящей туберозы, окутанной нотами жасмина, иланг-иланга и флердоранжа. Наконец, древесные, амбровые и ванильные ноты придают аромату полную чувственность. В интернет-магазине представлен актуальный дизайн товара. При заказе вы можете получить товар как в старом, так и в новом дизайне.","Наносить на неповрежденные участки кожи, волос и одежду.",Франция,1
6,2026-09-29T20:22:09.568343,20260929_202045_c14ed0ad,19000030983,parfjumerija/nabory,L'atelier parfum,VERTE EUPHORIE + EXQUISE TENTATION,Подарочный парфюмерный набор,11343.0,11343.0,0.0,1,4.6,https://goldapple.ru/19000030983-verte-euphorie-exquise-tentation/,https://goldapple.ru/parfjumerija/nabory,"Два аромата – и две совершенно разные эмоции. Откройте для себя гармоничную пару изысканных парфюмерных композиций из коллекции L'ATELIER PARFUM, пробуждающей различные чувства и ощущения. В подарочный набор входят два аромата: парфюмерная вода VERTE EUPHORIE (100 мл) с игривой и настраивающей на беззаботность композицией, объединившей свежесть цитрусов, ноту белого кедра и нежность мускуса, и миниатюра парфюмерной воды EXQUISE TENTATION (15 мл) с чувственным и притягательным ароматом, который мягко погружает в приятную сладость гурманских нот ванили, пралине и миндаля. Композиция VERTE EUPHORIE дарит удовольствие от чувства свободы, веселья и беззаботности, а EXQUISE TENTATION дразнит манящей сладостью, пробуждая чувственность.",Не указано,Франция,1
7,2026-09-29T20:22:17.799708,20260929_202045_c14ed0ad,83670200004,parfjumerija/nabory,State Of Mind,L'Ame Slave,Набор для путешествий,13340.0,13340.0,0.0,1,4.9,https://goldapple.ru/83670200004-l-ame-slave/,https://goldapple.ru/parfjumerija/nabory,"В состав набора входит парфюмерная вода 20 мл в футляре + рефилл 20 мл. Древесный аромат L'Ame Slave – это воплощение таинственной, независимой и спонтанной славянской души. Глубокая композиция создана на основе нот бергамота и гевеи, к которым присоединяются василёк, степные травы, кедр и серёжки березы. Вдохновением для создания аромата стал Второй концерт для фортепиано с оркестром Сергея Рахманинова. Контрастный и чувственный L'Ame Slave потрясает и позволяет сердцу править, руководить разумом. Верхние ноты: бергамот, лимон, гевея Ноты сердца: имбирь, мёд, ваниль Базовые ноты: пуэр, кедр, береза, сандал",Не указано,Франция,1
8,2026-09-29T20:22:27.481262,20260929_202045_c14ed0ad,19000472738,parfjumerija/nabory,Narciso Rodriguez,For Her Pure Musc,Парфюмерный набор,9560.0,9560.0,0.0,1,0.0,https://goldapple.ru/19000472738-for-her-pure-musc/,https://goldapple.ru/parfjumerija/nabory,"Парфюмерный набор с ароматом-бестселлером For Her Pure Musc. Ода мускусу. Легендарная нота предстает в новой, еще более изысканной, обезоруживающе чистой и насыщенной форме. Среднюю мускусную ноту подчеркивает букет белых цветов и теплые оттенки кашмерана. Парфюмерная вода For Her Pure Musc завораживает, если наносить ее соло, но также невероятно красиво сочетается в дуэте с другими ароматами линии For Her.","Лосьон для тела, 50 мл.: Нанесите лосьон на очищенную кожу тела и распределите массирующими движениями. Парфюмерная вода, 10 мл, 100 мл: Парфюмерную воду распылите с небольшого расстояния. Только для наружного применения. Избегайте попадания в глаза.",Франция,1
9,2026-09-29T20:22:36.740116,20260929_202045_c14ed0ad,19000526846,parfjumerija/nabory,Zielinski & Rozen,Fruity & Floral,Нет категории,3901.0,3901.0,0.0,1,4.6,https://goldapple.ru/19000526846-zielinski-rozen-fruity-floral/,https://goldapple.ru/parfjumerija/nabory,"Стойкий аромат-унисекс. Оставляет легкий шлейф. состав набора — Духи концентрированные Амбервуд, Ваниль, Давана, 3 мл — Духи концентрированные Черная Смородина, Герань, Амбра, Кожа, 3 мл — Духи концентрированные Грейпфрут, Пачули, Белая Роза, 3 мл — Духи концентрированные Персик, Маракуйя, Мускус, 3 мл — Духи концентрированные Шафран, Грейпфрут, Элеми, Табак, 3 мл","Распылите на кожу или одежду с расстояния 30 см. 
Либо распылите парфюм перед собой и войдите в образовавшееся облако. 
Чтобы аромат сохранялся дольше, наносите его на разогретое или влажное тело.",Россия,1
10,2026-09-29T20:22:46.148109,20260929_202045_c14ed0ad,19000342349,parfjumerija/nabory,HFC,WHITE,Набор парфюмерной воды,18750.0,18750.0,0.0,1,4.6,https://goldapple.ru/19000342349-white/,https://goldapple.ru/parfjumerija/nabory,"В набор HFC Paris Travel Set White входят духи в формате travel - 15 мл: Diamond In The Sky, Wear Love Everywhere, Party On The Moon и Dancing Queen.",Для наружного применения.,Франция,1
11,2026-09-29T20:22:55.117784,20260929_202045_c14ed0ad,19000329952,parfjumerija/nabory,FRANCK BOCLET,Chameleon,Набор парфюмерной воды,9240.0,9240.0,0.0,1,4.6,https://goldapple.ru/19000329952-chameleon/,https://goldapple.ru/parfjumerija/nabory,"Один день белый, другой день черный, один день праздничный, другой день будничный , один день традиционный, другой день рок-н-ролл , один день сексуальный… Вы больше не будете сводиться к одному стилю, потому что настоящий стиль это бегство к одному стилю. Я хамелеон, и я ношу Хамелеон! Хамелеон, по прозвищу Франка Бокле, — увлекательный и гипнотический аромат, похожий на хамелеона окрашенного в яркие цвета : гесперидными, такими как бергамот, грейпфрут и мандарин, сердце - раскрывает опьяняющую туберозу среди букета из абсолют розы и абсолют жасмина. Затем древесная нота фантастического сандала в сочетании с миндалем и мускусом меняет аромат в захватывающую гармонию. Хамелеон пробуждает множество желаний!","Наносить на неповрежденные участки кожи, волос и одежду.",Франция,1
12,2026-09-29T20:23:04.418210,20260929_202045_c14ed0ad,19000329375,parfjumerija/nabory,Ormonde Jayne,Ormonde Woman,Дорожный набор духов,18513.0,18513.0,0.0,1,4.3,https://goldapple.ru/19000329375-ormonde-woman/,https://goldapple.ru/parfjumerija/nabory,"Ormonde woman - гипнотический, загадочный древесный аромат, отличающийся сложной необычной композицией. Начинается она и заканчивается уникальными нотами абсолю чёрного дурмана, который крайне редко используемого в таком соблазнительном качестве и количестве. Ноты жасмина и абсолю фиалки создают сумеречный и обольстительный эффект. Набор: Духи Ormonde Woman 10мл*4шт.",Нанести на пульсирующие точки.,Великобритания,1
13,2026-09-29T20:23:14.557512,20260929_202045_c14ed0ad,19000450885,parfjumerija/nabory,Mind Games,QUEENSIDE,подарочный набор парфюмерных экстрактов,31185.0,31185.0,0.0,1,4.8,https://goldapple.ru/19000450885-queenside/,https://goldapple.ru/parfjumerija/nabory,"В состав набора входят: Парфюмерный экстракт Queenside — 100 мл Экстракт Cassis — 3 мл Экстракт Geranium — 3 мл Блоттеры. Парфюмерный экстракт Queenside — это отражение настоящего момента, аромат, который расцветает в красоте мгновения. Сверкающие верхние ноты груши и листьев личи наполняют композицию свежестью и жизненной силой. В её сердце безмятежно распускаются элегантные цветы, воплощая грацию и изящество. Насыщенность смородинового крема добавляет аромату долю интриги, в то время как тёплое дымное сочетание мадагаскарских пачули и дубового мха наделяет неподвластной времени изысканностью. Это праздник уверенности, осознанности и спокойной силы, напоминающей о том, что вы находитесь в нужном месте. Исследуйте мир уникального аромата, его красоту и сложность, станьте свидетелем того, как исходные компоненты превращаются в конечную композицию. Эти компоненты помогают раскрыть глубину аромата в его чистом виде.",Распылите на кожу с расстояния 20-30 см.,Сша,1
14,2026-09-29T20:23:26.579538,20260929_202045_c14ed0ad,19000526847,parfjumerija/nabory,Zielinski & Rozen,Fresh & Citrus,Нет категории,3901.0,3901.0,0.0,1,4.7,https://goldapple.ru/19000526847-zielinski-rozen-fresh-citrus/,https://goldapple.ru/parfjumerija/nabory,"Стойкий аромат-унисекс. Оставляет легкий шлейф. состав набора — Духи концентрированные Грейпфрут, Базилик, Петитгрейн, 3 мл — Духи концентрированные Апельсин, Жасмин, 3 мл — Духи концентрированные Розмарин, Лимон, 3 мл — Духи концентрированные Ветивер, Лимон, 3 мл — Духи концентрированные Белый Шалфей, Нероли, 3 мл","Распылите на кожу или одежду с расстояния 30 см. 
Либо распылите парфюм перед собой и войдите в образовавшееся облако. 
Чтобы аромат сохранялся дольше, наносите его на разогретое или влажное тело.",Россия,1
15,2026-09-29T20:23:37.453869,20260929_202045_c14ed0ad,19000249522,parfjumerija/nabory,AMAN,Discovery set fine fragrance,Парфюмированный набор,9764.0,9764.0,0.0,1,3.4,https://goldapple.ru/19000249522-discovery/,https://goldapple.ru/parfjumerija/nabory,"В набор входят 7 ароматов AMAN объемом 7,5 мл во флаконах, которые можно взять с собой. Изысканные композиции ALTA, VAYU, UMBR, ZUAC, AYOM, HARU и SEI были созданы с учетом отличительных особенностей конкретных мест. От глубоких джунглей Явы до исторических улиц Венеции — погрузитесь в ольфакторное путешествие по всему земному шару. Набор станет идеальным подарком для любимого человека или себя.",Распылите на кожу на расстоянии 20-30 см.,Великобритания,1
16,2026-09-29T20:23:47.715234,20260929_202045_c14ed0ad,19000329373,parfjumerija/nabory,Ormonde Jayne,Nawab of Oudh,Дорожный набор духов,24123.0,24123.0,0.0,1,0.0,https://goldapple.ru/19000329373-nawab-of-oudh/,https://goldapple.ru/parfjumerija/nabory,"Уд – провинция в Центральной Индии. Наваб – так в средние века называли правителя провинции. Вдохновением для аромата ""Наваб Уда"" - магической смеси амбры и розы с мягкой удовой гранью, послужила роскошь княжеского двора прежних правителей одной из самых богатых стран Индии. Эта композиция опровергает традиционные парфюмерные каноны, обжигает пульсирующими страстными аккордами, погружает в романтичную и мечтательную негу, прославляет пышную красоту. Ароматное полотно достойное быть украшением княжеского двора, драгоценная вуаль, скрывающая экстравагантную суть за тонкими нитями эмоций. Набор: Духи Nawab of Oudh 10мл*4шт.",Нанести на пульсирующие точки.,Великобритания,1
17,2026-09-29T20:23:56.426362,20260929_202045_c14ed0ad,19000471018,parfjumerija/nabory,HFC,White Golden Apple,Набор миниатюр,20000.0,20000.0,0.0,1,4.7,https://goldapple.ru/19000471018-white-golden-apple/,https://goldapple.ru/parfjumerija/nabory,"Зачем останавливать выбор на одном аромате, если можно попробовать сразу несколько? Тревел-набор HFC White Golden Apple Paris создан,  чтобы не расставаться с любимыми  ароматами. Удобные флакончики поместятся даже в самую маленькую сумочку. Благодаря своей изысканной  упаковке он станет прекрасным и  универсальным подарком. Набор от HFC White Golden Apple Paris эксклюзивно представлен в сети Золотое Яблоко и включает в себя 4 миниатюрные версии бестселлеров в объёме 15 мл: DIAMOND IN THE SKY: Роскошный и соблазнительный аромат. FLY TO MIRACLE: Остановитесь на мгновение, чтобы вспомнить свое детство, и позвольте себе быть немного ребенком. И тогда вы увидите новую реальность, которая унесет вас в сказочный мир чудес и волшебства. SUNMUSK: Яркий аромат раскрывается аккордами зелёных листьев и искрящимся оттенком розового перца. Нежное цветочное сердце воплощает женственность аромата и переходит в чувственный, мягкий шлейф из амбры и белого мускуса. Современный и воздушный аромат. PINK MOON: Pink Moon словно нежный цветок на розовом небосклоне в окружении звёзд! Нежные ноты пиона и камелии смешиваются  в волшебном танце с кристальной амброй и мускусом, призывая вас к страстному  и незабываемому опыту.",Для наружного применения.,Франция,1
18,2026-09-29T20:24:05.137710,20260929_202045_c14ed0ad,99000034978,parfjumerija/nabory,ELECTIMUSS,ALL SEASON FAVOURITES,Набор парфюмерной воды,20250.0,20250.0,0.0,1,0.0,https://goldapple.ru/99000034978-all-season-favourites/,https://goldapple.ru/parfjumerija/nabory,"В набор All Season Favourites входят дорожный распылитель и три спрея по 10 мл, так что вы всегда сможете взять с собой любимые ароматы Electimuss, куда бы вы ни отправились. Imperium от Sofia Bardelli. Цветочно-мускусный аромат с цитрусовым послевкусием и древесной основой. Композиция раскрывается ярким и бодрящим аккордом со слегка сливочно-цветочным сердцем и манящей теплой древесной и слегка ванильной основой. Trajan от Marco Genovese. Вдохните сладкие ароматы цитрусовых рощ, пройдите по полям лаванды и шалфея, пройдите на цыпочках через кедровый лес и растворитесь в аромате сахара и специй. Лимонная роща и сладкая герань в сочетании со звездчатым анисом и гвоздикой дополняются базовыми нотами амбры, кедра и мягкой кожи. Бодрящий, универсальный и такой очаровательный аромат. Mercurial cashmere от Sofia Bardelli. Искрящиеся верхние ноты бергамота, розового перца и кардамона растворяются в чувственном, бархатистом, маслянистом сердце из ириса и амбры. Теплая древесная база из карамели, тонка, ванили и слегка дымчатого уда и кедра, наконец, раскрывает темный, слегка гурманский аромат. Все наши ароматы - это чистая парфюмерия, обладающая превосходной текстурой и долговечностью.",Не указано,Великобритания,1
19,2026-09-29T20:24:14.900198,20260929_202045_c14ed0ad,19000030982,parfjumerija/nabory,L'atelier parfum,EXQUISE TENTATION + DOUCE INSOMNIE,Подарочный парфюмерный набор,6932.0,6932.0,0.0,1,4.9,https://goldapple.ru/19000030982-exquise-tentation-douce-insomnie/,https://goldapple.ru/parfjumerija/nabory,"Два аромата – и две совершенно разные эмоции. Откройте для себя гармоничную пару изысканных парфюмерных композиций из коллекции L'ATELIER PARFUM, пробуждающей различные чувства и ощущения. В подарочный набор входят два аромата: парфюмерная вода EXQUISE TENTATION с чувственным и притягательным ароматом, погружающим в приятную сладость гурманских нот ванили, пралине и миндаля, и миниатюра парфюмерной воды DOUCE INSOMNIE с гипнотической, соблазнительной композицией, в которой звучат яркая кофейная нота, нежный жасмин и сандал. Парфюмерная вода EXQUISE TENTATION дразнит манящей сладостью и пробуждает чувства, а DOUCE INSOMNIE напоминает о маленьких удовольствиях, таких как чашка ароматного горячего капучино. В набор входит: - L'ATELIER PARFUM Exquise Tentation Парфюмерная вода, 100 мл; - L'ATELIER PARFUM Douce Insomnie Парфюмерная вода, 15 мл.","Распылите на пульсирующие зоны, такие как запястья, шея, за ушами и внутренняя сторона локтя. Избегайте контакта с одеждой, чтобы сохранить качество аромата.",Франция,1
20,2026-09-29T20:24:25.724540,20260929_202045_c14ed0ad,19000122339,parfjumerija/nabory,Hello Kitty,BABY GROWN UP!,Набор Парфюмерной воды,1297.0,1297.0,0.0,1,4.5,https://goldapple.ru/19000122339-baby-grown-up/,https://goldapple.ru/parfjumerija/nabory,"Набор парфюмерной воды Hello Kitty BABY GROWN UP! 3 по 15 мл Малышка или взрослая леди? 3 идеально подобранных аромата в миниатюрных флакончиках, которые так удобно взять с собой! EDP HELLO KITTY BABY Сочные цитрусы, зеленый плющ, базилик, пион, апельсиновый цвет и медовая амбра в базе. Сумасшедший, энергичный, вкусный, яркий, как свежевыжатый сок! EDP HELLO KITTY GROWN Пралине, ваниль, пачули, чёрная смородина, бобы тонка, груша и ирис. Сладкая жизнь! Сногсшибательный антидепрессант! Однозначно влюбляет в себя! Секретный компонент парфюмерной воды GROWN - мерцающие волшебные искры для твоей кожи! EDP HELLO KITTY UP! Попкорн, иланг-иланг, апельсиновый цвет, кокос, персик и древесный янтарь. Особая магическая сила, сравнимая с гипнозом! Соблазнительный игривый аромат!","Парфюм всех типов наносится на чистую, слегка увлаженную кожу.",Россия,1
21,2026-09-29T21:28:56.983819,20260929_212821_59782779,19000013260,parfjumerija/nabory,State Of Mind,Open mind,Набор для путешествий,10892.0,10892.0,0.0,1,4.3,https://goldapple.ru/19000013260-open-mind/,https://goldapple.ru/parfjumerija/nabory?p=2,"В набор для путешествий входит парфюмерная вода в удобном и компактном флаконе 20 мл и рефилл с тем же объёмом. Древесно-акватический аромат State of Mind предлагает открыть свой разум для новых, свежих и удивительных впечатлений. Вспышка зеленых нот лайма и хиноки разжигает интерес уже с первых секунд знакомства. Чистый и воздушный старт композиции плавно превращается в волну, накрывающую нежным ароматом лотоса и дыни. Их звучание помогает смягчить гесперидный аккорд, свежие ноты критмума и зелёного японского чая гёкуро. Одновременно насыщенный, сложный и тонкий аромат этого элитного чая, играющий с нотами водорослей и йода, делает морскую грань композиции более яркой и необычной. Гваяковое дерево подчеркивает смелый и оригинальный характер аромата Open Mind.",Не указано,Франция,2
22,2026-09-29T21:29:03.866752,20260929_212821_59782779,19000121291,parfjumerija/nabory,THE WOODS COLLECTION,Bloom,Набор парфюмерный,10782.0,10782.0,0.0,1,4.7,https://goldapple.ru/19000121291-bloom/,https://goldapple.ru/parfjumerija/nabory?p=2,"Мягкое сияние луны освещает лесную подстилку, раскрывая нежные ночные цветы, ожидающие нежной серебряной ласки, чтобы расцвести и раскрыть свою красоту, насыщенную свежесть и силу. Нежный букет цветов и фруктов наполняет ваши легкие в сопровождении древесных базовых тонов и соблазнительного ладана. Бутоны полевых цветов всегда будут to bloom из коллекции Natural by The Woods. Состав набор: 100ml+5ml. Флакон 5 ml пустой.",Не указано,Франция,2
23,2026-09-29T21:29:10.368457,20260929_212821_59782779,99000034979,parfjumerija/nabory,ELECTIMUSS,AUTUMN,Нет категории,20250.0,20250.0,0.0,1,0.0,https://goldapple.ru/99000034979-autumn/,https://goldapple.ru/parfjumerija/nabory?p=2,"В набор Autumn входят дорожный распылитель и три спрея по 10 мл, так что вы всегда сможете взять с собой любимые ароматы Electimuss, куда бы вы ни отправились. Amber Aquilaria от Julien Rasquinet. Роскошный янтарный уд с фруктовыми верхними нотами персика, мандарина и корицы, ""сердцем"" из розы, нероли и коньяка, смолисто-янтарной основой с ванилью, бурбонским сандалом и аквиляриевым удом. Capua от Christian Provenzano. Этот дерзкий, знойный, дымчатый кедр обладает гладкой и округлой текстурой. Верхние ноты элеми и кипариса плавно переходят в дымчатое сердце из кедра и ладана и соблазнительную землистую базу из ветивера, амбры и пачули. Mercurial cashmere от Sofia Bardelli. Искрящиеся верхние ноты бергамота, розового перца и кардамона растворяются в чувственном, бархатистом, маслянистом сердце из ириса и амбры. Теплая древесная база из карамели, тонка, ванили и слегка дымчатого уда и кедра, наконец, раскрывает темный, слегка гурманский аромат. Все наши ароматы - это чистая парфюмерия, обладающая превосходной текстурой и долговечностью.",Не указано,Великобритания,2
24,2026-09-29T21:29:16.530862,20260929_212821_59782779,99000034970,parfjumerija/nabory,ELECTIMUSS,BLACK CAVIAR,Нет категории,20250.0,20250.0,0.0,1,0.0,https://goldapple.ru/99000034970-black-caviar/,https://goldapple.ru/parfjumerija/nabory?p=2,"Тревел-набор от Electimuss с атомайзером. Этот уникальный аромат одновременно гармоничен и удивителен. Роскошная соленость икры прекрасно сочетается с ароматным шалфеем, розмарином и лавандой, а древесно-землистая база сочетается с дубовым мхом и пачули. Океаническая лаванда, достойная императора. Аромат посвящен Императору Нерону. Император НЕРОН славился своим гедонизмом, он был настоящим эпикурейцем и знатоком с большим аппетитом и экстравагантными вкусами. С большим размахом и фанфарами флейт, барабанов и труб он подавал икру самым почетным гостям в гирляндах из роз. Абсолютная роскошь.",Не указано,Великобритания,2
25,2026-09-29T21:29:24.096688,20260929_212821_59782779,19000012380,parfjumerija/nabory,FRANCK BOCLET,Golden Light ADDICTION,Парфюмерная вода + тревел спрей,11690.0,11690.0,0.0,1,4.3,https://goldapple.ru/19000012380-addiction/,https://goldapple.ru/parfjumerija/nabory?p=2,"После очень свежего и ароматного старта, сердце раскрывается яркими нотами пьянящей туберозы, окутанной нотами жасмина, иланг-иланга и флердоранжа. Наконец, древесные, амбровые и ванильные ноты придают аромату полную чувственность. Совершенно гламурно и захватывающе. * Парфюмерная вода 100 мл+ тревел спрей 20мл",Не указано,Франция,2
26,2026-09-29T21:29:31.839300,20260929_212821_59782779,19000521516,parfjumerija/nabory,ESSENTIAL PARFUMS PARIS,Discovery set,Набор пробников парфюмерной воды,2874.0,2874.0,0.0,1,4.6,https://goldapple.ru/19000521516-essential-parfums-paris-discovery-set/,https://goldapple.ru/parfjumerija/nabory?p=2,"Попробуйте оригинальные ароматы от знаменитых парфюмеров, создавших яркие и выразительные композиции для Essential Parfums. В набор пробников входят 12 ароматов по 2 мл. Откройте для себя изысканные ароматы, созданные на основе тщательно отобранных и экологически чистых ингредиентов, и выберите любимые парфюмерные композиции! состав набора — Парфюмерная вода Essential Parfums Nice Bergamote (Antoine Maisondieu), 2 мл — Парфюмерная вода Essential Parfums Rose Magnetic (Sophie Labbé), 2 мл — Парфюмерная вода Essential Parfums Orange x Santal (Natalie Gracia-Cetto), 2 мл — Парфюмерная вода Essential Parfums Mon Vetiver (Bruno Jovanovic), 2 мл — Парфюмерная вода Essential Parfums The Musc (Calice Becker), 2 мл — Парфюмерная вода Essential Parfums Bois Imperial (Quentin Bisch), 2 мл — Парфюмерная вода Essential Parfums Patchouli Mania (Fabrice Pellegrin), 2 мл — Парфюмерная вода Essential Parfums Fig Infusion (Nathalie Lorson), 2 мл — Парфюмерная вода Essential Parfums Divine Vanille (Olivier Pescheux), 2 мл — Парфюмерная вода Essential Parfums Neroli Botanica (Anne Flipo), 2 мл — Парфюмерная вода Essential Parfums Velvet Iris (Dominique Ropion), 2 мл — Парфюмерная вода Essential Parfums Ambre Latte (Jordi Fernandez), 2 мл","Распылите на пульсирующие зоны: запястья, шею, за ушами и внутреннюю сторону локтя. Избегайте контакта с одеждой. Для повышения стойкости рекомендуем наносить на хорошо увлажненную кожу.",Франция,2
27,2026-09-29T21:29:39.123461,20260929_212821_59782779,83670200002,parfjumerija/nabory,State Of Mind,Butterfly Mind,Набор для путешествий,13340.0,13340.0,0.0,1,4.6,https://goldapple.ru/83670200002-butterfly-mind/,https://goldapple.ru/parfjumerija/nabory?p=2,"В состав набора входит парфюмерная вода 20 мл в футляре + рефилл 20 мл. Невесомый цветочно-фруктовый аромат Butterfly Mind вызывает ассоциации с природой, молодостью и лёгкостью. На его создание вдохновила красота весны и вечного начала. В этом светлом, романтичном и многогранном аромате нежность белого чая и цветков сакуры гармонирует с фруктовыми нотами фейхоа. Украшают праздничный букет чувственные вишня и мускус. Верхние ноты: белый чай, цветки сакуры Ноты сердца: фейхоа, белый чай, лесной орех Базовые ноты: вишня, мускус",Не указано,Франция,2
28,2026-09-29T21:29:46.603959,20260929_212821_59782779,99000034968,parfjumerija/nabory,ELECTIMUSS,IMPERIUM,Набор парфюмерной воды,18180.0,18180.0,0.0,1,0.0,https://goldapple.ru/99000034968-imperium/,https://goldapple.ru/parfjumerija/nabory?p=2,"Тревел-набор от Electimuss с атомайзером Объем 3*10 мл. Композиция открытая, яркая и свежая, со слегка сливочным цветочным сердцем, опьяняющей теплой древесной и мягкой гурманской базой. Аромат поднимает настроение, его удобно носить, он излучает ту же элегантность и уверенность, что и роскошные часы. Империум в Древнем Риме означал власть, опьяняющую власть высокого поста. Чтобы получить Империум, требовались авторитет, интеллект, обаяние, популярность и амбиции. Этот аромат излучает уверенность, стиль, статус и элегантность. Это аромат успеха.",Не указано,Великобритания,2
29,2026-09-29T21:29:53.996858,20260929_212821_59782779,19000004536,parfjumerija/nabory,Vilhelm Parfumerie,MORNING CHESS,Набор миниатюр 3*10 мл,12622.0,12622.0,0.0,1,5.0,https://goldapple.ru/19000004536-morning-chess/,https://goldapple.ru/parfjumerija/nabory?p=2,"Вдохновлён детскими воспоминаниями Яна Вильгельма о летних каникулах, проведённых в курортном городке Фалькенберге. Morning Chess воссоздаёт ощущение пребывания на побережье, где воздух пропитан  свежестью летней зелени, ароматом моря и светом утреннего солнца","Наносите аромат на заднюю часть шеи, в зону декольте и на запястья с расстояния 10-15 см. Не рекомендуется растирать парфюмерную воду , так как это может нарушить правильный процесс раскрытия композиции.",Франция,2
30,2026-09-29T21:30:00.986015,20260929_212821_59782779,83670200009,parfjumerija/nabory,State Of Mind,Spontaneous Generosity,дорожный набор парфюмерной воды,13340.0,13340.0,0.0,1,4.8,https://goldapple.ru/83670200009-spontaneous-generosity/,https://goldapple.ru/parfjumerija/nabory?p=2,"Обращаем внимание, продукт является рефилом. Парфюмерная вода Spontaneous Generosity отражает скромность и поиск истинного счастья, светлого, словно встреча с ангелом-хранителем. Это восточный гурманский аромат с нотами розы, инжира, черного чая ассам, бензоина, перуанского бальзама и сандала. Яркость композиции придают кумарин, бобы тонка и карамель, создавая ощущение легкого удовольствия от спонтанной щедрости. состав набора — Парфюмерная вода Spontaneous Generosity, 20 мл — Рефилл Spontaneous Generosity, 20 мл","Распылите на пульсирующие зоны: запястья, шею, за ушами и внутреннюю сторону локтя. Избегайте контакта с одеждой. Для повышения стойкости рекомендуем наносить на хорошо увлажненную кожу.",Франция,2
31,2026-09-29T21:30:09.106332,20260929_212821_59782779,19000004525,parfjumerija/nabory,Vilhelm Parfumerie,BODY PAINT,Набор миниатюр 3*10 мл,11137.0,11137.0,0.0,1,5.0,https://goldapple.ru/19000004525-body-paint/,https://goldapple.ru/parfjumerija/nabory?p=2,"Body Paint - ароматная экспрессия, воплощение эротических фантазий Яна Вильгельма Альгрена и парфюмера Марка-Антуана Кортичиато. Новый, радикальный взгляд на парфюмерию.","Наносите аромат на заднюю часть шеи, в зону декольте и на запястья с расстояния 10-15 см. Не рекомендуется растирать парфюмерную воду , так как это может нарушить правильный процесс раскрытия композиции.",Франция,2
32,2026-09-29T21:30:17.025805,20260929_212821_59782779,99000035640,parfjumerija/nabory,ELECTIMUSS,ROSE LOVER,Набор парфюмерной воды,20250.0,20250.0,0.0,1,0.0,https://goldapple.ru/99000035640-rose-lover/,https://goldapple.ru/parfjumerija/nabory?p=2,"В набор Rose Lover входит дорожный распылитель и три спрея по 10 мл, так что вы всегда сможете взять с собой любимые ароматы Electimuss, куда бы вы ни отправились. Rhodanthe от Sofia Bardelli. В основе этого яркого и чувственного аромата - абсолют болгарской розы, насыщенная амбра, пряный шафран и герань, а также смолистая база из пачули, ванили и белого мускуса. Summanus от Christian Provenzano. Эта чувственная и насыщенная роза открывается фруктовыми и ароматными нотами кардамона, бергамота, апельсина, сосны и имбиря и переходит в чувственное цветочное сердце из розы, жасмина и коньяка. Это очаровательная и многогранная амбровая роза. Celestial от Christian Provenzano. Композиция Celestial, состоящая из болгарской розы, абсолюта индийской розы и турецкой розы, представляет собой древесно-цветочный парфюм в чистом виде с легким лимонным ароматом и теплой древесной базой из кедра и гваякового дерева. Яркий и очень приятный в носке. Все наши ароматы - это чистая парфюмерия, обладающая превосходной текстурой и долговечностью.",Не указано,Великобритания,2
33,2026-09-29T21:30:26.721714,20260929_212821_59782779,19000004533,parfjumerija/nabory,Vilhelm Parfumerie,MANGO SKIN,Нет категории,11137.0,11137.0,0.0,1,4.9,https://goldapple.ru/19000004533-mango-skin/,https://goldapple.ru/parfjumerija/nabory?p=2,"“Эта композиция - средоточие удовольствий! Во вкусе манго для меня есть все: флирт, любовь, игра, солнце, радость и, главное, ощущение бесконечного счастья. Я задумал создать аромат, который стал бы источником удовольствия для каждого, кто нанесет его на кожу или просто от кого-нибудь услышит” Ян Вильгельм Альгрен. Аромат Mango Skin вдохновлен путешествием по Южной Африке. Для Яна Альгрена это было открытие нового мира – яркого и прекрасного. Обилие красок и ароматов, жаркое солнце и, конечно, любовь!","Наносите аромат на заднюю часть шеи, в зону декольте и на запястья с расстояния 10-15 см. Не рекомендуется растирать парфюмерную воду , так как это может нарушить правильный процесс раскрытия композиции.",Франция,2
34,2026-09-29T21:30:33.796046,20260929_212821_59782779,19000030981,parfjumerija/nabory,L'atelier parfum,DOUCE INSOMNIE + VERTE EUPHORIE,Нет категории,11343.0,11343.0,0.0,1,4.8,https://goldapple.ru/19000030981-douce-insomnie-verte-euphorie/,https://goldapple.ru/parfjumerija/nabory?p=2,"Два аромата – и две совершенно разные эмоции. Откройте для себя гармоничную пару изысканных парфюмерных композиций из коллекции L'ATELIER PARFUM, пробуждающей различные чувства и ощущения. В подарочный набор входят два аромата: парфюмерная вода DOUCE INSOMNIE, в чувственном и гипнотическом аромате которой гармонируют яркая кофейная нота, сандал и нежный цветочный аккорд, и миниатюра парфюмерной воды VERTE EUPHORIE с игривой и бодрящей композицией, объединившей свежесть цитрусов, ноту белого кедра и нежность мускуса. Парфюмерная вода DOUCE INSOMNIE напоминает о маленьких удовольствиях, таких как чашка горячего капучино, а VERTE EUPHORIE дарит чувство свободы и беззаботности. В набор входит: - L'ATELIER PARFUM Douce Insomnie Парфюмерная вода, 100 мл; - L'ATELIER PARFUM Verte Euphorie Парфюмерная вода, 15 мл.","Распылите на пульсирующие зоны, такие как запястья, шея, за ушами и внутренняя сторона локтя. Избегайте контакта с одеждой, чтобы сохранить качество аромата.",Франция,2
35,2026-09-29T21:30:43.014123,20260929_212821_59782779,19000154755,parfjumerija/nabory,THE HARMONIST,Travel Coffret,Набор ароматов,19063.0,19063.0,0.0,1,4.8,https://goldapple.ru/19000154755-travel-coffret/,https://goldapple.ru/parfjumerija/nabory?p=2,"Yin Transformation — мягкий, чувственный и обволакивающий цветочно-древесный парфюм с мерцающей мускусной аурой. В начале звучания композиция дарит идеальную гармонию водных нот, смешанных с солнечной свежестью цитрусов и цветочными ароматами орхидеи Калипсо и болгарской розы. Яркое современное звучание миндального молока превращает прозрачность воды в более бархатистую текстуру, связанную с солнечной нотой иланг-иланга, бархатистого ириса и душистой белой фрезии. В финальном аккорде сливочные ноты сандалового дерева и бензоина создают ощущение гладкости и мягкости, а белый мускус окутывает всё лёгкой мерцающей дымкой. Hypnotizing Fire — привлекательный и таинственный восточно-цветочный парфюм. В верхнем аккорде композиции ягоды пимента, собранные под ярким солнцем Ямайки, смешиваются с тонким, чувственным ароматом шелковисто-пряной розы. Таинственный индонезийский пачули и пряно-смолистый опопонакс в сочетании с элегантной мадагаскарской ванилью возвращают к мерцающему огню, в котором тепло встречается с чувственностью. Аромат с названием «Гипнотический огонь» — ароматическое пламя соблазнения. The Harmonist Sun Force — таинственный и завораживающий восточный аромат. Композиция начинает звучание с освежающих нот помело, пряных акцентов шафрана и пьянящих цветочных оттенков дамасской розы, насыщаясь в центральном аккорде пряными нотами кардамона, сладкими пряными нотами мёда и глубокими древесно-бальзамическими оттенками эфирного масла божественного ладана. Завершается композиция смолистыми сливочно-ванильными акцентами бензоина и элегантными древесными оттенками ветивера и сандала, окутанными чувственными оттенками мускуса. Moon Glory — цветочно-фруктовый восточный аромат. Нежный и эфемерный аромат наполнен сиянием лунного света и его магнетической, таинственной энергетикой. Соблазнительные сочные фруктовые акценты личи, чарующие цветочные ноты белого жасмина и чувственного иланг-иланга деликатно открывают аромат, насыщаясь в сердце композиции пряными аккордами мёда и тонкими «зелёными» оттенками кактуса. Шлейф аромата сплетён из мягкого, приятного и очень стойкого ванильного запаха уникального перуанского бальзама и древесных оттенков пряно-сливочного сандала. состав набора — Hypnotizing Fire, 8,5 мл — Yin Transformation, 8,5 мл — Sun Force, 8,5 мл — Moon Glory, 8,5 мл — Traveler Case, 1 шт",Нанесите духи воду на чистую кожу.,Франция,2
36,2026-09-29T21:30:51.360714,20260929_212821_59782779,83670200005,parfjumerija/nabory,State Of Mind,Modern Nomad,Набор для путешествий,13340.0,13340.0,0.0,1,4.3,https://goldapple.ru/83670200005-modern-nomad/,https://goldapple.ru/parfjumerija/nabory?p=2,"В состав набора входит парфюмерная вода 20 мл в футляре + рефилл 20 мл. Древесно-кожаный аромат Modern Nomad воскрешает воспоминания о беззаботных и приятных путешествиях. Гармония дымных нот японского жареного чая Ходзитя и амбры, тонкое сочетание пачули и уда, чувственность кожи и ванили – аромат раскрывается, заставляя забыть о времени. Modern Nomad станет идеальным спутником для путешествия по жизни. Кожаная куртка, кашемировый шарф и необычный чарующий шлейф – таким может быть современный кочевник, всегда готовый к увлекательным переменам. Верхние ноты: чай Ходзитя, чай Лапсан сушонг, пуэр Ноты сердца: слива, роза, амбра, пачули Базовые ноты: кожа, уд, ваниль",Не указано,Франция,2
37,2026-09-29T21:31:00.695115,20260929_212821_59782779,19000406699,parfjumerija/nabory,ESSENTIAL PARFUMS PARIS,Discovery,Набор миниатюр парфюмерной воды,7191.0,7191.0,0.0,1,4.7,https://goldapple.ru/19000406699-discovery/,https://goldapple.ru/parfjumerija/nabory?p=2,"Отправляйтесь в ольфакторное приключение с миниатюрами парфюмерной воды ESSENTIAL PARFUMS PARIS. Четыре аромата тревел-формата — приглашения в путешествие, в котором безграничное вдохновение художников-парфюмеров направляет вас. В набор входят парфюмерная вода ESSENTIAL PARFUMS PARIS ""BOIS IMPÉRIAL by Quentin Bisch"" (10 мл), парфюмерная вода ESSENTIAL PARFUMS PARIS ""THE MUSC by Calice Becker"" (10 мл), парфюмерная вода ESSENTIAL PARFUMS PARIS ""PATCHOULI MANIA by Fabrice Pellegrin"" (10 мл), парфюмерная вода ESSENTIAL PARFUMS PARIS ""NEROLI BOTANICA by Anne Flipo"" (10 мл) и мешочек для хранения. BOIS IMPÉRIAL — чувственный и свежий аромат с древесными, пряными и зелеными аккордами, дополненный насыщенным гаитянским ветивером, пачули и нотой Ambrofix со стойким звучанием амбры. Парфюмер — Quentin Bisch. THE MUSC — одновременно медовый и свежий аромат, тонкое сочетание пленительных нот имбиря из Лаоса, французской лаванды, пчелиного воска, мускуса и австралийского сандала. Парфюмер — Calice Becker. PATCHOULI MANIA — роскошное сочетание гурманских и пленительных нот, которое построено вокруг пачули и дополнено нотами лесного ореха, кориандра, индийской даваны, абсолютом какао из Кот-д'Ивуар и эссенцией гаитянского ветивера. Парфюмер — Fabrice Pellegrin. NEROLI BOTANICA — пряный и яркий аромат, новый взгляд на нероли, знаковые цветы в парфюмерии, в сочетании с нотами листьев куркумы и имбиря, розового и черного перцев, жасмином самбак, флердоранж, ветивер и сандала. Парфюмер — Anne Flipo. Создатели ESSENTIAL PARFUMS выбирают натуральные, экологически чистые материалы и стремятся снизить воздействие на окружающую среду.",Только для наружного применения.,Франция,2
38,2026-09-29T21:31:09.529681,20260929_212821_59782779,19000235607,parfjumerija/nabory,Mind Games,Mini Discovery,Набор мини-версий парфюмерного экстракта,6126.0,6126.0,0.0,1,4.6,https://goldapple.ru/19000235607-artisan-discovery-set/,https://goldapple.ru/parfjumerija/nabory?p=2,"Исследуйте разум, чувства, силу духа с мини-версиями парфюмерного экстракта MIND GAMES (10 шт. по 2 мл) и погрузитесь в стратегически идеальные композиции. В набор входят восточно-гурманский GRAND MASTER с цветами, древесно-цветочный с кожей GARDEZ, древесно-дымный с нотами цветов SCHOLAR’S MATE, цитрусово-древесный с гурманским аккордом DOUBLE ATTACK, цветочно-древесный J’ADOUBE с фруктами, цветочно-шипровый с нотами табака CHECKMATE, древесный CAÏSSA с аккордами белых цветов, древесно-дымный с цветами и фруктами AS-SULI’S DIAMOND, кожано-древесный с фруктами BLOCKADE, древесно-цветочный с зелеными нотами CASTLING.",Распылите на кожу с расстояния 20-30 см.,Сша,2
39,2026-09-29T21:31:20.493382,20260929_212821_59782779,26733400003,parfjumerija/nabory,Byredo,La Selection Florale,Набор парфюмерной воды 3*12 мл,15427.0,15427.0,0.0,1,4.7,https://goldapple.ru/26733400003-la-selection-florale/,https://goldapple.ru/parfjumerija/nabory?p=2,"Тревел-коллекция цветочных ароматов от Byredo включает три вида парфюма. В составе набора пионовый с пикантными нюансами Blanche, нежный со свежими и зелеными нотами La Tulipe, восточный, насыщенный с розовыми и малиновыми нотами в сердце Rose of no man's land",Не указано,Франция,2
40,2026-09-29T21:31:27.688444,20260929_212821_59782779,99000034977,parfjumerija/nabory,ELECTIMUSS,ETERNALLY YOURS,Набор парфюмерной воды,20250.0,20250.0,0.0,1,0.0,https://goldapple.ru/99000034977-eternally-yours/,https://goldapple.ru/parfjumerija/nabory?p=2,"В набор Eternally Yours входят дорожный распылитель и три спрея по 10 мл, чтобы вы могли взять с собой любимые ароматы Electimuss, куда бы вы ни отправились. Imperium от Sofia Bardelli. Цветочно-мускусный аромат с цитрусовым послевкусием и древесной основой. Композиция раскрывается ярким и свежим аккордом со слегка сливочно-цветочным сердцем и манящей теплой древесной и слегка ванильной основой. Auster от John Stephens. Пряный фруктово-цветочный с землисто-древесной основой. Поздним летом средиземноморские лимонные рощи и сладкая герань, слегка приправленные звездчатым анисом и гвоздикой, превращаются в грозовое небо благодаря свежему землистому шлейфу из пачули, амбры и кедра и слегка кожистому оттенку. Trajan от Marco Genovese. Вдохните сладкие ароматы цитрусовых рощ, пройдите по полям лаванды и шалфея, пройдите на цыпочках через кедровый лес и растворитесь в аромате сахара и специй. Лимонная роща и сладкая герань в сочетании со звездчатым анисом и гвоздикой дополняются базовыми нотами амбры, кедра и мягкой кожи. Бодрящий, универсальный и такой очаровательный. Все наши ароматы - это чистая парфюмерия, обладающая превосходной текстурой и долговечностью.",Не указано,Великобритания,2
41,2026-09-29T21:31:52.668365,20260929_212821_59782779,19000414338,parfjumerija/nabory,State Of Mind,PERFUME DISCOVERY,Набор миниатюр парфюмерной воды,4320.0,4320.0,0.0,1,4.5,https://goldapple.ru/19000414338-perfume-discovery/,https://goldapple.ru/parfjumerija/nabory?p=3,"12 парфюмерных композиций – 12 разных настроений, эмоций и ощущений. Откройте для себя коллекцию изысканных и многогранных ароматов, способных воздействовать на чувства и побуждать к парфюмерным открытиям. В набор входят 14 семплов парфюмерной воды STATE OF MIND (по 1,5 мл) Познакомьтесь с характером каждой композиции и выберите любимые ароматы, подходящие по духу и настроению.",Только для наружного применения.,Франция,3
42,2026-09-29T21:32:00.157310,20260929_212821_59782779,19000505129,parfjumerija/nabory,Penhaligon's,Best seller scent library,Набор миниатюр,5400.0,5400.0,0.0,1,4.9,https://goldapple.ru/19000505129-penhaligon-s-best-seller-scent-library/,https://goldapple.ru/parfjumerija/nabory?p=3,"Набор миниатюр Penhaligon's - это идеальный вариант для первого знакомства с брендом или для пополнения коллекции новыми любимцами. Вместо мучительного выбора одного аромата мы предлагаем вам целых восемь! В этом изысканном наборе собраны лучшие хиты бренда — ароматы, завоевавшие сердца поклонников по всему миру. Каждый миниатюрный флакон (2 мл) открывает дверь в уникальную историю, будь то загадочная восточная сказка Halfeti, аристократичная элегантность The Coveted Duchess Rose, дерзкая харизма The Tragedy of Lord George или чувственная нежность Luna. Что вас ждет внутри: Halfeti — древесно-пряный бестселлер с нотами розы и уда. The Coveted Duchess Rose — шикарный и женственный аромат розы. The Tragedy of Lord George — благородный мужской аромат с аккордом бренди. Luna — свежий, цветочный аромат . Endymion Concentré — чувственный мужской аромат с лавандой и кофе. Empressa — яркий фруктово-цветочный аромат с пачули. Changing Constance — гурманский аромат с карамелью и табаком. Vra Vra Vroom — необычный аромат с акцентом на кожу и мед. Настоящая «библиотека ароматов» позволит вам исследовать многогранность британского парфюмерного дома Penhaligon's","Нанести на кожу, избегая попадания в глаза. Для более полного раскрытия аромата рекомендуется нанести его на точки пульса: шею, зону декольте и запястья.",Франция,3
43,2026-09-29T21:32:06.882395,20260929_212821_59782779,83670200008,parfjumerija/nabory,State Of Mind,Sense of humor,Нет категории,15127.0,15127.0,0.0,1,4.2,https://goldapple.ru/83670200008-sense-of-humor/,https://goldapple.ru/parfjumerija/nabory?p=3,"В состав набора входит парфюмерная вода 20 мл в футляре + рефилл 20 мл. Зеленый цитрусовый аромат Sense of Humor – это эйфорическое сочетание яркости и экзотики. Игривое и весёлое зелье открывается неожиданными нотами мате и чая Дарджилинг в сочетании с листьями чёрной смородины и кинзы. Аромат переходит в свежую гармонию солнечного цитрона, мандарина и персика, дополненную тёплыми нотами кедра и мускуса. Насыщенная и бодрящая композиция намекает: юмор – это лучшая одежда, которую нужно носить в обществе. Верхние ноты: персик, листья чёрной смородины, мускус Ноты сердца: чай Дарджилинг, цитрон, мате Базовые ноты: мандарин, кориандр, кедр",Не указано,Франция,3
44,2026-09-29T21:32:15.247634,20260929_212821_59782779,19760318083,parfjumerija/nabory,Kilian Paris,"Love, don't be shy Travel Set",Нет категории,24480.0,24480.0,0.0,1,4.9,https://goldapple.ru/19760318083-love-don-t-be-shy-travel-set/,https://goldapple.ru/parfjumerija/nabory?p=3,"Источники вдохновения Килиана Хеннеси. Волнующий и незабываемый аромат Love, don’t be shy мгновенно покорит вас нежным звучанием абсолюта цветов апельсина. Аромат. Невинные, словно первая любовь, зеленые оттенки жимолости и бархатистой розы сливаются в нежном танце со сладкими аккордами маршмеллоу. Теплые ноты амбры придают композиции чувственный характер и вселяют надежду на скорую встречу с родственной душой. Дорожный формат ароматов KILIAN PARIS создан для того, чтобы вы могли взять с собой любимый парфюм в любую точку мира. Набор состоит из четырех пополняемых флаконов объемом 7,5 мл и эквивалентен 30 мл. Оформление атомайзера отражает стиль и философию бренда KILIAN PARIS. Бело-золотой футляр дорожного спрея украшен тиснением с переплетением символов ""Эдемского сада"" из библейского сюжета, о величайшем искушении Евы. Истинная роскошь должна длиться всю жизнь, и именно поэтому флаконы дорожного набора можно пополнить из рефила.","Нанесите аромат на запястья, шею и точки пульса на очищенную и увлажненную кожу, чтобы он раскрылся от тепла тела и остался с вами до самого вечера. Не растирайте.",Франция,3
45,2026-09-29T21:32:22.172290,20260929_212821_59782779,19000004528,parfjumerija/nabory,Vilhelm Parfumerie,DEAR POLLY,Набор миниатюр 3*10 мл,11137.0,11137.0,0.0,1,4.9,https://goldapple.ru/19000004528-dear-polly/,https://goldapple.ru/parfjumerija/nabory?p=3,"Любовное послание в виде аромата, которое Ян Вильгельм посвящает своей жене Полли. Я сделал любовный напиток, исполненный нежности, будто утренний поцелуй любимого человека. Эрл грей – напиток, приятно согревающий тело, именно с него она начинает каждое утро. Немного яблока и мой поцелуй начинают ее день.","Наносите аромат на заднюю часть шеи, в зону декольте и на запястья с расстояния 10-15 см. Не рекомендуется растирать парфюмерную воду , так как это может нарушить правильный процесс раскрытия композиции.",Франция,3
46,2026-09-29T21:32:30.727770,20260929_212821_59782779,19000121290,parfjumerija/nabory,THE WOODS COLLECTION,Dusk,Набор парфюмерный,10782.0,10782.0,0.0,1,4.7,https://goldapple.ru/19000121290-dusk/,https://goldapple.ru/parfjumerija/nabory?p=3,"Когда солнце делегирует свои обязанности луне во время их ежедневного свидания, захватывающий переход от яркой светящейся ауры к теплой и тусклой атмосфере охватывает леса, затаившие дыхание в момент покоя. Dusk начинает свое путешествие с фруктового свежего чарующего яблока, смешанного с бергамотом и мандарином, а затем взрывается среднецветочным ощущением фиалок, жасмина и яркой герани. Последние осколки раскрепощенного дневного времени зовут вас в DUSK из Natural by The Woods Collection. Состав набор: 100ml+5ml. Флакон 5 ml пустой.",Не указано,Франция,3
47,2026-09-29T21:32:39.021505,20260929_212821_59782779,19000004538,parfjumerija/nabory,Vilhelm Parfumerie,POETS OF BERLIN,Набор миниатюр 3*10 мл,11137.0,11137.0,0.0,1,4.9,https://goldapple.ru/19000004538-poets-of-berlin/,https://goldapple.ru/parfjumerija/nabory?p=3,"Poets Of Berlin вдохновлен поэзией Дэвида Боуи и посвящен самому плодотворному периоду его творчества , который пришелся на годы его жизни в Берлине. Именно здесь Дэвид создал новую гармонию музыкального искусства. Его дни проходили в тихих, увитых плющом кафе, а ночи в утопающих в табачном дыму барах, среди гениальных и безумных поэтов и музыкантов.","Наносите аромат на заднюю часть шеи, в зону декольте и на запястья с расстояния 10-15 см. Не рекомендуется растирать парфюмерную воду , так как это может нарушить правильный процесс раскрытия композиции.",Франция,3
48,2026-09-29T21:32:49.802829,20260929_212821_59782779,19000121293,parfjumerija/nabory,THE WOODS COLLECTION,Royal night,Набор парфюмерный,10782.0,10782.0,0.0,1,4.8,https://goldapple.ru/19000121293-royal-night/,https://goldapple.ru/parfjumerija/nabory?p=3,"В угольно-черной тьме ночи Закат и Рассвет танцуют рука об руку, как будто они находятся в большом зале короля, и их ароматы переплетаются, когда они двигаются в устойчивом ритме. Его духи пахли агаровым деревом, янтарным деревом и березой, отмечая его силу и мужество, в то время как ее аромат розы и малины отмечал ее сладость и благородство, слившиеся воедино. Не бойтесь влюбиться в ROYAL NIGHT от Natural by The Woods Collection. Состав набор: 100ml+5ml. Флакон 5 ml пустой.",Не указано,Франция,3
49,2026-09-29T21:32:57.592951,20260929_212821_59782779,19000539754,parfjumerija/nabory,MIXIT,Hottie Summer Burgundy Touch,Подарочный набор,1417.0,1417.0,0.0,1,5.0,https://goldapple.ru/19000539754-mixit-hottie-summer-burgundy-touch/,https://goldapple.ru/parfjumerija/nabory?p=3,"Hottie Summer Burgundy Touch Set объединяет сочный блеск для губ насыщенного бордового оттенка спелой вишни. Парфюм дополняет образ сочным, игривым ароматом вишневого сиропа с нотками красных ягод, нежной ванили, амбры и пачули. в набор входят: — Блеск для губ 4,3 мл — Парфюмерная вода 10 мл","Блеск для губ: нанесите блеск на кожу губ с помощью аппликатора. Парфюмерная вода: нанесите парфюмерную воду на чистую кожу, распыляя с расстояния 10-15 см. Рекомендуется наносить на точки пульса: шею, запястья, зону за ушами или сгибы локтей. Не растирайте аромат после нанесения — дайте ему раскрыться естественным образом.",Китай (китайская народная республика),3
50,2026-09-29T21:33:05.261838,20260929_212821_59782779,19000338867,parfjumerija/nabory,Vilhelm Parfumerie,Lucky Yellow,Набор парфюмерной воды,11137.0,11137.0,0.0,1,4.9,https://goldapple.ru/19000338867-lucky-yellow/,https://goldapple.ru/parfjumerija/nabory?p=3,"В трёх ароматах набора lucky yellow воплощаются три аспекта творчества. Francis — само вдохновение. Оно зародилось где-то на просторах Средиземноморья, в окружении ярких художественных образов. Morning chess — это дерзкий вызов. Истинный дух соперничества, столкновение двух интеллектов в прекрасной атмосфере летнего утра. Sparkling jo — квинтэссенция беззаботного веселья. Безудержный ритм вечеринок, длящихся всю ночь напролет. Культовые, искрометные, блистательные. Наши бестселлеры вдохновляют на подвиги! Сделайте их своими талисманами. С vilhelm parfumerie все возможно! Lucky yellow – набор 3х10ml, eau de parfum Faces of francis, morning chess, sparkling jo.",Нанести на пульсирующие точки.,Франция,3
51,2026-09-29T21:33:13.549125,20260929_212821_59782779,19000325754,parfjumerija/nabory,BYBOZO,DISCOVERY SET,Набор миниатюр,6930.0,6930.0,0.0,1,4.6,https://goldapple.ru/19000325754-discovery-set/,https://goldapple.ru/parfjumerija/nabory?p=3,"Discovery Set — идеальный способ окунуться в мир ароматов бренда. В нем собраны все 13 ароматов по 2 мл, чтобы вы смогли найти свой идеальный парфюм. Это как мини-путешествие по ароматической палитре Bybozo : от дерзких и ярких до нежных и чувственных. Вы сможете попробовать каждый аромат, почувствовать его индивидуальность и открыть для себя новое любимое звучание.",Нанесение на поверхность кожи.,Оаэ,3
52,2026-09-29T21:33:21.443358,20260929_212821_59782779,19000121296,parfjumerija/nabory,SIGNATURE BY SILLAGE DORIENT,Jade,Набор парфюмерный,17969.0,17969.0,0.0,1,4.6,https://goldapple.ru/19000121296-jade/,https://goldapple.ru/parfjumerija/nabory?p=3,"В изысканный набор входят парфюмерная вода JADE (100 мл), её миниатюра в тревел-формате (15 мл) и распылитель. Цитрусовая и сладкая композиция SIGNATURE by Sillage d'Orient – это воплощение чистоты, идеальный баланс сладости и тепла. Jade переводится как нефрит, и флакон парфюмерной воды таит ту же магию, что и этот удивительный камень. Согласно китайской пословице, золото ценно, но именно нефрит – бесценен. Неповторимую красоту нефрита и бессмертный дух Востока отражают цитрусовые ноты бергамота, лимона и мандарина, которые окутывают свежестью и сладостью, а затем уступают место теплым нотам ванили, амбры и мускуса.",Распылять на кожу с расстояния 20-30 см.,Франция,3
53,2026-09-29T21:33:28.728176,20260929_212821_59782779,19000176553,parfjumerija/nabory,EX NIHILO,FASCINATION,Нет категории,21600.0,21600.0,0.0,1,4.6,https://goldapple.ru/19000176553-fascination/,https://goldapple.ru/parfjumerija/nabory?p=3,"FASCINATION сочетает силу и мягкость с выбором соблазнительных и смелых ароматов со свежими, древесными и пряными нотами. Состав набора (5шт*7,5мл): - The Hedonist - Citizen X - Gold Immortals - Santal Calling - Outcast Blue",Не указано,Франция,3
54,2026-09-29T21:33:36.121061,20260929_212821_59782779,19000445881,parfjumerija/nabory,Versace,EROS NAJIM,Нет категории,16740.0,16740.0,0.0,1,5.0,https://goldapple.ru/19000445881-eros-najim/,https://goldapple.ru/parfjumerija/nabory?p=3,"Золотой закат, дымчатые леса и амбровая сладость соединяются в одном магнетическом образе. Versace Eros Najim Parfum — смелый, выразительный аромат, построенный на контрастах. В верхних нотах — яркий жёлтый мандарин и растаявшая карамель, которые плавно переходят в глубокое сердце из кардамона, уда и кедра. База раскрывается дымчатыми оттенками ладана, пачули, ветивера и бобов тонка, создавая тёплое, чувственное послевкусие. Флакон в янтарно-золотых тонах отражает сияние пустынного заката. В подарочном наборе — полноразмерный аромат, тревел-версия и косметичка Versace, чтобы вы могли носить этот магический шлейф с собой повсюду. В набор входят: – Versace Eros Najim Парфюм, 100 мл – Versace Eros Najim Парфюм, 10 мл – Versace Косметичка, 1 шт.","Versace Eros Najim Парфюм: Нанесите небольшое количество на пульсирующие зоны, такие как запястья, шея, за ушами и внутренняя сторона локтя. Не наносите на одежду, чтобы избежать пятен.",Италия,3
55,2026-09-29T21:33:44.435310,20260929_212821_59782779,19000402033,parfjumerija/nabory,RicHarD maison de parfum,White,Набор миниатюр,7990.0,7990.0,0.0,1,4.7,https://goldapple.ru/19000402033-white/,https://goldapple.ru/parfjumerija/nabory?p=3,"Набор Richard White Travel Collection включает в себя: миниатюры парфюмерной воды по 10 мл. Red Square — аромат олицетворяет энергетику и ритм жизни, погружая в атмосферу ночных улиц, ярких огней и бесконечных возможностей. Он создает образ города, который активно живет и дышит, с его уникальной архитектурой, культурой и историей. Он словно приглашает вас прогуляться по шумным проспектам, ощутить атмосферу творческого хаоса и вдохновения. White Chocola — настоящее удовольствие для любителей шоколада! Погружение в сладкую бездну, наслаждение легким вкусом пряностей и тонким ароматом сладкой ванили. Необычное сочетание будет удивлять своим настроением. Сладкие ноты белого шоколада вместе с теплотой ванили делают аромат поистине воздушным, довершают этот коктейль цветочные и фруктовые аккорды. Black Mark — представьте себе, как вы блуждаете по густым джунглям, окруженные яркими цветами и необычными ароматами. Каждое новое открытие приносит с собой ощущение азарта и ожидания. На этом острове можно найти не только экзотические фрукты, но и старинные загадки, которые ждут своего разгадки.","Распылите на пульсирующие зоны: запястья, шею, за ушами и внутреннюю сторону локтя. Избегайте контакта с одеждой. Для повышения стойкости рекомендуем наносить на хорошо увлажненную кожу.",Оаэ,3
56,2026-09-29T21:33:51.558121,20260929_212821_59782779,26733400001,parfjumerija/nabory,Byredo,La Selection Nomade,Набор парфюмерной воды 3*12 мл,15427.0,15427.0,0.0,1,4.7,https://goldapple.ru/26733400001-la-selection-nomade/,https://goldapple.ru/parfjumerija/nabory?p=3,"Тревел-коллекция парфюма от Byredo вобрала в себя насыщенный восточно древесный унисекс-парфюм Bal D'Afrique, нежный цветочный с чувственными мускусными акцентами Blanche и Gypsy Water с фужерными оттенками, созданными цитрусовой свежестью, древесными и бальзамическими нотами.",Не указано,Франция,3
57,2026-09-29T21:34:00.873005,20260929_212821_59782779,19000402022,parfjumerija/nabory,RicHarD maison de parfum,Love,Набор миниатюр,7990.0,7990.0,0.0,1,4.9,https://goldapple.ru/19000402022-love/,https://goldapple.ru/parfjumerija/nabory?p=3,"Набор Richard Love Travel Collection включает в себя: миниатюры парфюмерной воды по 10 мл. Coca Chocolat — напоминает о праздничной атмосфере и сюрпризах. Это как момент, когда вскрываешь заветный подарок — волнение и трепет, которые сопровождаются звуком шуршащей бумаги. Так и пузырьки колы и аромат шоколада смешиваются в воздухе, создается уникальное чувство радости и волшебства, словно каждый день может быть праздником. Это момент, когда даже самые простые вещи превращаются в магию! Fake Love — это целое путешествие сквозь время, где каждая нота играет свою роль в создании неповторимой мелодии, которая звучит в сердце каждого, кто верит в истинную любовь. Cherry Show — целая история, рассказанная языком запахов. Он передаёт атмосферу летнего дня, когда солнце светит ярко, а лёгкий ветерок приносит свежесть. В каждом вдохе чувствуется сладкая нотка вишни, которая ассоциируется с детством и приятными воспоминаниями.","Распылите на пульсирующие зоны: запястья, шею, за ушами и внутреннюю сторону локтя. Избегайте контакта с одеждой. Для повышения стойкости рекомендуем наносить на хорошо увлажненную кожу.",Оаэ,3
58,2026-09-29T21:34:08.804224,20260929_212821_59782779,19000121300,parfjumerija/nabory,SIGNATURE BY SILLAGE DORIENT,Ambre,Набор парфюмерный,17969.0,17969.0,0.0,1,4.7,https://goldapple.ru/19000121300-ambre/,https://goldapple.ru/parfjumerija/nabory?p=3,"В изысканный набор входят парфюмерная вода AMBRE (100 мл) и её миниатюра в тревел-формате (15 мл). Аромат SIGNATURE by Sillage d'Orient посвящен красоте янтаря, который ценили на протяжении веков: древние египтяне верили в его способность защищать, а древние греки считали янтарь слезами богинь. Аристократический камень вдохновил на создание благородной и насыщенной парфюмерной композиции, в которой чувственный амбровый аккорд обрамляют бальзамические ноты и нежная сладость ванили. В интернет-магазине представлен актуальный дизайн товара. При заказе вы можете получить товар как в старом, так и в новом дизайне.",Распылять на кожу с расстояния 20-30 см.,Франция,3
59,2026-09-29T21:34:16.201038,20260929_212821_59782779,19000445879,parfjumerija/nabory,Versace,EROS,Подарочный парфюмерный набор,15255.0,15255.0,0.0,1,5.0,https://goldapple.ru/19000445879-eros/,https://goldapple.ru/parfjumerija/nabory?p=3,В состав набора входят: Туалетная вода Versace «Eros» мужская — 100 мл. Туалетная вода Versace «Eros» мужская — 10 мл. Косметичка Versace — 1 шт.,Не указано,Италия,3
60,2026-09-29T21:34:23.777964,20260929_212821_59782779,82403400004,parfjumerija/nabory,Frederic Malle,The Essential Coffret for Women,Парфюмерный набор,10500.0,10500.0,0.0,1,4.7,https://goldapple.ru/82403400004-essential-collection-first-encounter-for-women/,https://goldapple.ru/parfjumerija/nabory?p=3,"Идеальный набор The Essential Coffret for Women, подходящий как для знакомства с бестселлерами Frederic Malle, так и для ценителей парфюмерии. Формат миниатюр, который очень удобно брать с собой в путешествие, или положить в сумку. Состав набора - 6 миниатюр формате спреев: Парфюмерная вода Portrait of a Lady 3,5 мл, Парфюмерная вода Carnal Flower 3,5 мл, Парфюмерная вода En Passant 3,5 мл, Парфюмерная вода Musc Ravageur 3,5 мл, Туалетная вода Eau de Magnolia 3,5 мл, Парфюмерная вода Lipstick Rose 3,5 мл.",Не указано,Франция,3
61,2026-09-29T21:34:42.505898,20260929_212821_59782779,19000530415,parfjumerija/nabory,Maison Francis Kurkdjian,Vestiaire Olfactif Essentiel,Парфюмерный набор,25500.0,25500.0,0.0,1,4.9,https://goldapple.ru/19000530415-maison-francis-kurkdjian-vestiaire-olfactif-essentiel/,https://goldapple.ru/parfjumerija/nabory?p=4,"Премиальный парфюмерный набор от легендарного французского бренда представляет коллекцию знаковых ароматов в мини-формате. Идеальное решение для знакомства с многогранным миром высокой парфюмерии. В коллекцию входят восемь знаковых ароматов дома в удобном формате 11 мл, предназначенном для путешествий, чтобы ваши любимые ароматы всегда были с вами. Этот набор также идеально подойдет в качестве подарка, который можно дарить бесконечно. Откройте для себя культовые ароматы дома: Парфюмерная вода Baccarat Rouge 540: таинственный, чарующий аромат с ярким, древесно-амбровым цветочным шлейфом. Парфюмерный экстракт Baccarat Rouge 540: более цветочная и гурманская версия парфюмерной воды. OUD Satin Mood: чувственный аромат с нотами уда, розы и ванильно-амбровым аккордом. Grand Soir: сияние великолепного вечера через пленительные амбровые и древесные ноты. Gentle Fluidity Gold: роскошный обволакивающий шлейф с нотами мускуса, амбрового дерева и ванили. Gentle Fluidity Silver: свежий и бодрящий шлейф, в котором доминируют мускатный орех и амбровое дерево. Aqua Universalis: воздушный свежий шлейф из мускуса и бергамота, вызывающий ощущение чистоты. Kurky: жизнерадостный гурманский аромат с мускусно-фруктовыми нотами.","Нанести аромат на запястья, шею и точки пульса.",Франция,4
62,2026-09-29T21:34:49.925813,20260929_212821_59782779,19000121303,parfjumerija/nabory,SIGNATURE BY SILLAGE DORIENT,Rose,Набор парфюмерный,17969.0,17969.0,0.0,1,4.7,https://goldapple.ru/19000121303-rose/,https://goldapple.ru/parfjumerija/nabory?p=4,"В изысканный набор входят парфюмерная вода ROSE (100 мл), её миниатюра в тревел-формате (15 мл) и распылитель. Королевский аромат SIGNATURE by Sillage d'Orient – это гармония силы и страсти, тонкая грань между желанием и контролем. Необузданная и насыщенная, но вместе с тем красивая и нежная композиция способна и успокоить, и взволновать. Роскошная, чувственная роза кружится в волнующем танце с нежной, соблазнительной нотой ванили. Эта композиция достойна императрицы или богини, ведь сама Клеопатра любила и использовала розы, а древние греки украшали розами храмы в честь Афродиты, богини красоты и любви. Обращаем внимание, в зависимости от партии товар может поступать в разном дизайне, отличающимся от фото в карточке товара. На свойство и качество продукта это не влияет.",Распылять на кожу с расстояния 20-30 см.,Франция,4
63,2026-09-29T21:34:57.565531,20260929_212821_59782779,19000523888,parfjumerija/nabory,MIXIT,Perfume Diary Essentials Set,Нет категории,1125.0,1125.0,0.0,1,4.7,https://goldapple.ru/19000523888-mixit-perfume-diary-essentials-set/,https://goldapple.ru/parfjumerija/nabory?p=4,"Набор ароматов MIXIT Perfume Diary переносит вас в разные города и помогает почувствовать уникальные моменты каждой истории. MIXIT Perfume Diary Page 01: Город, где воздух пахнет солнцем и свободой. Где решения принимаются легко, а внутри проявляется смелость сделать первый шаг. Этот момент — как сладкое начало, когда впереди целая история и ты готова позволить ей случиться. Ноты аромата: клубника, мороженое, ваниль. MIXIT Perfume Diary Page 28: Любовь узнается не сразу, но она точно в деталях. Город, который учит замечать малое: прикосновения, паузы, взгляды. Любовь здесь тихая и настоящая — сложенная из моментов, которые остаются с тобой. Ноты аромата: жасмин, хлопок, мускус. MIXIT Perfume Diary Page 116: Теплый вечер, апельсиновые деревья, медленный шаг по камню. Город живет в своем ритме — и ты вдруг попадаешь в него. Здесь приходит уверенность: ничего не нужно ускорять. Достаточно просто позволить. Ноты аромата: персик, чай, фиалка, роза, кипарис, древесные ноты, амбра. состав набора — Парфюмерная вода Page 01, 4 мл — Парфюмерная вода Page 28, 4 мл — Парфюмерная вода Page 116, 4 мл","Распылите аромат на чистую кожу с расстояния 10-15 см, уделяя внимание пульсирующим зонам: шее, запястьям, области за ушами и сгибам локтей. Не растирайте аромат после нанесения, чтобы он мог раскрыться естественно.",Китай (китайская народная республика),4
64,2026-09-29T21:35:05.162015,20260929_212821_59782779,19000502841,parfjumerija/nabory,Kilian Paris,NARCOTICS DISCOVERY SET,Нет категории,24480.0,24480.0,0.0,1,5.0,https://goldapple.ru/19000502841-kilian-paris-narcotics-discovery-set/,https://goldapple.ru/parfjumerija/nabory?p=4,"Арсенал ароматов — для любого настроения и интенсивности. Четыре цветочных парфюма коллекции Narcotics собраны как кутюрный букет: сияющие лепестки, сливочные цветы и соблазнительный гурманский акцент. В наборе идут четыре пополняемых флакона по 7,5 мл, бело-золотой парфюмерный кейс Talisman — созданный для того, чтобы менять, очаровывать и коллекционировать. Ароматы: • Good Girl Gone Bad — цветок апельсина, османтус, тубероза. • Love, don’t be shy — нероли, роза, маршмеллоу. • Sunkissed Goddess — иланг-иланг, цветок Тиаре, кокос. • Woman in Gold — бергамот, роза, бобы тонка.",Нанесите на кожу на любое место по желанию.,Франция,4
65,2026-09-29T21:35:13.536182,20260929_212821_59782779,19000445868,parfjumerija/nabory,Versace,BRIGHT CRYSTAL,Парфюмерный набор,12090.0,12090.0,0.0,1,4.8,https://goldapple.ru/19000445868-bright-crystal/,https://goldapple.ru/parfjumerija/nabory?p=4,"Сияние кристалла и свежесть фруктов воплощаются в подарочном наборе Versace Bright Crystal. Аромат, созданный Альберто Мориьясом в 2006 году, открывается искрящимися нотами юдзу и граната с прохладным ледяным оттенком. В сердце — изысканный букет пиона, магнолии и лотоса, а в базе — мягкий мускус, тёплое дерево махагони и янтарная глубина. Лосьон для тела с эффектом сияния увлажняет кожу и придаёт ей деликатное свечение, а парфюмированный гель для душа мягко очищает и оставляет нежную ароматную вуаль. Завершает набор косметичка Versace — штрих изысканной роскоши. Коллекция, объединяющая свежесть, элегантность и чувственность — идеальный подарок для каждой женщины. В набор входят: – Versace Bright Crystal Туалетная вода, 90 мл – Versace Bright Crystal Лосьон для тела с эффектом сияния, 100 мл – Versace Bright Crystal Парфюмированный гель для душа, 100 мл – Versace Косметичка, 1 шт.","Распылите на пульсирующие зоны: запястья, шею, за ушами и внутреннюю сторону локтя. 
Избегайте контакта с одеждой. 
Для повышения стойкости рекомендуем наносить на хорошо увлажненную кожу.",Италия,4
66,2026-09-29T21:35:21.280938,20260929_212821_59782779,19000454158,parfjumerija/nabory,Burberry,Goddess,Парфюмерный набор,6850.0,6850.0,0.0,1,4.8,https://goldapple.ru/19000454158-goddess/,https://goldapple.ru/parfjumerija/nabory?p=4,"В состав набора входят: Парфюмерная вода для женщин Burberry Goddess Eau de Parfum, 50 мл Лосьон для тела Burberry Goddess, 75 мл м Набор Burberry Goddess: погрузитесь в мир изысканной роскоши с набором Burberry Goddess, который включает в себя лосьон для тела и парфюмерную воду. Лосьон для тела Burberry Goddess нежно увлажняет и питает кожу, оставляя её мягкой и шелковистой. Его легкая текстура быстро впитывается, не оставляя жирных следов, и окутывает вас утонченным ароматом. Парфюмерная вода Burberry Goddess Eau de Parfum — это воплощение женственности и элегантности. Композиция раскрывается яркими нотами, которые плавно переходят в цветочное сердце и завершаются теплым шлейфом. Этот набор станет идеальным подарком для тех, кто ценит стиль и изысканность.","Парфюмерная вода: Распылите на пульсирующие зоны: запястья, шею, за ушами и внутреннюю сторону локтя. Избегайте контакта с одеждой. Для повышения стойкости рекомендуем наносить на хорошо увлажненную кожу. Лосьон для тела: Нанесите лосьон на кожу тела массирующими движениями.",Испания,4
67,2026-09-29T21:35:30.219401,20260929_212821_59782779,19000416503,parfjumerija/nabory,CHOPARD,IRIS MALIKA,Подарочный парфюмерный набор,12851.0,12851.0,0.0,1,4.8,https://goldapple.ru/19000416503-iris-malika/,https://goldapple.ru/parfjumerija/nabory?p=4,"В подарочный набор входят парфюмерная вода Chopard ""Iris Malika"" (100 мл) и парфюмированный лосьон для тела Chopard IRIS MALIKA (75 мл), который увлажняет кожу и оставляет чарующий аромат. Чувственная парфюмерная композиция воспевает роскошную ноту ириса – одного из самых аристократичных и благородных цветов. Королевский цветочный букет с чарующим ирисом, иланг-илангом и жасмином украшают соблазнительные ноты сочных ягод, древесный аккорд, теплые ноты смол и пряные специи.",1. Лосьон для тела: нанесите лосьон на кожу тела и распределите массирующими движениями. 2. Парфюмерная вода: парфюмерную воду распылите с небольшого расстояния.,Италия,4
68,2026-09-29T21:35:39.616889,20260929_212821_59782779,19000449080,parfjumerija/nabory,Kenzo,KENZOHOMME,Парфюмерный набор,5196.0,5196.0,0.0,1,4.8,https://goldapple.ru/19000449080-men-kenzo-homme/,https://goldapple.ru/parfjumerija/nabory?p=4,"С новогодними наборами Kenzo момент вручения подарка становится поистине особенным. Каждая деталь, тщательно продуманная до мелочей, воплощает в себе дух праздника и тепло совместных мгновений, делая Новый Год по-настоящему незабываемым. Подарочный набор Kenzo Homme состоит из мужской интенсивной туалетной воды и миниатюры для путешествий. Подарочные наборы произведены во Франции из 100% картона и бумаги из ответственных источников и подлежат переработке. Набор: Интенсивная туалетная вода KENZOHOMME, 60 мл + Миниатюра Интенсивная туалетная вода KENZOHOMME, 10 мл.",Нанесите на пульсирующие точки.,Франция,4
69,2026-09-29T21:35:48.512822,20260929_212821_59782779,19760332373,parfjumerija/nabory,Frederic Malle,The Essential Coffret for Women,Парфюмерный набор,20100.0,20100.0,0.0,1,4.8,https://goldapple.ru/19760332373-the-essential-coffret-for-women/,https://goldapple.ru/parfjumerija/nabory?p=4,"Идеальный набор The Essential Coffret for Women, подходящий как для знакомства с бестселлерами Frederic Malle, так и для ценителей парфюмерии. Формат мини флаконов, который очень удобно брать с собой в путешествие, или положить в сумку. Состав набора - 5 мини флаконов: Парфюмерная вода Portrait of a Lady 7 мл, Парфюмерная вода Carnal Flower 7 мл, Парфюмерная вода Musc Ravageur 7 мл, Туалетная вода Eau de Magnolia 7 мл, Парфюмерная вода En Passant 7 мл.",Не указано,Франция,4
70,2026-09-29T21:35:58.063561,20260929_212821_59782779,19000519302,parfjumerija/nabory,Vilhelm Parfumerie,Master collection,Набор миниатюр парфюмерной воды,28050.0,28050.0,0.0,1,4.9,https://goldapple.ru/19000519302-vilhelm-parfumerie-master-collection/,https://goldapple.ru/parfjumerija/nabory?p=4,"Каждый аромат коллекции открывает собственный мир: от сочной яркости манго и южного тепла, окрашенного оттенками фисташки и шафрана, до ледяной груши с огненным акцентом чили, нью-йоркского утра с зелёным яблоком и чаем Эрл Грей и вечернего Чикаго — с шампанским, сигарами и особой элегантностью. В композициях коллекции чувствуется насыщенность жизни во всей ее полноте — яркие краски, движение, эмоциональная выразительность и та свобода быть разным. состав набора — Парфюмерная вода «Dear Polly», 10 мл — Парфюмерная вода «Mango Skin», 10 мл — Парфюмерная вода «Morning Chess», 10 мл — Парфюмерная вода «Chicago High», 10 мл — Парфюмерная вода «Body Paint», 10 мл — Парфюмерная вода «Modest Mimosa», 10 мл — Парфюмерная вода «Faces of Francis», 10 мл — Парфюмерная вода «Poets of Berlin», 10 мл — Парфюмерная вода «Room Service», 10 мл — Парфюмерная вода «The Oud Affair», 10 мл","Распылите на пульсирующие зоны: запястья, шею, за ушами и внутреннюю сторону локтя. Избегайте контакта с одеждой. Для повышения стойкости рекомендуем наносить на хорошо увлажненную кожу.",Франция,4
71,2026-09-29T21:36:07.047394,20260929_212821_59782779,19000121295,parfjumerija/nabory,THE WOODS COLLECTION,The essence,Набор парфюмерный,10782.0,10782.0,0.0,1,4.9,https://goldapple.ru/19000121295-the-essence/,https://goldapple.ru/parfjumerija/nabory?p=4,"Аромат жизни, заключенный во флаконе, захватывает пьянящими восточными нотами. Путешествие возрождения начинается с шафрана и кардамона, смешанных с грязным листом кипариса, полынью и бергамотом с цитрусовым оттенком грейпфрута. Вы остаетесь в восторге от ее сердца из болгарской розы, жасмина и мускатного ореха. Наконец, вы отдыхаете, поскольку ваше путешествие заканчивается нотами агарового дерева, ощущением мужественной кожи, кедра, сандалового дерева, амбры, бобов тонка, ванили и мускуса. Празднуйте жизнь с ESSENCE от Natural by The Woods Collection. Состав набор: 100ml+5ml. Флакон 5 ml пустой.",Не указано,Франция,4
72,2026-09-29T21:36:15.667676,20260929_212821_59782779,83670200003,parfjumerija/nabory,State Of Mind,Creative Inspiration,Набор для путешествий,15127.0,15127.0,0.0,1,3.3,https://goldapple.ru/83670200003-creative-inspiration/,https://goldapple.ru/parfjumerija/nabory?p=4,"В состав набора входит парфюмерная вода 20 мл в футляре + рефилл 20 мл. Пудровый пряный аромат Creative Inspiration – это приглашение в мир искусства и творчества. Он вдохновляет мечтать, изобретать, идти к своей цели, открывать для себя новое. Чувственная и яркая композиция начинается с нот бергамота, ириса и сандала, придающего аромату мягкость и экзотичность. За ними раскрываются перец и пудровые ноты риса и солодки. Creative Inspiration идеально подходит тем, кто хочет быть на ты с искусством и творчеством. Тем, для кого аромат – это путешествие в удивительные фантазии. Верхние ноты: бергамот, чай улун, ирис Ноты сердца: красный перец, жасмин, рис Базовые ноты: мускус, сандал, лакричник",Не указано,Франция,4
73,2026-09-29T21:36:23.161619,20260929_212821_59782779,19000445880,parfjumerija/nabory,Versace,EROS ENERGY,Нет категории,11160.0,11160.0,0.0,1,4.9,https://goldapple.ru/19000445880-eros-energy/,https://goldapple.ru/parfjumerija/nabory?p=4,В состав набора входят: Парфюмерная вода Versace «Eros Energy pour homme» — 100 мл. Парфюмерная вода Versace «Eros Energy pour homme» — 10 мл. Косметичка Versace — 1 шт.,Не указано,Италия,4
74,2026-09-29T21:36:30.899007,20260929_212821_59782779,19000171508,parfjumerija/nabory,USO PARIS,Vanilla and Coconut,Нет категории,4400.0,4400.0,0.0,1,4.5,https://goldapple.ru/19000171508-vanilla-and-coconut/,https://goldapple.ru/parfjumerija/nabory?p=4,"Одним из нежнейших ароматов селективной линейки USO PARIS стала парфюмерная вода Vanilla Coconut (Ваниль и Кокос). За привычной ассоциацией тропической сладости скрывается богатейшая композиция с высоким содержанием драгоценных масел. Это не просто ориентальный аромат, хранящий в себе традиции Востока, это сказка, рассказанная тихим шепотом под сиянием звезд. Фруктовый всплеск первого впечатления растворяется в мареве цветочных лепестков. Легендарная тубероза и едва уловимый ландыш окутывают флером загадочности и глубины. А яркий и выразительный жасмин скромно прячет опьяняющую негу под свежесть лаконичного палисандра. Заявленный в названии кокос деликатно оттененный дымкой сандала и мускуса, приобретает новое благородное звучание – мягкое, ласкающее, убаюкивающее. И вся эта многогранность томно мерцает на фоне проявляющейся и вновь исчезающей ванили. Наверное, очарование этого парфюма могло бы подойти только для особенных случаев, но благодаря гармоничной композиции, аромат становится визитной карточкой утонченной и женственной особы. Тихий цветочный шлейф едва уловим, он не заявляет о своей исключительности, а мягко сияет в пространстве. Создает ауру волшебства, загадочности, нежно манит и соблазняет. Доверьтесь его чарам, исполните свои мечты и загадайте новые. Вы достойны иметь лучшее.",Не указано,Турция,4
75,2026-09-29T21:36:39.209148,20260929_212821_59782779,19000445882,parfjumerija/nabory,Versace,POUR HOMME,подарочный парфюмерный набор,7869.0,7869.0,0.0,1,5.0,https://goldapple.ru/19000445882-pour-homme/,https://goldapple.ru/parfjumerija/nabory?p=4,"В состав набора входят: Туалетная вода Versace Pour Homme — 50 мл Парфюмированный шампунь для волос и тела — 50 мл Парфюмированный бальзам после бритья — 50 мл Благородный и мужественный аромат Pour Homme воплощает средиземноморский характер и окутывает уверенностью на весь день. Верхние ноты лимона, бергамота и нероли дарят бодрящую свежесть. В сердце композиции раскрывается яркое звучание гиацинта, герани, мускатного шалфея и кедра, а базовые ноты мускуса и бобов тонка придают аромату чувственность и делают его шлейф соблазнительным и манящим.","1. Парфюмированный шампунь для волос и тела: Используйте во время принятия душа, нанесите на волосы и тело, распределите массирующими движениями, затем смойте водой. 2. Бальзам после бритья: Нанесите на кожу лица после бритья, аккуратно распределите. 3. Туалетная вода: Распылите с небольшого расстояния. Избегайте попадания в глаза.",Италия,4
76,2026-09-29T21:36:47.395264,20260929_212821_59782779,19000004540,parfjumerija/nabory,Vilhelm Parfumerie,ROOM SERVICE,Набор миниатюр 3*10 мл,11137.0,11137.0,0.0,1,4.8,https://goldapple.ru/19000004540-room-service/,https://goldapple.ru/parfjumerija/nabory?p=4,"Посвящение Грете Гарбо. Королева Голливуда.  Коварная обольстительница на сцене, в личной жизни Грета Гарбо держала свое сердце закрытым от публики.  Одна в своём номере отеля, облачённая в  струящийся атлас, она отстранялась от окружающего мира. Room Service – струящаяся словно шелк композиция, полная изысканной загадки и тайны. Пьянящий эротизм и провокационная отстраненность.","Наносите аромат на заднюю часть шеи, в зону декольте и на запястья с расстояния 10-15 см. Не рекомендуется растирать парфюмерную воду , так как это может нарушить правильный процесс раскрытия композиции.",Франция,4
77,2026-09-29T21:36:55.413006,20260929_212821_59782779,26733400002,parfjumerija/nabory,Byredo,La Selection boisee,Набор парфюмерной воды 3*12мл,15427.0,15427.0,0.0,1,4.7,https://goldapple.ru/26733400002-la-selection-boisee/,https://goldapple.ru/parfjumerija/nabory?p=4,"Тревел-набор от Byredo включает три вида парфюмерной воды для мужчин и женщин: пряный и теплый Black Saffron с кожаными и древесными нюансами, восточный цветочный Mojave Ghost, Super Cedar с насыщенными древесными оттенками, построенными вокруг сердечной ноты кедра.",Не указано,Франция,4
78,2026-09-29T21:37:04.022560,20260929_212821_59782779,19000413528,parfjumerija/nabory,M.INT,VIBRANT SCENT,Парфюмерная вода,12400.0,12400.0,0.0,1,4.6,https://goldapple.ru/19000413528-vibrant-scent/,https://goldapple.ru/parfjumerija/nabory?p=4,"Его покупатели - те, кого называют модниками и трендсеттерами, люди, понимающие, насколько сильное впечатление можно произвести с помощью редкого уникального аромата на окружающих. Парфюмер: Fabrice Pellegrin.","Нанести на тело, избегая попадания в глаза.",Франция,4
79,2026-09-29T21:37:13.142001,20260929_212821_59782779,19000490692,parfjumerija/nabory,Juliette Has A Gun,Deluxe Miniatures Collection,Набор миниатюр,8508.0,8508.0,0.0,1,4.3,https://goldapple.ru/19000490692-juliette-has-a-gun-deluxe-miniatures-collection/,https://goldapple.ru/parfjumerija/nabory?p=4,"Разве есть лучший способ познакомиться с нашими самыми любимыми ароматами, чем этот набор трэвел-флаконов? Посмотрите, какие они изысканные и милые! Можете подарить той, кого любите… Либо оставить их все для себя! В состав набора входит: — Парфюмерная вода Not a Perfume, 10 мл — Парфюмерная вода Lust For Sun, 10 мл — Парфюмерная вода Pear Inc., 10 мл — Парфюмерная вода Miami Shake, 10 мл — Парфюмерная вода Ode to Dullness, 10 мл",Флакон оснащен капельным дозатором. Аромат наносится непосредственно каплями на пульсирующие точки. Для нанесения просто переверните флакон и аккуратно коснитесь горлышком кожи.,Франция,4
80,2026-09-29T21:37:23.633509,20260929_212821_59782779,19000318777,parfjumerija/nabory,ATKINSONS,The Icons Of The Realm,Парфюмерный набор,8370.0,8370.0,0.0,1,4.6,https://goldapple.ru/19000318777-the-icons-of-the-realm/,https://goldapple.ru/parfjumerija/nabory?p=4,"В набор входят 4 классических аромата ATKINSONS (миниатюры по 10 мл): одеколон 24 Old Bond Street, одеколон 24 Old Bond Street Triple Extract, одеколон 44 Gerrard Street и парфюмерная вода 41 Burlington Arcade. Одеколон 24 Old Bond Street – парфюмерное воплощение британского стиля. Одновременно свежий и теплый аромат окутывает нотами можжевельника, розы, черного чая и виски. Армат 24 Old Bond Street Triple Extract ещё ярче раскрывает характер и элегантность оригинального одеколона. Это насыщенный освежающий вихрь цветов и пряных трав, дополненный древесным аккордом, нотой гальбанума и мягким аккордом виски. Парфюмерная композиция 44 Gerrard Street – это свежий аромат, в котором сочетаются бодрящий эвкалипт, зеленый лимон и пряный имбирь. В сердце композиции переплетаются изысканные цветочные ноты жасмина, орхидеи и розы, а в шлейфе ощущаются амбра и древесные ноты. Парфюмерная вода 41 Burlington Arcade с нотами белого перца, лимона, лакричника, кардамона и мускатного ореха символизирует аристократичную элегантность. Сочетание сладких, древесных и дымных нот делает этот аромат выразительным и запоминающимся.",Только для наружного применения.,Италия,4
81,2026-09-29T21:37:45.045192,20260929_212821_59782779,26140400006,parfjumerija/nabory,FRANCK BOCLET,VANILLE,Дорожный набор,7490.0,7490.0,0.0,1,4.6,https://goldapple.ru/26140400006-vanille/,https://goldapple.ru/parfjumerija/nabory?p=5,"Vanille Franck Boclet - сверкающий и солнечный аромат для нее и для него. Принадлежит к семейству: фруктовый, гурманский, восточный.","Наносить на неповрежденные участки кожи, волос и одежду.",Франция,5
82,2026-09-29T21:37:54.008715,20260929_212821_59782779,19000445875,parfjumerija/nabory,Versace,DYLAN PURPLE,подарочный парфюмерный набор,18135.0,18135.0,0.0,1,4.9,https://goldapple.ru/19000445875-dylan-purple/,https://goldapple.ru/parfjumerija/nabory?p=5,"В состав набора входят: Парфюмерная вода Versace Dylan Purple pour femme — 100 мл Парфюмированный гель для душа и ванны Dylan Purple — 100 мл Парфюмированный лосьон для тела Dylan Purple — 100 мл Косметичка Versace — 1 шт Парфюмерная вода Versace олицетворяет гипнотическую ауру морского заката, пурпурное сияние летнего вечера и лёгкий бриз. Яркий и элегантный аромат Dylan Purple объединяет ноты искрящегося бергамота, пробуждающего радость апельсина и сочной груши, которая придаёт композиции игривое звучание. В сердце аромата яркой вспышкой раскрывается пленительная фрезия, нежность которой подчёркивают молекулы Mahonial и Pomarose. Гель для душа мягко очищает кожу тела и окутывает вуалью цветочных и фруктовых нот. Нежный лосьон увлажняет кожу тела и придаёт ей изысканный аромат, идеально сочетающийся с парфюмерной водой.Косметичка Versace Количество: 1 шт.","1. Гель для душа и ванны: Только для наружного применения. Нанесите на влажную кожу тела, равномерно распределите, затем смойте водой. 2. Лосьон для тела: Только для наружного применения. Нанесите на кожу и распределите массирующими движениями. 3. Парфюмерная вода: Только для наружного применения. Распылите с небольшого расстояния. Избегайте попадания в глаза.",Италия,5
83,2026-09-29T21:38:03.244141,20260929_212821_59782779,19000313950,parfjumerija/nabory,MATIERE PREMIERE,set,Нет категории,6750.0,6750.0,0.0,1,4.5,https://goldapple.ru/19000313950-set-10-1-5/,https://goldapple.ru/parfjumerija/nabory?p=5,"Откройте для себя все ароматы парфюмера Орельена Гишара, и бренда Matiere Premiere, благодаря набору из 10 ароматов парфюмерной воды. Vanilla Powder, Falcon Leather, Neroli Oranger, Bois d'Ebene, Santal Austral, Crystal Saffron, Radical Rose, French Flower, Encens Suave, Parisian Musc. Набор состоит из 10 шт*1,5 мл.",Нанести на тело или одежду избегая попадания в глаза.,Франция,5
84,2026-09-29T21:38:12.167339,20260929_212821_59782779,19000508874,parfjumerija/nabory,HFC,Asia new,Нет категории,21258.0,21258.0,0.0,1,5.0,https://goldapple.ru/19000508874-hfc-asia-new/,https://goldapple.ru/parfjumerija/nabory?p=5,"Роскошный дорожный набор парфюмерной воды — ваш персональный калейдоскоп эмоций! В наборе 4 изысканных аромата во флаконах по 15 мл: Devil’s Intrigue — для тех, кто любит загадки и соблазн. Red Iceberg — контраст льда и огня в каждой ноте. Indian Venus — путешествие в сердце восточной сказки. I Wanna Be Loved by You — мелодия романтических мгновений.",Нанесите на пульсирующие точки.,Франция,5
85,2026-09-29T21:38:19.914599,20260929_212821_59782779,19000460656,parfjumerija/nabory,Kilian Paris,Love Don't Be Shy Icon Set,Парфюмерный набор,35820.0,35820.0,0.0,1,4.9,https://goldapple.ru/19000460656-love-don-t-be-shy-icon-set/,https://goldapple.ru/parfjumerija/nabory?p=5,"Парфюмерный набор с легендарным ароматом Love, Don’t Be Shy. Волнующий и чувственный аромат мгновенно покоряет нежным звучанием абсолюта цветов апельсина. Невинные, словно первая любовь, зелёные оттенки жимолости и бархатистой розы сливаются в нежном танце со сладкими аккордами маршмеллоу. Тёплые ноты амбры придают композиции чувственный характер и вселяют надежду на скорую встречу с родственной душой. Группа ароматов: цветочные. Ноты аромата: нероли, цветок апельсина, маршмеллоу. Парфюмер: Калис Беккер. Состав набора: аромат Love, Don’t Be Shy в пополняемом флаконе объемом 50 мл; миниатюра аромата в пополняемом флаконе 7,5 мл и тревел-атомайзер с лаковым покрытием белого цвета в подарочной упаковке.","Нанесите небольшое количество на пульсирующие зоны, такие как запястья, шея, за ушами и внутренняя сторона локтя. Не наносите на одежду, чтобы избежать пятен.",Франция,5
86,2026-09-29T21:38:28.830487,20260929_212821_59782779,19000360586,parfjumerija/nabory,GUCCI,Flora Gorgeous Jasmin,Набор парфюмерной воды,8145.0,8145.0,0.0,1,4.7,https://goldapple.ru/19000360586-flora-gorgeous-jasmin/,https://goldapple.ru/parfjumerija/nabory?p=5,"Погружение в мир чарующей женственности с Gucci Flora Gorgeous Jasmine. Этот изысканный набор включает в себя парфюмерную воду объемом 50 мл и удобную миниатюру 10 мл, идеально подходящую для поездок. Аромат воплощает в себе нежные ноты жасмина, создавая ауру утонченной элегантности и грации. Восхитительный цветочный аромат с оттенками фруктов и теплых древесных аккордов идеально подходит для тех, кто хочет подчеркнуть свою неповторимую индивидуальность и создать вокруг себя ауру волшебства и очарования.","Нанесите парфюмерную воду на чистую кожу в области запястий, шеи и за ушами. Для более стойкого эффекта используйте парфюмерную воду в дорожном формате в качестве легкого освежения в течение дня.",Испания,5
87,2026-09-29T21:38:36.593237,20260929_212821_59782779,19000121299,parfjumerija/nabory,SIGNATURE BY SILLAGE DORIENT,Opal,Набор парфюмерный,17969.0,17969.0,0.0,1,4.7,https://goldapple.ru/19000121299-opal/,https://goldapple.ru/parfjumerija/nabory?p=5,"В изысканный набор входят парфюмерная вода OPAL (100 мл), её миниатюра в тревел-формате (15 мл) и распылитель. Аромат SIGNATURE by Sillage d'Orient обладает неповторимым, как окрас и узоры опала, характером. Словно сияние этого необычного камня, оригинальная парфюмерная композиция OPAL способна будоражить воображение, дарить вдохновение и подчеркивать индивидуальность. Опал гармонично объединяет разные оттенки, и так же гармонично в аромате переплетаются нежные цветочные ноты жасмина, иланг-иланга, розы и насыщенный мускус, темная чувственность гелиотропа, чарующая сладость бобов тонка.",Распылять на кожу с расстояния 20-30 см.,Франция,5
88,2026-09-29T21:38:44.449781,20260929_212821_59782779,19000325753,parfjumerija/nabory,BYBOZO,HORMONE OF HAPPINESS,Парфюмерный набор,11610.0,11610.0,0.0,1,4.6,https://goldapple.ru/19000325753-hormone-of-happiness/,https://goldapple.ru/parfjumerija/nabory?p=5,"Трио гурманских ароматов, призванных пробудить вашу внутреннюю радость и поднять настроение. Набор дает возможность познакомиться с бестселлерами бренда и открыть вселенную оригинальных ароматов BYBOZO Paris. В набор входит 3 аромата BYBOZO Paris (по 18 мл): Sea Breeze, French Kiss, Habibi.",Нанесение на поверхность кожи.,Оаэ,5
89,2026-09-29T21:38:52.154401,20260929_212821_59782779,82811000024,parfjumerija/nabory,EX NIHILO,FLEUR NARCOTIQUE,Дорожный набор парфюмерной воды,22950.0,22950.0,0.0,1,4.6,https://goldapple.ru/82811000024-fleur-narcotique/,https://goldapple.ru/parfjumerija/nabory?p=5,"Ex Nihilo Fleur Narcotique — новый унисекс-парфюм 2014 года, который имеет древесно-цветочный аромат. Название парфюма Fleur Narcotique переводится как «Наркотический цветок». Парфюм и вправду обладает каким-то магическим свойством, он словно притягивает к себе, манит, одурманивает. Парфюмерная пирамида парфюма Экс Нихило Флер Наркотик выстраивается из верхних нот освежающего бергамота, личи и бархатистого персика, переплетаясь с сердечными нотами головокружительного жасмина, душистого пиона и цветов апельсинового дерева. Завершается пирамида древесными оттенками, гармонично дополняясь нотами горького дубового мха и соблазнительного мускуса.",Не указано,Франция,5
90,2026-09-29T21:39:08.767757,20260929_212821_59782779,19000012381,parfjumerija/nabory,FRANCK BOCLET,Golden Light ENJOY,Парфюмерная вода + тревел спрей,11900.0,11900.0,0.0,1,4.3,https://goldapple.ru/19000012381-enjoy/,https://goldapple.ru/parfjumerija/nabory?p=5,"Радостно искрящиеся гесперидные ноты , после которых раскрывается букет роз -символ Любви, и начинается танец нот пряным коктейлем, дающим острый эффект. В завершении, амбровые и древесные ноты делают аромат еще более возвышенным. * Парфюмерная вода 100 мл+ тревел спрей 20мл",Не указано,Франция,5
91,2026-09-29T21:39:40.802873,20260929_212821_59782779,19000004526,parfjumerija/nabory,Vilhelm Parfumerie,CHICAGO HIGH,Набор миниатюр 3*10 мл,11137.0,11137.0,0.0,1,5.0,https://goldapple.ru/19000004526-chicago-high/,https://goldapple.ru/parfjumerija/nabory?p=5,"Созданный по канонам классической парфюмерии начала 20-го века, Chicago High подобен ароматной машине времени, переносящей нас в Ревущие Двадцатые. Стиль экстравагантной эпохи 1920-х годов, разлитый во флаконы!
Вечеринка в особняке Джея Гэтсби в Нью-Йорке. Потрясающие платья, шампанское льется рекой, роскошь наполняет собой каждое мгновение! Искрящийся коктейль из шампанского и ананаса, мёда и табака, плавно переходящий в мягкое, кожаное очарование пачули и амбры, словно знойные, пропитанные дымом воспоминания о самой невероятной ночи в жизни.","Наносите аромат на заднюю часть шеи, в зону декольте и на запястья с расстояния 10-15 см. Не рекомендуется растирать парфюмерную воду , так как это может нарушить правильный процесс раскрытия композиции.",Франция,5
92,2026-09-29T21:39:49.924697,20260929_212821_59782779,19000355391,parfjumerija/nabory,Vilhelm Parfumerie,Sparkling Jo,Набор миниатюр,11137.0,11137.0,0.0,1,4.8,https://goldapple.ru/19000355391-sparkling-jo/,https://goldapple.ru/parfjumerija/nabory?p=5,"Любителям ночного Парижа посвящается! Sparkling Jo — мягкий, как прикосновение боа из перьев к нежной шее, и игристый, как шампанское в бокале. Это дерзкое приглашение к празднику, яркие огни бесконечной ночной вечеринки, где полноправно царит беззаботное веселье. Всю ночь и весь день напролет аромат Sparkling Jo будет задавать ритм вашим эмоциям и желаниям. И каждая следующая ночь будет лучше предыдущей. Мастеру-парфюмеру Бертрану Дюшофуру удалось создать формулу безудержного веселья, поместив его в красивый флакон в виде этого сверкающий парфюма с оттенками груши. В нем воспевается жизнелюбие самой американской из всех парижанок — знаменитой Жозефины Бейкер. Набор парфюмерной воды Sparkling Jo 3шт*10мл.","Парфюмерную воду следует наносить с расстояния 10-15 см. на тепловые точки: под коленями, область живота, запястья, сгибы локтей, район солнечного сплетения, точки за ушами, основание шеи со стороны спины, затылок. Как правило, на одну точку достаточно один раз нажать на спрей. Растирать парфюмерную воду не рекомендуется, так как это может нарушить правильный процесс раскрытия композиции. Для повышения стойкости рекомендуем наносить на хорошо увлажненную кожу, комбинируя с кремом, молочком или маслом для тела.",Франция,5
93,2026-09-29T21:40:01.223871,20260929_212821_59782779,19000059316,parfjumerija/nabory,ORENS PARFUMS,Silenda d'Ecume,Нет категории,23562.0,23562.0,0.0,1,4.9,https://goldapple.ru/19000059316-silenda-d-ecume/,https://goldapple.ru/parfjumerija/nabory?p=5,"Роскошная древесина словно погружается в море чувственного мускуса, цветочные и гурманские фруктовые оттенки придают аромату таинственное и элегантное звучание. 
Сандал и карамель сплетаются с розой и лилией, этот ароматный коктейль усиливается сочными оттенками яблока и персика, создавая роскошное, изысканное и сияющее звучание. Неожиданное ароматное путешествие по всем вашим чувствам! 
Объем: 2* 50 мл",Нанести на пульсирующие точки,Франция,5
94,2026-09-29T21:40:09.231806,20260929_212821_59782779,19000059318,parfjumerija/nabory,ORENS PARFUMS,Callis Subtile,Нет категории,23562.0,23562.0,0.0,1,4.7,https://goldapple.ru/19000059318-callis-subtile/,https://goldapple.ru/parfjumerija/nabory?p=5,"Особенность этого аромата в его соблазнительной амброво-мускусной силе. Воздушные оттенки цветов окутывают амбровое сердце аромата манящей вуалью. База очень мягкая и теплая, чувственные мускусные ноты сплетаются с роскошными аккордами мха. Набор парфюмерной воды Callis Subtile 2*50мл.",Нанести на пульсирующие точки,Франция,5
95,2026-09-29T21:40:16.788236,20260929_212821_59782779,99000048387,parfjumerija/nabory,SIU,DISCOVERY SET,Набор пробников,6615.0,6615.0,0.0,1,4.4,https://goldapple.ru/99000048387-descovery-set/,https://goldapple.ru/parfjumerija/nabory?p=5,"В сете представлено 10 парфюмерных композиций из коллекции ""Sensation"". Каждая композиция олицетворяет самые сильные и прекрасные чувства, которые испытывает человек в течение жизни. Мы верим, что именно в моменты искреннего счастья каждый человек выглядит естественно красивым. Ароматы из коллекции «Sensation» вобрали в себя лучшие мгновения жизни. В сете представлены композиции из разных семейств от нежных и тонких цветочно-фруктовых до глубоких и томных древесно-пряных, чтобы каждый мог найти свой идеальный аромат. Каждый пробник объемом 2 мл вмещает в себя около 30 нанесений. В набор пробников входят ароматы: - Siu Парфюмерная вода Sisu 2 мл - Siu Парфюмерная вода Kefi 2 мл - Siu Парфюмерная вода Gigil 2 мл - Siu Парфюмерная вода Agape 2 мл - Siu Парфюмерная вода Elan 2 мл - Siu Парфюмерная вода Pura Vida 2 мл - Siu Парфюмерная вода Dolche Far Niente 2 мл - Siu Парфюмерная вода Eunoia 2 мл - Siu Парфюмерная вода Hygge 2 мл - Siu Парфюмерная вода Flawsome 2 мл.",Распылите аромат 3-4 раза на кожу.,Франция,5
96,2026-09-29T21:40:23.935891,20260929_212821_59782779,19000004532,parfjumerija/nabory,Vilhelm Parfumerie,FLEUR BURLESQUE,Набор миниатюр 3*10 мл,12622.0,12622.0,0.0,1,5.0,https://goldapple.ru/19000004532-fleur-burlesque/,https://goldapple.ru/parfjumerija/nabory?p=5,"Всепоглощающая, изысканная женственность…Мягкий свет свечей ресторана Мулен Руж в разгар “Belle epoque” - ""Прекрасной эпохи"". Роскошная соблазнительница из высшего света, всегда ослепительная и ироничная. Она - избалованное дитя прекрасной эпохи, роковой цветок бурлеска!  Блеск драгоценностей, изысканность роскошных мехов на белизне обнаженных плеч, вечерние туалеты, вкус деликатесов и дорогих вин.","Наносите аромат на заднюю часть шеи, в зону декольте и на запястья с расстояния 10-15 см. Не рекомендуется растирать парфюмерную воду , так как это может нарушить правильный процесс раскрытия композиции.",Франция,5
97,2026-09-29T21:40:30.995606,20260929_212821_59782779,19000451229,parfjumerija/nabory,Царевны,Волшебство Дивногорья,Парфюмерный набор,691.0,691.0,0.0,1,5.0,https://goldapple.ru/19000451229-volsebstvo-divnogor-a/,https://goldapple.ru/parfjumerija/nabory?p=5,"Душистая вода Волшебство Дивногорья – это утончённый и сладкий аромат, вдохновлённый сказочной природой и гармонией. Лёгкие и изысканные нотки малины и кокоса создают волшебное настроение, фиалка добавляет цветочной свежести, а пралине и ирис придают аромату глубину и сладкую изысканность. Этот аромат идеально подойдёт для тех, кто любит мечтать и ощущать сказочное волшебство в каждом дне.",Только для наружного применения.,Россия,5
98,2026-09-29T21:40:50.151681,20260929_212821_59782779,19000285712,parfjumerija/nabory,Ormonde Jayne,Damask,Набор,14025.0,14025.0,0.0,1,5.0,https://goldapple.ru/19000285712-damask/,https://goldapple.ru/parfjumerija/nabory?p=5,"Аромат абстрактной розы, переливающейся утонченной росой шарма. Это фрукты, ягоды и специи, выложенные на снегу в виде великолепных роз. Минеральная огранка из амбры и мускуса подчеркивает необычный характер аромата.","Парфюмерную воду следует наносить с расстояния 10-15 см. на тепловые точки: под коленями, область живота, запястья, сгибы локтей, район солнечного сплетения, точки за ушами, основание шеи со стороны спины, затылок. Как правило на одну точку достаточно один раз нажать на спрей. Растирать парфюмерную воду не рекомендуется, так как это может нарушить правильный процесс раскрытия композиции. Для повышения стойкости рекомендуем наносить на хорошо увлажненную кожу, комбинируя с кремом, молочком или маслом для тела.",Великобритания,5
99,2026-09-29T21:40:57.728545,20260929_212821_59782779,19000288065,parfjumerija/nabory,Clive Christian,Crown Collection Travellers,Набор духов,28627.0,28627.0,0.0,1,4.5,https://goldapple.ru/19000288065-crown-collection-travellers/,https://goldapple.ru/parfjumerija/nabory?p=5,"Специальное издание ароматов из Crown Collection. Цитрусово-акватический Crab Apple Blossom раскрывается великолепным звучанием цветов дикой яблони, которая соединяется в верхних нотах с оттенками морского бергамота, горького фрукта юзу, лимона, мандарина и с изысканным коктейлем цитрусовой древесины. Чувственное сердце из нероли и османтуса великолепно сбалансировано водяной лилией, зеленым ревенем и пикантным оттенком фруктового мохито, который привносит в аромат неожиданный твист. Сливочный сандал, мох, амбра и кашмировое дерево усиливают шлейф аромата. Свежий, яркий, цитрусовый, но очень мягкий и нежный Crab Apple Blossom состоит из 151 компонента в концентрации духов - 25%, с великолепным шлейфом несущем аромат весенней яблони в солнечных лучах. Верхние ноты: морской бергамот, лимонное дерево, юзу, цветы дикой яблони, мандарин, коктейль цитрусовой древесины Ноты сердца: османтус, нероли, цветы абрикоса, водяная лилия, зеленый ревень, аккорд мохито Базовые ноты: сандаловое дерево, мох, мускус, акватическое дерево, амбра, кашмировое дерево. Зеленый бергамот сплетается с искрящимся розовым перцем и пряным мускатным орехом, наполняя свежими бодрящими оттенками верхние ноты аромата. Сердце аромата наполнено цветочным и дымным звучанием китайского императорского жасмина и чая мате. Оттенки жасмина самбак и гваякового дерева дополняют древесные ноты, в то время как насыщенная амбра, абсолю пихтового бальзама и нежный мускус образуют чувственную и согревающую базу этого таинственного и многогранного аромата, воплощающего элегантность забытого прошлого. В аромате Matsukita искусно сплетаются 252 роскошных компонента в концентрации драгоценных масел 25%. Верхние ноты: зеленый бергамот, масло горького апельсина, мускатный шалфей, ладан, розовый перец, черный перец, мускатный орех Ноты сердца: чай мате, жасмин, абсолю розы, магнолия, гваяковое дерево, можжевельник, стиракс Базовые ноты: амбра, мускус, кедр, ветивер, пачули, киприол, молекула джордживуд, акигалавуд, абсолю пихтового бальзама, дубовый мох. Town & Country. Формула, созданная в 1925 году персонально для Уинстона Черчилля, стала настоящей звездой парфюмерного дома Crown Perfumery, предшественника Clive Christian. Сегодня Клайв Кристиан возрождает легендарную формулу и придает ей еще больше глубины, роскоши и многогранности, которые являются отличительными чертами всех ароматов Clive Christian. Эта композиция – идеальный способ заявить о себе! Аромат отдает дань лондонскому наследию, сочетая элегантность города с освежающей атмосферой британской природы. Верхние ноты: лимон, можжевельник, бергамот, шалфей Ноты сердца: кардамон, белый чай, олибанум, сандаловое дерево Базовые ноты: серая амбра, белый кедр, кашмир, пачули",Нанести на пульсирующие точки.,Великобритания,5
100,2026-09-29T21:41:04.913371,20260929_212821_59782779,19000161246,parfjumerija/nabory,Korloff Paris,"Miss, Lady, Korlove",Набор парфюмерный,2880.0,2880.0,0.0,1,4.6,https://goldapple.ru/19000161246-miss-lady-korlove/,https://goldapple.ru/parfjumerija/nabory?p=5,"Три неповторимых женских аромата позволяют познакомиться с коллекцией Korloff Paris Lady в компактном формате. В этот набор входят Lady Blooming, Lady Korloff и Lady Korloff In White; все они представлены в миниатюрных флаконах, что делает процесс знакомства с ними удобным и гармоничным. Композиция Lady Blooming раскрывается нотами личи, ревеня и бергамота, переходит в звучание розы, пиона и кедра, а затем оставляет шлейф из ветивера, мускуса, ладана и кашемирового дерева. Аромат Lady Korloff начинает свое звучание с нот груши, мандарина и апельсина, сменяющихся оттенками цветка апельсина, туберозы и жасмина, и завершается аккордами мускуса, сандала и кедра. Lady Korloff In White стартует с нот бергамота, миндаля и прованского меда, раскрывается оттенками иланг-иланга, цветка апельсина и гелиотропа, а в шлейфе оставляет ноты ванили, бобов тонка и мускуса. – Lady Blooming Парфюмерная вода, 10 ml – Lady Парфюмерная вода, 10 ml – Lady In White Парфюмерная вода, 10 ml.","Распылите на пульсирующие зоны: запястья, шею, за ушами и внутреннюю сторону локтя. Избегайте контакта с одеждой. Для повышения стойкости рекомендуем наносить на хорошо увлажненную кожу.",Франция,5
101,2026-09-29T21:41:26.285740,20260929_212821_59782779,19000171505,parfjumerija/nabory,USO PARIS,CACAO TUBEROSE,Дорожный набор парфюмерной воды,4400.0,4400.0,0.0,1,4.1,https://goldapple.ru/19000171505-cocoa-and-tuberose/,https://goldapple.ru/parfjumerija/nabory?p=6,"Это один из самых чарующих и волшебных ароматов селективной линейки парфюма USO. Вряд ли найдется женщина, которая откажется иметь в своей коллекции этот бриллиант парфюмерного искусства. Гармоничный и изысканный, он пленяет с первых аккордов ощутимым теплом и уносит в мир фантазий и красоты. Это сказка, помещенная в элегантный флакон, с переливающимся шлейфом и долгим послевкусием. Солирует в этом удивительном оркестре гармонии нежнейшая тубероза, оттененная еле уловимым отголоском лепестков белых цветов. Но прежде чем цветочная вуаль накроет утонченным наслаждением, на передний план выступит гурманское созвездие кофе и миндаля. Но так деликатно и ненавязчиво, что захочется раствориться в их изысканности. Постепенно оживая на коже, аромат продолжит раскрытие мягкой ванилью, пьянящим какао и бобами тонка. Играя долго и многогранно, будут появляться все новые оттенки, звучать притягательными нотами соблазна, удивлять, радовать, собирать комплименты. Парфюм с трудом можно назвать традиционно восточным, хотя он и относится к этой группе. Однако в нем нет приторности, тяжелой густоты и излишеств. А по сложному подбору драгоценных масел, по богатству шлейфа и удивительной деликатности, аромат приближается к статусу шедевра. В нем хочется любить и быть любимой, мечтать и наслаждаться жизнью, восхищать красотой и женственностью. Состав набора - 15мл*3шт",Не указано,Турция,6
102,2026-09-29T21:41:36.756458,20260929_212821_59782779,19000328614,parfjumerija/nabory,EX NIHILO,BLUE TALISMAN,Дорожный набор парфюмерной воды,22950.0,22950.0,0.0,1,4.5,https://goldapple.ru/19000328614-blue-talisman/,https://goldapple.ru/parfjumerija/nabory?p=6,"Созданный как гипнотическая драгоценность, BLUE TALISMAN воплощает в себе лучшее ноу-хау EX NIHILO в виде ольфакторного творения. Передовой аромат, символизирующий бесконечную духовную энергию, выраженную тонкой свежестью груши и бергамота, смягченной абстрактными мускусными и амбровыми нотами. Это творение воплощает авангардный и неповторимый дух дома в завораживающих и многочисленных гранях. Дорожный набор- Blue Talisman- 7,5мл*5шт.",Для наружного применения.,Франция,6
103,2026-09-29T21:41:45.205586,20260929_212821_59782779,19000004539,parfjumerija/nabory,Vilhelm Parfumerie,Purple Fig,Нет категории,12622.0,12622.0,0.0,1,4.8,https://goldapple.ru/19000004539-purple-fig/,https://goldapple.ru/parfjumerija/nabory?p=6,"Что бы ты сделал, будь это твоя последняя ночь на земле? Иоганн Фридрих Струэнзе, «датский Казанова», придворный доктор и фаворит королевы предпочёл провести свою последнюю ночь на веселом пиру, с возлюбленной и друзьями. Как всегда, в меню были шампанское и инжир, его любимый фрукт, цвета пурпурного сумеречного неба. Радость и слезы, печаль и смех, этот горько-сладкий коктейль воплощен в композиции Purple Fig. Город Инжира в центре Парижа – в прямом смысле.",Укутайтесь в облако любимой композиции с самого утра.,Франция,6
104,2026-09-29T21:41:53.724527,20260929_212821_59782779,19000445886,parfjumerija/nabory,Versace,YELLOW DIAMOND,Нет категории,16740.0,16740.0,0.0,1,5.0,https://goldapple.ru/19000445886-yellow-diamond/,https://goldapple.ru/parfjumerija/nabory?p=6,"Аромат Yellow Diamond – подлинный бриллиант коллекции Versace. Он подобен солнечному свету – яркий, сияющий и лучистый. Насладиться многогранной композицией позволит изысканный набор, в который входят туалетная вода для женщин Yellow Diamond (90 мл), парфюмированный гель для душа (100 мл) и парфюмированный лосьон для тела (100 мл). Набор дополняет стильная и удобная косметичка. Вдохновляющий аромат стартует с завораживающих нот лимона, бергамота, нероли и грушевого сорбета. В сердце композиции раскрываются белая водяная лилия, фрезия, цветы апельсина и мимоза. Базовые древесные ноты и мускус подчёркивают чувственный, яркий и женственный характер композиции.","1. Гель для душа: нанесите на влажную кожу тела, равномерно распределите, затем смойте водой. 2. Лосьон для тела: нанесите на кожу и распределите массирующими движениями. 3. Туалетная вода: распылите с небольшого расстояния. Избегайте попадания средств в глаза.",Италия,6
105,2026-09-29T21:42:01.861735,20260929_212821_59782779,19000285716,parfjumerija/nabory,Ormonde Jayne,Verano,Набор,16269.0,16269.0,0.0,1,5.0,https://goldapple.ru/19000285716-verano/,https://goldapple.ru/parfjumerija/nabory?p=6,"Классический MONTABACO - это ароматная сущность Латинской Америки: бесконечная череда кожи, замши, тропической древесины и листьев табака. В MONTABACO VERANO кашмеран и сок грейпфрута наполняют композицию жизненной энергией, ощущением влюбленности и оттенками весеннего ветра. Это Воплощение первых дней лета в Латинской Америки.","Парфюмерную воду следует наносить с расстояния 10-15 см. на тепловые точки: под коленями, область живота, запястья, сгибы локтей, район солнечного сплетения, точки за ушами, основание шеи со стороны спины, затылок. Как правило на одну точку достаточно один раз нажать на спрей. Растирать парфюмерную воду не рекомендуется, так как это может нарушить правильный процесс раскрытия композиции. Для повышения стойкости рекомендуем наносить на хорошо увлажненную кожу, комбинируя с кремом, молочком или маслом для тела.",Великобритания,6
106,2026-09-29T21:42:13.128228,20260929_212821_59782779,19000059319,parfjumerija/nabory,ORENS PARFUMS,Callis Subtile,Парфюмерный набор,12903.0,12903.0,0.0,1,4.6,https://goldapple.ru/19000059319-callis-subtile/,https://goldapple.ru/parfjumerija/nabory?p=6,"Особенность этого аромата в его соблазнительной амброво-мускусной силе. Воздушные оттенки цветов окутывают амбровое сердце аромата манящей вуалью. База очень мягкая и теплая, чувственные мускусные ноты сплетаются с роскошными аккордами мха. Объем: 3*10 мл.",Нанести на пульсирующие точки.,Франция,6
107,2026-09-29T21:42:22.005097,20260929_212821_59782779,19000523559,parfjumerija/nabory,Maison Francis Kurkdjian,Mini Fragrance Wardrobe Essentiel,Подарочный набор,5500.0,5500.0,0.0,1,4.6,https://goldapple.ru/19000523559-maison-francis-kurkdjian-mini-fragrance-wardrobe-essentiel/,https://goldapple.ru/parfjumerija/nabory?p=6,"Премиальный парфюмерный набор от легендарного французского бренда представляет коллекцию знаковых ароматов в мини-формате. Идеальное решение для знакомства с многогранным миром высокой парфюмерии. В коллекцию входят восемь знаковых ароматов дома: Aqua Universalis (туалетная вода), Gentle Fluidity Gold (парфюмерная вода), Oud Satin Mood (парфюмерная вода), Baccarat Rouge 540 (парфюмерная вода), Kurky (парфюмерная вода), Gentle Fluidity Silver (парфюмерная вода), Baccarat Rouge 540 (парфюмерный экстракт), Grand Soir (парфюмерная вода). Особенности набора: Мини-форматы по 2 мл идеальны для знакомства с ароматами. Премиальное качество каждого парфюма. Универсальность — ароматы подходят для любого сезона. Практичность — удобно брать с собой.","Нанести аромат на запястья, шею и точки пульса.",Франция,6
108,2026-09-29T21:42:30.203729,20260929_212821_59782779,19000402021,parfjumerija/nabory,RicHarD maison de parfum,Dirty,Набор миниатюр,7990.0,7990.0,0.0,1,4.5,https://goldapple.ru/19000402021-dirty/,https://goldapple.ru/parfjumerija/nabory?p=6,"Набор Richard Dirty Travel Collection включает в себя три миниатюры парфюмерной воды по 10 мл. Dirty Mango – взрывной коктейль из тропических фруктов, который мгновенно переносит нас на солнечный пляж, вызывая воспоминания о летних приключениях и расслабляющих вечерах. Dirty Pineapple — глоток холодного ананасового смузи с кусочками клубники и взбитыми сливками в жаркий день. Он мгновенно создаёт ощущение свежести и прохлады, перенося в мир ярких вкусов. Dirty Peach — продолжение тропической темы в коллекции Richard, где главным героем становится персик. Аромат сочетает в себе сладость и экзотику, вызывая ассоциации с летним отдыхом, расслабленным настроением и игривостью. состав набора — Парфюмерная вода Dirty Mango, 10 мл — Парфюмерная вода Dirty Pineapple, 10 мл — Парфюмерная вода Dirty Peach, 10 мл","Распылите на пульсирующие зоны: запястья, шею, за ушами и внутреннюю сторону локтя. Избегайте контакта с одеждой. Для повышения стойкости рекомендуем наносить на хорошо увлажненную кожу.",Оаэ,6
109,2026-09-29T21:42:37.641807,20260929_212821_59782779,19000186237,parfjumerija/nabory,FRANCK BOCLET,SUGAR,Духи,9240.0,9240.0,0.0,1,4.4,https://goldapple.ru/19000186237-sugar/,https://goldapple.ru/parfjumerija/nabory?p=6,"Sugar Franck Boclet- словно коричневый сахар, вкусный зефир, ноты подслащенные, но при этом немного кисловатые с фруктовой основой и амбровыми аккордами. Гурманский, притягательный.",Для наружного применения.,Франция,6
110,2026-09-29T21:42:44.867910,20260929_212821_59782779,19000059323,parfjumerija/nabory,ORENS PARFUMS,Silenda d'Ecume,Парфюмерный набор,12903.0,12903.0,0.0,1,4.7,https://goldapple.ru/19000059323-silenda-d-ecume/,https://goldapple.ru/parfjumerija/nabory?p=6,"Роскошная древесина словно погружается в море чувственного мускуса, цветочные и гурманские фруктовые оттенки придают аромату таинственное и элегантное звучание. Сандал и карамель сплетаются с розой и лилией, этот ароматный коктейль усиливается сочными оттенками яблока и персика, создавая роскошное, изысканное и сияющее звучание. Неожиданное ароматное путешествие по всем вашим чувствам! Объем: 3*10 мл.",Нанести на пульсирующие точки,Франция,6
111,2026-09-29T21:42:52.361751,20260929_212821_59782779,19000192627,parfjumerija/nabory,HFC,Devil's Intrigue,Тревел-набор,21258.0,21258.0,0.0,1,4.4,https://goldapple.ru/19000192627-devil-s-intrigue/,https://goldapple.ru/parfjumerija/nabory?p=6,"Devil`s Intrigue — цветочно-древесный женский парфюм, состоящий из начальных нот белого чая и османтуса, сердечных нот апельсина и сандала, базовых акцентов кашемира, ванили и древесных нот. состав набора — Парфюмерная вода Devil's Intrigue, 15 мл х 4 шт",Наносить на очищенную кожу.,Франция,6
112,2026-09-29T21:43:01.806778,20260929_212821_59782779,19000004524,parfjumerija/nabory,Vilhelm Parfumerie,BLACK CITRUS,Набор миниатюр 3*10 мл,11137.0,11137.0,0.0,1,4.8,https://goldapple.ru/19000004524-black-citrus/,https://goldapple.ru/parfjumerija/nabory?p=6,"Чистое дыхание Лондона после проливного дождя. Обезоруживающая свежесть без намёка на фривольность, штормовой морской ветер на городских улицах. Аромат английского тумана. состав набора — Парфюмерная вода Black Citrus, набор миниатюр, 10 мл х 3 шт","Наносите аромат на заднюю часть шеи, в зону декольте и на запястья с расстояния 10-15 см. Не рекомендуется растирать парфюмерную воду, так как это может нарушить правильный процесс раскрытия композиции.",Франция,6
113,2026-09-29T21:43:08.962340,20260929_212821_59782779,19000402026,parfjumerija/nabory,RicHarD maison de parfum,White,Нет категории,3995.0,3995.0,0.0,1,4.4,https://goldapple.ru/19000402026-white/,https://goldapple.ru/parfjumerija/nabory?p=6,Познакомьтесь с композициями бренда Richard благодаря набору с 6 ароматами парфюмерной воды: • Red Square • Black Mark • White Chocolat • Green Virus • Blue Blood • Black Heroin Набор состоит из 6 ароматов по 2 мл.,"Распылите на пульсирующие зоны: запястья, шею, за ушами и внутреннюю сторону локтя. Избегайте контакта с одеждой. Для повышения стойкости рекомендуем наносить на хорошо увлажненную кожу.",Оаэ,6
114,2026-09-29T21:43:16.710277,20260929_212821_59782779,19000004535,parfjumerija/nabory,Vilhelm Parfumerie,MOON CARNIVAL,Нет категории,12622.0,12622.0,0.0,1,4.9,https://goldapple.ru/19000004535-moon-carnival/,https://goldapple.ru/parfjumerija/nabory?p=6,"Говорят, что где-то далеко-далеко – возможно, даже в параллельной Вселенной – в Рио-де-Жанейро жил мужчина, без ума влюбленный в танцовщицу неземной красоты, страстную и роковую. Когда он добился её внимания, он захотел рассказать о своих чувствах всему миру. Больше всего на свете, его возлюбленной нравился аромат цветка туберозы. Наш герой покинул Рио-де-Жанейро и путешествовал по всему миру в поисках цветов, которыми он украсил… Луну. На протяжении семи дней и семи ночей луна звучала ароматом туберозы, весь мир узнал об их любви! С тех пор, каждый год, когда распускается этот цветок, в Рио-де-Жанейро проходит всемирно известный карнавал – в честь нежных чувств влюбленных.","Наносите аромат на заднюю часть шеи, в зону декольте и на запястья с расстояния 10-15 см. Не рекомендуется растирать парфюмерную воду , так как это может нарушить правильный процесс раскрытия композиции.",Франция,6
115,2026-09-29T21:43:24.228809,20260929_212821_59782779,19000442219,parfjumerija/nabory,THE WOODS COLLECTION,AZURE,Парфюмерный набор,8167.0,8167.0,0.0,1,4.7,https://goldapple.ru/19000442219-azure/,https://goldapple.ru/parfjumerija/nabory?p=6,"Погрузитесь в отражение мечтательного лазурного неба. Яркий летний день наполняется нотами жасмина, амбры и мха, которые создают ощущение бархатистой чувственности, напоминающей дорогую кожу. Пронзительно-голубой небосклон окутан игрой цветочных и землистых нот, сбалансированных оттенками цветов пачули. В набор входят парфюмерная вода The Woods Collection ""Azure"" (100 мл), парфюмерная вода The Woods Collection ""Pure Shine"", пробник (2 мл) и парфюмерная вода The Woods Collection ""Royal Night"", пробник (2 мл).",Не указано,Франция,6
116,2026-09-29T21:43:32.684958,20260929_212821_59782779,19000444979,parfjumerija/nabory,Moschino,CHEAP & CHIC I LOVE LOVE,Подарочный парфюмерный набор,10890.0,10890.0,0.0,1,5.0,https://goldapple.ru/19000444979-cheap-chic-i-love-love/,https://goldapple.ru/parfjumerija/nabory?p=6,"Туалетная вода MOSCHINO """"CHEAP AND CHIC I LOVE LOVE"""" женская. Объем: 50 мл. Парфюмированный лосьон для тела MOSCHINO """"CHEAP AND CHIC I LOVE LOVE"""". Лосьон для тела питает и смягчает кожу, придавая ей мягкость и тонкий аромат.","Парфюмированный лосьон для тела MOSCHINO ""CHEAP AND CHIC I LOVE LOVE"": Наносить утром и/или вечером круговыми движениями на очищенную кожу всего тела.",Италия,6
117,2026-09-29T21:43:40.641568,20260929_212821_59782779,19000445223,parfjumerija/nabory,Amouage,Essences,Набор миниатюр,30536.0,30536.0,0.0,1,4.7,https://goldapple.ru/19000445223-essences/,https://goldapple.ru/parfjumerija/nabory?p=6,"Откройте для себя тщательно подобранное ольфакторное путешествие с премиальным дорожным набором. Этот изысканный набор включает в себя три дорожных спрея Eau de Parfum объемом 10 мл. из желанной коллекции Essences, представленные в изысканных кожаных футлярах.",Нанести на пульсирующие точки.,Оман,6
118,2026-09-29T21:43:49.257328,20260929_212821_59782779,19000454164,parfjumerija/nabory,Marc Jacobs,Perfect,подарочный набор парфюмерной воды,6350.0,6350.0,0.0,1,5.0,https://goldapple.ru/19000454164-perfect/,https://goldapple.ru/parfjumerija/nabory?p=6,"состав набора — Парфюмерная вода Marc Jacobs Perfect Eau de Parfum, 50 мл — Парфюмерная вода Marc Jacobs Perfect Eau de Parfum, 10 мл Набор Marc Jacobs Perfect Eau de Parfum — это воплощение оптимизма и самовыражения. Основной флакон объёмом 50 мл и дорожный вариант 10 мл позволят вам наслаждаться любимым ароматом в любой ситуации. Композиция раскрывается яркими нотами ревеня и нарцисса, плавно переходя в сердце из миндального молока, и завершается мягким шлейфом из кашемирового дерева и кедра. Этот аромат создан для женщин, которые ценят уникальность и уверенность в себе.","Распылите с расстояния 20-30 см на точки пульса, такие как запястья и шея, или создайте ароматное облако и войдите в него для более легкого и равномерного нанесения.",Испания,6
119,2026-09-29T21:43:55.765357,20260929_212821_59782779,26801400007,parfjumerija/nabory,Maison Francis Kurkdjian,Baccarat Rouge 540 Extrait,Парфюмерный набор,42700.0,42700.0,0.0,1,5.0,https://goldapple.ru/26801400007-baccarat-rouge-540/,https://goldapple.ru/parfjumerija/nabory?p=6,"Парфюмерный экстракт Baccarat Rouge 540 привносит новый и интенсивно мощный бриз в аромат, рожденный в результате сотрудничества Maison Francis Kurkdjian и производителя хрусталя Baccarat. Дорожный набор парфюмерных экстрактов прославляет изысканную графичную ольфактивную подпись, оставляя амбровый и древесно-цветочный шлейф, где цветы жасмина и древесные мускусные ноты смешиваются и сливаются в одно целое. Выберите элегантный размер дорожного набора для путешествий с 5 рефиллами (11 мл) и изысканным золотым футляром для флакона, которые без труда поместятся в ваш багаж.","Нанести аромат на запястья, шею и точки пульса.",Франция,6
120,2026-09-29T21:44:04.485135,20260929_212821_59782779,19000121304,parfjumerija/nabory,SIGNATURE BY SILLAGE DORIENT,Musk,Набор парфюмерной воды,17969.0,17969.0,0.0,1,4.3,https://goldapple.ru/19000121304-musk/,https://goldapple.ru/parfjumerija/nabory?p=6,"состав набора — Парфюмерная вода Sillage d'Orient Signature Musk, 100 мл — Парфюмерная вода Sillage d'Orient Signature Musk, 15 мл — Распылитель, 1 шт. В изысканный набор входят парфюмерная вода Musk (100 мл), её миниатюра в тревел-формате (15 мл) и распылитель. Нежная и чувственная композиция Signature by Sillage d'Orient – это гармония соблазнительного мускуса, свежих цветочных нот и специй. Вдохновением для создания роскошной композиции стали легенды о прекрасных нимфах в белых платьях и с цветами в волосах, развевающихся на ветру. Нимфы пели и танцевали, встречая весну, и эта свежесть первых тёплых дней отражена в аромате. Восточная композиция идеально дополняет уникальные чары человека и подчёркивает его чувственность.",Распылять на кожу с расстояния 20-30 см.,Франция,6
121,2026-09-29T21:44:56.081895,20260929_212821_59782779,19000004543,parfjumerija/nabory,Vilhelm Parfumerie,THE OUD AFFAIR,Набор миниатюр 3*10 мл,12622.0,12622.0,0.0,1,4.9,https://goldapple.ru/19000004543-the-oud-affair/,https://goldapple.ru/parfjumerija/nabory?p=7,"Аромат вдохновлён бурным романом между актрисой Эвой Гарднер  и знаменитым  тореадором  Луисом Мигелем Домингин. Однажды Домингин сказал о своей любимой: “Она была самой прекрасной  и самой опасной. Я  как- будто  держал в клетке свирепого волка. ”  THE OUD AFFAIR  охватывает все взлёты и падения этого головокружительного  любовного романа, где не ослабевала нежная сладость и драматический накал страстей.","Наносите аромат на заднюю часть шеи, в зону декольте и на запястья с расстояния 10-15 см. Не рекомендуется растирать парфюмерную воду , так как это может нарушить правильный процесс раскрытия композиции.",Франция,7
122,2026-09-29T21:45:05.061329,20260929_212821_59782779,19000374876,parfjumerija/nabory,Korloff Paris,SET LADY,Набор парфюмерной воды,9435.0,9435.0,0.0,1,5.0,https://goldapple.ru/19000374876-lady/,https://goldapple.ru/parfjumerija/nabory?p=7,"О, как же нежен и оригинален аромат Korloff Korloff Lady! Как настоящая Франция, он завораживает своей гармоничностью и мелодичностью, и воссоздает атмосферу весенне-летнего цветущего сада где-нибудь на берегах экзотического острова! Начальные фруктовые акценты, состоящие из композиции апельсина, мандарина и спелой груши, ненавязчиво, но эффективно привлекают к себе внимание. В самом сердце парфюма притаились заманчивый апельсиновый цвет, экзотическая тубероза и утонченный жасмин, сочетание которых пленит элегантностью и оригинальностью. Пряные, насыщенные, древесные элементы мускуса, сандала и кедра придают запаху гармоничную завершенность и оставляют после себя интересное послевкусие. Поспешите познакомиться с очаровательным, неназойливым и подходящим для повседневного использования ароматом Korloff Korloff Lady. В набор входит : Парфюмерная вода 88 мл + 30 мл.","Наносить на неповрежденные участки кожи, волос и одежду.",Франция,7
123,2026-09-29T21:45:15.104804,20260929_212821_59782779,19000004542,parfjumerija/nabory,Vilhelm Parfumerie,STOCKHOLM 1978,Нет категории,12622.0,12622.0,0.0,1,5.0,https://goldapple.ru/19000004542-stockholm-1978/,https://goldapple.ru/parfjumerija/nabory?p=7,"Стокгольм - столица Швеции, 1978 - год, когда я родился. Этот аромат - мое личное высказывание, композиция, которую я создал для себя. То самое  лето в том самом городе: место и время встреч. Одновременно безмятежный  и опьяняющий. Аромат летнего Стокгольма","Наносите аромат на заднюю часть шеи, в зону декольте и на запястья с расстояния 10-15 см. Не рекомендуется растирать парфюмерную воду , так как это может нарушить правильный процесс раскрытия композиции.",Франция,7
124,2026-09-29T21:45:24.418794,20260929_212821_59782779,83670200010,parfjumerija/nabory,State Of Mind,Voluptuous seduction,Нет категории,10892.0,10892.0,0.0,1,4.6,https://goldapple.ru/83670200010-voluptuous-seduction/,https://goldapple.ru/parfjumerija/nabory?p=7,"В состав набора входит парфюмерная вода 20 мл в футляре + рефилл 20 мл. Роскошный цветочный аромат Voluptuous Seduction – это уникальный и щедрый букет благородных нот. Он собран из тёплого сочетания ройбуша и лилии, богатства розы и шиповника, необычной гармонии трюфелей и древесных базовых нот сандала и кедра, которые усиливают глубокий чарующий шлейф. Лучезарный, эмоциональный, чувственный аромат намекает на утонченное соблазнение, наделяющее властью. Верхние ноты: ройбуш, яблоко Ноты сердца: роза, шиповник, лилия Базовые ноты: сандал, кедр",Не указано,Франция,7
125,2026-09-29T21:45:34.062386,20260929_212821_59782779,19000197697,parfjumerija/nabory,EX NIHILO,Coffret Selection Fleur Narcotique,Подарочный набор,45600.0,45600.0,0.0,1,5.0,https://goldapple.ru/19000197697-coffret-selection-fleur-narcotique/,https://goldapple.ru/parfjumerija/nabory?p=7,Подарочный набор Флёр Наркотик парф.вода 50мл +лосьон 200мл +гель 200мл,Наносит на очищенную кожу,Франция,7
126,2026-09-29T21:45:43.167265,20260929_212821_59782779,19000362633,parfjumerija/nabory,M. Micallef,GENTLEMAN,Набор парфюмерной воды,12253.0,12253.0,0.0,1,4.2,https://goldapple.ru/19000362633-gentleman/,https://goldapple.ru/parfjumerija/nabory?p=7,"Ставшие незаменимыми спутниками в повседневной жизни, атомайзеры для путешествий теперь поставляются в элегантных коробках, содержащих 4 сменных блока по 10 мл с лучшими мужским ароматами от M.Micallef.",Не указано,Франция,7
127,2026-09-29T21:45:51.536245,20260929_212821_59782779,19000326665,parfjumerija/nabory,AromaGen,perfumed set,Набор миниатюр духов-роллеров,1550.0,1550.0,0.0,1,4.7,https://goldapple.ru/19000326665-perfumed-set/,https://goldapple.ru/parfjumerija/nabory?p=7,"Любимые ароматы в миниатюрах – это прекрасный вариант для тех, кто хочет иметь всю коллекцию в компактных версиях. А также идеальная возможность познакомиться с ароматами бренда AromaGen и выбрать идеальный для себя. Этот парфюмерный набор - оптимальный выбор в пользу удобства, элегантности и хорошего парфюмерного вкуса. Набор упакован в коробку и может быть отличным вариантом небольшого подарка. Набор миниатюр создан специально для знакомства и включает в себя 4 восхитительных аромата: Blackberry nigths Верхние ноты: сладкая ежевика, белые цветы, грейпфрут. Средние ноты: лист, черной смородины, лавр Базовые ноты: белый кедр и ветивер Fleurs d'agrumes Верхние ноты: апельсин, бергамот. Средние ноты: ваниль, бобы тонка. Базовые ноты: жасмин, фиалка. Into the woods Верхние ноты: сандаловое дерево, кожа Средние ноты: пачули, немного специй, бобы тонка Базовые ноты: марокканский кедр, серая амбра By the ocean Верхняя нота: морская соль, семена амбретты. Средние ноты: шалфей. Базовые ноты: грейпфрут и морские водоросли Объём каждого флакона 2,5 мл. В наборе предусмотрен бархатный мешочек для удобного хранения миниатюр.","Нанести духи на пульсирующие точки: запястья, сгиб локтя, шею, зону за ушами, ключицы. Обновляйте аромат по мере  необходимости.",Россия,7
128,2026-09-29T21:46:00.824040,20260929_212821_59782779,19000329377,parfjumerija/nabory,Ormonde Jayne,Sakura,Дорожный набор парфюмерной воды,16269.0,16269.0,0.0,1,5.0,https://goldapple.ru/19000329377-sakura/,https://goldapple.ru/parfjumerija/nabory?p=7,"Аромат открывается сверкающими нотами лайма и мандарина, звучание которых смягчается розовым перцем, зеленым аккордом и деликатными цветами вишни с мягким миндальным оттенком, который усилен пудровой фиалкой и сливочной ванилью. Аромат источает неуловимую элегантность, утонченность и излучает внутреннюю уверенность. Воплощение внутренней любви к элегантности и хорошему вкусу. Набор: Парфюмерная вода Sakura 10мл*4шт.","Парфюмерную воду следует наносить с расстояния 10-15 см. на тепловые точки: под коленями, область живота, запястья, сгибы локтей, район солнечного сплетения, точки за ушами, основание шеи со стороны спины, затылок. Как правило на одну точку достаточно один раз нажать на спрей. Растирать парфюмерную воду не рекомендуется, так как это может нарушить правильный процесс раскрытия композиции. Для повышения стойкости рекомендуем наносить на хорошо увлажненную кожу, комбинируя с кремом, молочком или маслом для тела.",Великобритания,7
129,2026-09-29T21:46:09.292941,20260929_212821_59782779,19000334702,parfjumerija/nabory,Hello Kitty,Lemonade bubbles,детский подарочный набор,989.0,989.0,0.0,1,4.3,https://goldapple.ru/19000334702-lemonade-bubbles/,https://goldapple.ru/parfjumerija/nabory?p=7,"Подарочные наборы Hello Kitty - идеальный выбор для принцесс любого возраста! Туалетная вода Hello Kitty 50 мл - это ода нежной и радостной юности, которую парфюмеры, будто особенные волшебники поместили во флакон. Парфюм о котором мечтает каждая девочка! Флакончик ароматных парфюмерных духов, подарит вам позитивные эмоции на целый день. Ощутите, как это быть частью волшебного мира Hello Kitty! Подарите себе добрую сказку! Бальзам для губ Hello Kitty с SPF - защита и восстановление. Эффективно смягчает, увлажняет и тонизирует, дарит ощущение комфорта. Натуральная формула бальзама, обогащенная органическим маслом персика, экстрактом абрикоса и аллантоином защищает кожу губ от сухости и шелушения, глубоко питает и насыщает полезными микроэлементами, заживляет мелкие трещинки, делает губы мягкими и нежными. Деликатный фруктовый аромат окутает вас ощущением доброй сказки. А ещё сделает ваши поцелуи нежными, как персик! Аромат ""Lemonade bubbles"" - нежно окутает помадковой нежностью, уютной ванилью и ароматом любимых конфет. Сладкий, но не приторный, очень деликатный, кружит голову и поднимает настроение, как обладательнице аромата, так и окружающим! Аромат придется по вкусу не только юным модницам, но всем сладкоежкам и лакомкам! Стоит только окунуться в ароматное облако ""Lemonade bubbles"" и сразу хочется шутить, играть и кокетничать! В составе набора: Туалетная вода 50 мл. Гигиеническая помада Lemonade bubbles - 1 шт.","Для полноценного раскрытия туалетная вода наносится на пульсирующие участки кожи вблизи сосудов, которые будут постоянно его подогревать - на шею за ушами, под колено, на запястье, локтевые сгибы, волосы.",Россия,7
130,2026-09-29T21:46:18.226341,20260929_212821_59782779,19000456481,parfjumerija/nabory,L'Artisan Parfumeur,Discovery set,Набор миниатюр,3892.0,3892.0,0.0,1,4.8,https://goldapple.ru/19000456481-discovery-set/,https://goldapple.ru/parfjumerija/nabory?p=7,"Парфюмерный набор ароматов Cuir Grenat, 33 Abyssae, Mûre Et Musc, Un Air de Bretagne, À Fleur de Pêche, Passage d'Enfer Extrême в удобном travel формате 2 мл. Cuir Grenat. Вдохновившись кожевенной мастерской в Марокко, Кристоф Рейно решил создать аромат, исследующий игру света и тени, которые нашли отражение в аккордах кожи и малины. Словно художник, воссоздающий кистью сокровища своей памяти на холсте, парфюмер тщательно продумывал каждую грань аромата Cuir Grenat, который дарил бы ощущение прикосновения. Таким образом, он создал удивительный аромат, в котором изысканно сочетаются аккорды кожи с искрами амбры и пудровыми нотами малины. 33 Abyssae знакомит с магией неизведанного, погружая в таинственные глубины океана. Парфюмерная композиция подчеркивает успокаивающие свойства эвкалипта. Растение с травянистым умиротворяющим звучанием изысканно раскрывается аккордами камфорной свежести эфирного масла и более богатой, смолистой, фруктовой нотой абсолюта. Нежность звучанию аромата придает воздушная роза в сочетании с теплыми нотами кашмерана — синтетической молекулой, которая также известна как кашемировое дерево благодаря бархатистой и мягкой текстуре. Древесно-мускусные аккорды добавляют композиции глубину и выразительность. Mûre Et Musc. Оригинальный L'Artisan Parfumeur Mure et Musc приобретает новое звучание, приправленное черными ягодам. К оригинальной ноте свежей ежевике добавилась черная смородина, создавая интенсивный, сочный ягодный аккорд. Благодаря теплу белого мускуса и флердоранжу аромат становится настоящим чувственным наслаждением. По мере развития композиции пробуждаются глубокие красные тона размятых ягод. Mure et Musc Extreme — это парфюм для смелых людей, которые не боятся дерзости и драматичности. Аромат стойкий, соблазнительный и запоминающийся. Un Air de Bretagne. Очарованная нетронутым побережьем Бретани, парфюмер Жюльетт Карагезоглу воплотила во флаконе L’Artisan Parfumeur Un Air de Bretagne соленый морской воздух, украшенный ноткой йода. Аромат изящно открывается морским аккордом, напоминающим о брызгах прибоя. Бурная натура аромата уравновешивается игрой абсолю морских водорослей и кипариса, добавляющих зеленую нотку, напоминающую Бретань. Так же как шторм постепенно становится успокаивающим шепотом, аромат сменяет интенсивность на захватывающую, обволакивающую кожу мягкость. À Fleur de Pêche — это величественный фруктово-цветочный шипр, окутывающий нежной и элегантной вуалью – легкой, словно вторая кожа. Парфюмер Антуан Мезондье воссоздает аромат спелого фрукта: от бархатистой кожицы до тающей текстуры. Верхние ноты – это сочная мякоть фрукта, состоящая из кисловатых тонов в сочетании с чувственным палисандром и бергамотом. В сердце аромата – цветочно-фруктовая сладость с солоноватым оттенком ноты сalone. Наконец, базовые ноты объединяют одновременно мягкую кожицу персика и древесный аккорд косточки с пачули и бобами тонка. Подобно изысканному натюрморту, новая парфюмерная вода дарит самые возвышенные эмоции и впечатляет многогранной и одновременно гармоничной композицией мастерски подобранных ингредиентов. Passage d'Enfer Extrême. Парфюмер Оливия Джакобетти по-новому взглянула на созданный ею в 1999 году аромат Passage d’Enfer, иначе расставив в нем акценты и добавив ольфакторную «изюминку». Символом L'Artisan Parfumeur Passage d'Enfer Extreme стал знаменательный цветок, разновидность азиатской лилии — Красная паучья лилия, названная так из-за ее лепестков, которые мерцают в ореоле сияющего пламени. Аромат словно бросает вызов судьбе и ограничениям времени. Сухая свежесть ладана в нем дополняется кремовыми нотами сандалового дерева, лилии, бензоина и ванили.","Нанести на кожу, избегая попадания в глаза. Для более полного раскрытия аромата рекомендуется нанести его на точки пульса: шею, зону декольте и запястья.",Франция,7
131,2026-09-29T21:46:26.896094,20260929_212821_59782779,26801500002,parfjumerija/nabory,Maison Francis Kurkdjian,Baccarat Rouge 540 travel,Парфюмерный набор,32000.0,32000.0,0.0,1,4.7,https://goldapple.ru/26801500002-baccarat-rouge-540-travel/,https://goldapple.ru/parfjumerija/nabory?p=7,"Выразительная и элегантная, парфюмерная вода Baccarat Rouge 540 словно ласкает кожу амбровым древесно-цветочным бризом, создавая поэтическую алхимию. Яркая ольфакторная подпись, символизирующая партнерство между Maison Francis Kurkdjian и Baccarat, в дорожном наборе. Пять рефиллов (11 мл) и изысканная золотая версия драгоценного футляра для флакона позволит вам элегантно носить аромат с собой. Набор Baccarat Rouge 540 станет прекрасным и изысканным подарком.","Нанести аромат на запястья, шею и точки пульса.",Франция,7
132,2026-09-29T21:46:35.994340,20260929_212821_59782779,19000445870,parfjumerija/nabory,Versace,DYLAN BLUE,подарочный парфюмерный набор,9804.0,9804.0,0.0,1,5.0,https://goldapple.ru/19000445870-dylan-purple/,https://goldapple.ru/parfjumerija/nabory?p=7,"Набор Versace станет отличным подарком для современного мужчины, который ценит стиль и элегантность. В набор входят туалетная вода Dylan Blue для мужчин (50 мл), парфюмированный бальзам после бритья (50 мл) и парфюмированный гель для душа и ванны (50 мл). В яркой мужественной композиции выраженно звучат грейпфрут и бергамот в сочетании с одновременно свежим и сладким ароматом листьев инжира. В сердце композиции гармонируют древесный аккорд, чёрный перец, пачули, амброксан и листья фиалки. Ладан, шафран, мускус и бобы тонка дарят туалетной воде манящий и чувственный шлейф. Традиционные ноты звучат по-новому, современно и актуально, создавая индивидуальный и яркий характер аромата.","1. Гель для душа и ванны: нанесите на влажную кожу тела, равномерно распределите, затем смойте водой. 2. Бальзам: нанесите на кожу после бритья и равномерно распределите. 3. Туалетная вода: распылите с небольшого расстояния. Избегайте попадания средств в глаза.",Италия,7
133,2026-09-29T21:46:43.994566,20260929_212821_59782779,19000529868,parfjumerija/nabory,Parfums de Marly,Discovery collection,Нет категории,24658.0,24658.0,0.0,1,5.0,https://goldapple.ru/19000529868-parfums-de-marly-discovery-collection/,https://goldapple.ru/parfjumerija/nabory?p=7,"Драгоценная женская коллекция передаёт всю магию и очарование изысканных ароматов Parfums de Marly. Симфония цветочных, гурманских и мускусных композиций раскрывается в подборке из пяти самых знаковых женских парфюмов. состав набора — Парфюмерная вода ""Palatine"", 10 мл — Парфюмерная вода ""Delina"", 10 мл — Парфюмерная вода ""Delina Exclusif"", 10 мл — Парфюмерная вода ""Valaya"", 10 мл — Парфюмерная вода ""Valaya Exclusif"", 10 мл","Распылите на пульсирующие зоны: запястья, шею, за ушами и внутреннюю сторону локтя. Избегайте контакта с одеждой. Для повышения стойкости рекомендуем наносить на хорошо увлажненную кожу.",Франция,7
134,2026-09-29T21:46:53.274560,20260929_212821_59782779,19000475517,parfjumerija/nabory,Loewe,Aire sutileza,Нет категории,18120.0,18120.0,0.0,1,5.0,https://goldapple.ru/19000475517-aire-sutileza-solo-ella-elixir/,https://goldapple.ru/parfjumerija/nabory?p=7,"В этот эксклюзивный подарочный набор входят:
Туалетная вода LOEWE Aire Sutileza 100 мл, миниатюра туалетной воды LOEWE Aire Sutileza 10 мл и комплементарный аромат парфюмерная вода LOEWE Solo Ella Elixir объемом 10 мл.","Небольшое количество нанести на тело, избегая попадания в глаза.",Франция,7
135,2026-09-29T21:47:04.517096,20260929_212821_59782779,19000461705,parfjumerija/nabory,Rudross,Discovery,Парфюмерный набор миниатюр,4950.0,4950.0,0.0,1,4.5,https://goldapple.ru/19000461705-discovery/,https://goldapple.ru/parfjumerija/nabory?p=7,"Discovery Set – это прекрасная возможность познакомиться сразу с 10 уникальными парфюмерными композициями, каждая из которых представлена в удобном формате 2 мл: Road to Paradise, Mega Money, Out of Rich, Vanilla Love, Mineral, Mira, Montana, Cozy, Thai Mango, Citrus Molecule.
Выберите аромат, который расскажет вашу личную историю.",Нанесение только на поверхность кожи.,Оаэ,7
136,2026-09-29T21:47:12.750600,20260929_212821_59782779,26801100005,parfjumerija/nabory,Maison Francis Kurkdjian,A la Rose,Парфюмерный набор,29500.0,29500.0,0.0,1,5.0,https://goldapple.ru/26801100005-a-la-rose/,https://goldapple.ru/parfjumerija/nabory?p=7,"Парфюмерная вода À la rose – это ода женственности, признание в любви, воплощенное в аромате. Легкое, чувственное олицетворение великолепного букета из дамасской розы и розы Сентифолии. Они дополняют друг друга, рождая парфюм, невероятно женственный и утонченный, и в то же время неукротимый. В каждом флаконе распускается 250 бутонов роз Сентифолии с мягкими, чувственными медовыми оттенками и 150 бутонов Дамасской розы с ее грушево-пряным оттенком. Аромат, сочетающий в себе элегантность сияющей женственности и причудливый, беззаботный стиль. Пять рефиллов (11 мл) и изысканная золотая версия драгоценного футляра для флакона позволит вам элегантно носить аромат с собой.","Нанести аромат на запястья, шею и точки пульса.",Франция,7
137,2026-09-29T21:47:22.044920,20260929_212821_59782779,19000004541,parfjumerija/nabory,Vilhelm Parfumerie,SMOKE SHOW,Набор миниатюр 3*10 мл,12622.0,12622.0,0.0,1,4.9,https://goldapple.ru/19000004541-smoke-show/,https://goldapple.ru/parfjumerija/nabory?p=7,"Собирательный образ Нью-Йоркских джазовых клубов. Яркие прожекторы, дымные комнаты, медленный джаз… эмоции, сосредоточенные всего в нескольких нотах. Аромат будто импровизирует на вашей коже.","Наносите аромат на заднюю часть шеи, в зону декольте и на запястья с расстояния 10-15 см. Не рекомендуется растирать парфюмерную воду , так как это может нарушить правильный процесс раскрытия композиции.",Франция,7
138,2026-09-29T21:47:33.785596,20260929_212821_59782779,19000413507,parfjumerija/nabory,M.INT,AFFECTING MIND,Парфюмерная вода,12400.0,12400.0,0.0,1,5.0,https://goldapple.ru/19000413507-affecting-mind/,https://goldapple.ru/parfjumerija/nabory?p=7,"Суметь в хорошем смысле дотронуться до подсознания - значит стать частью человека, постоянным спутником его мыслей, устремлений и настроений. Парфюмер: Elise Benat.","Нанести на тело, избегая попадания в глаза.",Франция,7
139,2026-09-29T21:47:44.305712,20260929_212821_59782779,19000454160,parfjumerija/nabory,Burberry,HER,Парфюмерный набор,6850.0,6850.0,0.0,1,4.6,https://goldapple.ru/19000454160-her/,https://goldapple.ru/parfjumerija/nabory?p=7,"В состав набора входят: — Парфюмерная вода для женщин Burberry Her Eau de Parfum, 50 мл — Лосьон для тела BURBERRY Her Body Lotion, 75 мл Набор BURBERRY Her: Лосьон для тела и Парфюмерная вода. Погрузитесь в мир изысканной элегантности с набором BURBERRY Her, который включает в себя лосьон для тела и парфюмерную воду. Лосьон для тела BURBERRY Her Body Lotion нежно увлажняет и питает кожу, оставляя её мягкой и шелковистой. Его легкая текстура быстро впитывается, окутывая вас тонким ароматом, который станет идеальным дополнением к вашему парфюму. Парфюмерная вода для женщин Burberry Her Eau de Parfum — это воплощение современного британского стиля. Композиция открывается яркими нотами черной смородины, голубики и малины, которые плавно переходят в сердце из жасмина и фиалки. Базовые ноты амбры и мускуса придают аромату глубину и стойкость, оставляя за собой шлейф утонченной женственности. Этот набор станет идеальным подарком для тех, кто ценит стиль и качество, а также для всех, кто хочет подчеркнуть свою индивидуальность с помощью аромата от легендарного бренда BURBERRY.","Парфюмерная вода: Распылите на пульсирующие зоны: запястья, шею, за ушами и внутреннюю сторону локтя. Избегайте контакта с одеждой. Для повышения стойкости рекомендуем наносить на хорошо увлажненную кожу. Лосьон для тела: Нанесите лосьон на кожу тела массирующими движениями.",Испания,7
140,2026-09-29T21:47:55.180863,20260929_212821_59782779,19000329370,parfjumerija/nabory,Ormonde Jayne,Byzance,Дорожный набор парфюмерной воды,14025.0,14025.0,0.0,1,5.0,https://goldapple.ru/19000329370-byzance/,https://goldapple.ru/parfjumerija/nabory?p=7,"Современная магия, мост между Востоком и Западом, где мягкие и роскошные оттенки шелка и замши приобретают гурманское звучание. Мягкий и бархатный, утонченный и страстный аромат для творческих натур. Восточная увертюра, открывающая самые запретные грани вашей души. Набор: Парфюмерная вода Byzance 10мл*4шт.","Парфюмерную воду следует наносить с расстояния 10-15 см. на тепловые точки: под коленями, область живота, запястья, сгибы локтей, район солнечного сплетения, точки за ушами, основание шеи со стороны спины, затылок. Как правило на одну точку достаточно один раз нажать на спрей. Растирать парфюмерную воду не рекомендуется, так как это может нарушить правильный процесс раскрытия композиции. Для повышения стойкости рекомендуем наносить на хорошо увлажненную кожу, комбинируя с кремом, молочком или маслом для тела.",Великобритания,7
141,2026-09-29T21:48:21.128509,20260929_212821_59782779,19000161887,parfjumerija/nabory,Maison Francis Kurkdjian,OUD Satin mood,Парфюмерный набор,32000.0,32000.0,0.0,1,5.0,https://goldapple.ru/19000161887-oud-satin-mood/,https://goldapple.ru/parfjumerija/nabory?p=8,"Новая интерпретация удового дерева, редкого и драгоценного материала, парфюмерная вода OUD satin mood от Maison Francis Kurkdjian отражает желание создателя добавить в повседневную жизнь мерцающую грань. 5 рефиллов (11 мл) и утонченный золотой футляр для флакона позволят вам элегантно носить ваш аромат с собой. Подарочный набор OUD satin mood — это прекрасный подарок для себя или ваших близких.","Нанести аромат на запястья, шею и точки пульса.",Франция,8
142,2026-09-29T21:48:31.062318,20260929_212821_59782779,19000334703,parfjumerija/nabory,Hello Kitty,Strawberry dreams,детский подарочный набор,1237.0,1237.0,0.0,1,4.7,https://goldapple.ru/19000334703-strawberry-dreams/,https://goldapple.ru/parfjumerija/nabory?p=8,"Подарочные наборы Hello Kitty - идеальный выбор для принцесс любого возраста! Туалетная вода Hello Kitty 50 мл - это ода нежной и радостной юности, которую парфюмеры, будто особенные волшебники поместили во флакон. Парфюм о котором мечтает каждая девочка! Флакончик ароматных парфюмерных духов, подарит вам позитивные эмоции на целый день. Ощутите, как это быть частью волшебного мира Hello Kitty! Подарите себе добрую сказку! Бальзам для губ Hello Kitty с SPF - защита и восстановление. Эффективно смягчает, увлажняет и тонизирует, дарит ощущение комфорта. Натуральная формула бальзама, обогащенная органическим маслом персика, экстрактом абрикоса и аллантоином защищает кожу губ от сухости и шелушения, глубоко питает и насыщает полезными микроэлементами, заживляет мелкие трещинки, делает губы мягкими и нежными. Деликатный фруктовый аромат окутает вас ощущением доброй сказки. А ещё сделает ваши поцелуи нежными, как персик! Аромат ""Strawberry dreams"" - нежно окутает помадковой нежностью, уютной ванилью и ароматом любимых конфет. Сладкий, но не приторный, очень деликатный, кружит голову и поднимает настроение, как обладательнице аромата, так и окружающим! Аромат придется по вкусу не только юным модницам, но всем сладкоежкам и лакомкам! Стоит только окунуться в ароматное облако ""Strawberry dreams"" и сразу хочется шутить, играть и кокетничать! В составе набора: Туалетная вода 50 мл. Гигиеническая помада Strawberry dreams - 1 шт.","Для полноценного раскрытия туалетная вода наносится на пульсирующие участки кожи вблизи сосудов, которые будут постоянно его подогревать - на шею за ушами, под колено, на запястье, локтевые сгибы, волосы.",Россия,8
143,2026-09-29T21:48:38.485666,20260929_212821_59782779,19000528155,parfjumerija/nabory,Penhaligon's,Potions scent library,Нет категории,5100.0,5100.0,0.0,1,5.0,https://goldapple.ru/19000528155-penhaligon-s-potions-scent-library/,https://goldapple.ru/parfjumerija/nabory?p=8,"Секретная лаборатория Уильяма Пенхалигона открывает свои двери. PENHALIGON'S POTIONS SCENT LIBRARY — эксклюзивный набор из шести миниатюрных парфюмерных композиций, извлечённых из секретного архива легендарного британского дома. Каждый аромат — это могущественное зелье, созданное для того, чтобы исцелять, вдохновлять и менять ваше состояние. Как говорил сам Уильям Пенхалигон: «Для каждой боли есть своё лекарство. Для каждой трудности — своё решение». В набор входят 6 миниатюр по 2 мл: A Balm of Calm — эликсир спокойствия. Лаванда и герань в объятиях рома и мягких древесных нот дарят полное умиротворение, словно тревога отпускает по велению планет. A Kiss of Bliss — эликсир радости. Всего одна капля этого цветочного восторга из розы и жасмина — и душа воскликнет «Аллилуйя», готовая петь и танцевать до утра. Eau the Audacity — эликсир для храбрости. Дерзкое сочетание ладана, шафрана, апельсинового цвета и турецкой розы в мягкой замшевой оправе кожи и ванили — настоящий рецепт, способный перевернуть ваш мир. Liquid Love — любовное зелье. Свежие искристые ноты мягко касаются кожи, прежде чем пряный фруктовый шлейф добавит остроты, даря крылья за спиной и ощущение рая в одно мгновение. Vra Vra Vroom — эликсир безграничной энергии. Османтус в обрамлении цитрусовых и абрикоса раскрывается сочным искрящимся звучанием, а магнолия расцветает в шлейфе, открывая мир, полный свободы и возможностей. Bold Blend — эликсир смелости. Всплеск ледяной мяты и чёрного перца обостряет чувства, а древесное трио пало санто, кипариса и киприола дарит глубину и кристальную чистоту уверенного характера. Откройте для себя магию PENHALIGON'S POTIONS SCENT LIBRARY — компактные флаконы по 2 мл, идеальные для путешествий и знакомства с легендарным брендом.","Нанести на кожу, избегая попадания в глаза.
Для более полного раскрытия аромата рекомендуется нанести его на точки пульса на шее, зоне декольте и запястьях.",Франция,8
144,2026-09-29T21:48:46.817731,20260929_212821_59782779,19000375073,parfjumerija/nabory,Love is,SWEET HEARTBEAT,Нет категории,1000.0,1000.0,0.0,1,4.5,https://goldapple.ru/19000375073-sweet-heartbeat/,https://goldapple.ru/parfjumerija/nabory?p=8,"Сочные, гурманские ароматы Love is… теперь в компактной тревел версии. Миниатюрные флаконы 15 мл отлично подходят, чтобы носить с собой в сумочке и брать в поездки. Удобная форма флакона, качественная помпа и крышка, повышенная концентрация ароматических веществ делают этих малышек вашими незаменимыми и незаметными помощницами в любом деле, возьми их хоть на учёбу или работу, хоть в кругосветное приключение! SWEET HEARTBEAT: Парфюмерная вода Love is… Sweet hug, 15 мл - притягательный и сладкий коктейль с нотками Блю Курасао и ванили! Основные ноты: блю курасао, ваниль, бергамот, орхидея, цветок груши, пион, жасмин. Парфюмерная вода Love is… Strawberry heartbeat, 15 мл - нежная и сладкая влюблённость с нотками земляники и цветочным букетом. Основные ноты: клубника, роза, ежевика, пион, пралине, кашемир, амбра.","Для полноценного раскрытия туалетная вода наносится на пульсирующие участки кожи вблизи сосудов, которые будут постоянно его подогревать - на шею за ушами, под колено, на запястье, локтевые сгибы, волосы.",Россия,8
145,2026-09-29T21:48:55.350527,20260929_212821_59782779,19000510556,parfjumerija/nabory,OUME,Oume,Парфюмерный набор миниатюр,1767.0,1767.0,0.0,1,4.7,https://goldapple.ru/19000510556-oume-oume/,https://goldapple.ru/parfjumerija/nabory?p=8,"Парфюмерный набор «Oume» (5 шт. х 3 мл) – это оригинальный сет ароматов унисекс. Набор включает 5 миниатюр объемом по 3 мл и создан для знакомства с брендом Oume. Meadow Grass: Нежность луговых трав и сладость цветов, которые распускаются на горном склоне, нежась под солнцем. Аромат вдохновляет быть открытым для новых впечатлений и наслаждаться простыми моментами счастья. River Sound: Хвойный и каменный, полон силы ледяной горной реки, прокладывающей себе путь через скалистое ущелье. Аромат напоминает, что каждая преграда может быть преодолена, если мы следуем своему пути с решительностью и настойчивостью. Deep Woods: Теплый лес, прогретый обеденным солнцем, в кронах играют лучи и поют птицы, воздух тихий и свободный, в нем ощущается тепло, что осталось на листьях и земле от солнечного дня. Он напоминает, что важно заботиться о себе, находить время для отдыха и восстановления сил, чтобы лучше понимать себя. Rose Garden: Ты оказываешься в самом сердце розового сада. Крупные, налитые росой розы вокруг тебя оживают и зовут к себе. Ты делаешь глубокий вдох и чувствуешь нежный, пудровый аромат роз, запоминающийся на всю жизнь. Он представляет тот момент, когда мы, несмотря на преграды, раскрываемся и находим внутреннюю красоту под стражей шипов. Sandy Wind: Бескрайняя песчаная пустыня, под палящим солнцем дюны образуют плавные линии, напоминающие волны замерзающего моря. Горячий ветер пронзает кожу. Осознание того, насколько ты мал перед мощью природы, сопровождает тебя. Эта природа учит быть стойким и уверенным, находя гармонию между величием пустыни и внутренним покоем. Откройте для себя мир, где каждая нота, вдохновленная природой, — это приглашение к самовыражению и свободе. Пусть наши ароматы станут вашей поддержкой в каждом шаге на пути к самореализации, вы уже уникальны. В состав набора входит: — Парфюмерная вода «Meadow Grass», 3 мл. — Парфюмерная вода «River Sound», 3 мл. — Парфюмерная вода «Deep Woods», 3 мл. — Парфюмерная вода «Rose Garden», 3 мл. — Парфюмерная вода «Sandy Wind», 3 мл.","Распылите на пульсирующие зоны: запястья, шею, за ушами и внутреннюю сторону локтя. Избегайте контакта с одеждой. Для повышения стойкости рекомендуем наносить на хорошо увлажненную кожу.",Беларусь,8
146,2026-09-29T21:49:02.067297,20260929_212821_59782779,19000445869,parfjumerija/nabory,Versace,BRIGHT CRYSTAL ABSOLU,подарочный парфюмерный набор,12090.0,12090.0,0.0,1,4.3,https://goldapple.ru/19000445869-bright-crystal-absolu/,https://goldapple.ru/parfjumerija/nabory?p=8,"Абсолютная чувственность, абсолютная свежесть, абсолютная яркость – откройте для себя силу аромата Bright Crystal Absolu. В подарочный набор Versace входят парфюмерная вода Bright Crystal Absolu (90 мл), парфюмированный гель для душа (100 мл) и парфюмированный лосьон для тела (100 мл), оставляющий на коже нежный цветочно-фруктовый аромат. Эта притягательная парфюмерная композиция – пышный букет из пиона, магнолии и лотоса, украшенный яркими нотами сочного граната и сладкой малины. Соблазнительные мускус, амбра и махагони сплетаются в соблазнительный шлейф. Набор дополнен стильной и удобной косметичкой Versace.","1. Гель для душа: нанесите на влажную кожу тела, равномерно распределите, затем смойте водой. 2. Лосьон для тела: нанесите на кожу и распределите массирующими движениями. 3. Парфюмерная вода: распылите с небольшого расстояния. Избегайте попадания средств в глаза.",Италия,8
147,2026-09-29T21:49:11.186640,20260929_212821_59782779,19000454161,parfjumerija/nabory,Burberry,HERO,подарочный парфюмерный набор,5000.0,5000.0,0.0,1,4.4,https://goldapple.ru/19000454161-hero/,https://goldapple.ru/parfjumerija/nabory?p=8,"состав набора — Гель для душа Burberry Hero Shower Gel, 75 мл — Туалетная вода Burberry Hero Eau de Toilette, 50 мл Набор Burberry Hero: воплощение мужской элегантности и силы. Гель для душа Burberry Hero Shower Gel мягко очищает кожу, оставляя ощущение свежести и лёгкий аромат, который подчёркивает вашу индивидуальность. Туалетная вода Burberry Hero Eau de Toilette — это динамичный и смелый аромат, сочетающий в себе ноты бергамота, можжевельника и чёрного перца, создавая незабываемое впечатление. Этот набор станет идеальным выбором для уверенного в себе мужчины, стремящегося подчеркнуть свою харизму и стиль.","1. Туалетная вода: Распылите с расстояния 20-30 см на точки пульса, такие как запястья и шея, или создайте ароматное облако и войдите в него для более легкого и равномерного нанесения. 2. Гель для душа: Нанесите небольшое количество на влажную кожу, вспеньте и тщательно смойте водой.",Испания,8
148,2026-09-29T21:49:18.492192,20260929_212821_59782779,19000375070,parfjumerija/nabory,Love is,CHERRY PASSION,Набор парфюмерной воды,1000.0,1000.0,0.0,1,4.0,https://goldapple.ru/19000375070-cherry-passion/,https://goldapple.ru/parfjumerija/nabory?p=8,"Сочные, гурманские ароматы Love is… теперь в компактной тревел версии. Миниатюрные флаконы 15 мл отлично подходят, чтобы носить с собой в сумочке и брать в поездки. Удобная форма флакона, качественная помпа и крышка, повышенная концентрация ароматических веществ делают этих малышек вашими незаменимыми и незаметными помощницами в любом деле, возьми их хоть на учёбу или работу, хоть в кругосветное приключение! CHERRY PASSION: Парфюмерная вода Love is… Cherry kiss, 15 мл - та самая вишенка на торте, а может и в бокале коктейля, сладкая, манкая и пленяющая. Основные ноты: вишня, черешня, горький миндаль, ликёр. Парфюмерная вода Love is… Mandarin passion, 15 мл - игривый, солнечный и беззаботный! Основные ноты: грейпфрут, лимон, базилик, мята, цветок апельсина, тархун, чёрная смородина.","Для полноценного раскрытия туалетная вода наносится на пульсирующие участки кожи вблизи сосудов, которые будут постоянно его подогревать - на шею за ушами, под колено, на запястье, локтевые сгибы, волосы.",Россия,8
149,2026-09-29T21:49:29.263971,20260929_212821_59782779,19000171504,parfjumerija/nabory,USO PARIS,Amber and Saffron,Дорожный набор парфюмерной воды,3905.0,3905.0,0.0,1,4.0,https://goldapple.ru/19000171504-amber-and-saffron/,https://goldapple.ru/parfjumerija/nabory?p=8,"Ambergris Saffron (Амбра и Шафран) – это аромат для тех, кто смело принимает решения и уверенно смотрит вперед. Самые строгие ценители нишевой парфюмерии отметят его насыщенность драгоценными маслами, эксклюзивную стойкость и глубокую, постепенно раскрывающуюся пирамиду. Необычное сочетание горького миндаля и роскошного шафрана плавно уступает место ненавязчивой сладости египетского жасмина. А мягкая свежесть кедра не дает погрузиться в банальное звучание, добавляя пикантности и акцентируя статусность обладателя. На грани шедевра балансирует сочетание интенсивной амбры и спокойствие древесных нот. Аккуратное вкрапление мускуса в базе воспринимается как нечто идеальное и совершенное. Это удивительно элегантный парфюм с завораживающим ненавязчивым шлейфом. Он охладит в жару и согреет теплом звучания в холодную погоду, заинтересует сложными переходами и намеком на дерзость, добавит уверенности и подчеркнет изысканный вкус. Приобретая его, вы дарите себе возможность бесконечно наслаждаться логической стройностью композиции и гармоничным финишем традиционной селективной парфюмерии.",Не указано,Турция,8
150,2026-09-29T21:49:37.354858,20260929_212821_59782779,19000121298,parfjumerija/nabory,SIGNATURE BY SILLAGE DORIENT,Diamond,Набор парфюмерный,17969.0,17969.0,0.0,1,4.0,https://goldapple.ru/19000121298-diamond/,https://goldapple.ru/parfjumerija/nabory?p=8,"В изысканный набор входят парфюмерная вода DIAMOND (100 мл), её миниатюра в тревел-формате (15 мл) и распылитель. Древние греки верили, что алмазы – это осколки звезд, упавшие с неба, в древней Индии алмазам приписывали способность защищать от зла, а римляне первыми начали использовать их как символ вечной любви. Композиция DIAMOND, названная в честь этих драгоценных камней, стала парфюмерным воплощением соблазна, ведь алмазы веками обольщали людей и продолжают очаровывать нас по сей день. Притягательная сила аромата SIGNATURE by Sillage d'Orient кроется в ярком сочетании чувственной ноты арабской амбры, таинственного ладана и благородного, ценного уда с его темным очарованием.",Распылять на кожу с расстояния 20-30 см.,Франция,8
151,2026-09-29T21:49:46.149663,20260929_212821_59782779,19000485607,parfjumerija/nabory,Versace,Bright Crystal,подарочный парфюмерный набор,16740.0,16740.0,0.0,1,5.0,https://goldapple.ru/19000485607-versace-bright-crystal/,https://goldapple.ru/parfjumerija/nabory?p=8,"В подарочный набор VERSACE с изысканным дизайном входят туалетная вода BRIGHT CRYSTAL (90 мл) и её миниатюра (5 мл), а также парфюмированный гель для душа и ванны (100 мл) и парфюмированный лосьон для тела (100 мл). Свежая парфюмерная композиция BRIGHT CRYSTAL стартует с нот терпкого граната и юзу, а затем плавно переходит к пышному цветочному букету, в котором благоухают нежный пион, магнолия и лотос. В шлейфе этой туалетной воды ощущаются чувственные мускус и амбра в сочетании с древесными нотами. Многогранная композиция отражает кристальную чистоту и притягательную чувственность, которой невозможно противостоять. состав набора — Туалетная вода ""BRIGHT CRYSTAL"", 90 мл — Туалетная вода ""BRIGHT CRYSTAL"", 5 мл — Парфюмированный гель для душа и ванны ""BRIGHT CRYSTAL"", 100 мл — Парфюмированный лосьон для тела ""BRIGHT CRYSTAL"", 100 мл","Гель для душа и ванны: Нанесите на влажную кожу тела, равномерно распределите, затем смойте водой. Лосьон для тела: Нанесите на кожу и распределите массирующими движениями. Туалетная вода: Распылите с небольшого расстояния. Избегайте попадания в глаза.",Италия,8
152,2026-09-29T21:49:54.442932,20260929_212821_59782779,19000460658,parfjumerija/nabory,Kilian Paris,Old Fashioned Icon set,Парфюмерный набор,34020.0,34020.0,0.0,1,5.0,https://goldapple.ru/19000460658-old-fashioned-icon-set/,https://goldapple.ru/parfjumerija/nabory?p=8,"Парфюмерный набор с культовым ароматом Old Fashioned. Old Fashioned, вдохновлённый легендарным коктейлем, воссоздаёт аромат односолодового шотландского виски 18-летней выдержки. Аромат открывается как глоток абсолюта пшеницы с лёгким цветочным оттенком эссенции даваны. Затем он переходит в комплекс ультраконцентрированной эссенции кедра, дополненный нотами стиракса и бальзама толу, которые переносят в атмосферу шотландского поместья, погребов и загадочных шотландских легенд. Группа ароматов: амбровые, древесные. Ноты аромата: абсолют пшеницы, гиперконцентрированная эссенция кедра, бальзам толу. Парфюмер: Сидони Лансессер. Состав набора: аромат Old Fashioned в пополняемом флаконе объёмом 50 мл; миниатюра аромата в пополняемом флаконе 7,5 мл и тревел-атомайзер в подарочной упаковке.","Нанесите небольшое количество на пульсирующие зоны, такие как запястья, шея, за ушами и внутренняя сторона локтя. Не наносите на одежду, чтобы избежать пятен.",Франция,8
153,2026-09-29T21:50:02.392566,20260929_212821_59782779,19000004534,parfjumerija/nabory,Vilhelm Parfumerie,MODEST MIMOSA,Нет категории,12622.0,12622.0,0.0,1,4.9,https://goldapple.ru/19000004534-modest-mimosa/,https://goldapple.ru/parfjumerija/nabory?p=8,"Соблазнительный, очаровательный аромат, вдохновленный нежным цветком мимозы. Цветок мимозы может быть застенчивым, но в то же время и стойким, сильным, настойчивым, – говорит создатель Ян Альгрен.  - Я неоднократно наблюдал, как за скромной, неброской внешностью, может скрываться яркий темперамент и необузданная чувственность.","Наносите аромат на заднюю часть шеи, в зону декольте и на запястья с расстояния 10-15 см. Не рекомендуется растирать парфюмерную воду , так как это может нарушить правильный процесс раскрытия композиции.",Франция,8
154,2026-09-29T21:50:09.876115,20260929_212821_59782779,19000482569,parfjumerija/nabory,Amouage,Main Collection Men,Нет категории,18656.0,18656.0,0.0,1,5.0,https://goldapple.ru/19000482569-main-collection-men/,https://goldapple.ru/parfjumerija/nabory?p=8,Набор из 12 самых популярных мужских ароматов Amouage в элегантном кофре. Каждая композиция представлена в формате мини-спрея 2 мл. Набор включает следующие ароматы: — Gold Man. — Dia Man. — Reflection Man. — Honour Man. — Epic Man. — Interlude Man. — Overture Man. — Portrayal Man. — Jubilation XXV Man. — Memoir Man. — Journey Man. — Interlude Black Iris.,Нанести на пульсирующие точки.,Оман,8
155,2026-09-29T21:50:18.102462,20260929_212821_59782779,19000294016,parfjumerija/nabory,Ormonde Jayne,Frangipani,Дорожный набор духов,18513.0,18513.0,0.0,1,4.9,https://goldapple.ru/19000294016-frangipani/,https://goldapple.ru/parfjumerija/nabory?p=8,"Франжипани - королева всех тропических цветов, её корона - крупные лепестки элегантного кремового оттенка. Сердце композиции состоит из сказочного, пьянящего слияния франжипани, жасмина и абсолю туберозы, и словно королевские гвардейцы, выстроились вокруг оттенки сливы, водяной лилии и зелёной орхидеи. У аромата роскошное основание и структура: ноты звучат мягко, пленительно и незабываемо. Набор духов дорожный Frangipani 4шт*10мл","Духи следует наносить в небольшом количестве, близко к коже (1-2 см), на тепловые точки: под коленями, область живота, запястья, сгибы локтей, район солнечного сплетения, точки за ушами, основание шеи со стороны спины, затылок. Как правило на одну точку достаточно несколько капель. Растирать духи не рекомендуется, так как это может нарушить правильный процесс раскрытия композиции. Для повышения стойкости рекомендуем наносить на хорошо увлажненную кожу, комбинируя с кремом, молочком или маслом для тела.",Великобритания,8
156,2026-09-29T21:50:26.213557,20260929_212821_59782779,19000326666,parfjumerija/nabory,AromaGen,perfumed set,Набор миниатюр духов-роллеров,1550.0,1550.0,0.0,1,4.4,https://goldapple.ru/19000326666-perfumed-set/,https://goldapple.ru/parfjumerija/nabory?p=8,"Любимые ароматы в миниатюрах – это прекрасный вариант для тех, кто хочет иметь всю коллекцию в компактных версиях. А также идеальная возможность познакомиться с ароматами бренда AromaGen и выбрать идеальный для себя. Этот парфюмерный набор - оптимальный выбор в пользу удобства, элегантности и хорошего парфюмерного вкуса. Набор упакован в коробку и может быть отличным вариантом небольшого подарка. Набор миниатюр создан специально для знакомства и включает в себя 4 восхитительных аромата: Magic in the air Верхние ноты: слива, груша, лесные ягоды. Средние ноты: белая фрезия. Базовые ноты: древесные ноты, мускус. Crackling Fire Верхние ноты: ароматные пряности и табачные листья. Средние ноты: бобы тонка, ваниль и шоколадная крошка. Базовые ноты: древесные аккорды и ноты сухофруктов. (сушеная слива, дубовая бочка и ром). Cherry black Верхние ноты: черешня, горький миндаль, вишневый ликер. Средние ноты: жасмин, турецкая роза. Базовые ноты: бобы тонка, сандал, ветивер. The silence Верхние ноты: лесные ягоды, мандарин Средние ноты: франжипани, жимолость, фрезия Базовые ноты: уд, ваниль, мускус Объём каждого флакона 2,5 мл. В наборе предусмотрен бархатный мешочек для удобного хранения миниатюр.","Нанести духи на пульсирующие точки: запястья, сгиб локтя, шею, зону за ушами, ключицы. Обновляйте аромат по мере  необходимости.",Россия,8
157,2026-09-29T21:50:33.275485,20260929_212821_59782779,19000230301,parfjumerija/nabory,Vilhelm Parfumerie,Faces of Francis,Набор парфюмерной воды,11137.0,11137.0,0.0,1,4.8,https://goldapple.ru/19000230301-faces-of-francis/,https://goldapple.ru/parfjumerija/nabory?p=8,"Представьте, что вы находитесь в мастерской рядом с художником. Что его вдохновляет? Воспоминания о далеком вулканическом острове где-то в Средиземном море, о красках и запахах жаркого Танжера с его фисташками и шафраном, обо всех путешествиях, реальных и придуманных, которые по-прежнему будоражат чувства. Ведь что такое вдохновение? Это воображаемый мост от воспоминаний к желаниям. Созданный под впечатлением от таинственных триптихов Фрэнсиса Бэкона - гениального авангардного художника, Faces of Francis открывается необычной комбинацией шафрана и жареных фисташек. Затем он звучит гурманской нежностью и воздушной свежестью, словно парит мечтой и реальностью, переливаясь дымными и древесными нотами.",Нанести на пульсирующие точки,Франция,8
158,2026-09-29T21:50:40.041538,20260929_212821_59782779,19000330371,parfjumerija/nabory,Loewe,EARTH,подарочный набор,19360.0,19360.0,0.0,1,4.7,https://goldapple.ru/19000330371-earth-solo-ella/,https://goldapple.ru/parfjumerija/nabory?p=8,"В этот эксклюзивный подарочный набор входят:
Парфюмерная вода LOEWE Earth 100 мл, миниатюра парфюмерной воды LOEWE Earth 10 мл и комплементарный аромат парфюмерная вода LOEWE Solo Ella объемом 10 мл","Небольшое количество нанести на тело, избегая попадания в глаза.",Испания,8
159,2026-09-29T21:50:47.389871,20260929_212821_59782779,19000456752,parfjumerija/nabory,Penhaligon's,Duchess rose & constance,Парфюмерный набор,9560.0,9560.0,0.0,1,5.0,https://goldapple.ru/19000456752-duchess-rose-constance/,https://goldapple.ru/parfjumerija/nabory?p=8,"Парфюмерный дуэт ароматов Duchess Rose и Constance в удобном travel формате 10 мл. The Coveted Duchess Rose (Герцогиня Роуз) — свежая, сладкая роза, готовая быть сорванной. Ее аромат — райское наслаждение! Чистый, как первый дождь. Хрупкий и искрящийся, как покрытая инеем роза. Сладостная роза, чья свежая невинность и стан несравненны. Но постойте… Какой сюрприз… Похоже, что эти телесные, древесные ноты неосмотрительно раскрывают кое-что ещё. Что-то, что носит француженка. Ночью. В темноте. Когда хрупкость и изысканность приобретают оттенок чувственного соблазна. Сестра Lady Blanche, Констанция — женщина, каких называют «прогрессивная». Женщина своего времени, хотя времена всегда меняются. Первый вдох свежих и пряных нот интригует (неподчинением правилам?). Сочетание прохладного кардамона и горячей пименты приводит в замешательство. Ее энергия сменяется шокирующей благопристойностью. Этот аромат также обладает изысканностью. К сожалению, старые привычки отмирают с трудом, а когда они исчезают — нам трудно. Поэтому все в доме согласились хотя бы изображать интерес к новым тенденциям (до тех пор, пока они напоминают старые). За исключением Констанции, конечно, которая решила игнорировать даже Конституцию. Что, никаких цветов? Древесные ноты? Соленая карамель? И даже табак?! Должно быть, здесь какая-то ошибка!.","Нанести на кожу, избегая попадания в глаза. Для более полного раскрытия аромата рекомендуется нанести его на точки пульса: шею, зону декольте и запястья.",Испания,8
160,2026-09-29T21:50:55.685820,20260929_212821_59782779,19000334701,parfjumerija/nabory,Hello Kitty,Candy pink,детский подарочный набор,1125.0,1125.0,0.0,1,4.8,https://goldapple.ru/19000334701-candy-pink/,https://goldapple.ru/parfjumerija/nabory?p=8,"Подарочные наборы Hello Kitty - идеальный выбор для принцесс любого возраста! Туалетная вода Hello Kitty 50 мл - это ода нежной и радостной юности, которую парфюмеры, будто особенные волшебники поместили во флакон. Парфюм о котором мечтает каждая девочка! Флакончик ароматных парфюмерных духов, подарит вам позитивные эмоции на целый день. Ощутите, как это быть частью волшебного мира Hello Kitty! Подарите себе добрую сказку! Бальзам для губ Hello Kitty с SPF - защита и восстановление. Эффективно смягчает, увлажняет и тонизирует, дарит ощущение комфорта. Натуральная формула бальзама, обогащенная органическим маслом персика, экстрактом абрикоса и аллантоином защищает кожу губ от сухости и шелушения, глубоко питает и насыщает полезными микроэлементами, заживляет мелкие трещинки, делает губы мягкими и нежными. Деликатный фруктовый аромат окутает вас ощущением доброй сказки. А ещё сделает ваши поцелуи нежными, как персик! Аромат ""Candy Pink"" - нежно окутает помадковой нежностью, уютной ванилью и ароматом любимых конфет. Сладкий, но не приторный, очень деликатный, кружит голову и поднимает настроение, как обладательнице аромата, так и окружающим! Аромат придется по вкусу не только юным модницам, но всем сладкоежкам и лакомкам! Стоит только окунуться в ароматное облако ""Candy Pink"" и сразу хочется шутить, играть и кокетничать! В составе набора: Туалетная вода 50 мл. Гигиеническая помада Candy pink - 1 шт.","Для полноценного раскрытия туалетная вода наносится на пульсирующие участки кожи вблизи сосудов, которые будут постоянно его подогревать - на шею за ушами, под колено, на запястье, локтевые сгибы, волосы.",Россия,8
161,2026-09-29T21:51:15.442378,20260929_212821_59782779,19000380103,parfjumerija/nabory,Ormonde Jayne,Kashmir,Набор миниатюр,14025.0,14025.0,0.0,1,4.8,https://goldapple.ru/19000380103-kashmir/,https://goldapple.ru/parfjumerija/nabory?p=9,"4000 метров над уровнем моря, там, где сверкающие снежные ледники питают чистейшие озера и стремительные реки прорезают глубокие гималайские долины, возвышаются величественные деревья деодара — гималайского кедра, словно часовые этого райского уголка. Kashmir от Ormonde Jayne пленяет утонченностью и завораживающей атмосферой. Этот древесный гипнотический аромат акцентирован благородным деодаром — гималайским кедром, дополненным нежной бархатистостью сандалового дерева. Цветочные ноты ириса, розы, жасмина, обогащенные кашмераном, ванилью и шепотом мускуса, оставляют глубокий и пленительный шлейф.",Нанести на пульсирующие точки.,Великобритания,9
162,2026-09-29T21:51:22.254817,20260929_212821_59782779,19000121305,parfjumerija/nabory,SIGNATURE BY SILLAGE DORIENT,Oud,Набор парфюмерный,11979.0,11979.0,0.0,1,4.6,https://goldapple.ru/19000121305-oud/,https://goldapple.ru/parfjumerija/nabory?p=9,"В изысканный набор входят парфюмерная вода OUD (100 мл), её миниатюра в тревел-формате (15 мл) и распылитель. Этот впечатляющий, редкий аромат SIGNATURE by Sillage d'Orient представляет собой единство противоположностей. Пачули и шафран гармонично сочетаются, создавая интенсивное звучание с древесными и землистыми нотами, чувственными и таинственными гранями. Магия уда заключена в уникальный флакон, словно джин в волшебной лампе. Композиция гипнотизирует, будто заклинатель змей, играющий с коброй, и погружает в атмосферу удивительных сказок из «Книги тысячи и одной ночи».",Распылять на кожу с расстояния 20-30 см.,Франция,9
163,2026-09-29T21:51:29.203415,20260929_212821_59782779,19000004537,parfjumerija/nabory,Vilhelm Parfumerie,OPUS KORE,Нет категории,12622.0,12622.0,0.0,1,5.0,https://goldapple.ru/19000004537-opus-kore/,https://goldapple.ru/parfjumerija/nabory?p=9,"В греческой мифологии, Кора, или как чаще её называют, Персефона – богиня, которую ассоциируют с весной, цветением и плодородием. Ароматная ода весне, цветущим садам, солнцу и музыке цветов.
Прекрасное звучание жизни в самом чувственном и ярком аромате. Яркий солнечный аромат.","Наносите аромат на заднюю часть шеи, в зону декольте и на запястья с расстояния 10-15 см. Не рекомендуется растирать парфюмерную воду , так как это может нарушить правильный процесс раскрытия композиции.",Франция,9
164,2026-09-29T21:51:38.123780,20260929_212821_59782779,19000004527,parfjumerija/nabory,Vilhelm Parfumerie,DARLING NIKKI,Нет категории,11137.0,11137.0,0.0,1,5.0,https://goldapple.ru/19000004527-darling-nikki/,https://goldapple.ru/parfjumerija/nabory?p=9,"Эксклюзивный аромат для России. «Дорогая Никки»  - пароль в подпольный, самый тайный и сексуальный, московский ночной клуб в 1980-х, во времена СССР. Пленительная атмосфера закрытого ночного клуба. Черная кожа и аккорд древесного дыма словно ароматы зажигательной и секретной вечеринки, скрытой за толстой дверью, пропитанной эротизмом и сексуальностью шафрана и черного лотоса.","Наносите аромат на заднюю часть шеи, в зону декольте и на запястья с расстояния 10-15 см. Не рекомендуется растирать парфюмерную воду , так как это может нарушить правильный процесс раскрытия композиции.",Франция,9
165,2026-09-29T21:51:46.415745,20260929_212821_59782779,19000121297,parfjumerija/nabory,SIGNATURE BY SILLAGE DORIENT,Onyx,Набор парфюмерный,17969.0,17969.0,0.0,1,4.1,https://goldapple.ru/19000121297-onyx/,https://goldapple.ru/parfjumerija/nabory?p=9,"В изысканный набор входят парфюмерная вода ONYX (100 мл), её миниатюра в тревел-формате (15 мл) и распылитель. Парфюмерная композиция SIGNATURE by Sillage d'Orient способна зарядить энергией благодаря бодрящему сочетанию цитрусовых, цветочных и древесных нот. В прошлом оникс был символом преодоления жизненных невзгод. Как и этот камень, аромат ONYX воплощает внутреннюю силу и отлично подходит для тех, кто хочет быть творцом своей судьбы. Найти вдохновение для свершений помогает сладость яблока и ананаса, которая идеально сочетается с ягодным аккордом черной смородины, древесным звучанием, шипровой нотой дубового мха и чувственностью амбры и ванили.",Распылять на кожу с расстояния 20-30 см.,Франция,9
166,2026-09-29T21:51:53.945232,20260929_212821_59782779,19000402025,parfjumerija/nabory,RicHarD maison de parfum,Dirty,Набор миниатюр,3995.0,3995.0,0.0,1,4.3,https://goldapple.ru/19000402025-dirty/,https://goldapple.ru/parfjumerija/nabory?p=9,"Познакомьтесь с композициями бренда Richard благодаря набору с 6 ароматами парфюмерной воды:
• Dirty Mango
• Dirty Pineapple
• Dirty Peach
• Fake Love
• Cherry Show
• Pear Show
Набор состоит из 6 ароматов по 2 мл.","Распылите на пульсирующие зоны: запястья, шею, за ушами и внутреннюю сторону локтя. Избегайте контакта с одеждой. Для повышения стойкости рекомендуем наносить на хорошо увлажненную кожу.",Оаэ,9
167,2026-09-29T21:52:03.975513,20260929_212821_59782779,19000059320,parfjumerija/nabory,ORENS PARFUMS,Moire de Kalha,Парфюмерный набор,12903.0,12903.0,0.0,1,4.8,https://goldapple.ru/19000059320-moire-de-kalha/,https://goldapple.ru/parfjumerija/nabory?p=9,"Воплощение притягательной и чувственной ориентальной розы. Дикую, страстную сторону этого вечного цветка раскрывает пылкий уд и кедр. Объем: 3*10 мл.",Нанести на пульсирующие точки.,Франция,9
168,2026-09-29T21:52:11.975585,20260929_212821_59782779,99000138753,parfjumerija/nabory,La Lettre,DISCOVERY SET 3,Набор миниатюр,1900.0,1900.0,0.0,1,4.5,https://goldapple.ru/99000138753-la-lettre-discovery-set-3/,https://goldapple.ru/parfjumerija/nabory?p=9,"Набор миниатюр духов с длинным шлейфом. 4 аромата по 2 мл в очаровательном футляре. Для знакомства с коллекцией, для путешествий, для подарка. состав набора — Духи Marrakesh, 2 мл — Духи Etretat, 2 мл — Духи Sintra, 2 мл — Духи Siena, 2 мл Пирамида ароматов: Marrakesh. Верхние ноты: шафран, жасмин. Средние ноты: древесный янтарь, серая амбра. Базовые ноты: еловая смола, кедр. Etretat. Верхние ноты: семена амбретта, соль. Средние ноты: морская соль, грейпфрут. Базовые ноты: шалфей. Sintra. Верхние ноты: аккорд свежести, вишня, зелень. Средние ноты: роза, ландыш, миндаль. Базовые ноты: сантал, мох, бобы тонка, мускус, амбра. Siena. Верхние ноты: маракуйя, персик, груша, малина, лист черной смородины, песок. Средние ноты: ландыш. Базовые ноты: мускус, сандал, ваниль, пачули, гелиотроп.","Наносите духи на пульсирующие точки: запястья, шею и область за ушами.",Россия,9
169,2026-09-29T21:52:19.738815,20260929_212821_59782779,19000233081,parfjumerija/nabory,Clive Christian,Original Collection,Дорожный набор мужских духов,32444.0,32444.0,0.0,1,4.6,https://goldapple.ru/19000233081-original-collection/,https://goldapple.ru/parfjumerija/nabory?p=9,"Никогда не расставайтесь с лучшими ароматами Clive Christian. Специальное издание ароматов №1 Masculine 10 мл, 1872 Masculine 10 мл и  X Masculine 10 мл  для путешествий.",Нанести на пульсирующие точки.,Великобритания,9
170,2026-09-29T21:52:28.027082,20260929_212821_59782779,19000329368,parfjumerija/nabory,Ormonde Jayne,Ambre Royal,Дорожный набор духов,18513.0,18513.0,0.0,1,5.0,https://goldapple.ru/19000329368-ambre-royal/,https://goldapple.ru/parfjumerija/nabory?p=9,"Испытанный временем аккорд из роз и жасминов, с энергичными нотами цветов апельсина и бергамота, приобретает нестандартное звучание благодаря пачули и кедру. Сердце аромата звучит насыщенной, теплой нотой амбры, которая столь органично сочетается со всей композицией. Так рождается гармоничный и роскошный аромат. Ambre Royal из тех, кому можно доверять – он мощный, теплый и чувственный. Набор: Духи Ambre Royal 10мл*4шт.",Нанести на пульсирующие точки.,Великобритания,9
171,2026-09-29T21:52:38.122775,20260929_212821_59782779,19000442220,parfjumerija/nabory,THE WOODS COLLECTION,PURE SHINE,Подарочный набор парфюмерной воды,8167.0,8167.0,0.0,1,4.2,https://goldapple.ru/19000442220-the-woods-collection-pure-shine/,https://goldapple.ru/parfjumerija/nabory?p=9,"состав набора — Парфюмерная вода The Woods Collection «Pure Shine», 100 мл — Парфюмерная вода The Woods Collection «Twilight», 2 мл (пробник) — Парфюмерная вода The Woods Collection «Dusk» (линия Natural by The Woods Collection), 2 мл (пробник) Яркий, воздушный и светлый аромат – словно объятие лета. Солнце проникает в лес сквозь завесу листьев, но даже в жаркий полдень можно найти прохладу в тени деревьев. Ассоциацию с летним теплом и светом создают бодрящие и звонкие цитрусовые ноты, апельсин и сочный мандарин, а ощущение свежести дарят искрящиеся зелёные ноты нероли с тонкой сладостью.",Не указано,Франция,9
172,2026-09-29T21:52:46.664870,20260929_212821_59782779,19000252179,parfjumerija/nabory,Korloff Paris,KORLOVE,Набор парфюмерный,8991.0,8991.0,0.0,1,4.7,https://goldapple.ru/19000252179-korlove/,https://goldapple.ru/parfjumerija/nabory?p=9,"Ко Дню святого Валентина французский ювелирный дом Korloff представляет парфюмерную оду любви в красном флаконе - аромат, названный в честь их коллекции украшений. Парфюм, имя которого составлено из названия бренда и слова 'любовь', вдохновлён яркими эмоциями и ""приправлен рок-мантичными нотками"". Korlove открывается комбинацией гелиотропа и солнечных цветов. В сердце аромата доминируют лимонные и зеленоватые ландыши, подслащенные сочным апельсином и акцентированные сливочной нотой белого дерева. База придаёт композиции гурманский оттенок благодаря аккорду мусса, смешанному с мускусом и ванилью.","Наносить на неповрежденные участки кожи, волос и одежду.",Франция,9
173,2026-09-29T21:52:54.198078,20260929_212821_59782779,19000171506,parfjumerija/nabory,USO PARIS,Orange rose,Нет категории,4400.0,4400.0,0.0,1,4.2,https://goldapple.ru/19000171506-orange-rose/,https://goldapple.ru/parfjumerija/nabory?p=9,"Даже если всегда была уверенность, что цветочная группа ароматов – не ваше любимое направление, пришло время изменить мнение. Парфюмерная вода Orange Rose (Оранжевая роза) премиальной линейки USO PARIS перевернет ваше представление о селективных ароматах. Потому что каждый найдет в утонченном шлейфе и многогранном раскрытии свое неповторимое волшебство. Это мелодия счастья, составленная из драгоценных компонентов и гения парфюмеров. Это сон, который наяву перенесет вас в изысканный сад, наполненный цветами, фруктами и свежим ветром. Это удивление с первого знакомства, перерастающее в вечную любовь. Здесь нет яркого цветочного старта. Он сверкающий, мягкий, вкрадчивый. Цитрусовые ноты апельсина и грейпфрута закружат легкой терпкостью, солнечной негой. И почти сразу заиграет переливами выразительный бергамот. Удивительно, но его привычное чайное звучание растворится в лавандовом намеке. И словно из солнечного блика вдруг начнет проявляться роза. Но не громко и доминирующе, а нежным бутоном, который раскрывается навстречу расцвету. Тут же магию цветочного танца подхватит жасмин, припудренный мягкой ванилью и нереально красивым мускусом. Когда кажется, что удивить уже ничего не сможет, в аромате вдруг появляются сверкающие на солнце льдинки. И не важно, что дает такой эффект восприятия, пачули или свежий ветивер, главное, что он ощутим и осязаем. Примеряя этот аромат, вы словно кружитесь в вихре цветочного бала. Удивляете, восхищаете и изумляете окружающих. Красивый, обольстительный и комплиментарный аромат станет жемчужиной вашей коллекции и подарит чудные мгновения счастья. Набор парфюмерной воды Orange rose 15мл*3шт.",Не указано,Турция,9
174,2026-09-29T21:53:01.720975,20260929_212821_59782779,19000344542,parfjumerija/nabory,Tiziana Terenzi,Kirke,Нет категории,13940.0,13940.0,0.0,1,4.4,https://goldapple.ru/19000344542-kirke/,https://goldapple.ru/parfjumerija/nabory?p=9,"Состав набора: Духи Kirke Extrait 2х10 мл. Золотой металлический футляр. Kirke - чувственный и теплый аромат, посвященный богине Цирцее, очаровавшей великого героя Одиссея. Он открывается фруктовыми сладостными и сочными нотами маракуйи, персиков, малины, черной смородины и груши, настоящий золотой алхимический эликсир. В сердце ноты очаровательного ландыша, а шлейф похож на прогулку по песку босыми ногами: нежный гелиотропин, сандал, ваниль, мускус и пачули. Этот аромат восхищает своего владельца, как знаменитый очаровывающий эликсир богини Цирцеи, направляя по таинственным путям, в поисках удивительных чудес этот аромат вдохновляет, создавая изысканную ауру утонченной чувственности. Этот набор является идеальным подарком или удобным вариантом для путешествий. В состав набора входят 2 виалы с духами Kirke с откручивающейся помпой для перезаполнения. Также в наборе находится золотой металлический футляр для виал с вставками из экокожи, чтобы ваш любимый аромат всегда был под рукой!",Средство предназначено для наружного применения с целью придания приятного аромата. Нанести аромат на кожу.,Италия,9
175,2026-09-29T21:53:07.824711,20260929_212821_59782779,19000233080,parfjumerija/nabory,Clive Christian,Original Collection,Набор парфюмерный,32444.0,32444.0,0.0,1,4.7,https://goldapple.ru/19000233080-original-collection/,https://goldapple.ru/parfjumerija/nabory?p=9,"Никогда не расставайтесь с лучшими ароматами Clive Christian. Специальное издание ароматов №1 Feminine 10 мл., 1872 Feminine 10 мл. и X Feminine 10 мл. для путешествий.",Нанести на пульсирующие точки.,Великобритания,9
176,2026-09-29T21:53:15.729279,20260929_212821_59782779,99000138754,parfjumerija/nabory,La Lettre,DISCOVERY SET 4,Набор миниатюр,1900.0,1900.0,0.0,1,4.2,https://goldapple.ru/99000138754-la-lettre-discovery-set-4/,https://goldapple.ru/parfjumerija/nabory?p=9,"Набор миниатюр духов с длинным шлейфом. 4 аромата по 2 мл в очаровательном футляре. Для знакомства с коллекцией, для путешествий, для подарка. состав набора — Духи Kas, 2 мл — Духи Aspen, 2 мл — Духи Salalah, 2 мл — Духи Oia, 2 мл Пирамида ароматов: Kas. Верхние ноты: бергамот, персик, аккорд тропических фруктов. Средние ноты: роза, магнолия, жасмин, пряные ноты, гурманский аккорд. Базовые ноты: пачули, ваниль, ветивер, мускус, амбра. Aspen. Верхние ноты: розовый перец, грейпфрут, минеральные ноты. Средние ноты: шалфей, чай. Базовые ноты: кедр, ветивер. Salalah. Верхние ноты: черный перец, зефир. Средние ноты: тубероза, ваниль, сахарная вата, маршмеллоу, пудровые ноты. Базовые ноты: лабданум, пачули, дубовый мох, карамель. Oia. Верхние ноты: горький апельсин, сладкий апельсин, танжерин. Средние ноты: пудровые ноты, ваниль, сандал. Базовые ноты: кедр, сливочные ноты, пудровые ноты.","Наносите духи на пульсирующие точки: запястья, шею и область за ушами.",Россия,9
177,2026-09-29T21:53:22.391730,20260929_212821_59782779,19000502842,parfjumerija/nabory,Kilian Paris,ANGELS' SHARE TRAVEL SET,Парфюмерный набор,24480.0,24480.0,0.0,1,5.0,https://goldapple.ru/19000502842-kilian-paris-angels-share-travel-set/,https://goldapple.ru/parfjumerija/nabory?p=9,"Арсенал ароматов — чтобы принести небеса на землю. Один сет — три способа наслаждаться легендарной коллекцией Angels’ Share: чистым, со льдом или в максимально гурманской интерпретации. В наборе три пополняемых спрея по 7,5 мл и черный парфюмерный кейс Talisman — созданный для смены настроений, соблазна и коллекционирования. Ароматы: • Angels’ Share — коньяк, бобы тонка, дуб. • Angels’ Share on the Rocks — ледяной аккорд, коньяк, бобы тонка. • Angels’ Share Paradis — малина, коньяк, роза.",Нанесите на кожу на любое место по желанию.,Франция,9
178,2026-09-29T21:53:30.932658,20260929_212821_59782779,19000458009,parfjumerija/nabory,Versace,EAU FRAICHE,подарочный парфюмерный набор,7740.0,7740.0,0.0,1,5.0,https://goldapple.ru/19000458009-eau-fraiche/,https://goldapple.ru/parfjumerija/nabory?p=9,"В состав набора входят: Туалетная вода Versace Eau Fraiche для мужчин — 50 мл Парфюмированный бальзам после бритья — 50 мл Парфюмированный гель для душа и ванны — 50 мл Композиция Eau Fraiche — это новое измерение свежести. Бодрящие цитрусовые ноты и эстрагон в сочетании с шалфеем, розовым деревом, экзотической карамболой и кедром формируют чувственный и манящий аромат свободы. Древесный аккорд, амбра и мускус делают свежую композицию многогранной и притягательной.","1. Гель для душа и ванны: Только для наружного применения. Нанесите на влажную кожу тела, распределите массирующими движениями, затем смойте водой. 2. Бальзам после бритья: Только для наружного применения. Аккуратно нанесите на кожу лица после бритья. 3. Туалетная вода: Только для наружного применения. Распылите на кожу или одежду с небольшого расстояния. Избегайте попадания в глаза.",Италия,9
179,2026-09-29T21:53:38.708818,20260929_212821_59782779,19000444978,parfjumerija/nabory,Moschino,CHEAP & CHIC,Подарочный парфюмерный набор,10890.0,10890.0,0.0,1,5.0,https://goldapple.ru/19000444978-cheap-chic/,https://goldapple.ru/parfjumerija/nabory?p=9,"Туалетная вода MOSCHINO CHEAP AND CHIC женская. Объем: 50 мл. Парфюмированный лосьон для тела MOSCHINO CHEAP&CHIC. Лосьон для тела питает и смягчает кожу, придавая ей мягкость и тонкий аромат. Объем: 100 мл.","Парфюмированный лосьон для тела MOSCHINO ""CHEAP&CHIC"": Наносить утром и/или вечером круговыми движениями на очищенную кожу всего тела.",Италия,9
180,2026-09-29T21:53:45.779209,20260929_212821_59782779,19000445877,parfjumerija/nabory,Versace,EROS,подарочный парфюмерный набор,6150.0,6150.0,0.0,1,5.0,https://goldapple.ru/19000445877-eros/,https://goldapple.ru/parfjumerija/nabory?p=9,"В состав набора входят: Туалетная вода Versace Eros для мужчин — 30 мл Парфюмированный гель для душа и ванны Versace Eros — 50 мл В элегантный набор VERSACE, посвященный древнегреческому богу любви, входят туалетная вода для мужчин EROS и парфюмированный гель для душа и ванны EROS. Интригующая композиция, олицетворяющая абсолютную мужественность, объединяет свежесть мяты, цедры лимона и зелёного яблока, чувственность нот бобов тонка, амброксана, герани и ванили, а также притягательность кедра, ветивера и дубового мха. Этот аромат — ода мужской силе духа, смелости и страсти.","1. Гель для душа и ванны: Только для наружного применения. Нанесите на влажную кожу тела, равномерно распределите, затем смойте водой. 2. Туалетная вода: Только для наружного применения. Распылите с небольшого расстояния. Избегайте попадания в глаза.",Италия,9
181,2026-09-29T21:54:03.031175,20260929_212821_59782779,19000445878,parfjumerija/nabory,Versace,eros,подарочный парфюмерный набор,11610.0,11610.0,0.0,1,5.0,https://goldapple.ru/19000445878-eros/,https://goldapple.ru/parfjumerija/nabory?p=10,"В элегантный набор Versace, посвящённый древнегреческому богу любви, входят туалетная вода для мужчин Eros (50 мл), парфюмированный гель для душа и ванны Eros (50 мл), мягко очищающий кожу тела, и парфюмированный бальзам после бритья (50 мл), который успокаивает и увлажняет кожу. Интригующая композиция, олицетворяющая абсолютную мужественность, объединяет свежесть мяты, цедры лимона и зелёного яблока, чувственность нот бобов тонка, амброксана, герани и ванили, а также притягательность кедра, ветивера и дубового мха. Этот аромат – ода мужской силе духа, смелости и страсти.","1. Гель для душа и ванны: нанесите на влажную кожу тела, равномерно распределите, затем смойте водой. 2. Бальзам: нанесите на кожу после бритья и равномерно распределите. 3. Туалетная вода: распылите с небольшого расстояния. Избегайте попадания средств в глаза.",Италия,10
182,2026-09-29T21:54:11.288251,20260929_212821_59782779,19000285715,parfjumerija/nabory,Ormonde Jayne,Osmanthus,Дорожный набор духов,18513.0,18513.0,0.0,1,4.2,https://goldapple.ru/19000285715-osmanthus/,https://goldapple.ru/parfjumerija/nabory?p=10,"Фруктово-цветочный букет из Японии и Китая. Шедевр, поднимающий настроение, как свежий весенний день. Прекрасно составленный цветочный букет  с абсолю японского османтуса в центре  украшен золотистыми цитрусовыми нотами. Ароматическая композиция базируется на египетских и индийских душистых травах, при этом она интенсивная и лаконичная.","Духи следует наносить в небольшом количестве, близко к коже (1-2 см), на тепловые точки: под коленями, область живота, запястья, сгибы локтей, район солнечного сплетения, точки за ушами, основание шеи со стороны спины, затылок. Как правило на одну точку достаточно несколько капель. Растирать духи не рекомендуется, так как это может нарушить правильный процесс раскрытия композиции. Для повышения стойкости рекомендуем наносить на хорошо увлажненную кожу, комбинируя с кремом, молочком или маслом для тела.",Великобритания,10
183,2026-09-29T21:54:18.563653,20260929_212821_59782779,19000120654,parfjumerija/nabory,Ormonde Jayne,Evernia,Нет категории,12903.0,12903.0,0.0,1,4.5,https://goldapple.ru/19000120654-evernia/,https://goldapple.ru/parfjumerija/nabory?p=10,"Evernia от Ormonde Jayne - это современный взгляд на классику, соответствующий нашей философии, свободной от пола. Общее впечатление - мягкое переплетение цветов: лилия, фрезия, ирис и фиалка, окутанные безошибочным ароматом и стойкостью дубового мха. Марокканская роза добавляет сладости, а кардамон - интенсивной волной пряностей. Кашмеран, сандал и мускус придают аромату Evernia мягкость и чувственность.",Нанести на пульсирующие точки,Великобритания,10
184,2026-09-29T21:54:25.529376,20260929_212821_59782779,19000333007,parfjumerija/nabory,Vilhelm Parfumerie,London Funk,Нет категории,12622.0,12622.0,0.0,1,4.7,https://goldapple.ru/19000333007-london-funk/,https://goldapple.ru/parfjumerija/nabory?p=10,"Рок-н-рольное чаепитие в Лондоне, где вместо классического чая – коктейль лонг-айленд айс ти с джином, текилой и ромом. Звонкий удар деревянной ракеткой по кожаному мячу, после чего раздается веселый смех и легкое шуршание ткани. Пять часов пополудни, культовый и богемный магазин Biba в Лондоне, во внутреннем дворе которого Джим Моррисон и юная Дебби Харри играют в крикет и пьют коктейли Long Island Iced Tea. Было бы здорово составить им компанию в этот психоделический лондонский день 70-х годов! Богемный файф-о-клок, альтернативное, контркультурное, рок-н-рольное чаепитие в Лондоне! Набор парфюмерной воды London Funk - 10мл*3шт.","Парфюмерную воду следует наносить с расстояния 10-15 см. на тепловые точки: под коленями, область живота, запястья, сгибы локтей, район солнечного сплетения, точки за ушами, основание шеи со стороны спины, затылок. Как правило на одну точку достаточно один раз нажать на спрей. Растирать парфюмерную воду не рекомендуется, так как это может нарушить правильный процесс раскрытия композиции. Для повышения стойкости рекомендуем наносить на хорошо увлажненную кожу, комбинируя с кремом, молочком или маслом для тела.",Франция,10
185,2026-09-29T21:54:32.250857,20260929_212821_59782779,19000485599,parfjumerija/nabory,Versace,EROS NAJIM,подарочный парфюмерный набор,13950.0,13950.0,0.0,1,5.0,https://goldapple.ru/19000485599-versace-eros-najim/,https://goldapple.ru/parfjumerija/nabory?p=10,"Изысканный подарочный набор для мужчин Versace включает духи Eros Najim (100 мл) и миниатюру этого аромата (10 мл), идеально подходящую для путешествий. Парфюмерная композиция Eros Najim открывается ярким взрывом нот желтого мандарина, шафрана и кардамона, сочетание которых напоминает о тепле дюны и сияющих красках неба в пустыне. Свежесть мускатного шалфея уравновешивает верхние ноты, добавляя прохладный оттенок аромату. В сердце аромата раскрывается гармония древесных нот: уд и кедр придают композиции благородную мощь и выразительность. Карамель смягчает их интенсивность и создает притягательный баланс между изысканностью и силой. В базе пачули и ветивер с их глубоким, насыщенным звучанием усиливают роскошную элегантность композиции. Ладан добавляет интригующий, мистический штрих, а бобы тонка делают аромат еще более притягательным. состав набора — Духи Eros Najim, 100 мл — Миниатюра Eros Najim, 10 мл",Распылите с небольшого расстояния. Избегайте попадания в глаза.,Италия,10
186,2026-09-29T21:54:40.048874,20260929_212821_59782779,19000459948,parfjumerija/nabory,Adidas,Full Recharge,Подарочный набор,829.0,829.0,0.0,1,4.5,https://goldapple.ru/19000459948-vibes-full-recharge/,https://goldapple.ru/parfjumerija/nabory?p=10,"Набор парфюмерная вода для женщин и мужчин ADIDAS VIBES WONDER FORCE включает в себя туалетную воду и гель для душа. Парфюмерная вода ADIDAS VIBES WONDER FORCE EAU DE PARFUM — это универсальный аромат, созданный для тех, кто ценит динамику и энергию. Флакон выполнен в современном стиле, отражая спортивный дух и стремление к новым достижениям. Композиция аромата сочетает в себе свежие и древесные ноты, создавая ощущение бодрости и уверенности. Гель для душа ADIDAS VIBES WONDER FORCE SHOWER GEL идеально дополняет парфюмерную воду, обеспечивая свежесть и комфорт на весь день. Его формула мягко очищает кожу, оставляя легкий аромат, который подчеркивает вашу индивидуальность. Подходит для ежедневного использования, даря ощущение чистоты и энергии. в наборе: — Adidas Vibes Full Recharge Eau De Parfum, 30 мл — ADIDAS VIBES FULL RECHARGE SHOWER GEL, 100 мл","Парфюмерная вода: Распылите с расстояния 20-30 см на точки пульса, такие как запястья и шея, или создайте ароматное облако и войдите в него для более легкого и равномерного нанесения. Гель для душа: Нанесите небольшое количество на влажную кожу, вспеньте и тщательно смойте водой.",Испания,10
187,2026-09-29T21:54:49.330539,20260929_212821_59782779,19000345441,parfjumerija/nabory,ORENS PARFUMS,Yama Rouge,Набор парфюмерной воды,12903.0,12903.0,0.0,1,5.0,https://goldapple.ru/19000345441-yama-rouge/,https://goldapple.ru/parfjumerija/nabory?p=10,"Yama Rouge - Красная Гора. Ароматное путешествие к сакральной горе Фудзи в Японии, считающейся местом силы. Воплощение Фудзи в лучах заката, когда снежная вершина горы окрашивается в красный цвет лучами заходящего солнца. Yama Rouge – современный, гурманский и притягательный аромат, в котором оттенки роз и жасмина соединяются с древесными нотами. В сердце аромата раскрывается красота королевы цветов – розы, в то время как жасмин придаёт ей таинственное очарование. В ароматном шлейфе мускус и амбра сплетаются с сандалом, создавая чувственный и особенно соблазнительный эффект. Набор Yama Rouge 10мл*3шт.","Парфюмерную воду следует наносить с расстояния 10-15 см. на тепловые точки: под коленями, область живота, запястья, сгибы локтей, район солнечного сплетения, точки за ушами, основание шеи со стороны спины, затылок. Как правило на одну точку достаточно один раз нажать на спрей. Растирать парфюмерную воду не рекомендуется, так как это может нарушить правильный процесс раскрытия композиции. Для повышения стойкости рекомендуем наносить на хорошо увлажненную кожу, комбинируя с кремом, молочком или маслом для тела.",Франция,10
188,2026-09-29T21:54:56.235021,20260929_212821_59782779,19000402020,parfjumerija/nabory,RicHarD maison de parfum,Black,Набор миниатюр,7990.0,7990.0,0.0,1,5.0,https://goldapple.ru/19000402020-black/,https://goldapple.ru/parfjumerija/nabory?p=10,"Набор Richard Black Travel Collection включает в себя: миниатюры парфюмерной воды по 10 мл. Dark Side — Темная сторона есть в каждом из нас. Мы боремся с ней, скрываем, прячем в самый дальний угол. Со временем всё больше пытаемся понять жизнь. А для этого необходимо постичь свой внутренний мир, выпустить и пропустить всё самое сокровенное через себя, вплоть до самых темных сторон. Venom — То чувство, когда аромат тебя не отпускает, когда каждую секунду его хочется вдыхать и вдыхать, когда ты настолько погружаешься в него, что уже чувствуешь себя зависимым. Ты уже не можешь без него. Аромат — любовь, аромат — яд. Vip Person — это ностальгия, запечатленная в флаконе, которая помогает воскресить в памяти теплые моменты. состав набора — Парфюмерная вода Dark Side, 10 мл — Парфюмерная вода Venom, 10 мл — Парфюмерная вода Vip Person, 10 мл","Распылите на пульсирующие зоны: запястья, шею, за ушами и внутреннюю сторону локтя. Избегайте контакта с одеждой. Для повышения стойкости рекомендуем наносить на хорошо увлажненную кожу.",Оаэ,10
189,2026-09-29T21:55:03.774503,20260929_212821_59782779,19000445866,parfjumerija/nabory,Versace,BRIGHT CRYSTAL,подарочный парфюмерный набор,6360.0,6360.0,0.0,1,4.6,https://goldapple.ru/19000445866-bright-crystal/,https://goldapple.ru/parfjumerija/nabory?p=10,"В состав набора входят: Туалетная вода Versace Bright Crystal — 30 мл Лосьон для тела с эффектом сияния Bright Crystal Luminous Body Lotion — 50 мл Набор Versace станет отличным подарком для ценительниц нежных и чувственных ароматов. В набор входит один из бестселлеров бренда — туалетная вода Bright Crystal. Лосьон для тела увлажняет и смягчает кожу, придавая ей нежное сияние и тонкий чарующий аромат. Парфюмерная композиция Bright Crystal стартует с нот юзу и терпкого граната и плавно переходит к пышному цветочному букету, в котором раскрываются нежный пион, магнолия и изысканный лотос. В шлейфе ощущаются чувственные мускус и амбра, смешанные с древесными нотами.","1. Лосьон для тела: Только для наружного применения. Нанесите на кожу тела, равномерно распределите массирующими движениями. 2. Туалетная вода: Только для наружного применения. Распылите на кожу или одежду с небольшого расстояния.",Италия,10
190,2026-09-29T21:55:11.038549,20260929_212821_59782779,19000059314,parfjumerija/nabory,ORENS PARFUMS,Sabil Nocturne,Парфюмерный набор,23562.0,23562.0,0.0,1,5.0,https://goldapple.ru/19000059314-sabil-nocturne/,https://goldapple.ru/parfjumerija/nabory?p=10,"Ароматное воплощение тайны и чувственности. Плотские кожаные оттенки играют самыми разными гранями на вашей коже, раскрывая все свои чувственные стороны. Многогранный ориентально-древесный аккорд обладает незабываемым звучанием – в этом аромате вы точно не останетесь незамеченными. Объем: 2*50 мл.",Нанести на пульсирующие точки.,Франция,10
191,2026-09-29T21:55:17.749768,20260929_212821_59782779,19000004521,parfjumerija/nabory,Vilhelm Parfumerie,125TH & BLOOM,Набор миниатюр 3*10 мл,12622.0,12622.0,0.0,1,4.7,https://goldapple.ru/19000004521-125th-bloom/,https://goldapple.ru/parfjumerija/nabory?p=10,"Источники вдохновения Яна Альгрена всегда рядом. На этот раз он посвятил аромат динамичному и очаровательному району Нью Йорка – Гарлему, который для Яна и его жены является домом. Украшая фасады домов или расположившись в тайных оазисах задних дворов, цветы  находятся под пристальным вниманием городских садовников. За кажущейся хрупкостью этих цветов скрывается необузданная жажда жизни и невероятная энергия","Наносите аромат на заднюю часть шеи, в зону декольте и на запястья с расстояния 10-15 см. Не рекомендуется растирать парфюмерную воду , так как это может нарушить правильный процесс раскрытия композиции.",Франция,10
192,2026-09-29T21:55:25.607137,20260929_212821_59782779,19000413517,parfjumerija/nabory,M.INT,MEEK PASSION,Парфюмерная вода,12400.0,12400.0,0.0,1,5.0,https://goldapple.ru/19000413517-meek-passion/,https://goldapple.ru/parfjumerija/nabory?p=10,"Страсть - неуловимая материя: тот, кто испытывал ее в полной мере, не может описать ее словами, а тот, кому быть внутри настоящей страсти не довелось, способен только гадать, каково это. Парфюмер: Serge de Oliveira.","Нанести на тело, избегая попадания в глаза.",Франция,10
193,2026-09-29T21:55:33.737149,20260929_212821_59782779,19000511210,parfjumerija/nabory,ONCE PERFUME,Etheria,Нет категории,4498.0,4498.0,0.0,1,5.0,https://goldapple.ru/19000511210-once-perfume-etheria/,https://goldapple.ru/parfjumerija/nabory?p=10,"Etheria символизирует исключительную, безупречную и светлую чистоту, победу над добром и злом. состав набора — Парфюмерная вода Etheria, 100 мл — Парфюмерная вода Etheria, 10 мл — Косметичка, 12 x 16 x 8 см","Распылите на пульсирующие зоны: запястья, шею, за ушами и внутреннюю сторону локтя. Избегайте контакта с одеждой. Для повышения стойкости рекомендуем наносить на хорошо увлажненную кожу.",Италия,10
194,2026-09-29T21:55:41.639291,20260929_212821_59782779,19000171507,parfjumerija/nabory,USO PARIS,Rose and Musk,Нет категории,4400.0,4400.0,0.0,1,3.5,https://goldapple.ru/19000171507-rose-and-musk/,https://goldapple.ru/parfjumerija/nabory?p=10,"Одним из самых элегантных ароматов премиальной линейки USO PARIS стала парфюмерная вода Rose Musk (Роза и Мускус). Это тот самый случай, когда шарм и изысканность не требуют многогранности, но становятся самодостаточными в своей лаконичности. Он может стать идеальным подарком, если будет предназначен для женщины, привыкшей к аристократической роскоши. Удивительным образом аромат начинает звучать сразу нотами сердца, без прелюдии. Роза, нежная и утонченная, окутывает мягким туманом и начинает рассказывать свою историю. В ней уловимы и хрустальные капли росы, и свежесть предрассветного воздуха, и дуновение летнего ветра. Она чарует и манит, раскрывается переливами цвета, слегка заигрывает с эмоциями. Иногда, она разрешает мелькнуть сладковатому жасмину, но тут же оттеняет его сливочно – пряным мускусом. А потом вновь и вновь дает понять, что в жизни бывают моменты, когда хочется отбросить суету повседневности и посвятить время удовольствию. Чистая алхимия розы и амбры гармонично финиширует в шлейфе. Но шлейф настолько деликатен, что сидит очень близко к коже, как и принято в высшем обществе. Позволив себе роскошь общения с этим ароматом, можно быть уверенной, что загадочная роза раскроет свою тайну и поделится изысканным обаянием. Набор парфюмерной воды Rose and Musk 15мл*3шт.",Не указано,Турция,10
195,2026-09-29T21:55:49.747610,20260929_212821_59782779,19000192466,parfjumerija/nabory,State Of Mind,Fanfarone italiano,Набор для путешествий,15127.0,15127.0,0.0,1,4.0,https://goldapple.ru/19000192466-fanfarone-italiano/,https://goldapple.ru/parfjumerija/nabory?p=10,"В набор для путешествий входит парфюмерная вода в удобном и компактном флаконе 20 мл и рефилл с тем же объёмом. Смелый и яркий аромат STATE OF MIND обладает игривым характером, который вызывает ассоциации с самыми авантюрными, веселыми и умеющими жить в удовольствие персонажами литературы и кино, такими как острослов Сирано де Бержерак, ловкий и жизнерадостный Фигаро, находчивый Фанфан-Тюльпан или веселый плут Фальстаф. В этой тёплой и насыщенной композиции вместо традиционной для ароматов STATE OF MIND ноты чая раскрывается богатый аккорд кофе, способный подарить истинное наслаждение гурманам. Атмосферу щегольства, куража и удовольствий усиливают соблазнительная гармония смородины и нероли, сладость шоколада и бобов тонка, а также ноты коньяка, какао и ванили.",Только для наружного применения.,Франция,10
196,2026-09-29T21:55:58.012791,20260929_212821_59782779,19000445876,parfjumerija/nabory,Versace,EAU FRAICHE,подарочный парфюмерный набор,10140.0,10140.0,0.0,1,5.0,https://goldapple.ru/19000445876-eau-fraiche/,https://goldapple.ru/parfjumerija/nabory?p=10,"В подарочный набор от Versace входят туалетная вода Eau Fraiche для мужчин (100 мл), миниатюра этого аромата (10 мл), которую удобно носить с собой и брать в путешествия, а также удобная и стильная косметичка. Композиция Eau Fraiche – это новое измерение свежести. Бодрящие цитрусовые ноты и эстрагон в сочетании с шалфеем, розовым деревом, экзотической карамболой и кедром формируют чувственный и манящий аромат свободы. Древесный аккорд, амбра и мускус делают свежую композицию многогранной и притягательной.",Не указано,Италия,10
197,2026-09-29T21:56:04.048495,20260929_212821_59782779,19000529869,parfjumerija/nabory,Parfums de Marly,Discovery collection,Набор парфюмерной воды,24658.0,24658.0,0.0,1,5.0,https://goldapple.ru/19000529869-parfums-de-marly-discovery-collection/,https://goldapple.ru/parfjumerija/nabory?p=10,"Драгоценная мужская коллекция передаёт всю магию и очарование изысканных ароматов Parfums de Marly. От тепла до свежести, от цветочных нот до пряных аккордов. состав набора — Парфюмерная вода ""Layton"", 10 мл — Парфюмерная вода ""Haltane"", 10 мл — Парфюмерная вода ""Althaïr"", 10 мл — Парфюмерная вода ""Perseus"", 10 мл — Парфюмерная вода ""Castley"", 10 мл","Распылите на пульсирующие зоны: запястья, шею, за ушами и внутреннюю сторону локтя. Избегайте контакта с одеждой. Для повышения стойкости рекомендуем наносить на хорошо увлажненную кожу.",Франция,10
198,2026-09-29T21:56:12.630417,20260929_212821_59782779,19000428555,parfjumerija/nabory,THE WOODS COLLECTION,Natural By The Woods Earth,парфюмерный набор,10782.0,10782.0,0.0,1,5.0,https://goldapple.ru/19000428555-earth/,https://goldapple.ru/parfjumerija/nabory?p=10,"В набор входят парфюмерная вода Earth (100 мл) и пустой атомайзер (5 мл). Парфюмерная вода The Woods Collection — воплощение взаимоотношений человечества с планетой Земля, вдохновлённое элементами природы и дарящее умиротворение. Композиция раскрывается нотой освежающего лимона для яркого старта, который напоминает сияние утренней росы на лоне природы. Баланс травяных нот шалфея, розмарина и листа лавра усиливает землистую грань аромата, воплощая сердце леса. Финальная тёплая нота ванили придаёт композиции сладкий и мягкий оттенок, который долго остаётся на коже. состав набора — Парфюмерная вода The Woods Collection Earth, 100 мл — Пустой атомайзер, 5 мл","Распылите на пульсирующие зоны: запястья, шею, за ушами и внутреннюю сторону локтя. Избегайте контакта с одеждой. Для повышения стойкости рекомендуем наносить на хорошо увлажненную кожу.",Франция,10
199,2026-09-29T21:56:20.143004,20260929_212821_59782779,19000445885,parfjumerija/nabory,Versace,YELLOW DIAMOND,подарочный парфюмерный набор,13050.0,13050.0,0.0,1,5.0,https://goldapple.ru/19000445885-yellow-diamond/,https://goldapple.ru/parfjumerija/nabory?p=10,"Аромат Yellow Diamond – подлинный бриллиант коллекции Versace. Он подобен солнечному свету – яркий, сияющий и лучистый. Насладиться многогранной композицией позволит изысканный набор, в который входят туалетная вода для женщин Yellow Diamond (50 мл), парфюмированный гель для душа (50 мл) и парфюмированный лосьон для тела (50 мл). Вдохновляющий аромат стартует с завораживающих нот лимона, бергамота, нероли и грушевого сорбета. В сердце композиции раскрываются белая водяная лилия, фрезия, цветы апельсина и мимоза. Базовые древесные ноты и мускус подчёркивают чувственный, яркий и женственный характер композиции.","1. Гель для душа: нанесите на влажную кожу тела, равномерно распределите, затем смойте водой. 2. Лосьон для тела: нанесите на кожу и распределите массирующими движениями. 3. Туалетная вода: распылите с небольшого расстояния. Избегайте попадания средств в глаза.",Италия,10
200,2026-09-29T21:56:28.211291,20260929_212821_59782779,19000526662,parfjumerija/nabory,HFC,SUNMUSK,Набор парфюмерной воды,18750.0,18750.0,0.0,1,4.7,https://goldapple.ru/19000526662-hfc-sunmusk/,https://goldapple.ru/parfjumerija/nabory?p=10,"Откройте для себя мир солнечного мускуса, который создан под лучами солнца и лёгкого бриза, на берегу сияющего Средиземного моря. Почувствуйте лёгкость летнего ветра, играющего в волосах и тепло лучей солнца, ласкающих вашу кожу. Место, где каждый день дарит атмосферу праздника, где бокалы всегда наполнены шампанским, а в воздухе витает аромат Sunmusk. Он станет вашим идеальным спутником в путешествии по миру ярких эмоций. Только попробуйте нанести его на себя, и вы уже в окружении лазурных волн и беззаботной роскоши, вспоминаете о весёлых вечерах под открытым небом. Сверкающий аромат, как солнечный луч, наполняет вас светом и любовью. Яркий аромат раскрывается аккордами зелёных листьев и искрящимся оттенком розового перца. Нежное цветочное сердце воплощает женственность аромата и переходит в чувственный, мягкий шлейф из амбры и белого мускуса. Современный и воздушный аромат. состав набора: — Парфюмерная вода Sunmusk, 15 мл х 4 шт",Не указано,Франция,10
201,2026-09-29T21:56:47.615290,20260929_212821_59782779,19000413519,parfjumerija/nabory,M.INT,MYSTIC TREASURE,Парфюмерная вода,12400.0,12400.0,0.0,1,5.0,https://goldapple.ru/19000413519-mystic-treasure/,https://goldapple.ru/parfjumerija/nabory?p=11,"Сексуальный и яркий унисекс-запах, способный пробудить спящую энергию в человеке любого пола и темперамента. Он уютен, прян, в меру горяч и вызывает мысли о прогулке по старому восточному базару, словно пропитанному ароматами сотен видов специй. Парфюмер: Hamid Merati-Kashani.","Нанести на тело, избегая попадания в глаза.",Франция,11
202,2026-09-29T21:56:55.508366,20260929_212821_59782779,19000444983,parfjumerija/nabory,Moschino,TOY 2 Pearl,подарочный парфюмерный набор,15210.0,15210.0,0.0,1,5.0,https://goldapple.ru/19000444983-toy-2/,https://goldapple.ru/parfjumerija/nabory?p=11,"В состав набора входят: Парфюмерная вода Moschino «Toy 2 Pearl» — 100 мл Парфюмерная вода Moschino «Toy 2 Pearl» миниатюра — 10 мл Парфюмированный гель для душа и ванны Moschino «Toy 2 Pearl» — 100 мл Парфюмированный лосьон для тела Moschino «Toy 2 Pearl» — 100 мл Парфюмированный гель для душа и ванны мягко и эффективно очищает кожу тела, оставляя на ней чарующий аромат. Парфюмированный лосьон для тела увлажняет и смягчает кожу, оставляя на ней тонкий аромат. Игривая и переливающаяся композиция с нотами лимонного сорбета, жасмина, орегано, фрезии и песка переносит на залитый солнцем и омываемый свежими морскими волнами райский остров.",Избегайте прямого контакта с глазами. При попадании в глаза промыть теплой водой. Не использовать на поврежденной или раздраженной коже. Только для наружного применения. Прекратите использование при появлении признаков раздражения или сыпи и проконсультируйтесь с врачом.,Италия,11
203,2026-09-29T21:57:03.115064,20260929_212821_59782779,19000329371,parfjumerija/nabory,Ormonde Jayne,Isfarkand,Нет категории,18513.0,18513.0,0.0,1,5.0,https://goldapple.ru/19000329371-isfarkand/,https://goldapple.ru/parfjumerija/nabory?p=11,"Раскройте новые грани удовольствия с более насыщенной версией аромата Isfarkand в концентрации эликсира. Эликсир обаятелен, и с невероятным упорством сохраняет это обаяние на вашей коже. В этой версии акцент приходится на насыщенную ноту кедра в яркой цитрусовой огранке. Достойный аргумент в пользу нового открытия. Набор: Духи Isfarkand 10мл*4шт.",Нанести на пульсирующие точки.,Великобритания,11
204,2026-09-29T21:57:11.329495,20260929_212821_59782779,19000125191,parfjumerija/nabory,ORENS PARFUMS,Utaki Sacre,Нет категории,23562.0,23562.0,0.0,1,5.0,https://goldapple.ru/19000125191-utaki-sacre/,https://goldapple.ru/parfjumerija/nabory?p=11,"Utaki Sacré - """"Священная роща"""" Древесная композиция, что приглашает нас в ольфактивное путешествие по священной роще Утаки, на японских островах Рюкю. Великолепное сочетание экзотических древесных и пряных нот: чарующего Гахару Буайа – редкого дерева из лесов Борнео, известного как «белый уд», и непальского перца Тимут, скорее напоминающего грейпфрут. Уд, шафран и кедр подчеркивают экзотическое очарование сердца композиции. Росистый ладан, белый сандал и амброксан придают всей композиции нежный и элегантный оттенок… Состав набора: парфюмерная вода 2*50мл","Парфюмерную воду следует наносить с расстояния 10-15 см. на тепловые точки: под коленями, область живота, запястья, сгибы локтей, район солнечного сплетения, точки за ушами, основание шеи со стороны спины, затылок. Как правило на одну точку достаточно один раз нажать на спрей. Растирать парфюмерную воду не рекомендуется, так как это может нарушить правильный процесс раскрытия композиции. Для повышения стойкости рекомендуем наносить на хорошо увлажненную кожу, комбинируя с кремом, молочком или маслом для тела.",Франция,11
205,2026-09-29T21:57:19.546539,20260929_212821_59782779,19000454154,parfjumerija/nabory,Marc Jacobs,Daisy eau so fresh,Парфюмерный набор,6100.0,6100.0,0.0,1,5.0,https://goldapple.ru/19000454154-daisy-eau-so-fresh/,https://goldapple.ru/parfjumerija/nabory?p=11,"В состав набора входят: — Туалетная вода для женщин Marc Jacobs Daisy Eau So Fresh eau de toilette, 75 мл — Лосьон для тела Marc Jacobs Daisy Eau So Fresh Body lotion, 75 мл Набор Marc Jacobs Daisy Eau So Fresh — это воплощение легкости и свежести в каждом прикосновении. Лосьон для тела нежно увлажняет кожу, оставляя на ней тонкий аромат, который гармонично сочетается с туалетной водой. Туалетная вода для женщин Marc Jacobs Daisy Eau So Fresh — это игривый и жизнерадостный аромат, который раскрывается нотами сочных фруктов и нежных цветов. Этот дуэт станет идеальным выбором для тех, кто ценит элегантность и свежесть в каждом дне.","Парфюмерная вода: Распылите на пульсирующие зоны: запястья, шею, за ушами и внутреннюю сторону локтя. Избегайте контакта с одеждой. Для повышения стойкости рекомендуем наносить на хорошо увлажненную кожу. Лосьон для тела: Нанесите лосьон на кожу тела массирующими движениями.",Франция,11
206,2026-09-29T21:57:29.000195,20260929_212821_59782779,19000514303,parfjumerija/nabory,EX NIHILO,Iconique 1,Набор миниатюр парфюмерной воды,34850.0,34850.0,0.0,1,5.0,https://goldapple.ru/19000514303-ex-nihilo-iconique-1/,https://goldapple.ru/parfjumerija/nabory?p=11,"Набор миниатюр, включающий пять уникальных ароматов, представляет собой идеальное решение для знакомства с разнообразными парфюмами. Каждый из них предлагает своё собственное уникальное впечатление и эмоциональное путешествие. состав набора — Парфюмерная вода ""Blue talisman"", 10 мл — Парфюмерная вода ""Fleur narcotique"", 10 мл — Парфюмерная вода ""The hedonist"", 10 мл — Парфюмерная вода ""Lust in paradise"", 10 мл — Парфюмерная вода ""Santal Calling"", 10 мл","Распылите на пульсирующие зоны: запястья, шею, за ушами и внутреннюю сторону локтя. Избегайте контакта с одеждой. Для повышения стойкости рекомендуем наносить на хорошо увлажненную кожу.",Франция,11
207,2026-09-29T21:57:36.725869,20260929_212821_59782779,19000456751,parfjumerija/nabory,Penhaligon's,Lord George & mr. Sam,Парфюмерный набор,9560.0,9560.0,0.0,1,5.0,https://goldapple.ru/19000456751-lord-george-mr-sam/,https://goldapple.ru/parfjumerija/nabory?p=11,"Парфюмерный дуэт ароматов Lord George и Mr. Sam в удобном travel формате 10 мл. Лорд Джордж на первый взгляд воплощает благородные ценности аристократии: добродетель, уважение, преданность и верность приличиям. Его аромат мужественный и элегантный, с оттенком рома. Яркий, богатый и чрезвычайно гостеприимный, словно говорит: «Прошу Вас, заходите, я уверен, мы уже где-то встречались». Для состоявшихся людей, крепко стоящих на ногах, с хорошим чувством юмора. Твердое плечо, на котором можно поплакать. Это аромат для мужчины, чья репутация жива вопреки всему. Не столь страстный, как «латиноамериканец», но все же полон любви. Мистер Сэм – американец за границей: в Лондоне, если точнее. Проводит время как ему вздумается, живет быстро, говорит громко. Его компания манит, а рассуждения вызывают благоговение. Его аромат бодрящий, теплый, сексуальный и глубокий. И это только верхние ноты! Аромат для современного мужчины — настолько современного, что как бы все не начали принимать его за американца. Аромат, который сразу выкладывает все карты на стол с вопросом: «Мы раньше не встречались?» Хотя некоторые британцы устойчивы к изменениям, никто не сможет противостоять новизне… Сэм здесь как раз для чего-то новенького! И никто не устоит перед Сэмом. Ноты аромата Mr. Sam включают кардамон, тмин, черный перец, кашемир, табак и пачули — насыщенные, чувственные древесные ноты, создающие образ импульсивного, нескромного человека с жаждой знаний и новых горизонтов. Аромат Lord George и Mr. Sam показывают контраст, но оба объединены утончённостью и характером.","Нанести на кожу, избегая попадания в глаза. Для более полного раскрытия аромата рекомендуется нанести его на точки пульса: шею, зону декольте и запястья.",Испания,11
208,2026-09-29T21:57:44.629602,20260929_212821_59782779,19000329372,parfjumerija/nabory,Ormonde Jayne,Muscat,Дорожный набор парфюмерной воды,14025.0,14025.0,0.0,1,5.0,https://goldapple.ru/19000329372-muscat/,https://goldapple.ru/parfjumerija/nabory?p=11,"Маскат - арабская Венеция, главный порт Аравийского моря. Город, где на протяжении двух тысяч лет встречались чудеса и люди со всего мира. Столица амбры и ладана, горького мёда и лучших в мире роз. Набор: Парфюмерная вода Muscat 10мл*4шт.","Парфюмерную воду следует наносить с расстояния 10-15 см. на тепловые точки: под коленями, область живота, запястья, сгибы локтей, район солнечного сплетения, точки за ушами, основание шеи со стороны спины, затылок. Как правило на одну точку достаточно один раз нажать на спрей. Растирать парфюмерную воду не рекомендуется, так как это может нарушить правильный процесс раскрытия композиции. Для повышения стойкости рекомендуем наносить на хорошо увлажненную кожу, комбинируя с кремом, молочком или маслом для тела.",Великобритания,11
209,2026-09-29T21:57:51.572191,20260929_212821_59782779,19000424762,parfjumerija/nabory,MAISON DOUZE,Discovery set - zodiac collection,Набор миниатюр,21675.0,21675.0,0.0,1,5.0,https://goldapple.ru/19000424762-discovery-set-zodiac-collection/,https://goldapple.ru/parfjumerija/nabory?p=11,"В парфюмерном наборе духов ZODIAC COLLECTION представлены миниатюрные версии ароматов 12 знаков зодиака. Каждый аромат раскрывает суть знака, подчеркивает его особенности и сильные стороны. Вам необязательно ограничивать себя вашим знаком зодиака. Парфюмерный набор дает возможность ознакомиться со всеми ароматами коллекции и решить, какой знак управляет вами сегодня.","Нанести на кожу, одежду и волосы (по желанию) для легкого аромата. Избегайте попадания в глаза.",Франция,11
210,2026-09-29T21:57:58.920519,20260929_212821_59782779,19000467986,parfjumerija/nabory,Goldfield & Banks,PACIFIC ROCK MOSS,Парфюмерный подарочный набор,17484.0,17484.0,0.0,1,5.0,https://goldapple.ru/19000467986-pacific-rock-moss/,https://goldapple.ru/parfjumerija/nabory?p=11,"Поймайте момент и ощутите чистое блаженство с этим свежим, акватическим ароматом. Уникальная морская нота, дополненная ароматными эссенциями, переносит вас на зелёное побережье в идеальный летний день. Кедровое дерево придаёт аромату прочную основу, на которой раскрывается свежий морской бриз — дыхание лета и беззаботных дней, проведённых в лазурных водах Австралии. Этот аромат для мужчин и женщин вдохновлён шумом волн, разбивающихся о залитые солнцем скалы, и длинными днями, переходящими в тёплые летние ночи. В набор входит: - GOLDFIELD & BANKS Pacific Rock Moss Парфюмерная вода, 100 мл; - GOLDFIELD & BANKS Pacific Rock Moss Парфюмерная вода, 10 мл.","Распылите на пульсирующие зоны, такие как запястья, шея, за ушами и внутренняя сторона локтя. Избегайте контакта с одеждой, чтобы сохранить качество аромата.",Франция,11
211,2026-09-29T21:58:05.984330,20260929_212821_59782779,19000125192,parfjumerija/nabory,ORENS PARFUMS,Yama Rouge,набор парфюмерной воды,23562.0,23562.0,0.0,1,5.0,https://goldapple.ru/19000125192-yama-rouge/,https://goldapple.ru/parfjumerija/nabory?p=11,"Yama Rouge - """"Красная Гора"""" Ароматное путешествие к сакральной горе Фудзи в Японии, считающейся местом силы. Воплощение Фудзи в лучах заката, когда снежная вершина горы окрашивается в красный цвет лучами заходящего солнца. Yama Rouge – современный, гурманский и притягательный аромат, в котором оттенки роз и жасмина соединяются с древесными нотами. В сердце аромата раскрывается красота королевы цветов – розы, в то время как жасмин придаёт ей таинственное очарование. В ароматном шлейфе мускус и амбра сплетаются с сандалом, создавая чувственный и особенно соблазнительный эффект. В набор входит парфюмерная вода 2*50 мл.","Парфюмерную воду следует наносить с расстояния 10-15 см. на тепловые точки: под коленями, область живота, запястья, сгибы локтей, район солнечного сплетения, точки за ушами, основание шеи со стороны спины, затылок. Как правило на одну точку достаточно один раз нажать на спрей. Растирать парфюмерную воду не рекомендуется, так как это может нарушить правильный процесс раскрытия композиции. Для повышения стойкости рекомендуем наносить на хорошо увлажненную кожу, комбинируя с кремом, молочком или маслом для тела.",Франция,11
212,2026-09-29T21:58:12.110070,20260929_212821_59782779,19000380186,parfjumerija/nabory,Clinique,Aromatics Elixir Riches Set,Подарочный набор,19269.0,19269.0,0.0,1,5.0,https://goldapple.ru/19000380186-aromatics-elixir-riches-set/,https://goldapple.ru/parfjumerija/nabory?p=11,"Легендарный классический аромат Aromatics Elixir окутывает вуалью изысканности и женственности, погружая в магический мир парфюмерных нот. Чувственный ветивер и сочный дубовый мох гармонично дополняют искристые цветочные ноты иланг-иланга и розы. Изысканный букет, сотканный из жасмина и пачули, нежно будоражит чувства, согревает и притягивает. Композиция Aromatics Elixir воплощает в себе удовольствие и элегантность. Коллекция Aromatics - творение легендарного парфюмера Бернара Шанта, известного своим стилем пачули в пудре. Aromatics открыл новую страницу в парфюмерной индустрии Америки, став одним из первых ароматерапевтических элексиров. Чувственный цветочный, древесный, шипровый аромат производит приятное впечатление, отвлекая от негативных мыслей. Ольфактивная семья: шипровые цветочные Верхние ноты: болгарская роза, цветок апельсина. Средние ноты: жасмин, иланг-иланг. Нижние ноты: ветивер, пачули, дубовый мох. Состав набора: Aromatics Elixir Perfume Spray, 100 мл + Aromatics Elixir Body Smoother, 75 мл + Aromatics Body Wash, 75 мл.","Нанесите на влажную кожу тела гель Aromatics Body Wash, тщательно вспеньте, смойте. Далее увлажните кожу с помощью парфюмированного крема для тела Aromatics Elixir Body Smoother. Завершите ритуал ухода нанесением аромата Aromatics Elixir Perfume Spray на точки пульса шеи и запястья. Не растирайте.",Франция,11
213,2026-09-29T21:58:19.881145,20260929_212821_59782779,19000109149,parfjumerija/nabory,PRESS GURWITZ PERFUMERIE,"№2, 3, 14",Нет категории,5481.0,5481.0,0.0,1,4.0,https://goldapple.ru/19000109149-no2-3-14/,https://goldapple.ru/parfjumerija/nabory?p=11,"Парфюмерный сет Press Gurwitz Perfumerie №2, №3, №14. состав набора: 1. Парфюмерная вода Press Gurwitz Perfumie№2 c нотами бобов тонка, перца и пачули, 10 мл 2. Парфюмерная вода Press Gurwitz Perfumie№3 c нотами табака, корицы и ванили, 10 мл 3. Парфюмерная вода Press Gurwitz Perfumie№ 14 с нотами ванили, кардамона и сосны, 10 мл",Распылять на кожу или одежду с расстояния 50 см. Можно брызнуть парфюмом в воздухе перед собой и войти в облако аромата. Для усиления стойкости наносить на разогретое тело.,Россия,11
214,2026-09-29T21:58:26.806113,20260929_212821_59782779,19000460360,parfjumerija/nabory,EAU de 1974,Capri,Нет категории,11010.0,11010.0,0.0,1,5.0,https://goldapple.ru/19000460360-capri/,https://goldapple.ru/parfjumerija/nabory?p=11,Откройте для себя очарование Капри с подарочным набором духов для волос EAU de Capri! Набор станет идеальным выбором: — для подарка близким — для особого удовольствия для себя В состав набора входят: — полноразмерный флакон 50 мл — дорожный формат 15 мл Особенности набора: — позволяет взять частичку средиземноморского блаженства в путешествие — дарит возможность наслаждаться ароматом в любом месте Ароматическая композиция раскрывается: — свежими нотами — фруктовыми акцентами — древесными оттенками Позвольте этому аромату перенести вас на залитые солнцем берега Капри!,"1. Распылите парфюм на волосы, держа флакон на расстоянии 15–20 см 2. Наносите на сухие волосы для лучшего раскрытия аромата 3. Слегка встряхните волосы, чтобы аромат равномерно распределился 4. При желании можно наносить повторно в течение дня для освежения аромата",Нидерланды,11
215,2026-09-29T21:58:34.621430,20260929_212821_59782779,19000451230,parfjumerija/nabory,Царевны,Магический бал,Парфюмерный набор,864.0,864.0,0.0,1,4.0,https://goldapple.ru/19000451230-magiceskij-bal/,https://goldapple.ru/parfjumerija/nabory?p=11,"Душистая вода «Магический бал» – это воплощение элегантности и сладкой магии. Верхние ноты ананаса и жасмина открывают аромат свежестью и нежной цветочной изысканностью. В сердце композиции раскрывается сочная клубника, добавляя аромату яркость и игривость. Завершают шлейф насыщенные базовые ноты пралине и ванили, создавая тёплый и гурманский аккорд. Этот аромат идеально подойдёт для особенных событий и тех, кто хочет добавить немного волшебства в свой день.",Только для наружного применения.,Россия,11
216,2026-09-29T21:58:41.611558,20260929_212821_59782779,19000495611,parfjumerija/nabory,Dr. Vranjes Firenze,Discovery Kit,Парфюмерный набор миниатюр,4000.0,4000.0,0.0,1,4.7,https://goldapple.ru/19000495611-dr-vranjes-firenze-discovery-kit/,https://goldapple.ru/parfjumerija/nabory?p=11,"Набор‑знакомство Vranjes Firenze включает восемь композиций по 1,5 мл в концентрации Eau de Parfum: Mattutino — ритм раннего флорентийского утра: яркие специи, имбирь и сандал. Meriggiare — отдых в тени в знойный летний полдень: цветы липы, пчелиный воск и кедровое дерево. Capogiro — захватывающий момент, от которого кружится голова: бергамот, кипарис, гаитянский ветивер. Petaloso — неологизм, означающий «усыпанный лепестками»: цветочно‑фруктовый букет, воспевающий изобилие и красоту. Intrigo — таинственное и неожиданное очарование: тосканская кожа, уд и пачули. Tintinnio — звон бокалов хорошей компании: искрящаяся цитрусово‑древесная композиция. Chiaroscuro — красота контраста света и тени: мускатный орех, бобы тонка, лаванда. Nottetempo — магический ночной час между сном и реальностью: тёмная вишня, ром, дуб, какао. Каждый аромат Vranjes Firenze погружает в атмосферу едва уловимого мгновения, который изменяется, движется и оживает, отражаясь в цветах, текстурах, звуках, запахах и видениях. Новая коллекция Eau de Parfum «Florence in Translation» запечатлела истории и эмоции, размывающие границы и жёсткие чёткие линии, — эти истории рассказаны через палитру итальянских слов, которые каждый может прочувствовать и понять, несмотря на сложности перевода. Каждое название и каждый аромат пробуждает столь близкое, знакомое ощущение, понятное даже тем, кто никогда не был во Флоренции. Каждый из них позволяет прожить свою историю, открыв для себя город в каждом его проявлении.","Распылите на пульсирующие зоны: запястья, шею, за ушами и внутреннюю сторону локтя. Избегайте контакта с одеждой. Для повышения стойкости рекомендуем наносить на хорошо увлажненную кожу.",Италия,11
217,2026-09-29T21:58:48.511537,20260929_212821_59782779,19000539847,parfjumerija/nabory,Kilian Paris,Mini discovery,парфюмерный набор миниатюр,5490.0,5490.0,0.0,1,5.0,https://goldapple.ru/19000539847-kilian-paris-mini-discovery/,https://goldapple.ru/parfjumerija/nabory?p=11,"Пять миниатюр познакомят с идеально подобранной коллекцией культовых ароматов Kilian Paris и помогут создать собственный парфюмерный гардероб. Пять знаковых ароматов в удобном формате помогут найти своего фаворита на любой случай и настроение. Princess — цветочно-гурманская парфюмерная вода. Ноты имбиря, зелёного чая и маршмеллоу. Sunkissed Goddess — цветочная парфюмерная вода. Ноты цветка тиаре, иланг-иланга и кокоса. Good Girl Gone Bad by Kilian — цветочная парфюмерная вода. Ноты флердоранжа, османтуса и туберозы. Love, Dont Be Shy — цветочно-гурманская парфюмерная вода. Ноты нероли, розы и маршмеллоу. Angels Share — амброво-гурманская парфюмерная вода. Ноты коньяка, бобов тонка и дуба. состав набора — парфюмерная вода Princess, 1,5 мл. — парфюмерная вода Sunkissed Goddess, 1,5 мл. — парфюмерная вода Good Girl Gone Bad by Kilian, 1,5 мл. — парфюмерная вода Love, Dont Be Shy, 1,5 мл. — парфюмерная вода Angels Share, 1,5 мл.","Щедро распылите аромат на точки пульса — запястья, шею и область декольте.",Франция,11
218,2026-09-29T21:58:56.774893,20260929_212821_59782779,19000445873,parfjumerija/nabory,Versace,DYLAN PURPLE,подарочный парфюмерный набор,10440.0,10440.0,0.0,1,3.7,https://goldapple.ru/19000445873-dylan-purple/,https://goldapple.ru/parfjumerija/nabory?p=11,"В состав набора входят: Парфюмерная вода Versace Dylan Purple — 30 мл Парфюмированный лосьон для тела Dylan Purple — 50 мл В аромате Dylan Purple дуэт искрящегося бергамота и пробуждающей радость ноты свежего апельсина встречается с сочной грушей, которая придаёт композиции игривое звучание. В сердце композиции яркой вспышкой раскрывается пленительная фрезия. Нежный аромат её лепестков подчёркивают невесомые молекулы Mahonial и Pomarose. Цветочное сердце композиции Versace олицетворяет гипнотическую ауру морского заката, пурпурное свечение и лёгкий бриз. Молекулы Belambre и Ambrofix, мягкие оттенки Iso E Super и сливочные грани кедра идеально дополняют изысканный и глубокий характер аромата. Silkolide добавляет композиции лёгкие мускусные и фруктовые акценты.",1. Лосьон для тела: Только для наружного применения. Нанесите на кожу и распределите массирующими движениями. 2. Парфюмерная вода: Только для наружного применения. Распылите с небольшого расстояния. Избегайте попадания в глаза.,Италия,11
219,2026-09-29T21:59:04.609324,20260929_212821_59782779,19000413515,parfjumerija/nabory,M.INT,HIT THE MARK,Парфюмерная вода,12400.0,12400.0,0.0,1,5.0,https://goldapple.ru/19000413515-hit-the-mark/,https://goldapple.ru/parfjumerija/nabory?p=11,"Могут ли ароматы создать магическую, мистическую и волшебную атмосферу? Да. Это подтверждает парфюмер Ane Ayo, которая скроила аромат FORBIDDEN ELIXIR таким образом, что он буквально околдовывает публику, вводя в эффект медитации и расслабления.","Нанести на тело, избегая попадания в глаза.",Франция,11
220,2026-09-29T21:59:11.748616,20260929_212821_59782779,19000378841,parfjumerija/nabory,EPC. EXPERIMENTAL PERFUME CLUB,CREATION SET 02 ESSENTIAL TRIO COLLECTION,Парфюмерный набор,9409.0,9409.0,0.0,1,4.0,https://goldapple.ru/19000378841-creation-set-02-essential-trio-collection/,https://goldapple.ru/parfjumerija/nabory?p=11,"В набор входят 3 утонченных аромата EPC (по 10 мл): парфюмерная вода FIG NEROLI, парфюмерная вода ROSE RHUBARB и парфюмерная вода AMBER IRIS. Эти композиции можно использовать отдельно, чтобы наслаждаться лаконичной, изысканной гармонией нот. Ароматы из набора также можно смешивать в разных пропорциях, чтобы экспериментировать и создавать свои уникальные парфюмерные творения, идеально подходящие под индивидуальный вкус. Набор дополнен пустым атомайзером для смешивания.",Только для наружного применения. Нанесите один выбранный аромат или сочетайте две или три парфюмерных воды для создания уникальной композиции. Набор не предназначен для использования детьми.,Франция,11
221,2026-09-29T21:59:29.637770,20260929_212821_59782779,99000115279,parfjumerija/nabory,VDOHNI,Discovery set,Набор пробников парфюмерной воды,2945.0,2945.0,0.0,1,3.6,https://goldapple.ru/99000115279-discovery-set/,https://goldapple.ru/parfjumerija/nabory?p=12,"Набор пробников парфюмерной коллекции VDOHNI с новинкой 2025 года — загадочным парфюмом Phenomenon P. В комплекте 6 парфюмов по 2,5 мл. Discovery set — удобный и эстетичный способ познакомиться поближе и выбрать ваш идеальный аромат. И его так удобно брать собой! В набор входят: 1. Phenomenon P. — «Феномен П.». Новый аромат Phenomenon P. не только раскрывается на коже разными нотами, но и раскрывает вас — через давно забытые моменты, нежно хранимые памятью глубоко внутри. Под таинственным названием Phenomenon P. скрывается удивительное явление — феномен Пруста. Он заключается в способности запахов провоцировать эмоции, а затем и связанные с ними воспоминания. Ноты: морская соль, клементин, розовый перец, пион, магнолия, пудра, сандал, белый мускус, дубовый мох, замша. 2. Barefoot on the Rainbow — «Босиком по радуге». Бежать по радуге! Наступать на нее босиком! Улыбаться и щуриться от лучей солнца, ловить последние капли теплого дождя! Вдыхать аромат влажной сочной листвы и сливочно-сухого разнотравья полей! Ловить ветер в волосах и радость в ладошках! Ноты: сочная трава, сливочный ветивер, озоновый воздух, зелень инжира, нежный манящий мускус, лайм, лимон, тонкая замшевая база, луговые цветы, канабис. 3. Your Ambraskin — «Твоя амбровая кожа». Парфюм Your Ambraskin покажет красоту аромата вашей кожи, обрамив её теплом амбры, дыханием прохладного ветра и глубокой красотой мадагаскарской ванили. Аромат страстный, но нежный! Его хочется вдыхать снова и снова! Ноты: амбра, ваниль, кора дерева, озон, мускус, молочные ноты, кедр атласский. 4. Mint Moon — «Мятная Луна». Аромат Mint Moon — ледяной ручей, прозрачный и чувственный флёр белых цветов, прохладной мяты и зелёного чая! Создан по мотивам песни «Moon River» из кинофильма «Завтрак у Тиффани». Ноты: жасмин, мята, акватические ноты, зеленый чай, бергамот, мускус, яблоневый цвет. 5. Russian Soul — «Русская душа». Парфюм про берёзовые рощи, лесные поляны, залитые солнцем, про тяжёлые ветви сосен, влажные извилистые тропинки среди папоротника, про лесные ягоды и шелест листвы. Ноты: эвкалипт, можжевельник, кора дерева, сосновые иголки, берёза, сандал, зелёная трава, мох, клюква, брусника, дым. 6. Cherry Leather — «Вишнёвая кожа». Аромат Cherry Leather — это сочная мякоть вишни, пропитанная солнцем кожа, щепотка пряностей. Обнажается ягодами и бергамотом, растекается теплом по телу и настраивает на игривый лад пьянящими нотами ликера, будоражит лабданумом и глубокими кожаными нотами. Чувственную вишневую сладость охлаждает терпкая и дразнящая горчинка миндаля: смотри, но не трогай; трогай, но не пробуй на вкус. Ноты: сочная вишня, специи, бергамот, листва черной смородины, груша, миндаль, кора дерева, бобы тонка, лабданум, кожа, амбра.",Распылять на кожу. Только для наружного применения.,Россия,12
222,2026-09-29T21:59:37.769061,20260929_212821_59782779,19000471017,parfjumerija/nabory,HFC,Diamond In The Sky,Парфюмерный набор для тела,35200.0,35200.0,0.0,1,0.0,https://goldapple.ru/19000471017-diamond-in-the-sky/,https://goldapple.ru/parfjumerija/nabory?p=12,"HFC Paris представляет эксклюзивную коллекцию подарочных наборов. В каждом из них вы найдёте идеально подобранные парфюмерные композиции и гель для душа или лосьон для тела. Дизайн наборов — это элегантность и роскошь для истинных ценителей качества. Diamond in the sky — искрящийся, чистый, звонкий аромат. Изысканный шиммер для тела от HFC Paris с деликатными золотыми частичками создан для особенного ухода за вашим телом. Нежная освежающая гелевая текстура подчеркнёт естественную красоту вашей кожи и придаст ей роскошное мерцание. Шиммер для тела также является идеальным штрихом к вашему парфюмерному образу. Он дарит чувственное ольфакторное наслаждение и окутывает вашу кожу роскошной вуалью аромата Diamond in the Sky. Приготовьтесь быть очарованными восхитительным звучанием мадагаскарской ванили, когда она заключит вас в свои нежные и сладкие объятия.",Для наружного применения.,Франция,12
223,2026-09-29T21:59:43.852748,20260929_212821_59782779,26544100008,parfjumerija/nabory,Creed,Silver Mountain water,Нет категории,18034.0,18034.0,0.0,1,3.2,https://goldapple.ru/26544100008-silver-mountain-water/,https://goldapple.ru/parfjumerija/nabory?p=12,"состав набора — Парфюмерная вода Creed Silver Mountain Water, 10 мл — Парфюмерная вода Creed Silver Mountain Water, 10 мл — Парфюмерная вода Creed Silver Mountain Water, 10 мл В набор входят три миниатюры парфюмерной воды Creed Silver Mountain Water (по 10 мл). Silver Mountain Water – аромат, посвящённый завораживающим Альпам. Парфюмерная композиция, созданная для современных минималистов, окутывает бодрящей свежестью. Аромат Creed стартует с яркого бергамота, свежесть которого напоминает о чистом горном воздухе, и со звучания чёрной смородины. В сердце композиции раскрывается элегантная нота чая и свежий, искрящийся аккорд озона. Базовые ноты сандала и мускуса окутывают теплом и усиливают чувственность и стойкость аромата. Композиция с выразительными цитрусовыми нотами, посвящённая первозданной красоте Альп, пробуждает в воображении захватывающие горные пейзажи с холодными ручьями и заснеженными вершинами.",Распылите с небольшого расстояния. Избегайте попадания в глаза.,Франция,12
224,2026-09-29T21:59:50.705225,20260929_212821_59782779,19000445874,parfjumerija/nabory,Versace,DYLAN PURPLE,Нет категории,9690.0,9690.0,0.0,1,4.6,https://goldapple.ru/19000445874-dylan-purple/,https://goldapple.ru/parfjumerija/nabory?p=12,"В подарочный набор Versace входят парфюмерная вода Dylan Purple pour femme (50 мл), парфюмированный гель для душа и ванны Dylan Purple Perfumed Bath & Shower Gel (50 мл) и парфюмированный лосьон для тела Dylan Purple Perfumed Body Lotion (50 мл). Парфюмерная вода Versace олицетворяет гипнотическую ауру морского заката, пурпурное сияние летнего вечера и лёгкий бриз. Яркий и элегантный аромат Dylan Purple объединяет ноты искрящегося бергамота, пробуждающего радость апельсина и сочной груши, которая придаёт композиции игривое звучание. В сердце аромата яркой вспышкой раскрывается пленительная фрезия, нежность которой подчёркивают молекулы Mahonial и Pomarose. Гель для душа мягко очищает кожу тела и окутывает вуалью цветочных и фруктовых нот. Нежный лосьон увлажняет кожу тела и придаёт ей изысканный аромат, идеально сочетающийся с парфюмерной водой.","1. Гель для душа и ванны: нанесите на влажную кожу тела, равномерно распределите, затем смойте водой. 2. Лосьон для тела: нанесите на кожу и распределите массирующими движениями. 3. Парфюмерная вода: распылите с небольшого расстояния. Избегайте попадания средств в глаза.",Италия,12
225,2026-09-29T21:59:58.863307,20260929_212821_59782779,19000413522,parfjumerija/nabory,M.INT,PITCH & TOSS,Парфюмерная вода,12400.0,12400.0,0.0,1,0.0,https://goldapple.ru/19000413522-pitch-toss/,https://goldapple.ru/parfjumerija/nabory?p=12,"Для деловых людей, которым важно выделить сильные черты характера с помощью какого-нибудь утонченного и деликатного аромата, не ассоциируемого с повсеместно распространенной классикой. Парфюмер: Hamid Merati-Kashani.","Нанести на тело, избегая попадания в глаза.",Франция,12
226,2026-09-29T22:00:05.523067,20260929_212821_59782779,19000362631,parfjumerija/nabory,M. Micallef,DESSERTS,Набор парфюмерной воды,13299.0,13299.0,0.0,1,0.0,https://goldapple.ru/19000362631-desserts/,https://goldapple.ru/parfjumerija/nabory?p=12,"Ставшие незаменимыми спутниками в повседневной жизни, атомайзеры для путешествий теперь поставляются в элегантных коробках, содержащих 4 сменных блока по 10 мл с лучшими ароматами десертной коллекции от M.Micallef.",Не указано,Франция,12
227,2026-09-29T22:00:12.914237,20260929_212821_59782779,19000413512,parfjumerija/nabory,M.INT,FASHION INTERVENTION,Парфюмерная вода,12400.0,12400.0,0.0,1,0.0,https://goldapple.ru/19000413512-fashion-intervention/,https://goldapple.ru/parfjumerija/nabory?p=12,"Максимально передает яркий колорит, смелые и экстравагантные идеи и образы, нестандартный и оригинальный почерк, который является визитной карточкой Милана. Парфюмер: Dominique Moellhausen","Нанести на тело, избегая попадания в глаза.",Франция,12
228,2026-09-29T22:00:21.066404,20260929_212821_59782779,19000510280,parfjumerija/nabory,MATIERE PREMIERE,Set 6 x 1,Набор миниатюр парфюмерной воды,5850.0,5850.0,0.0,1,5.0,https://goldapple.ru/19000510280-matiere-premiere-set-6-x-1/,https://goldapple.ru/parfjumerija/nabory?p=12,"Роскошное путешествие в мир ароматов. Эксклюзивный набор от талантливого парфюмера Орельена Гишара представляет собой коллекцию из шести шедевров парфюмерного искусства, воплощённых в формате Extrait de parfum. В состав набора входит: — Парфюмерный экстракт «Crystal Saffron», 1,5 мл. — Парфюмерный экстракт «Falcon Leather», 1,5 мл. — Парфюмерный экстракт «Radical Rose», 1,5 мл. — Парфюмерный экстракт «Encens Suave», 1,5 мл. — Парфюмерный экстракт «Santal Austral», 1,5 мл. — Парфюмерный экстракт «Vanilla Powder», 1,5 мл.","Распылите на пульсирующие зоны: запястья, шею, за ушами и внутреннюю сторону локтя. Избегайте контакта с одеждой. Для повышения стойкости рекомендуем наносить на хорошо увлажненную кожу.",Франция,12
229,2026-09-29T22:00:27.251305,20260929_212821_59782779,19000413514,parfjumerija/nabory,M.INT,GRAVITATION,Парфюмерная вода,12400.0,12400.0,0.0,1,0.0,https://goldapple.ru/19000413514-gravitation/,https://goldapple.ru/parfjumerija/nabory?p=12,"В мире M.INT, мы с гордостью представляем вам ""Gravitation"" – наш последний аромат, разработанный вместе с известным парфюмером Chris Maurice. Этот аромат – наше воплощение урбанистической энергии, зажигательный комплексный букет, пригодный для повседневного использования и подходящий для всех, кто любит новые эмоции. На вершине этой ароматной пирамиды расцветают яркие ноты бергамота, лайма, грейпфрута и мандарина – наши музыкальные аккорды для городской жизни. В сердце композиции – интригующие ноты тагетты, текилы, кориандра, перца, имбиря, можжевельника и шалфея, создающие гармонию и слаженность. Завершающие ноты ветивера, янтаря и мускуса добавляют этому аромату стойкость и ощущение завершенности, как последний штрих в нашей коллекции. ""Gravitation"" – это наше предложение для прогрессивных ценителей ароматов, для тех, кто не боится экспериментов и ценит уникальность каждого момента. Добро пожаловать в мир M.INT, где каждый аромат – это история, вдохновленная городским пульсом, и ""Gravitation"" – наш следующий шаг в создании неповторимого парфюмерного опыта для вас.","Нанести на тело, избегая попадания в глаза.",Франция,12
230,2026-09-29T22:00:34.506072,20260929_212821_59782779,19000485603,parfjumerija/nabory,Versace,CRYSTAL NOIR,подарочный парфюмерный набор,15112.0,15112.0,0.0,1,5.0,https://goldapple.ru/19000485603-versace-crystal-noir/,https://goldapple.ru/parfjumerija/nabory?p=12,"Набор VERSACE включает в себя парфюмерную воду CRYSTAL NOIR, её миниатюру, парфюмированный гель для душа и ванны, а также парфюмированный лосьон для тела. Глубокий и чувственный аромат CRYSTAL NOIR, объединивший легкую остроту перца и имбиря, мягкость кокоса, нежность гардении и теплоту сандала, намекает на многогранность загадочной женской натуры. Цветочные ноты подчеркивают её утонченность, восточные — сексуальность, а мускус и сандал отражают женскую способность дарить и ощущать вдохновение. состав набора — Парфюмерная вода CRYSTAL NOIR, 90 мл — Миниатюра CRYSTAL NOIR, 5 мл — Парфюмированный гель для душа и ванны, 100 мл — Парфюмированный лосьон для тела, 100 мл","Гель для душа и ванны: Нанесите на влажную кожу тела, равномерно распределите, затем смойте водой. Лосьон для тела: Нанесите на кожу и распределите массирующими движениями. Парфюмерная вода: Распылите с небольшого расстояния, избегая попадания в глаза.",Италия,12
231,2026-09-29T22:00:42.305215,20260929_212821_59782779,19000445872,parfjumerija/nabory,Versace,DYLAN BLUE POUR FEMME,подарочный парфюмерный набор,18135.0,18135.0,0.0,1,5.0,https://goldapple.ru/19000445872-dylan-blue-pour-femme/,https://goldapple.ru/parfjumerija/nabory?p=12,"В состав набора входят: Парфюмерная вода Versace Dylan Blue для женщин — 100 мл Парфюмированный лосьон для тела — 100 мл Парфюмированный гель для душа и ванны — 100 мл Косметичка — 1 шт Чарующий и стойкий цветочно-фруктовый аромат от Versace создан для уверенных в себе женщин, которые привыкли быть в центре внимания. Многогранная композиция объединила цветочные и фруктовые ноты, в том числе свежесть зелёного яблока, пленительную ноту чёрной смородины и романтичную незабудку, которая ассоциируется с летом. Нежный и выразительный клевер наполняет композицию природной чувственностью. Пачули создают загадочную и соблазнительную ауру, а мускус придаёт аромату притягательную мягкость.","1. Гель для душа и ванны: Только для наружного применения. Нанесите на влажную кожу тела, равномерно распределите, затем смойте водой. 2. Лосьон для тела: Только для наружного применения. Нанесите на кожу и распределите массирующими движениями. 3. Парфюмерная вода: Только для наружного применения. Распылите с небольшого расстояния. Избегайте попадания в глаза.",Италия,12
232,2026-09-29T22:00:48.812917,20260929_212821_59782779,19000413518,parfjumerija/nabory,M.INT,Moonglade,Парфюмерная вода,12400.0,12400.0,0.0,1,0.0,https://goldapple.ru/19000413518-moonglade/,https://goldapple.ru/parfjumerija/nabory?p=12,"Возвышенная музыка аромата состоит не из нот, а из таинственного света, разливающегося по морской глади, который напоминает аккорды пьесы «Лунный свет» Клода Дебюсси Парфюмер Крис Морис","Нанести на тело, избегая попадания в глаза.",Франция,12
233,2026-09-29T22:00:55.621024,20260929_212821_59782779,19000460361,parfjumerija/nabory,EAU de 1974,Santorini,Нет категории,7707.0,7707.0,0.0,1,0.0,https://goldapple.ru/19000460361-santorini/,https://goldapple.ru/parfjumerija/nabory?p=12,Откройте для себя чарующие вибрации Санторини с нашим подарочным набором духов для волос EAU de Santorini! Набор станет идеальным подарком для друга или особенным удовольствием для себя. В состав набора входят: — полноразмерный флакон 50 мл — дорожный флакон 15 мл Вдохновленный: — белоснежными скалами Санторини — церквями с голубыми куполами Ароматическая композиция раскрывается: — теплыми нотами — пряными акцентами — пудровыми оттенками Погрузитесь в атмосферу островной романтики и отправьтесь в воображаемое путешествие под ласковым средиземноморским солнцем!,"1. Распылите парфюм на волосы, держа флакон на расстоянии 15–20 см 2. Наносите средство на сухие волосы для лучшего раскрытия аромата 3. Слегка встряхните волосы, чтобы аромат равномерно распределился 4. При желании можно наносить повторно в течение дня для освежения аромата",Нидерланды,12
234,2026-09-29T22:01:02.847056,20260929_212821_59782779,19000511213,parfjumerija/nabory,ONCE PERFUME,Courield,Нет категории,4584.0,4584.0,0.0,1,0.0,https://goldapple.ru/19000511213-once-perfume-courield/,https://goldapple.ru/parfjumerija/nabory?p=12,"Таинственный и завораживающий аромат в сердце дерева. Искрящиеся цитрусовые. состав набора — Парфюмерная вода Courield Eau de Parfum, 100 мл — Парфюмерная вода Courield Eau de Parfum, 10 мл — Косметичка, размер 12 x 16 x 8 см","Распылите на пульсирующие зоны: запястья, шею, за ушами и внутреннюю сторону локтя. Избегайте контакта с одеждой. Для повышения стойкости рекомендуем наносить на хорошо увлажненную кожу.",Италия,12
235,2026-09-29T22:01:11.661528,20260929_212821_59782779,19000444984,parfjumerija/nabory,Moschino,TOY 2 BUBBLE GUM,Подарочный парфюмерный набор,7656.0,7656.0,0.0,1,5.0,https://goldapple.ru/19000444984-toy-2-bubble-gum/,https://goldapple.ru/parfjumerija/nabory?p=12,"Туалетная вода MOSCHINO TOY 2 BUBBLE GUM женская. Объем: 50 мл. Парфюмированный гель для душа и ванны MOSCHINO TOY 2 BUBBLE GUM. Гель для душа мягко и эффективно очищает кожу тела, оставляя на ней нежный аромат. Парфюмерная композиция, в которой ярко звучат роза и игривые ноты жевательной резинки, поднимает настроение и вдохновляет. Объем: 50 мл. Парфюмированный лосьон для тела MOSCHINO TOY 2 BUBBLE GUM. Лосьон для тела увлажняет и смягчает кожу, оставляя на ней нежный аромат. Композиция с игривыми нотами жевательной резинки поднимает настроение и вдохновляет. Объем: 50 мл.","Парфюмированный гель для душа и ванны MOSCHINO ""TOY 2 BUBBLE GUM"": Нанесите на влажную кожу тела, вспеньте и распределите круговыми массажными движениями или добавьте в ванну, затем смойте водой. Парфюмированный лосьон для тела MOSCHINO ""TOY 2 BUBBLE GUM"": Нанесите на чистую кожу тела и распределите круговыми массажными движениями до полного впитывания.",Италия,12
236,2026-09-29T22:01:19.589266,20260929_212821_59782779,19000486443,parfjumerija/nabory,Zollider,Onyx,Подарочный набор,1099.0,1099.0,0.0,1,0.0,https://goldapple.ru/19000486443-onyx/,https://goldapple.ru/parfjumerija/nabory?p=12,"В состав набора входят: Парфюмированная вода Zollider Onyx — 50 мл. Мужской гель для душа Onyx — 60 мл. Подарочный набор для мужчин Zollider Onyx — это идеальное сочетание стиля, силы и утонченности, созданное для мужчины, который ценит качество и индивидуальность. Входящие в него парфюмированная вода и гель для душа гармонично дополняют друг друга, создавая изысканный образ. Парфюмированная вода Onyx — это аромат, который подчеркивает уверенность и харизму. Верхние ноты грейпфрута и мандарина заряжают энергией и свежестью, а морские аккорды добавляют легкость и свободу. В сердце аромата раскрываются жасмин и лавровый лист, соединяя утонченность с мужественностью. Завершают композицию глубокие древесные ноты гваякового дерева, мха, пачули и амбры, создавая стойкий и запоминающийся шлейф. Этот аромат идеально подходит для любого случая, подчеркивая стиль и статус своего обладателя. Гель для душа Onyx эффективно очищает кожу, даря ощущение свежести и тонуса, которое остается на весь день. Его аромат, идентичный парфюмированной воде, наполняет энергией и уверенностью. С каждым использованием вы чувствуете гармонию ярких цитрусовых нот, легкость морского бриза и глубину древесных аккордов. Подарочный набор Zollider Onyx — это не просто средства ухода, а возможность подчеркнуть стиль, уверенность и харизму. Такой набор станет отличным выбором для любого случая. Пусть каждый день будет наполнен свежестью и комфортом, а стиль и элегантность подчеркнуты изысканным ароматом. Zollider — мужской порядок и ничего лишнего.","1. Гель для душа: Нанесите небольшое количество геля для душа на тело, промассируйте и смойте водой. При необходимости повторите. 2. Парфюмированная вода: Распылите парфюмированную воду на чистую кожу в области пульса (запястья, шея) с расстояния 10-15 см. Избегайте попадания на одежду и в глаза.",Россия,12
237,2026-09-29T22:01:27.955332,20260929_212821_59782779,19000413521,parfjumerija/nabory,M.INT,NO COWARD,Парфюмерная вода,12400.0,12400.0,0.0,1,0.0,https://goldapple.ru/19000413521-no-coward/,https://goldapple.ru/parfjumerija/nabory?p=12,"Парфюмерная вода Теплота, умиротворенность, ощущение, что все в жизни идет как должно и приносит счастье - такие чувства навевает томное летнее утро на экзотическом побережье. Парфюмер Гарри Фремон (Harry Fremont).","Нанести на тело, избегая попадания в глаза.",Франция,12
238,2026-09-29T22:01:35.557994,20260929_212821_59782779,19000475519,parfjumerija/nabory,Loewe,Solo cedro,Подарочный набор,18120.0,18120.0,0.0,1,4.3,https://goldapple.ru/19000475519-solo-cedro-solo-elixir/,https://goldapple.ru/parfjumerija/nabory?p=12,"В этот эксклюзивный подарочный набор входят:
Туалетная вода LOEWE Solo Cedro 100 мл, миниатюра туалетной воды LOEWE Solo Cedro 10 мл и комплементарный аромат парфюмерная вода LOEWE Solo Elixir объемом 10 мл","Небольшое количество нанести на тело, избегая попадания в глаза.",Франция,12
239,2026-09-29T22:01:42.600491,20260929_212821_59782779,19000413509,parfjumerija/nabory,M.INT,BLUE WATERFALL,Парфюмерная вода,12400.0,12400.0,0.0,1,0.0,https://goldapple.ru/19000413509-blue-waterfall/,https://goldapple.ru/parfjumerija/nabory?p=12,"Ландшафты, возникающие в воображении при произнесении слов ""голубой водопад"", получаются настолько живописными и расслабляющими, что, кажется, не нуждаются в дополнениях. Но кое-что все же может добавить в райские пейзажи реалистичности и перенести в атмосферу высокогорья, где с крутого склона обрушивается, переливаясь под ленивым солнцем лазурно-пенная вода. Парфюмер: Marie Salamagne.","Нанести на тело, избегая попадания в глаза.",Франция,12
240,2026-09-29T22:01:49.406586,20260929_212821_59782779,19000511212,parfjumerija/nabory,ONCE PERFUME,Lorev,Парфюмерный набор,4498.0,4498.0,0.0,1,0.0,https://goldapple.ru/19000511212-once-perfume-lorev/,https://goldapple.ru/parfjumerija/nabory?p=12,"Подобно запретному плоду, эта композиция открывается фруктовыми нотами сочного персика. состав набора — Парфюмерная вода Lorev Eau de Parfum, 100 мл — Парфюмерная вода Lorev Eau de Parfum, 10 мл — Косметичка, 12 x 16 x 8 см","Распылите на пульсирующие зоны: запястья, шею, за ушами и внутреннюю сторону локтя. Избегайте контакта с одеждой. Для повышения стойкости рекомендуем наносить на хорошо увлажненную кожу.",Италия,12
241,2026-09-29T22:02:10.418678,20260929_212821_59782779,19000485601,parfjumerija/nabory,Versace,EROS ENERGY,подарочный парфюмерный набор,13950.0,13950.0,0.0,1,5.0,https://goldapple.ru/19000485601-versace-eros-energy/,https://goldapple.ru/parfjumerija/nabory?p=13,"В яркий и элегантный подарочный набор VERSACE входят три продукта, которые сделают ваш уход более приятным и эффективным. Парфюмерная вода EROS ENERGY pour homme (100 мл) придаст энергии и напомнит о солнечных летних днях благодаря бодрящей вспышке цитрусовых нот. В сердце аромата раскрывается интригующий дуэт розового перца и чёрной смородины, усиленный белой амброй, придающей композиции соблазнительный характер. Пачули и мускус добавляют глубину и насыщенность, а дубовый мох подчёркивает элегантность и мужественность аромата. Миниатюра парфюмерной воды (5 мл) идеальна для поездок и использования в течение дня, чтобы не терять уверенности и оставаться в центре внимания. Парфюмированный гель для душа и ванны (150 мл) завершает набор, создавая гармоничную композицию для ежедневного ухода. состав набора — Парфюмерная вода EROS ENERGY pour homme, 100 мл — Миниатюра парфюмерной воды, 5 мл — Парфюмированный гель для душа и ванны, 150 мл","Гель для душа и ванны: Нанесите на влажную кожу тела, равномерно распределите, затем смойте водой. Парфюмерная вода: Распылите с небольшого расстояния. Избегайте попадания в глаза.",Италия,13
242,2026-09-29T22:02:19.071198,20260929_212821_59782779,19000413526,parfjumerija/nabory,M.INT,THE SMART SET,Парфюмерная вода,12400.0,12400.0,0.0,1,0.0,https://goldapple.ru/19000413526-the-smart-set/,https://goldapple.ru/parfjumerija/nabory?p=13,"Это - букет-амбиция, букет-стиль, греющий, в меру горячий и прекрасно звучащий на коже в каждый момент своей жизни. M.INT предлагает носить его деловым и целеустремленным мужчинам и женщинам, ценящим эти черты личности превыше остальных и предпочитающих подчеркивать их парфюмом с аналогичным характером. Парфюмер: Nathalie Lorson.","Нанести на тело, избегая попадания в глаза.",Франция,13
243,2026-09-29T22:02:26.177137,20260929_212821_59782779,19000378842,parfjumerija/nabory,EPC. EXPERIMENTAL PERFUME CLUB,CREATION SET 03 ESSENTIAL TRIO COLLECTION,Нет категории,9409.0,9409.0,0.0,1,4.3,https://goldapple.ru/19000378842-creation-set-03-essential-trio-collection/,https://goldapple.ru/parfjumerija/nabory?p=13,"В набор входят 3 утонченных аромата EPC (по 10 мл): парфюмерная вода CARDAMOM MOSS, парфюмерная вода TONKA SESAME и парфюмерная вода CEDARWOOD ABSINTH. Эти композиции можно использовать отдельно, чтобы наслаждаться лаконичной, изысканной гармонией нот. Ароматы из набора также можно смешивать в разных пропорциях, чтобы экспериментировать и создавать свои уникальные парфюмерные творения, идеально подходящие под индивидуальный вкус. Набор дополнен пустым атомайзером для смешивания.",Только для наружного применения. Нанесите один выбранный аромат или сочетайте две или три парфюмерных воды для создания уникальной композиции. Набор не предназначен для использования детьми.,Франция,13
244,2026-09-29T22:02:34.735182,20260929_212821_59782779,19000512680,parfjumerija/nabory,CHOPARD,MALAKI,Нет категории,33637.0,33637.0,0.0,1,5.0,https://goldapple.ru/19000512680-chopard-malaki/,https://goldapple.ru/parfjumerija/nabory?p=13,"Подарочный набор Chopard — это изысканное трио ароматов из коллекции MALAKI. В сет входят 3 элегантных творения Chopard: парфюмерная вода OUD MALAKI (80 мл), парфюмерная BLACK INCENSE MALAKI (80 мл) и парфюмерная вода LEATHER MALAKI (80 мл). Древесно-восточный аромат OUD MALAKI открывается взрывом свежих нот грейпфрута и лаванды. Постепенно они уступают благородной красоте драгоценного уда, окутанного теплыми нотами табака, амбры, кожи и пряностей, которые придают аромату чувственность и переносят в сказочную арабскую ночь. Насыщенный аромат BLACK INCENSE MALAKI посвящен многогранной и таинственной красоте ладана. Словно волнующие клубы дыма, ноты смол, редких специй и ценных пород дерева окружают ладан, усиливая его благородное звучание. Ноты лабданума и уда дополняют выразительный шлейф композиции. Элегантный аромат LEATHER MALAKI открывается пронзительной нотой бергамота и ярким акцентом черного перца. В этой чувственной композиции теплые дымные ноты контрастируют с завораживающей минеральностью. Кедр усиливает насыщенность и притягательность смелого кожаного аккорда. состав набора — парфюмерная вода OUD MALAKI, 80 мл — парфюмерная вода BLACK INCENSE MALAKI, 80 мл — парфюмерная вода LEATHER MALAKI, 80 мл","Распылите на пульсирующие зоны: запястья, шею, за ушами и внутреннюю сторону локтя. Избегайте контакта с одеждой. Для повышения стойкости рекомендуем наносить на хорошо увлажненную кожу.",Италия,13
245,2026-09-29T22:02:42.787867,20260929_212821_59782779,19000285710,parfjumerija/nabory,Ormonde Jayne,Arabesque,Набор,16269.0,16269.0,0.0,1,5.0,https://goldapple.ru/19000285710-arabesque/,https://goldapple.ru/parfjumerija/nabory?p=13,"Отправьтесь в мистическое чувственное путешествие вместе с Arabesque. Этот аромат отражает суть очаровательного Ближнего Востока, черпая вдохновение из древнего искусства, в котором переплетаются цветы, фрукты и сушеное дерево. В его сердце роза и абсолю жасмина переплетаются в прекрасном танце, вызывая спокойствие и благополучие. Глубокие ноты пачули и уда перенесут вас в трансцендентный мир, превращая эту коллекцию в настоящий побег в обонятельное великолепие, где бы вы ни находились.","Парфюмерную воду следует наносить с расстояния 10-15 см. на тепловые точки: под коленями, область живота, запястья, сгибы локтей, район солнечного сплетения, точки за ушами, основание шеи со стороны спины, затылок. Как правило на одну точку достаточно один раз нажать на спрей. Растирать парфюмерную воду не рекомендуется, так как это может нарушить правильный процесс раскрытия композиции. Для повышения стойкости рекомендуем наносить на хорошо увлажненную кожу, комбинируя с кремом, молочком или маслом для тела.",Великобритания,13
246,2026-09-29T22:02:51.298960,20260929_212821_59782779,19000413516,parfjumerija/nabory,M.INT,IRISATION,Парфюмерная вода,12400.0,12400.0,0.0,1,0.0,https://goldapple.ru/19000413516-irisation/,https://goldapple.ru/parfjumerija/nabory?p=13,"Назвать романтику и женственность немодными понятиями могут только те, кому не удавалось носить
действительно удачные духи, воспевающие женщину, ее мягкость и нежность
Парфюмер: Philippine Courtière.","Нанести на тело, избегая попадания в глаза.",Франция,13
247,2026-09-29T22:02:58.627603,20260929_212821_59782779,19000413510,parfjumerija/nabory,M.INT,CASHMERE BEIGE,Парфюмерная вода,12400.0,12400.0,0.0,1,0.0,https://goldapple.ru/19000413510-cashmere-beige/,https://goldapple.ru/parfjumerija/nabory?p=13,"Кашемир удивительным образом сочетает в себе мягкость, прочность и способность выделять лучшие черты в любой внешности. Парфюмер: Karine Vinchon Spehner.","Нанести на тело, избегая попадания в глаза.",Франция,13
248,2026-09-29T22:03:06.165718,20260929_212821_59782779,19000491427,parfjumerija/nabory,Creed,QUEEN OF SILK,набор миниатюр парфюмерной воды,18034.0,18034.0,0.0,1,5.0,https://goldapple.ru/19000491427-creed-queen-of-silk/,https://goldapple.ru/parfjumerija/nabory?p=13,"состав набора — Парфюмерная вода Creed Queen of Silk, 10 мл — Парфюмерная вода Creed Queen of Silk, 10 мл — Парфюмерная вода Creed Queen of Silk, 10 мл В набор входят три миниатюры парфюмерной воды Creed Queen of Silk (по 10 мл). Аромат Queen of Silk воплощает роскошный блеск, мягкость и удивительную гладкость шёлка, сплетая воедино ноты китайского османтуса, яванских пачули и мадагаскарской ванили и оставляя соблазнительный и чувственный шлейф. Завораживающая парфюмерная композиция Creed нежно обволакивает кожу и словно окутывает вуалью, сотканной из утончённых нот. В аромате, переносящем в далёкие земли, мастерски соединяются изысканный китайский османтус, ценный шафран, роскошная тубероза, дополненная сочной маракуйей, и мягкие яванские пачули. Пьянящие ноты гармонично переплетаются с насыщенным кедром, агаровым деревом и тёплой мадагаскарской ванилью, создавая стойкий и чувственный аромат, способный быть символом истинной утончённости.",Распылите с небольшого расстояния. Избегайте попадания в глаза.,Франция,13
249,2026-09-29T22:03:14.660384,20260929_212821_59782779,19000471477,parfjumerija/nabory,Adidas,Happy Feels,Подарочный набор,1184.0,1184.0,0.0,1,5.0,https://goldapple.ru/19000471477-adidas-happy-feels/,https://goldapple.ru/parfjumerija/nabory?p=13,"Парфюмерная вода Adidas Vibes Happy Feels — это аромат, который превращает каждый день в маленький праздник. Он создан для тех, кто верит в силу оптимизма и живёт с лёгкостью, открывая радость в простых моментах. Свежий, цветочно-фруктовый унисекс-аромат идеально подходит для ежедневного использования. Он начинает своё звучание с искрящегося, бодрящего экстракта грейпфрута — как мгновенный прилив энергии и хорошего настроения. В сердце аромата раскрывается нежный жасмин, придающий композиции мягкость, гармонию и лёгкую, воздушную чувственность. Вместе они создают сбалансированную, солнечную и позитивную ауру, которая остаётся с вами на протяжении всего дня. Happy Feels входит в коллекцию Adidas Vibes, посвящённую благополучию, самовыражению и гармонии тела и разума. Его создала знаменитый парфюмер Марипьер Жюльен, вдохновлённая внутренней силой, которая рождается, когда мы находимся в равновесии с собой. Этот аромат — не просто парфюм, а лёгкий, свежий импульс к радости, который напомнит вам, что счастье — в моменте, а каждый день может стать особенным. состав набора: — Парфюмерная вода Happy Feels, 100 мл — Гель для душа Happy Feels, 100 мл","Парфюмерная вода: Распылите с расстояния 20-30 см на точки пульса, такие как запястья и шея, или создайте ароматное облако и войдите в него для более легкого и равномерного нанесения. Гель для душа: Нанесите небольшое количество на влажную кожу, вспеньте и тщательно смойте водой.",Испания,13
250,2026-09-29T22:03:25.688029,20260929_212821_59782779,19000413520,parfjumerija/nabory,M.INT,NEON NIGHT,Парфюмерная вода,12400.0,12400.0,0.0,1,0.0,https://goldapple.ru/19000413520-neon-night/,https://goldapple.ru/parfjumerija/nabory?p=13,"Вдохновляет, стимулирует воображение и творчество, придает сил в жаркие дни и чуть греет в дни прохладные. Парфюмер: Hamid Merati-Kashani","Нанести на тело, избегая попадания в глаза.",Франция,13
251,2026-09-29T22:03:34.017506,20260929_212821_59782779,19000471588,parfjumerija/nabory,Adidas,WONDER FORCE,Подарочный набор,1184.0,1184.0,0.0,1,5.0,https://goldapple.ru/19000471588-adidas-wonder-force/,https://goldapple.ru/parfjumerija/nabory?p=13,"Набор Парфюмерная вода для женщин и мужчин  Adidas Vibes Chill Zone включает в себя туалетную воду и гель для душа. Парфюмерная вода Adidas Vibes Chill Zone Eau De Parfum и гель для душа Adidas Vibes Chill Zone Shower Gel — это идеальный дуэт для тех, кто ценит свежесть и энергию в каждом дне.  Флакон парфюмерной воды выполнен в современном минималистичном стиле, отражая динамику и спортивный дух бренда Adidas. Его эргономичная форма удобно ложится в руку, а прозрачное стекло позволяет видеть насыщенный цвет аромата. Парфюмерная вода подходит как для женщин, так и для мужчин, создавая универсальный аромат, который подчеркивает индивидуальность и уверенность. Ноты свежих цитрусовых и древесных аккордов дарят ощущение бодрости и свободы, идеально подходя для активного образа жизни. Гель для душа Adidas Vibes Chill Zone дополняет аромат парфюмерной воды, обеспечивая длительное ощущение свежести и чистоты. Его мягкая формула бережно очищает кожу, оставляя легкий аромат, который сохраняется на протяжении всего дня. Используйте парфюмерную воду на чистую кожу, распыляя на точки пульса для более стойкого аромата. Гель для душа наносите на влажную кожу, вспеньте и тщательно смойте водой. Этот набор станет отличным выбором для ежедневного использования, даря вам заряд энергии и уверенности.","Туалетная вода: Распылите с расстояния 20-30 см на точки пульса, такие как запястья и шея, или создайте ароматное облако и войдите в него для более легкого и равномерного нанесения. Гель для душа: Нанесите небольшое количество на влажную кожу, вспеньте и тщательно смойте водой.",Испания,13
252,2026-09-29T22:03:45.566627,20260929_212821_59782779,19000329376,parfjumerija/nabory,Ormonde Jayne,Qi Intensivo,Дорожный набор духов,24123.0,24123.0,0.0,1,0.0,https://goldapple.ru/19000329376-qi/,https://goldapple.ru/parfjumerija/nabory?p=13,"QI"" (по-русски произносится ""Ки"" или ""Цы"") - обозначает ""дыхание жизни"". Это слово проникло в наш лексикон из древнекитайского языка. Вдохновением в создании этой композиции послужила любовь китайцев к легчайшим и деликатным ароматам. ""Цы"" создан не для того, чтобы поразить окружающих экспрессией, напротив, этот аромат больше захватывает удивительной схожестью с рассветом, лёгким ароматом слабого бриза… ""Цы"" - откровенный, открытый и природный аромат, предназначенный для тех, кто не хочет явно обозначать себя в компании, но чей деликатный образ будет не закончен без него. Набор: Духи Qi Intensivo 10мл*4шт.",Нанести на пульсирующие точки.,Великобритания,13
253,2026-09-29T22:03:52.592038,20260929_212821_59782779,19000511211,parfjumerija/nabory,ONCE PERFUME,Lipsens,Нет категории,4498.0,4498.0,0.0,1,1.0,https://goldapple.ru/19000511211-once-perfume-lipsens/,https://goldapple.ru/parfjumerija/nabory?p=13,"Драгоценный и привлекательный, как золото: поддайтесь искушению силы красоты! Парфюмерный набор Lipsens состоит из двух флаконов парфюмерной воды и косметички, которая позволяет удобно хранить и транспортировать аромат. ** состав набора** — Парфюмерная вода Lipsens Eau de Parfum, 100 мл — Парфюмерная вода Lipsens Eau de Parfum, 10 мл — Косметичка, 12 x 16 x 8 см","Распылите на пульсирующие зоны: запястья, шею, за ушами и внутреннюю сторону локтя. Избегайте контакта с одеждой. Для повышения стойкости рекомендуем наносить на хорошо увлажненную кожу.",Италия,13
254,2026-09-29T22:04:01.315731,20260929_212821_59782779,19000491428,parfjumerija/nabory,Creed,WIND FLOWERS,Нет категории,18034.0,18034.0,0.0,1,5.0,https://goldapple.ru/19000491428-creed-wind-flowers/,https://goldapple.ru/parfjumerija/nabory?p=13,"состав набора — Парфюмерная вода Creed Wind Flowers, 10 мл — Парфюмерная вода Creed Wind Flowers, 10 мл — Парфюмерная вода Creed Wind Flowers, 10 мл В набор входят три миниатюры парфюмерной воды Creed Wind Flowers (по 10 мл). Wind Flowers – это изысканный цветочный аромат с чарующими акцентами, посвящённый изяществу и внутренней силе современной женщины. Утончённая композиция Creed встречает нотой жасмина, окутанной ярким звучанием цветка апельсина и мягкой фруктовой свежестью персика. Насыщенное и глубокое сердце аромата очаровывает цветочными нотами туберозы, жасмина и розы. Тёплый и мягкий оттенок сандала переплетается с чувственным ирисом и мускусом, а тонкая сладость пралине и цветок апельсина делают базу сбалансированной и многогранной.",Распылите с небольшого расстояния. Избегайте попадания в глаза.,Франция,13
255,2026-09-29T22:04:10.102664,20260929_212821_59782779,19000059315,parfjumerija/nabory,ORENS PARFUMS,Serr d'Eden,Парфюмерный набор,23562.0,23562.0,0.0,1,5.0,https://goldapple.ru/19000059315-serr-d-eden/,https://goldapple.ru/parfjumerija/nabory?p=13,"Этот таинственный амбровый аромат открывается свежими и пряными нотами. В сердце аромата гармонично сплетаются ноты кедра и ветивера с нежными цветочными оттенками. Амбра и бальзамический аккорд источают тепло, подчеркивающее чувственное звучание сандаловой древесины.
Объем 2*50 мл.",Нанести на пульсирующие точки,Франция,13
256,2026-09-29T22:04:19.102249,20260929_212821_59782779,19000471473,parfjumerija/nabory,Adidas,Chill Zone,Подарочный набор,1184.0,1184.0,0.0,1,5.0,https://goldapple.ru/19000471473-adidas-chill-zone/,https://goldapple.ru/parfjumerija/nabory?p=13,"Adidas Vibes Chill Zone — подарочный набор, в который входят парфюмерная вода объёмом 100 мл и гель для душа объёмом 100 мл. Оба средства обладают освежающим и ярким ароматом Chill Zone. Парфюмерная вода раскрывается свежими и бодрящими нотами с мягкими древесными и ароматическими оттенками, а гель для душа обеспечивает эффективное очищение и оставляет ощущение свежести. состав набора: — Парфюмерная вода Adidas Vibes Chill Zone, 100 мл — Гель для душа Adidas Vibes Chill Zone, 100 мл","Парфюмерная вода: Распылите с расстояния 20-30 см на точки пульса, такие как запястья и шея, или создайте ароматное облако и войдите в него для более легкого и равномерного нанесения. Гель для душа: Нанесите небольшое количество на влажную кожу, вспеньте и тщательно смойте водой.",Испания,13
257,2026-09-29T22:04:26.514824,20260929_212821_59782779,19000175191,parfjumerija/nabory,Frederic Malle,Essential Collection: Loved By Men,Парфюмерный набор,20100.0,20100.0,0.0,1,5.0,https://goldapple.ru/19000175191-essential-collection-loved-by-men/,https://goldapple.ru/parfjumerija/nabory?p=13,"Бывают дни, когда нельзя забыть первую встречу, не похожую ни на одну другую. Эта тщательно продуманная коллекция включает в себя мужские ароматы, которыми мы особенно гордимся. 
5 ароматов по 7мл: Bigarade Concentree, French Lover, Musc Ravageur, Geranium pour Monsieur, Vetiver Extraordinaire.",Не указано,Франция,13
258,2026-09-29T22:04:34.869755,20260929_212821_59782779,19000004529,parfjumerija/nabory,Vilhelm Parfumerie,Dirty Velvet,Парфюмерная вода,12622.0,12622.0,0.0,1,5.0,https://goldapple.ru/19000004529-dirty-velvet/,https://goldapple.ru/parfjumerija/nabory?p=13,"Однажды жаркой летней ночью под окнами отеля Челси в Нью-Йорке начали собираться прохожие, привлеченные притягательными мелодиями фламенко и джаза, льющимися из окон люкса. Пол этого номера был покрыт лепестками красных роз, а воздух наполнен дымом сигар. Майлз Дэвис играл на трубе, в то время как два танцора фламенко из Андалусии танцевали танго, в перерывах потягивая красное вино. Мелодия, льющаяся из окон, была эротичной, мягкой, словно бархат, и обладала невероятной глубиной. Услышать ноты Парижа – и остаться. В наборе - 3*10мл",Нанести на пульсирующие точки – и ждать комплиментов.,Франция,13
259,2026-09-29T22:04:43.478029,20260929_212821_59782779,19000471483,parfjumerija/nabory,Adidas,Full Recharge,Подарочный набор,1184.0,1184.0,0.0,1,5.0,https://goldapple.ru/19000471483-adidas-full-recharge/,https://goldapple.ru/parfjumerija/nabory?p=13,"Набор Парфюмерная вода для женщин и мужчин Adidas Vibes Happy Feels  включает в себя туалетную воду и гель для душа. Парфюмерная вода Adidas Vibes Happy Feels Eau De Parfum и гель для душа ADIDAS VIBES Happy Feels SHOWER GEL — это идеальный дуэт для тех, кто ценит свежесть и энергию в каждом дне. Флакон парфюмерной воды выполнен в современном стиле, отражая динамику и активность бренда Adidas. Его эргономичная форма удобно ложится в руку, а яркий дизайн подчеркивает жизнерадостность аромата. Парфюмерная вода подходит как для женщин, так и для мужчин, создавая универсальный аромат, который дарит ощущение счастья и бодрости. Ноты цитрусовых и свежих аккордов наполняют энергией и вдохновляют на новые свершения. Гель для душа ADIDAS VIBES Happy Feels SHOWER GEL дополняет аромат парфюмерной воды, обеспечивая мягкое очищение и увлажнение кожи. Его легкая текстура и освежающий аромат делают каждое утро бодрящим и приятным. Используйте этот набор, чтобы начать день с позитивной ноты и зарядиться энергией на весь день. Подходит для ежедневного использования.","Туалетная вода: Распылите с расстояния 20-30 см на точки пульса, такие как запястья и шея, или создайте ароматное облако и войдите в него для более легкого и равномерного нанесения. Гель для душа: Нанесите небольшое количество на влажную кожу, вспеньте и тщательно смойте водой.",Испания,13
260,2026-09-29T22:04:50.805786,20260929_212821_59782779,19000329369,parfjumerija/nabory,Ormonde Jayne,Babylonia,Дорожный набор парфюмерной воды,14025.0,14025.0,0.0,1,5.0,https://goldapple.ru/19000329369-babylonia/,https://goldapple.ru/parfjumerija/nabory?p=13,"Воплощение мягкости и нежности! Оттенки ириса, колокольчиков, фиалок и воздушной сахарной ваты. Романтичная фантазия на тему Висячих Садов древнего Вавилона. Набор: Парфюмерная вода Babylonia 10мл*4шт.","Парфюмерную воду следует наносить с расстояния 10-15 см. на тепловые точки: под коленями, область живота, запястья, сгибы локтей, район солнечного сплетения, точки за ушами, основание шеи со стороны спины, затылок. Как правило на одну точку достаточно один раз нажать на спрей. Растирать парфюмерную воду не рекомендуется, так как это может нарушить правильный процесс раскрытия композиции. Для повышения стойкости рекомендуем наносить на хорошо увлажненную кожу, комбинируя с кремом, молочком или маслом для тела.",Великобритания,13
261,2026-09-29T22:05:10.058526,20260929_212821_59782779,19000319611,parfjumerija/nabory,DESIGNER SHAIK,Petite Perfume Collection for Men,Набор духов и парфюмерной воды,24590.0,24590.0,0.0,1,3.8,https://goldapple.ru/19000319611-petite-perfume-collection-for-men/,https://goldapple.ru/parfjumerija/nabory?p=14,"Коллекция Petite — новейшее дополнение к парфюмерной линейке Shaik, созданное, чтобы прекрасно помещаться в карманах, кошельках и сумочках. Приятный бонус к коллекции – фирменный чехол Petite, изготовленный из натуральной кожи. В набор входит: Opulent Shaik Gold Edition - духи, Opulent Shaik № 77 Classic - духи, Chic Shaik № 70 - парфюмерная вода, Sochi Onyx - парфюмерная вода. 4*4 мл.",Нанести на пульсирующие точки.,Бахрейн,14
262,2026-09-29T22:05:17.962589,20260929_212821_59782779,19000539848,parfjumerija/nabory,Kilian Paris,icon discovery,парфюмерный набор миниатюр,5490.0,5490.0,0.0,1,5.0,https://goldapple.ru/19000539848-kilian-paris-icon-discovery/,https://goldapple.ru/parfjumerija/nabory?p=14,"Пять миниатюр познакомят вас с идеально подобранной коллекцией культовых ароматов Kilian Paris и помогут создать собственный парфюмерный гардероб. Идеальный набор для знакомства с миром Kilian Paris: пять знаковых ароматов в удобном формате, чтобы найти своего фаворита на любой случай и настроение. Good Girl Gone Bad by Kilian — цветочная парфюмерная вода. Ноты флердоранжа, османтуса и туберозы. Love, Don’t Be Shy — цветочно-гурманская парфюмерная вода. Ноты нероли, розы и маршмеллоу. Angels’ Share — амброво-гурманская парфюмерная вода. Ноты коньяка, бобов тонка и дуба. состав набора — парфюмерная вода Smoking Hot, 1,5 мл. — парфюмерная вода Sacred Wood, 1,5 мл. — парфюмерная вода Good Girl Gone Bad by Kilian, 1,5 мл. — парфюмерная вода Love, Don’t Be Shy, 1,5 мл. — парфюмерная вода Angels’ Share, 1,5 мл.","Щедро распылите аромат на точки пульса: запястья, шею и область декольте.",Франция,14
263,2026-09-29T22:05:26.805783,20260929_212821_59782779,19000458006,parfjumerija/nabory,Versace,CRYSTAL NOIR,Нет категории,14535.0,14535.0,0.0,1,5.0,https://goldapple.ru/19000458006-crystal-noir/,https://goldapple.ru/parfjumerija/nabory?p=14,"В состав набора входят: Парфюмерная вода Versace Crystal Noir — 50 мл Парфюмированный гель для душа и ванны — 50 мл Парфюмированный лосьон для тела — 50 мл Глубокий и чувственный аромат Crystal Noir объединил лёгкую остроту перца и имбиря, мягкость кокоса, нежность гардении и теплоту сандала, намекая на многогранность загадочной женской натуры. Цветочные ноты подчёркивают её утончённость, восточные — сексуальность, а мускус и сандал отражают женскую способность дарить и ощущать вдохновение.","1. Гель для душа и ванны: Нанесите на влажную кожу тела, равномерно распределите, затем смойте водой. 2. Лосьон для тела: Нанесите на кожу и распределите массирующими движениями. 3. Парфюмерная вода: Распылите с небольшого расстояния. Избегайте попадания в глаза.",Италия,14
264,2026-09-29T22:05:34.090009,20260929_212821_59782779,19000491423,parfjumerija/nabory,Creed,CARMINA,Нет категории,18034.0,18034.0,0.0,1,2.5,https://goldapple.ru/19000491423-creed-carmina/,https://goldapple.ru/parfjumerija/nabory?p=14,"состав набора — Парфюмерная вода Creed Carmina, 10 мл — Парфюмерная вода Creed Carmina, 10 мл — Парфюмерная вода Creed Carmina, 10 мл В набор входят три миниатюры парфюмерной воды Creed Carmina (по 10 мл). Чувственный аромат Carmina посвящён женскому очарованию, переданному через изысканную ноту розы и роскошный шлейф, в котором переплетаются тёплое древесное звучание кашмерана, соблазнительная амбра и мускус. Парфюмерная композиция открывается нотами чувственной, сочной черешни и благородного пряного шафрана. В сердце аромата расцветает утончённая женственность майской розы, согретой мягким, обволакивающим древесным аккордом и притягательной, пьянящей теплотой амбры и мирры.",Распылите с небольшого расстояния. Избегайте попадания в глаза.,Франция,14
265,2026-09-29T22:05:41.173680,20260929_212821_59782779,19000413523,parfjumerija/nabory,M.INT,PURPLE ECLIPSE,Парфюмерная вода,12400.0,12400.0,0.0,1,0.0,https://goldapple.ru/19000413523-purple-eclipse/,https://goldapple.ru/parfjumerija/nabory?p=14,"В далеких уголках Вьетнама, среди мистических ароматов природы, парфюмер Chris Maurice нашел вдохновение для своего последнего шедевра. ""Purple Eclipse"" – это аромат, родившийся под звездами фруктовых садов и цветущих долин. Сложная пирамида аромата, начиная с ярких нот груши и апельсина, постепенно раскрывается как чарующий рассвет. В сердце этой истории – романтический танец жасмина, розы, гелиотропа и личи, создающий волнующий вихрь эмоций. Завершающие ноты ванили и мускуса, как заключительный аккорд этого удивительного путешествия, сохраняют его в памяти навсегда. ""Purple Eclipse"" – это не просто аромат, это встреча с загадочным фиолетовым затмением, которое оставляет след в сердцах тех, кто решает впустить его в свою жизнь. Откройте для себя этот уникальный момент – ваш собственный фиолетовый эпос в мире ароматов от M.INT.","Нанести на тело, избегая попадания в глаза.",Франция,14
266,2026-09-29T22:05:48.595300,20260929_212821_59782779,19000471486,parfjumerija/nabory,Adidas,Victory League,Подарочный набор,680.0,680.0,0.0,1,5.0,https://goldapple.ru/19000471486-adidas-victory-league/,https://goldapple.ru/parfjumerija/nabory?p=14,"Набор Парфюмерная вода для женщин и мужчин Adidas Vibes Full Recharge включает в себя туалетную воду и гель для душа. Парфюмерная вода Adidas Vibes Full Recharge Eau De Parfum и гель для душа Adidas Vibes Full Recharge Shower Gel — это идеальный дуэт для тех, кто стремится к свежести и энергии на протяжении всего дня. Флакон парфюмерной воды выполнен в современном и динамичном дизайне, отражающем спортивный дух бренда Adidas. Прозрачное стекло позволяет увидеть насыщенный цвет аромата, а удобный распылитель обеспечивает легкость в использовании. Гель для душа представлен в эргономичной упаковке, которая удобно ложится в руку и легко открывается даже в душе.","Туалетная вода: Распылите с расстояния 20-30 см на точки пульса, такие как запястья и шея, или создайте ароматное облако и войдите в него для более легкого и равномерного нанесения. Гель для душа: Нанесите небольшое количество на влажную кожу, вспеньте и тщательно смойте водой.",Испания,14
267,2026-09-29T22:05:55.837590,20260929_212821_59782779,99000034969,parfjumerija/nabory,ELECTIMUSS,TRAJAN,Набор парфюмерной воды,18180.0,18180.0,0.0,1,5.0,https://goldapple.ru/99000034969-trajan/,https://goldapple.ru/parfjumerija/nabory?p=14,"Тревел-набор от Electimuss с атомайзером. Этот радостный и красочный аромат похож на средиземноморское лето во флаконе. Путешествие по Шелковому пути. Вдохните вид сладких цитрусовых рощ, пройдите через поля лаванды и шалфея, а затем на цыпочках пройдите по кедровому лесу и растворитесь в сахаре и специях. Этот аромат универсальный, успокаивающий, поднимающий настроение и совершенно очаровательный.",Не указано,Великобритания,14
268,2026-09-29T22:06:03.046165,20260929_212821_59782779,99000079710,parfjumerija/nabory,AromaGen,"Twilight woods, Thousand wishes, Mango nectar, Sunset glow",Набор миниатюр духов-роллеров,1550.0,1550.0,0.0,1,4.0,https://goldapple.ru/99000079710-twilight-woods-thousand-wishes-mango-nectar-sunset-glow/,https://goldapple.ru/parfjumerija/nabory?p=14,"Набор миниатюр создан специально для знакомства и включает в себя 4 восхитительных аромата: Twilight woods Верхние ноты: дубовый мох Средние ноты: можжевельник, апельсин, грейпфрут Базовые ноты: тополиные почки, табачные листья, бергамот Thousand wishes Верхние ноты: кожура граната Средние ноты: кожа, гранат, можжевельник Базовые ноты: дымные ноты, кедр Mango nectar Верхние ноты: юзу, зеленый манго Средние ноты: манго, мандариновая кожура Базовые ноты: лимон, бергамот, зеленый чай Sunset glow Верхняя нота: лайм, мандарин, цветок апельсина Средние ноты: базилик Базовые ноты: пачули, ветивер Объём каждого флакона 2,5 мл. В наборе предусмотрен мешочек для удобного хранения миниатюр. Любимые ароматы в миниатюрах – это прекрасный вариант для тех, кто хочет иметь всю коллекцию в компактных версиях. А также идеальная возможность познакомиться с ароматами бренда AromaGen и выбрать идеальный для себя. Этот парфюмерный набор - оптимальный выбор в пользу удобства, элегантности и хорошего парфюмерного вкуса. Набор упакован в коробку и может быть отличным вариантом небольшого подарка.","Нанести духи на пульсирующие точки: запястья, сгиб локтя, шею, зону за ушами, ключицы. Обновляйте аромат по мере необходимости.",Россия,14
269,2026-09-29T22:06:10.967920,20260929_212821_59782779,19000445867,parfjumerija/nabory,Versace,BRIGHT CRYSTAL,подарочный парфюмерный набор,13050.0,13050.0,0.0,1,3.0,https://goldapple.ru/19000445867-bright-crystal/,https://goldapple.ru/parfjumerija/nabory?p=14,"Подарочный набор Versace – это идеальное трио, которое дарит удовольствие от весеннего цветочного аккорда и вдохновляющих свежих нот. В набор входит один из бестселлеров бренда – туалетная вода Bright Crystal (50 мл), а также парфюмированный гель для душа и ванны Bright Crystal (50 мл) и лосьон для тела с эффектом сияния Bright Crystal Luminous Body Lotion (50 мл). Свежая парфюмерная композиция Bright Crystal стартует с нот терпкого граната и юзу, а затем плавно переходит к пышному цветочному букету, в котором благоухают нежный пион, магнолия и изысканный лотос. В шлейфе этой туалетной воды ощущаются чувственные мускус и амбра в сочетании с древесными нотами. Многогранная композиция отражает кристальную чистоту и притягательную чувственность, которой невозможно противостоять.","1. Гель для душа и ванны: нанесите на влажную кожу тела, равномерно распределите, затем смойте водой. 2. Лосьон для тела: нанесите на кожу и распределите массирующими движениями. 3. Туалетная вода: распылите с небольшого расстояния. Избегайте попадания средств в глаза.",Италия,14
270,2026-09-29T22:06:18.913531,20260929_212821_59782779,19000413508,parfjumerija/nabory,M.INT,AZURE HAZE,Парфюмерная вода,12400.0,12400.0,0.0,1,0.0,https://goldapple.ru/19000413508-azure-haze/,https://goldapple.ru/parfjumerija/nabory?p=14,"Теплота, умиротворенность, ощущение, что все в жизни идет как должно и приносит счастье - такие чувства навевает томное летнее утро на экзотическом побережье. Парфюмер Гарри Фремон (Harry Fremont).","Нанести на тело, избегая попадания в глаза.",Франция,14
271,2026-09-29T22:06:28.245693,20260929_212821_59782779,19000514299,parfjumerija/nabory,EX NIHILO,Blue talisman,Набор миниатюр духов,34850.0,34850.0,0.0,1,0.0,https://goldapple.ru/19000514299-ex-nihilo-blue-talisman/,https://goldapple.ru/parfjumerija/nabory?p=14,"Дорожный набор из пяти флаконов по 7,5 мл каждый с духами «Blue talisman» предназначен для ценителей изысканных ароматов в удобном формате для путешествий. Этот набор позволит вам насладиться любимым ароматом в любом месте и в любое время. состав набора — Духи «Blue talisman», 5 флаконов по 7,5 мл","Нанесите 1–2 распыления аромата на запястья, шею и точки пульса. Не растирайте — это может изменить звучание композиции. Позвольте аромату раскрыться естественно.",Франция,14
272,2026-09-29T22:06:35.823483,20260929_212821_59782779,19000319612,parfjumerija/nabory,DESIGNER SHAIK,Petite Perfume Collection for Women,Набор духов и парфюмерной воды,24590.0,24590.0,0.0,1,3.5,https://goldapple.ru/19000319612-petite-perfume-collection-for-women/,https://goldapple.ru/parfjumerija/nabory?p=14,"Коллекция Petite — новейшее дополнение к парфюмерной линейке Shaik, созданное, чтобы прекрасно помещаться в карманах, кошельках и сумочках. Приятный бонус к коллекции – фирменный чехол Petite, изготовленный из натуральной кожи. В набор входит: Opulent Shaik Gold Edition - духи, Opulent Shaik № 33 Classic - духи, Chic Shaik № 30 - парфюмерная вода, Sochi Onyx - парфюмерная вода. 4*4 мл.",Нанести на пульсирующие точки.,Бахрейн,14
273,2026-09-29T22:06:43.474050,20260929_212821_59782779,19000109148,parfjumerija/nabory,PRESS GURWITZ PERFUMERIE,"№3, 9, 14",Нет категории,6264.0,6264.0,0.0,1,3.0,https://goldapple.ru/19000109148-no3-9-14/,https://goldapple.ru/parfjumerija/nabory?p=14,"Парфюмерный сет Press Gurwitz Perfumerie №3, №9, №14. В сет входят: 1. Парфюмерная вода Press Gurwitz Perfumie№3 c нотами табака, корицы и ванили 2. Парфюмерная вода Press Gurwitz Perfumie№9 с нотами цитрусовых, сандала и кедра. 3. Парфюмерная вода Press Gurwitz Perfumie№ 14 с нотами ванили, кардамона и сосны.",Распылять на кожу или одежду с расстояния 50 см. Можно брызнуть парфюмом в воздухе перед собой и войти в облако аромата. Для усиления стойкости наносить на разогретое тело.,Россия,14
274,2026-09-29T22:06:51.052385,20260929_212821_59782779,19000413511,parfjumerija/nabory,M.INT,Eternal love,Нет категории,12400.0,12400.0,0.0,1,0.0,https://goldapple.ru/19000413511-mint-eternal-love/,https://goldapple.ru/parfjumerija/nabory?p=14,"«Eternal Love» — это завораживающее творение знаменитого парфюмера Криса Мауриса (Chris Maurice). Этот аромат — ода вечной любви, симфония ярких, чувственных и страстно манящих нот, созданная для того, чтобы пленять и очаровывать. Верхние ноты розы, бергамота, грейпфрута и персика создают мгновенную, насыщенную притягательность. В сердце раскрывается чарующий букет фиалки, жасмина, ландыша и мускатного ореха, добавляющий глубину и загадочность. Базовые ноты мускуса, пачули, ветивера, ванили и талька оставляют неизгладимое, элегантное впечатление. С «Eternal Love» обладатель аромата становится центром внимания, воплощая в себе непреодолимое обаяние и изысканность. Окунитесь в мир вечной романтики и позвольте магии «Eternal Love» сделать каждый момент незабываемым. состав набора: — Парфюмерная вода ""Eternal love"", 2 шт х 20 мл","Распылите на пульсирующие зоны: запястья, шею, за ушами и внутреннюю сторону локтя. Избегайте контакта с одеждой. Для повышения стойкости рекомендуем наносить на хорошо увлажненную кожу.",Франция,14
275,2026-09-29T22:06:58.457013,20260929_212821_59782779,19000530290,parfjumerija/nabory,CHRISTINE LAVOISIER PARFUMS,Clutch collection,Набор туалетной воды,1541.0,1541.0,0.0,1,4.0,https://goldapple.ru/19000530290-christine-lavoisier-parfums-clutch-collection/,https://goldapple.ru/parfjumerija/nabory?p=14,"Love is choco… — это настоящая конфетка во флаконе, которая заставит вас чувствовать себя как в шоколадном раю. Strawberry — ягодный взрыв, который наполнит ваш день яркими эмоциями и позитивными вибрациями. Cherry Kiss — экстравагантный и дерзкий аромат, который станет настоящим акцентом вашего образа. Vanilla dream — нежный и романтичный аромат, который позволит вам окунуться в мир мечтаний и фантазий. состав набора: — Туалетная вода ""Vanilla Dream"", 14 мл — Туалетная вода ""Strawberry"", 14 мл — Туалетная вода ""Cherry Kiss"", 14 мл — Туалетная вода ""Love is… choco"", 14 мл",Распылите на одежду или в воздух и пройдите сквозь ароматное облако.,Россия,14
276,2026-09-29T22:07:07.040543,20260929_212821_59782779,19000413524,parfjumerija/nabory,M.INT,Quantum,Дорожный набор парфюмерной воды,12400.0,12400.0,0.0,1,0.0,https://goldapple.ru/19000413524-mint-quantum/,https://goldapple.ru/parfjumerija/nabory?p=14,"Представляем ""Quantum"" — новаторский аромат, созданный выдающимся парфюмером Крисом Маурисом (Chris Maurice). Этот городской шедевр переосмысливает стиль благодаря своей уникальной, многогранной композиции, в которой интригующая главная нота колы гармонично сочетается с древесными, амбровыми и мускусными оттенками. Разработанный как унисекс-аромат, ""Quantum"" идеально подходит для повседневного использования, объединяя комфорт и утонченность. Прекрасный выбор для прогрессивных ценителей парфюмерии, этот аромат приглашает тех, кто жаждет новых эмоций и любит нишевые ароматы, отправиться в захватывающее чувственное путешествие. Испытайте будущее парфюмерии с ""Quantum"" — там, где инновации встречаются с элегантностью в каждом распылении. состав набора: — Парфюмерная вода ""Quantum"", 2 шт х 20 мл","Распылите на пульсирующие зоны: запястья, шею, за ушами и внутреннюю сторону локтя. Избегайте контакта с одеждой. Для повышения стойкости рекомендуем наносить на хорошо увлажненную кожу.",Франция,14
277,2026-09-29T22:07:15.064700,20260929_212821_59782779,19000413527,parfjumerija/nabory,M.INT,TIME TO TARGET,Парфюмерная вода,12400.0,12400.0,0.0,1,0.0,https://goldapple.ru/19000413527-time-to-target/,https://goldapple.ru/parfjumerija/nabory?p=14,"Как бы ни хотелось мужчинам казаться серьезными и занятыми исключительно решением вопросов мирового значения, кружить женские головы им хочется очень - втайне или откровенно. Интеллект, чувство стиля и аромат - главные помощники в этой увлекательной игре. Парфюмер: Karine Vinchon Spehner.","Нанести на тело, избегая попадания в глаза.",Франция,14
278,2026-09-29T22:07:21.998432,20260929_212821_59782779,19000485602,parfjumerija/nabory,Versace,Eros Pour Femme,подарочный парфюмерный набор,18135.0,18135.0,0.0,1,0.0,https://goldapple.ru/19000485602-versace-eros-pour-femme/,https://goldapple.ru/parfjumerija/nabory?p=14,"В изысканный подарочный набор VERSACE для женщин входят парфюмерная вода EROS POUR FEMME (100 мл), её удобная миниатюра (5 мл), а также парфюмированный лосьон для тела и парфюмированный гель для душа и ванны. Чарующая парфюмерная композиция EROS POUR FEMME объединяет ноты свежих цитрусов, сочного граната, жасмина и чувственного мускуса, воплощая силу женственности. Соблазнительный аромат подчеркивает индивидуальность и оставляет притягательный шлейф. состав набора — Парфюмерная вода EROS POUR FEMME, 100 мл — Миниатюра парфюмерной воды EROS POUR FEMME, 5 мл — Парфюмированный лосьон для тела EROS POUR FEMME, 100 мл — Парфюмированный гель для душа и ванны EROS POUR FEMME, 100 мл","Гель для душа и ванны: Нанесите на влажную кожу тела, равномерно распределите, затем смойте водой. Лосьон для тела: Нанесите на кожу и распределите массирующими движениями. Парфюмерная вода: Распылите с небольшого расстояния. Избегайте попадания в глаза.",Италия,14
279,2026-09-29T22:07:30.651028,20260929_212821_59782779,19000485579,parfjumerija/nabory,Moschino,TOY 2,подарочный парфюмерный набор,11880.0,11880.0,0.0,1,0.0,https://goldapple.ru/19000485579-moschino-toy-2/,https://goldapple.ru/parfjumerija/nabory?p=14,"Подарочный набор TOY 2 – это чарующее трио, окутывающее облаком игривого и свежего аромата. В изысканный подарочный набор MOSCHINO входят парфюмерная вода TOY 2, парфюмированный гель для душа, мягко очищающий кожу тела, и парфюмированный лосьон для тела, который дарит увлажнение и тонкий аромат. Парфюмерную композицию TOY 2 открывают сочные ноты яблока, мандарина и магнолии. В сердце композиции чистую и утонченную ноту жасмина дополняют бархатистое звучание пиона и свежесть белой смородины. Амбра и сандал придают аромату невероятную чувственность, а мускус окутывает нежностью. состав набора — Парфюмерная вода TOY 2, 50 мл — Парфюмированный гель для душа TOY 2, 50 мл — Парфюмированный лосьон для тела TOY 2, 50 мл","Гель для душа: Нанесите на влажную кожу тела, аккуратно распределите, затем смойте водой. Лосьон для тела: Нанесите на кожу и равномерно распределите массирующими движениями. Парфюмерная вода: Распылите с небольшого расстояния. Избегайте попадания в глаза.",Италия,14
280,2026-09-29T22:07:38.727311,20260929_212821_59782779,19000413525,parfjumerija/nabory,M.INT,Spring spirit,Дорожный набор парфюмерной воды,12400.0,12400.0,0.0,1,0.0,https://goldapple.ru/19000413525-mint-spring-spirit/,https://goldapple.ru/parfjumerija/nabory?p=14,"Представляем ""Spring Spirit"" — восхитительное творение знаменитого парфюмера Криса Мауриса (Chris Maurice). Этот аромат воплощает сущность весны, где главная нота цветков липы переплетается с нежным медовым оттенком. Верхние ноты липового цвета, свежей травы, бергамота и лимона пробуждают яркую свежесть весеннего утра. В сердце раскрывается гармоничная комбинация фиалки, розы, гелиотропа и меда, создавая романтичную и вдохновляющую атмосферу. Базовые ноты пачули и мускуса придают аромату глубину и тепло, идеально завершая композицию. ""Spring Spirit"" — это ода обновлению и радости, идеально подходящая для тех, кто ценит яркую энергетику весны. состав набора: — Парфюмерная вода ""Spring spirit"", 2 шт х 20 мл","Распылите на пульсирующие зоны: запястья, шею, за ушами и внутреннюю сторону локтя. Избегайте контакта с одеждой. Для повышения стойкости рекомендуем наносить на хорошо увлажненную кожу.",Франция,14
281,2026-09-29T22:07:56.777474,20260929_212821_59782779,19000491422,parfjumerija/nabory,Creed,AVENTUS COLOGNE,набор миниатюр парфюмерной воды,18034.0,18034.0,0.0,1,1.0,https://goldapple.ru/19000491422-creed-aventus-cologne/,https://goldapple.ru/parfjumerija/nabory?p=15,"состав набора — Парфюмерная вода Creed Aventus Cologne, 10 мл — Парфюмерная вода Creed Aventus Cologne, 10 мл — Парфюмерная вода Creed Aventus Cologne, 10 мл В набор входят три миниатюры парфюмерной воды Creed Aventus Cologne (по 10 мл). Парфюмерная вода Aventus Cologne – это культовая классика с бунтарскими современными акцентами. Аромат, обладающий свежестью одеколона и насыщенностью парфюмерной воды, подчёркивает внутреннюю силу, стойкость характера и стремление к успеху. Бодрящая парфюмерная композиция Creed заряжает свежестью и энергией. Трио мандарина, имбиря и розового перца создаёт яркое первое впечатление, плавно уступая место сердцу аромата, в котором гармонично звучат ветивер, пачули и сандал. Бальзамическая база эффектно завершает композицию благодаря чувственным нотам стиракса, берёзы и мускуса.",Распылите с небольшого расстояния. Избегайте попадания в глаза.,Франция,15
282,2026-09-29T22:08:04.955954,20260929_212821_59782779,19000472680,parfjumerija/nabory,Vilhelm Parfumerie,10 Year Anniversary,Набор парфюмерной воды,23375.0,23375.0,0.0,1,0.0,https://goldapple.ru/19000472680-10-year-anniversary/,https://goldapple.ru/parfjumerija/nabory?p=15,"Юбилейный набор 10th anniversary: вдохновение может звучать по-разному. — Dear Polly, 100 мл. — аромат, который парфюмер сделал для своей возлюбленной. Как чашка крепкого черного чая, он согревает изнутри и наполняет день светом. Тихая безмятежность, которая медленно раскрывается на коже. — Poets of Berlin, 10 мл. — квинтэссенция смелости и самовыражения. Аромат, в котором живет дух Берлина, вдохновлявшего Боуи на творчество без границ. Пульс большого города, энергия искусства и эксперимента. Наши бестселлеры — два аромата, два полюса вдохновения. Будьте с ними на одной волне в любое время года!",Нанести на пульсирующие точки.,Франция,15
283,2026-09-29T22:08:12.606799,20260929_212821_59782779,19000485589,parfjumerija/nabory,Versace,CRYSTAL EMERALD,Нет категории,15112.0,15112.0,0.0,1,0.0,https://goldapple.ru/19000485589-versace-crystal-emerald/,https://goldapple.ru/parfjumerija/nabory?p=15,"Подарочный набор для женщин VERSACE включает парфюмерную воду CRYSTAL EMERALD, миниатюру парфюмерной воды, парфюмированный гель для душа и ванны, а также парфюмированный лосьон для тела. Чарующий аромат CRYSTAL EMERALD наполняет цветочными нотами, подчеркивающими энергию и элегантность современной женщины, любящей выделяться. Композиция начинается с фруктовой свежести благодаря нотам калабрийского бергамота, персика и розового перца. В сердце аромата раскрывается аккорд зеленого бутона розы, жасмина и малинового сорбета. Базовые ноты белого мускуса, бобов тонка и ладана создают неповторимый шлейф. состав набора — Парфюмерная вода CRYSTAL EMERALD, 90 мл — Миниатюра парфюмерной воды CRYSTAL EMERALD, 5 мл — Парфюмированный гель для душа и ванны CRYSTAL EMERALD, 100 мл — Парфюмированный лосьон для тела CRYSTAL EMERALD, 100 мл","Парфюмерная вода: Распылите с небольшого расстояния. Избегайте попадания в глаза. Гель для душа и ванны: Нанесите на влажную кожу тела, равномерно распределите, затем смойте водой. Лосьон для тела: Нанесите на кожу и распределите массирующими движениями.",Италия,15
284,2026-09-29T22:08:21.503339,20260929_212821_59782779,19000475518,parfjumerija/nabory,Loewe,Solo ella,Нет категории,19360.0,19360.0,0.0,1,0.0,https://goldapple.ru/19000475518-solo-ella-solo-ella-elixir/,https://goldapple.ru/parfjumerija/nabory?p=15,"В этот эксклюзивный подарочный набор входят:
Парфюмерная вода LOEWE Solo Ella 100 мл, миниатюра парфюмерной воды LOEWE Solo Ella 10 мл и комплементарный аромат парфюмерная вода LOEWE Solo Ella Elixir объемом 10 мл.","Небольшое количество нанести на тело, избегая попадания в глаза.",Франция,15
285,2026-09-29T22:08:30.103561,20260929_212821_59782779,19000485584,parfjumerija/nabory,Moschino,TOY 2 BUBBLE GUM,подарочный парфюмерный набор,13320.0,13320.0,0.0,1,0.0,https://goldapple.ru/19000485584-moschino-toy-2-bubble-gum/,https://goldapple.ru/parfjumerija/nabory?p=15,"В подарочный набор MOSCHINO с вдохновляющим и ярким дизайном входят туалетная вода TOY 2 BUBBLE GUM (100 мл), её миниатюра, которую удобно носить с собой или брать в путешествия, и парфюмированный лосьон для тела (100 мл). Лосьон увлажняет и смягчает кожу, оставляя на ней нежный аромат. Женственная и вдохновляющая композиция TOY 2 BUBBLE GUM с игривыми нотами жевательной резинки поднимает настроение и заряжает позитивной энергией. В аромате, пробуждающем радость, звучат многогранная роза, сочный персик, засахаренные цитрусы и спелая черная смородина. Имбирь и корица придают аромату лёгкую остроту, а древесные ноты и нежный мускус делают его элегантным. состав набора — Туалетная вода TOY 2 BUBBLE GUM, 100 мл — Миниатюра туалетной воды — Парфюмированный лосьон для тела TOY 2 BUBBLE GUM, 100 мл","Лосьон для тела: Нанесите на кожу и равномерно распределите массирующими движениями. Туалетная вода: Распылите с небольшого расстояния, избегая попадания в глаза.",Италия,15
286,2026-09-29T22:08:38.026336,20260929_212821_59782779,19000514304,parfjumerija/nabory,EX NIHILO,Iconique,Набор миниатюр парфюмерной воды,22950.0,22950.0,0.0,1,0.0,https://goldapple.ru/19000514304-ex-nihilo-iconique/,https://goldapple.ru/parfjumerija/nabory?p=15,"Дорожный набор включает пять уникальных ароматов по 7,5 мл каждый. В этом комплекте представлены ароматы 'Blue talisman', 'Fleur narcotique', 'The hedonist', 'Lust in paradise' и 'Santal Calling'. состав набора — Парфюмерная вода «Blue Talisman», 7,5 мл — Парфюмерная вода «Fleur Narcotique», 7,5 мл — Парфюмерная вода «The Hedonist», 7,5 мл — Парфюмерная вода «Lust in Paradise», 7,5 мл — Парфюмерная вода «Santal Calling», 7,5 мл","Нанесите 1–2 распыления аромата на запястья, шею и точки пульса. Не растирайте — это может изменить звучание композиции. Позвольте аромату раскрыться естественно.",Франция,15
287,2026-09-29T22:08:46.066864,20260929_212821_59782779,19000485591,parfjumerija/nabory,Versace,Dylan Purple,подарочный парфюмерный набор,15112.0,15112.0,0.0,1,0.0,https://goldapple.ru/19000485591-versace-dylan-purple/,https://goldapple.ru/parfjumerija/nabory?p=15,"В подарочный набор VERSACE входят парфюмерная вода DYLAN PURPLE pour femme (100 мл), её миниатюра (5 мл), парфюмированный гель для душа и ванны (100 мл) и парфюмированный лосьон для тела (100 мл). Парфюмерная вода VERSACE олицетворяет гипнотическую ауру морского заката, пурпурное сияние летнего вечера и лёгкий бриз. Яркий и элегантный аромат Dylan Purple объединяет ноты искрящегося бергамота, пробуждающего радость апельсина и сочной груши, которая придаёт композиции игривое звучание. В сердце аромата яркой вспышкой раскрывается пленительная фрезия, нежность которой подчеркивают молекулы Mahonial и Pomarose. Гель для душа мягко очищает кожу тела и окутывает вуалью цветочных и фруктовых нот. Нежный лосьон увлажняет кожу тела и придаёт ей изысканный аромат, идеально сочетающийся с парфюмерной водой. состав набора — Парфюмерная вода DYLAN PURPLE pour femme, 100 мл — Миниатюра парфюмерной воды DYLAN PURPLE pour femme, 5 мл — Парфюмированный гель для душа и ванны DYLAN PURPLE Perfumed Bath & Shower Gel, 100 мл — Парфюмированный лосьон для тела DYLAN PURPLE Perfumed Body Lotion, 100 мл","Гель для душа и ванны: Нанесите на влажную кожу тела, равномерно распределите, затем смойте водой. Лосьон для тела: Нанесите на кожу и распределите массирующими движениями. Парфюмерная вода: Распылите с небольшого расстояния. Избегайте попадания в глаза.",Италия,15
288,2026-09-29T22:08:56.394434,20260929_212821_59782779,19000531851,parfjumerija/nabory,Maison Francis Kurkdjian,Gentle fluidity silver,набор рефилов парфюмерной воды,14800.0,14800.0,0.0,1,0.0,https://goldapple.ru/19000531851-maison-francis-kurkdjian-gentle-fluidity-silver/,https://goldapple.ru/parfjumerija/nabory?p=15,"Одинаковые ноты, две индивидуальности. Ингредиенты в составе ароматов полностью раскрывают свой потенциал, чтобы создать два уникальных парфюма, несмотря на одинаковые ноты — ягоды можжевельника, мускатный орех, кориандр, мускус, амбра и ваниль. Дуэт Gentle Fluidity родился из воображения парфюмера и предлагает две ольфакторные вселенные — для него и для неё. В парфюмерной воде Gentle Fluidity Silver от Maison Francis Kurkdjian преобладают мускатный орех и амброво‑древесный аккорд, создавая комфортный и яркий шлейф. Эссенция ягод можжевельника открывает ультрасвежую и ароматическую верхнюю ноту, похожую на знаменитый коктейль gin fizz, сбалансированную сухими пряными нотами и нежными нотами мускатного ореха. Альтернативно мягкие и обволакивающие, мощные и сухие амбро‑древесные грани появляются на заднем плане. Ароматическая древесная парфюмерная вода Gentle Fluidity Silver — свободная и комфортная, глубоко меняющаяся. Чтобы насладиться моментом ухода за собой и продлить звучание вашего аромата, попробуйте также другие продукты из линии Gentle Fluidity Silver: очищающий парфюмированный гель для душа и парфюмированный лосьон для рук и тела. В наборе 3 рефила по 11 мл.","Нанести аромат на запястья, шею и точки пульса.",Франция,15
289,2026-09-29T22:09:06.117291,20260929_212821_59782779,19000485583,parfjumerija/nabory,Moschino,TOY 2 BUBBLE GUM,подарочный парфюмерный набор,10800.0,10800.0,0.0,1,0.0,https://goldapple.ru/19000485583-moschino-toy-2-bubble-gum/,https://goldapple.ru/parfjumerija/nabory?p=15,"В стильный подарочный набор MOSCHINO с ярким, весенним дизайном входят туалетная вода TOY 2 BUBBLE GUM (50 мл), парфюмированный гель для душа и ванны (50 мл), деликатно очищающий кожу тела, и парфюмированный лосьон для тела (50 мл), который увлажняет и смягчает кожу, оставляя на ней нежный аромат. Женственная и вдохновляющая композиция TOY 2 BUBBLE GUM с игривыми нотами жевательной резинки поднимает настроение и заряжает позитивной энергией. В аромате, пробуждающем радость, звучат многогранная роза, сочный персик, засахаренные цитрусы и спелая черная смородина. Имбирь и корица придают аромату лёгкую остроту, а древесные ноты и нежный мускус делают его элегантным. состав набора — Туалетная вода TOY 2 BUBBLE GUM, 50 мл — Парфюмированный гель для душа и ванны, 50 мл — Парфюмированный лосьон для тела, 50 мл","Гель для душа и ванны: Нанесите на влажную кожу тела, аккуратно распределите, затем смойте водой. Лосьон для тела: Нанесите на кожу и равномерно распределите массирующими движениями. Туалетная вода: Распылите с небольшого расстояния. Избегайте попадания в глаза.",Италия,15
290,2026-09-29T22:09:15.064174,20260929_212821_59782779,19000485596,parfjumerija/nabory,Versace,Eros Pour Homme,подарочный парфюмерный набор,15210.0,15210.0,0.0,1,0.0,https://goldapple.ru/19000485596-versace-eros-pour-homme/,https://goldapple.ru/parfjumerija/nabory?p=15,"В элегантный подарочный набор VERSACE входят туалетная вода для мужчин EROS (100 мл), её удобная миниатюра (5 мл) и парфюмированный гель для душа и ванны EROS (150 мл). Интригующая композиция, олицетворяющая абсолютную мужественность, объединяет свежесть мяты, цедры лимона и зеленого яблока, чувственность нот бобов тонка, амброксана, герани и ванили, а также притягательность кедра, ветивера и дубового мха. Этот аромат – ода мужской силе духа, смелости и страсти. состав набора — туалетная вода EROS, 100 мл — миниатюра туалетной воды EROS, 5 мл — парфюмированный гель для душа и ванны EROS, 150 мл","Распылите на пульсирующие зоны: запястья, шею, за ушами и внутреннюю сторону локтя. 
Избегайте контакта с одеждой. 
Для повышения стойкости рекомендуем наносить на хорошо увлажненную кожу.",Италия,15
291,2026-09-29T22:09:25.060782,20260929_212821_59782779,99000091761,parfjumerija/nabory,AromaGen,№5,Набор миниатюр духов-роллеров,1550.0,1550.0,0.0,1,3.0,https://goldapple.ru/99000091761-no5/,https://goldapple.ru/parfjumerija/nabory?p=15,"Миниатюры — это прекрасный вариант для тех, кто хочет иметь всю коллекцию в компактных версиях. Их удобно брать в поездки, хранить в сумочке и в ящике рабочего стола. А также это идеальная возможность познакомиться с ароматами бренда AromaGen и выбрать идеальный для себя. Набор упакован в коробку и может быть отличным вариантом небольшого подарка. Набор миниатюр создан специально для знакомства и включает в себя 4 восхитительных аромата: Blackberry nigths. Верхние ноты: сладкая ежевика, белые цветы, грейпфрут. Средние ноты: лист черной смородины, лавр. Базовые ноты: белый кедр и ветивер. Magic in the air. Верхние ноты: слива, груша, лесные ягоды. Средние ноты: белая фрезия. Базовые ноты: древесные ноты, мускус. The silence. Верхние ноты: лесные ягоды, мандарин. Средние ноты: франжипани, жимолость, фрезия. Базовые ноты: уд, ваниль, мускус. Mango nectar. Верхние ноты: юзу, зеленый манго. Средние ноты: мандарин, кожура мандарина. Базовые ноты: зеленый чай, бергамот, лимон. Объём каждого флакона 2,5 мл.","Нанести духи на пульсирующие точки: запястья, сгиб локтя, шею, зону за ушами, ключицы. Обновляйте аромат по мере необходимости.",Россия,15
292,2026-09-29T22:09:34.749222,20260929_212821_59782779,19000485588,parfjumerija/nabory,Versace,YELLOW DIAMOND,подарочный парфюмерный набор,16740.0,16740.0,0.0,1,0.0,https://goldapple.ru/19000485588-versace-yellow-diamond/,https://goldapple.ru/parfjumerija/nabory?p=15,"Аромат Yellow Diamond — подлинный бриллиант коллекции Versace. Он подобен солнечному свету — яркий, сияющий и лучистый. Насладиться многогранной композицией позволит изысканный набор, в который входят туалетная вода для женщин Yellow Diamond (90 мл), её миниатюра (5 мл), парфюмированный гель для душа (100 мл) и парфюмированный лосьон для тела (100 мл). Вдохновляющий аромат стартует с завораживающих нот лимона, бергамота, нероли и грушевого сорбета. В сердце композиции раскрываются белая водяная лилия, фрезия, цветы апельсина и мимоза. Базовые древесные ноты и мускус подчеркивают чувственный, яркий и женственный характер композиции. состав набора — Туалетная вода Yellow Diamond, 90 мл — Миниатюра туалетной воды Yellow Diamond, 5 мл — Парфюмированный гель для душа, 100 мл — Парфюмированный лосьон для тела, 100 мл","Гель для душа и ванны нанесите на влажную кожу тела, равномерно распределите, затем смойте водой. Лосьон для тела нанесите на кожу и распределите массирующими движениями. Туалетную воду распылите с небольшого расстояния. Избегайте попадания в глаза.",Италия,15
293,2026-09-29T22:09:45.574712,20260929_212821_59782779,19000514300,parfjumerija/nabory,EX NIHILO,Iconique 2,Нет категории,45900.0,45900.0,0.0,1,0.0,https://goldapple.ru/19000514300-ex-nihilo-iconique-2/,https://goldapple.ru/parfjumerija/nabory?p=15,"Набор миниатюр парфюмированных вод включает в себя пять уникальных ароматов, каждый из которых обладает своей изысканной композицией. Это отличный способ познакомиться с разнообразием ароматов и выбрать для себя идеальное сочетание. Blue Talisman — аромат, созданный для тех, кто ценит свежесть и утонченность. Композиция раскрывается нотами голубого фужера, окруженного легким облаком морского бриза. Fleur Narcotique — это аромат, который завораживает своей цветочной композицией, насыщенной и глубококой, вызывающей необычайное чувство эйфории. The Hedonist — аромат, воплощающий дух удовольствия. Он завораживает гурманскими акцентами, плавно переходящими в тёплые древесные ноты. Lust in Paradise — аромат, передающий радость и ощущение беззаботности, как на тропическом пляже. Светлые фруктовые ноты переплетаются с солнечными оттенками. Gold Immortals — это аромат роскоши и вечности, в котором золотые ноты гармонично сочетаются с древесно-амбровым аккордом. состав набора — Духи «Blue Talisman», 10 мл — Духи «Fleur Narcotique», 10 мл — Духи «The Hedonist», 10 мл — Духи «Lust in Paradise», 10 мл — Духи «Gold Immortals», 10 мл","Нанесите 1–2 распыления аромата на запястья, шею и точки пульса. Не растирайте — это может изменить звучание композиции. Позвольте аромату раскрыться естественно.",Франция,15
294,2026-09-29T22:09:55.250098,20260929_212821_59782779,19000538165,parfjumerija/nabory,Kenzo,Flower by Kenzo Poppy Bouquet,Нет категории,4722.0,4722.0,0.0,1,0.0,https://goldapple.ru/19000538165-kenzo-flower-by-kenzo-poppy-bouquet/,https://goldapple.ru/parfjumerija/nabory?p=15,"Flower by Kenzo Poppy Bouquet — изящная цветочная композиция, которая отдаёт дань традициям и японской эстетике бренда. В её сердце — гармоничное сочетание нежной дамасской розы с её сладковатым оттенком, лучезарного жасмина и пленительной гардении. Акценты миндального дерева добавляют аромату мягкую глубину и особую утончённость. состав набора — Парфюмерная вода Flower By Kenzo Poppy Bouquet, 30 мл — Парфюмерная вода Flower By Kenzo Poppy Bouquet, 10 мл","Распылите на пульсирующие зоны: запястья, шею, за ушами и внутреннюю сторону локтя. Избегайте контакта с одеждой. Для повышения стойкости рекомендуем наносить на хорошо увлажненную кожу.",Франция,15
295,2026-09-29T22:10:02.854342,20260929_212821_59782779,19000444982,parfjumerija/nabory,Moschino,TOY 2 pearl,Подарочный парфюмерный набор,7920.0,7920.0,0.0,1,0.0,https://goldapple.ru/19000444982-toy-2/,https://goldapple.ru/parfjumerija/nabory?p=15,"Парфюмерная вода MOSCHINO ""TOY 2 PEARL"". Объем: 50 мл. Парфюмированный гель для душа и ванны MOSCHINO ""TOY 2 PEARL"". Гель для душа мягко и эффективно очищает кожу тела, оставляя на ней чарующий аромат. Игривая и переливающаяся композиция с нотами лимонного сорбета, жасмина, орегано, фрезии и песка переносит на залитый солнцем и омываемый свежими морскими волнами райский остров. Объем: 50 мл. Парфюмированный лосьон для тела MOSCHINO ""TOY 2 PEARL"". Парфюмированный лосьон для тела увлажняет и смягчает кожу, оставляя на ней тонкий аромат. Игривая и переливающаяся композиция с нотами лимонного сорбета, жасмина, орегано, фрезии и песка переносит на залитый солнцем и омываемый свежими морскими волнами райский остров. Объем: 50 мл.","Парфюмированный гель для душа и ванны MOSCHINO ""TOY 2 PEARL"": Добавьте в ванну или нанесите на влажную кожу тела во время принятия душа, вспеньте и распределите круговыми массажными движениями, затем смойте водой. Парфюмированный лосьон для тела MOSCHINO ""TOY 2 PEARL"": Нанесите на чистую кожу тела и распределите круговыми массажными движениями до полного впитывания.",Италия,15
296,2026-09-29T22:10:11.695362,20260929_212821_59782779,19000485605,parfjumerija/nabory,Versace,MAN EAU FRAICHE,подарочный парфюмерный набор,15210.0,15210.0,0.0,1,0.0,https://goldapple.ru/19000485605-versace-man-eau-fraiche/,https://goldapple.ru/parfjumerija/nabory?p=15,"В изысканный и яркий подарочный набор VERSACE для мужчин входят туалетная вода Eau Fraiche (100 мл), её миниатюра (5 мл) и парфюмированный гель для душа и ванны (150 мл). Парфюмерная композиция Eau Fraiche – это новое измерение свежести. Бодрящие цитрусовые ноты и эстрагон в сочетании с шалфеем, розовым деревом, экзотической карамболой и кедром формируют чувственный и манящий аромат свободы. Древесный аккорд, амбра и мускус делают свежую композицию более многогранной и притягательной. состав набора — Туалетная вода Eau Fraiche, 100 мл — Миниатюра туалетной воды Eau Fraiche, 5 мл — Парфюмированный гель для душа и ванны, 150 мл","Распылите на пульсирующие зоны: запястья, шею, за ушами и внутреннюю сторону локтя. 
Избегайте контакта с одеждой. 
Для повышения стойкости рекомендуем наносить на хорошо увлажненную кожу.",Италия,15
297,2026-09-29T22:10:20.633686,20260929_212821_59782779,19000485604,parfjumerija/nabory,Versace,MAN EAU FRAICHE,подарочный парфюмерный набор,11610.0,11610.0,0.0,1,0.0,https://goldapple.ru/19000485604-versace-man-eau-fraiche/,https://goldapple.ru/parfjumerija/nabory?p=15,"В изысканный и яркий подарочный набор VERSACE для мужчин входят туалетная вода Eau Fraiche, парфюмированный бальзам после бритья и парфюмированный гель для душа и ванны. Парфюмерная композиция Eau Fraiche – это новое измерение свежести. Бодрящие цитрусовые ноты и эстрагон в сочетании с шалфеем, розовым деревом, экзотической карамболой и кедром формируют чувственный и манящий аромат свободы. Древесный аккорд, амбра и мускус делают свежую композицию многогранной и притягательной. состав набора — Туалетная вода Eau Fraiche, 50 мл — Парфюмированный бальзам после бритья Eau Fraiche, 50 мл — Парфюмированный гель для душа и ванны Eau Fraiche, 50 мл","Гель для душа и ванны: Нанесите на влажную кожу тела, распределите массирующими движениями, затем смойте водой. Бальзам после бритья: Аккуратно нанесите на кожу лица после бритья. Туалетная вода: Распылите на кожу или одежду с небольшого расстояния. Избегайте попадания в глаза.",Италия,15
298,2026-09-29T22:10:29.408834,20260929_212821_59782779,26544100003,parfjumerija/nabory,Creed,Aventus for her,набор миниатюр парфюмерной воды,18034.0,18034.0,0.0,1,0.0,https://goldapple.ru/26544100003-aventus-for-her/,https://goldapple.ru/parfjumerija/nabory?p=15,"состав набора — Парфюмерная вода Creed Aventus for Her, 10 мл — Парфюмерная вода Creed Aventus for Her, 10 мл — Парфюмерная вода Creed Aventus for Her, 10 мл В набор входят три миниатюры парфюмерной воды Creed Aventus for Her (по 10 мл). Aventus for Her – роскошный и чувственный женский аналог культового мужского аромата Aventus. Парфюмерная композиция, воспевающая женскую силу и вдохновение, выделяется благодаря уникальному сочетанию изысканных ингредиентов. Яркий фруктовый взрыв верхних нот плавно переходит к утончённому цветочному сердцу. Элегантную древесную базу дополняет знаковая для бренда Creed нота – амбра. Свежий аромат с фруктовыми и древесными нотами идеально подходит для современной и сильной женщины.",Распылите с небольшого расстояния. Избегайте попадания в глаза.,Франция,15
299,2026-09-29T22:10:38.220725,20260929_212821_59782779,19000467985,parfjumerija/nabory,Goldfield & Banks,INGENIOUS GINGER,Парфюмерный подарочный набор,17484.0,17484.0,0.0,1,0.0,https://goldapple.ru/19000467985-ingenious-ginger/,https://goldapple.ru/parfjumerija/nabory?p=15,"Очаровывающий и чувственный аромат Ingenious Ginger мгновенно переносит вас в мир природы — солнечный, тёплый и безмятежный. Этот солнечный парфюм раскрывается яркими нотами спелого мандарина и пряного имбиря, переплетается с утончёнными белыми цветами и окутывает нежным шлейфом тёплого янтаря, словно мягкое прикосновение солнца к коже. В набор входит: - GOLDFIELD & BANKS Ingenious Ginger Парфюмерная вода, 100 мл; - GOLDFIELD & BANKS Ingenious Ginger Парфюмерная вода, 10 мл.","Распылите на пульсирующие зоны, такие как запястья, шея, за ушами и внутренняя сторона локтя. Избегайте контакта с одеждой, чтобы сохранить качество аромата.",Франция,15
300,2026-09-29T22:10:47.055857,20260929_212821_59782779,19000471476,parfjumerija/nabory,Adidas,Ice Dive 3-In-1,Подарочный набор,834.0,834.0,0.0,1,5.0,https://goldapple.ru/19000471476-adidas-ice-dive-3-in-1/,https://goldapple.ru/parfjumerija/nabory?p=15,"Набор для настоящих мужчин, стремящихся к свежести и энергии каждый день. Туалетная вода Adidas Ice Dive Eau De Toilette — это взрывной коктейль из цитрусовых нот, дополненный аккордами лаванды и кедра, который придаст уверенности и подчеркнет вашу индивидуальность. Флакон выполнен в динамичном и современном дизайне, отражающем спортивный дух бренда. В комплекте также идет гель для душа 3-в-1 Adidas Ice Dive, который идеально подходит для ухода за телом, волосами и лицом, обеспечивая ощущение свежести и чистоты на весь день. Этот набор станет отличным выбором для активных и целеустремленных мужчин.","Туалетная вода: Распылите с расстояния 20-30 см на точки пульса, такие как запястья и шея, или создайте ароматное облако и войдите в него для более легкого и равномерного нанесения. Гель для душа: Нанесите небольшое количество на влажную кожу, вспеньте и тщательно смойте водой.",Испания,15
301,2026-09-29T22:11:10.347595,20260929_212821_59782779,19000536787,parfjumerija/nabory,EX NIHILO,Fleur Narcotique,Набор миниатюр духов,34850.0,34850.0,0.0,1,0.0,https://goldapple.ru/19000536787-ex-nihilo-fleur-narcotique/,https://goldapple.ru/parfjumerija/nabory?p=16,"В дорожный набор входит пять миниатюр аромата Fleur Narcotique — его чарующий цветочно‑фруктовый букет завораживает с первых нот. Сердце композиции — изысканный ансамбль из пышно распустившихся пионов, нежного жасмина, утончённых роз и флердоранжа. Яркость и сочность букету придают сочные акценты личи, персика и бергамота — они словно рассыпают по воздуху солнечные искры. Завершает образ тёплый, обволакивающий шлейф: в нём переплетаются мускус, бархатистый мох и мягкие древесные оттенки. состав набора — Духи ""Fleur Narcotique"", 5 шт х 7,5 мл","Распылите на пульсирующие зоны: запястья, шею, за ушами и внутреннюю сторону локтя. Избегайте контакта с одеждой. Для повышения стойкости рекомендуем наносить на хорошо увлажненную кожу.",Франция,16
302,2026-09-29T22:11:19.362870,20260929_212821_59782779,26544100009,parfjumerija/nabory,Creed,Spring Flower,набор миниатюр парфюмерной воды,18034.0,18034.0,0.0,1,0.0,https://goldapple.ru/26544100009-spring-flower/,https://goldapple.ru/parfjumerija/nabory?p=16,"состав набора — Парфюмерная вода Creed Spring Flower, 10 мл — Парфюмерная вода Creed Spring Flower, 10 мл — Парфюмерная вода Creed Spring Flower, 10 мл В набор входят три миниатюры парфюмерной воды Creed Spring Flower (по 10 мл). Весенний цветочный аромат Spring Flower, заключённый в изысканный розовый флакон, воспевает женственность, игривость и лёгкость. Нежная парфюмерная композиция Creed напоминает прогулку по саду весенним утром. Свежие цитрусовые и зелёные ноты мягко сменяются романтичным сердцем аромата, в котором сочный бархатистый персик сочетается с изысканным аккордом белых цветов. В базе амброксан и мускус добавляют композиции глубину и делают аромат сбалансированным. Чарующее сочетание нот посвящено Флоре – богине весны и цветов, которая раскрашивает мир яркими красками и пробуждает радость.",Распылите с небольшого расстояния. Избегайте попадания в глаза.,Франция,16
303,2026-09-29T22:11:29.695032,20260929_212821_59782779,19000485598,parfjumerija/nabory,Versace,Eros Pour Homme,Нет категории,18135.0,18135.0,0.0,1,0.0,https://goldapple.ru/19000485598-versace-eros-pour-homme/,https://goldapple.ru/parfjumerija/nabory?p=16,"В элегантный подарочный набор для мужчин VERSACE входят духи EROS (100 мл), их удобная миниатюра (5 мл) и парфюмированный гель для душа (150 мл), который мягко очищает кожу тела и оставляет приятное ощущение свежести. EROS — это яркий мужской аромат с невероятно глубоким и соблазнительным звучанием. Ориентальная композиция, посвященная древнегреческому богу любви, отражает страстность, решительность и романтичность Эроса. Чувственная игра начинается с прохладных и дразнящих нот цитрусов, дерзкого чёрного перца и элеми. Многогранная мелодия аромата звучит всё громче с каждой нотой, приближаясь к кульминации — яркой гармонии лаванды, герани, шалфея и молекулы Pomarose. Утонченную красоту композиции подчеркивает волнующий шлейф, сотканный из нот бензоина, ветивера, кашмерана, ванили, пачулей и таинственного древесного аккорда. состав набора — Духи EROS, 100 мл — Миниатюра духов EROS, 5 мл — Парфюмированный гель для душа, 150 мл","Гель для душа и ванны: Нанесите на влажную кожу тела, распределите массирующими движениями, затем смойте водой. Духи: Распылите на кожу или одежду с небольшого расстояния, избегая попадания в глаза.",Италия,16
304,2026-09-29T22:11:39.889147,20260929_212821_59782779,19000485592,parfjumerija/nabory,Versace,POUR HOMME,Нет категории,11610.0,11610.0,0.0,1,0.0,https://goldapple.ru/19000485592-versace-pour-homme/,https://goldapple.ru/parfjumerija/nabory?p=16,"В изысканный подарочный набор для мужчин входят туалетная вода pour homme, парфюмированный шампунь для волос и тела, а также парфюмированный бальзам после бритья. Благородный и мужественный аромат pour homme воплощает средиземноморский характер и окутывает уверенностью на весь день. Верхние ноты лимона, бергамота и нероли дарят бодрящую свежесть. В сердце композиции раскрывается яркое звучание гиацинта, герани, мускатного шалфея и кедра, а базовые ноты мускуса и бобов тонка придают аромату чувственность и делают его шлейф соблазнительным и манящим. состав набора — Туалетная вода pour homme, 50 мл — Парфюмированный шампунь для волос и тела pour homme, 50 мл — Парфюмированный бальзам после бритья pour homme, 50 мл","Парфюмированный шампунь для волос и тела: Используйте во время принятия душа, нанесите на волосы и тело, распределите массирующими движениями, затем смойте водой. Бальзам после бритья: Нанесите на кожу лица после бритья, аккуратно распределите. Туалетная вода: Распылите с небольшого расстояния. Избегайте попадания в глаза.",Италия,16
305,2026-09-29T22:11:48.576400,20260929_212821_59782779,99000190422,parfjumerija/nabory,LUCHI,№2 Гармония стиля,Набор миниатюр,1500.0,1500.0,0.0,1,0.0,https://goldapple.ru/99000190422-no2-garmonia-stila/,https://goldapple.ru/parfjumerija/nabory?p=16,"Набор пробников ароматов. 4 тестера по 2 мл в очаровательном футляре. Для знакомства с коллекцией, для путешествий, для подарка. состав набора — Духи Luchi on Woody Ice, 2 мл — Духи Luchi from Heart-to-Heart, 2 мл — Духи Luchi on Spicy Pine, 2 мл — Духи Luchi of Intuition, 2 мл","Наносите духи на пульсирующие точки: запястья, шею и область за ушами.",Россия,16
306,2026-09-29T22:11:58.734598,20260929_212821_59782779,19000336367,parfjumerija/nabory,Ormonde Jayne,Vanille des Afriques,Дорожный набор духов 4*10 мл,24123.0,24123.0,0.0,1,0.0,https://goldapple.ru/19000336367-vanille-des-afriques/,https://goldapple.ru/parfjumerija/nabory?p=16,"Это настоящее воплощение родословной и наследия бренда благодаря драгоценному содержанию масла ириса и обилию афродизиака-абсолюта мадагаскарской ванили. Вечерний аромат африканской ванили - это когда вы наслаждаетесь закатом, а теплый ветерок треплет ваши волосы. Его мягкое сияние успокаивает и расслабляет, создавая атмосферу комфорта и тихого созерцания. Благородный. Очаровательный. Великолепный. Набор Vanille des Afriques 4шт*10мл.",Нанести на пульсирующие точки.,Великобритания,16
307,2026-09-29T22:12:08.991198,20260929_212821_59782779,19000505271,parfjumerija/nabory,Ardore,La niche music collection,подарочный набор мини-духов,2119.0,2119.0,0.0,1,0.0,https://goldapple.ru/19000505271-ardore/,https://goldapple.ru/parfjumerija/nabory?p=16,"Обращаем внимание, продукт является рефилом. Подарочный набор для женщин и мужчин включает в себя 4 стойких мини-духа в золотом атомайзере по 10 мл. Подходит для женщин, мужчин, девушек и парней. Маленькие флаконы туалетной воды с феромонами из коллекции Ardore упакованы в подарочную коробочку. Аромат женского парфюма Lounge: открывается ореховым нюансом горького миндаля. Кисло-сладкий аккорд вишни и белого жасмина наполняет средние ноты. Основные ноты: ваниль, мускус. Семейство: восточные, вишневые. Jive — миниатюра, создающая чувственный образ. Верхние ноты: бергамот и клементин. Акценты сердца: перец, элеми, имбирь, гвоздика, жасмин, ирис. Базовые ноты: кедр, ветивер, амброксан, мирра, ваниль, белый мускус. Духи раскрывают восточный, древесный и цветочный шлейф. Семейство: пряные, цветочные. Духи Modern — сложный и дорогой интимный аксессуар с ароматом редких сигар и дорогих специй. Семейство: пряные. Cool Jazz — шедевр из прекрасных ингредиентов. Основные тона: терпкость черного перца, облако амбры и свежие нероли. состав набора — Пробник Lounge, 10 мл — Пробник Jive, 10 мл — Пробник Modern, 10 мл — Пробник Cool Jazz, 10 мл","Нанести на расстоянии 20–30 см на тело и одежду, избегая контакта с лицом и глазами.",Россия,16
308,2026-09-29T22:12:17.905634,20260929_212821_59782779,19000526226,parfjumerija/nabory,CHOPARD,OUD MALAKI,подарочный парфюмерный набор,12599.0,12599.0,0.0,1,0.0,https://goldapple.ru/19000526226-chopard-oud-malaki/,https://goldapple.ru/parfjumerija/nabory?p=16,"В изысканный подарочный набор Chopard входят парфюмерная вода OUD MALAKI (80 мл) и гель для душа MALAKI PERFUMED SHOWER GEL (150 мл), который бережно очищает кожу тела, окутывая чувственным ароматом. Насыщенный древесно-восточный аромат OUD MALAKI с выразительным шлейфом олицетворяет встречу динамичного Запада и загадочного Востока. Эта соблазнительная и мужественная парфюмерная композиция открывается взрывом свежих нот грейпфрута и лаванды. Постепенно они уступают благородной красоте драгоценного уда, окутанного теплыми нотами табака, амбры, кожи и пряностей, которые придают аромату чувственность и словно переносят в сказочную арабскую ночь. состав набора — парфюмерная вода OUD MALAKI, 80 мл — гель для душа MALAKI PERFUMED SHOWER GEL, 150 мл","Гель для душа нанесите на влажную кожу тела, распределите массирующими движениями, затем смойте водой. Парфюмерную воду распылите с небольшого расстояния. Избегайте попадания в глаза.",Италия,16
309,2026-09-29T22:12:26.287147,20260929_212821_59782779,19000380102,parfjumerija/nabory,Ormonde Jayne,Bukhara,Набор миниатюр,14025.0,14025.0,0.0,1,0.0,https://goldapple.ru/19000380102-bukhara/,https://goldapple.ru/parfjumerija/nabory?p=16,"Bukhara, драгоценное творение из коллекции Route de la Soie, олицетворяет роскошь и изысканность. Сочные аккорды персика и черной смородины, подобные манящему оазису, открывают эту ароматную композицию. В сердце аромата расцветает элегантный букет туберозы, абсолютного жасмина и цветков апельсина, излучая изящество и утонченность. Финальные ноты уводят в мир теплых объятий — сандаловое дерево, кедр, ваниль и уд создают роскошное, пленительное звучание, окутывая своего владельца аурой чувственности.",Нанести на пульсирующие точки.,Великобритания,16
310,2026-09-29T22:12:34.945123,20260929_212821_59782779,19000357461,parfjumerija/nabory,ANTINOMIE,Opulence de fragrance discovery,Набор парфюмерных семплов,3780.0,3780.0,0.0,1,0.0,https://goldapple.ru/19000357461-antinomie-opulence-de-fragrance-discovery/,https://goldapple.ru/parfjumerija/nabory?p=16,"состав набора — Revolte Delicate (Antinomie), 2 мл — Alchimie Celeste (Antinomie), 2 мл — Fievre Idyllique (Antinomie), 2 мл — Courtoisie Feroce (Antinomie), 2 мл — Majeste Brute (Antinomie), 2 мл В набор входят семплы пяти ароматов Antinomie. Одновременно смелые и изысканные ароматы коллекции отражают наши самые противоречивые желания.",Не указано,Франция,16
311,2026-09-29T22:12:45.689088,20260929_212821_59782779,19000526225,parfjumerija/nabory,CHOPARD,Black Incense Malaki,подарочный парфюмерный набор,12599.0,12599.0,0.0,1,0.0,https://goldapple.ru/19000526225-chopard-black-incense-malaki/,https://goldapple.ru/parfjumerija/nabory?p=16,"В элегантный подарочный набор Chopard входят парфюмерная вода BLACK INCENSE MALAKI (80 мл) и гель для душа MALAKI PERFUMED SHOWER GEL (150 мл), который бережно очищает кожу тела, окутывая чувственным ароматом. Насыщенный и стойкий аромат BLACK INCENSE MALAKI — это мощный и пьянящий эликсир, в котором переливаются бальзамические, ароматические, древесные, дымные и восточные ноты. Парфюмерная композиция посвящена многогранной и таинственной красоте ладана и чарующей силе его аромата. Словно волнующие клубы дыма, ноты смол, редких специй и ценных пород дерева окружают ладан, усиливая его благородное звучание. Ноты лабданума и уда дополняют выразительный шлейф композиции, напоминающей об атмосфере королевских церемоний. состав набора — парфюмерная вода BLACK INCENSE MALAKI, 80 мл — гель для душа MALAKI PERFUMED SHOWER GEL, 150 мл","Гель для душа нанесите на влажную кожу тела, распределите массирующими движениями, затем смойте водой. Парфюмерную воду распылите с небольшого расстояния. Избегайте попадания в глаза.",Италия,16
312,2026-09-29T22:12:54.398415,20260929_212821_59782779,19000464112,parfjumerija/nabory,Ormonde Jayne,Vetiveria,Набор миниатюр,16269.0,16269.0,0.0,1,0.0,https://goldapple.ru/19000464112-vetiveria/,https://goldapple.ru/parfjumerija/nabory?p=16,"Вдохновленный островами Индонезии, Vetiveria – это ода великолепному ветиверу, яркое празднование самой изысканной травы в природе. Аромат, укоренённый в самой сути земли, открывается ливнем буйного сицилийского лайма, бодрящего и ароматного перца Тимут, оттенённого шалфеем и ягодами можжевельника. Сердце раскрывается ярким сочетанием снежноягодника и лаванды, мягкость которых сглаживает грани этой смелой композиции. В глубокой, землистой душе Vetiveria раскрывается богатство ветивера, переплетённое с зелёным мхом, смолистым ладанником и сливочным теплом бобов тонка.",Нанести на пульсирующие точки.,Великобритания,16
313,2026-09-29T22:13:03.312239,20260929_212821_59782779,26544100006,parfjumerija/nabory,Creed,Royal Oud,Нет категории,18034.0,18034.0,0.0,1,0.0,https://goldapple.ru/26544100006-royal-oud/,https://goldapple.ru/parfjumerija/nabory?p=16,"состав набора — Парфюмерная вода Creed Royal Oud, 10 мл — Парфюмерная вода Creed Royal Oud, 10 мл — Парфюмерная вода Creed Royal Oud, 10 мл В набор входят три миниатюры парфюмерной воды Creed Royal Oud (по 10 мл). Насыщенный и величественный древесный аромат Royal Oud подчёркивает уверенность, элегантность и возвышенную утончённость. Парфюмерная композиция Creed — это дань уважения одному из самых ценных и таинственных сокровищ парфюмерии — уду. Аромат, созданный на основе тщательно отобранных компонентов со всего мира, создан под впечатлением от красоты персидской дворцовой архитектуры. В этой смелой и роскошной композиции благородная нота уда окутана землистыми, пряными и дымными нотами. Её обрамляют таинственный ладан и гваяковое дерево. Верхние ноты лайма, гальбанума и бергамота придают классическому и утончённому аромату свежие грани. Эта парфюмерная композиция — уникальный и современный взгляд на удовые ароматы.",Распылите с небольшого расстояния. Избегайте попадания в глаза.,Франция,16
314,2026-09-29T22:13:17.422864,20260929_212821_59782779,19000464866,parfjumerija/nabory,Maison Francis Kurkdjian,Grand soir,Нет категории,29500.0,29500.0,0.0,1,0.0,https://goldapple.ru/19000464866-grand-soir/,https://goldapple.ru/parfjumerija/nabory?p=16,"Город огней, теплый, сияющий и романтичный. Вы надеваете роскошный вечерний наряд, готовясь открыть для себя богатство таинственного парижского вечера.
Небо усыпано миллионами звезд, воздух пронизан затянувшимся ощущением таинственности. Чарующий, соблазнительный и непреодолимо экстравагантный аромат парфюмерной воды Grand Soir воплощает собой чувственное великолепие.
Пять рефилов (11 мл) и изысканная золотая версия драгоценного футляра для флакона позволит вам элегантно носить аромат с собой.
Подарочный набор Grand Soir — это прекрасный подарок для себя или ваших близких.","Нанести аромат на запястья, шею и точки пульса.",Франция,16
315,2026-09-29T22:13:25.917663,20260929_212821_59782779,19000491426,parfjumerija/nabory,Creed,MILLESIME IMPERIAL,набор миниатюр парфюмерной воды,18034.0,18034.0,0.0,1,0.0,https://goldapple.ru/19000491426-creed-millesime-imperial/,https://goldapple.ru/parfjumerija/nabory?p=16,"состав набора — Парфюмерная вода Creed Millesime Imperial, 10 мл — Парфюмерная вода Creed Millesime Imperial, 10 мл — Парфюмерная вода Creed Millesime Imperial, 10 мл В набор входят три миниатюры парфюмерной воды Creed Millesime Imperial (по 10 мл). Свежий и бодрящий аромат Millesime Imperial излучает сияние благодаря ярким цитрусовым нотам и солоноватому морскому аккорду, который волнующе контрастирует с тёплой, золотистой базой. Роскошная парфюмерная композиция Creed ярко стартует с пикантного бергамота, сочной чёрной смородины и мягких листьев фиалки, которые плавно сменяются переливающимся морским аккордом. Ценный ирис эффектно сияет в сердце аромата, постепенно уступая место тёплой, золотистой базе, объединившей чувственные ноты кедра, сандала и мускуса. Этот искусно сбалансированный аромат элегантно дополняет образ днём и тонко подчёркивает чувственность вечером.",Распылите с небольшого расстояния. Избегайте попадания в глаза.,Франция,16
316,2026-09-29T22:13:36.360159,20260929_212821_59782779,19000485597,parfjumerija/nabory,Versace,Eros Pour Homme,подарочный парфюмерный набор,16740.0,16740.0,0.0,1,0.0,https://goldapple.ru/19000485597-versace-eros-pour-homme/,https://goldapple.ru/parfjumerija/nabory?p=16,"В подарочный набор VERSACE входят парфюмерная вода EROS для мужчин (100 мл), миниатюра этого аромата (5 мл), которую удобно носить с собой и брать в путешествия, а парфюмированный гель для душа (150 мл), который мягко очищает кожу тела и оставляет приятное ощущение свежести. Эта парфюмерная композиция – синтез роскоши и провокации. Противоречивый характер аромата с древесной, свежей и восточной гранями выражается в смелом контрасте цитрусовой свежести и изысканной нежности теплых нот. Искрящийся и яркий микс лимона и мандарина сочетается с акцентом мяты и оригинальной нотой яблок в карамели. В сердце аромата звучат герань и мускатный шалфей. Глубокий древесный аккорд, кедр и пачули формируют интригующую и притягательную базу аромата. В финале композиции, отражающей чувственность, страсть и силу, ваниль открыто флиртует с нотой кожи, создавая роковой, дерзкий союз и окутывая мягкой сливочной дымкой. состав набора — Парфюмерная вода EROS, 100 мл — Миниатюра парфюмерной воды EROS, 5 мл — Парфюмированный гель для душа, 150 мл","Гель для душа и ванны: Нанесите на влажную кожу тела, распределите массирующими движениями, затем смойте водой. Парфюмерная вода: Распылите на кожу или одежду с небольшого расстояния, избегая попадания в глаза.",Италия,16
317,2026-09-29T22:13:47.814952,20260929_212821_59782779,19000485600,parfjumerija/nabory,Versace,EROS ENERGY,подарочный парфюмерный набор,14535.0,14535.0,0.0,1,0.0,https://goldapple.ru/19000485600-versace-eros-energy/,https://goldapple.ru/parfjumerija/nabory?p=16,"В яркий и элегантный подарочный набор для мужчин VERSACE входят парфюмерная вода EROS ENERGY pour homme (50 мл), парфюмированный гель для душа и ванны (50 мл) и парфюмированный бальзам после бритья (50 мл), который успокаивает и увлажняет кожу. Аромат EROS ENERGY заряжает энергией и напоминает о солнечных летних днях. Композиция стартует с бодрящей вспышки цитрусовых нот. В сердце аромата раскрывается интригующий дуэт розового перца и чёрной смородины. Белая амбра усиливает чувственность этих нот, подчёркивая соблазнительный характер композиции. Пачули придают аромату глубину и насыщенность, а мускус заключает в тёплые объятия, добавляя элегантности. состав набора — Парфюмерная вода EROS ENERGY pour homme, 50 мл — Парфюмированный гель для душа и ванны EROS ENERGY pour homme, 50 мл — Парфюмированный бальзам после бритья EROS ENERGY pour homme, 50 мл","Гель для душа и ванны: Нанесите на влажную кожу тела, распределите массирующими движениями, затем смойте водой. Бальзам после бритья: Аккуратно нанесите на кожу лица после бритья. Парфюмерная вода: Распылите на кожу или одежду с небольшого расстояния. Избегайте попадания в глаза.",Италия,16
318,2026-09-29T22:13:58.395729,20260929_212821_59782779,19000502185,parfjumerija/nabory,RP Paris,"Rp paris набор трэвел 1,5 мл х 10 шт.",Парфюмерная вода,3510.0,3510.0,0.0,1,1.5,https://goldapple.ru/19000502185-rp-paris-rp-paris-nabor-trevel-1-5-ml-h-10-st/,https://goldapple.ru/parfjumerija/nabory?p=16,"Откройте для себя всю палитру эмоций от RP Paris с этой коллекцией из 10 эксклюзивных миниатюр. Это ваш личный парфюмерный гид, созданный для ценителей, исследователей и тех, кто ищет свой единственный, идеальный аромат. 10 изысканных парфюмерных композиций в элегантных мини‑флаконах по 1,5 мл. Каждый — отдельная история, характер и настроение. От свежих и лёгких аккордов до глубоких и чувственных шлейфов — этот бокс позволяет за один раз изучить всю многогранность ароматов RP Paris. В этом наборе вы найдёте 8 миниатюр: «Bella», «Brin de folie», «Eau de foudre», «Eau de foudre intense», «Joyaux d’orient», «Majestic», «Oud bulgare», «Poème rouge», «Rouge Paris», «So oud». Окунитесь в мир разнообразных ароматов, которые подчеркнут ваше настроение и стиль. Каждая миниатюра — это возможность познакомиться с новым запахом и насладиться любимым ароматом в более компактном формате. Этот набор станет прекрасным дополнением к вашей коллекции парфюмерии или замечательным подарком для близких и друзей.","Наносить на неповрежденные участки кожи, волос и одежду.",Франция,16
319,2026-09-29T22:14:06.613543,20260929_212821_59782779,99000197609,parfjumerija/nabory,Slivki,№1,Парфюмерный набор духов,1150.0,1150.0,0.0,1,0.0,https://goldapple.ru/99000197609-slivki-no1/,https://goldapple.ru/parfjumerija/nabory?p=16,"Представляем новинку для женщин и девушек любого возраста — парфюмерный набор «Slivki» №1. Ароматы вдохновлены яркими летними моментами и созданы для хорошего настроения. Каждый парфюм из набора предлагает уникальную композицию, которая наполняет день солнечными эмоциями. Серия «Slivki» станет завершающим штрихом к твоему образу, добавляя яркости и уверенности в любой ситуации. Флакон 30 мл легко помещается в сумочке или кармане, что делает его идеальным спутником для путешествий или ежедневного использования. состав набора — Духи ""Vanilla Latte"", 30 мл — Духи ""Milk"", 30 мл — Духи ""Caramel"", 30 мл","Нанесите 1–2 распыления аромата на запястья, шею и точки пульса. Не растирайте — это может изменить звучание композиции. Позвольте аромату раскрыться естественно.",Россия,16
320,2026-09-29T22:14:18.658803,20260929_212821_59782779,19000482770,parfjumerija/nabory,GIARDINO MAGICO,After Dark Oud & Black pepper,Набор миниатюр ароматов,8950.0,8950.0,0.0,1,0.0,https://goldapple.ru/19000482770-after-dark-oud-black-pepper/,https://goldapple.ru/parfjumerija/nabory?p=16,"Perfume set от Giardino Magico — это изысканный набор ароматов, созданных для тех, кто ценит уникальность и утончённость. Набор даёт возможность познакомиться с бестселлерами бренда и насладиться гармонией и многогранностью парфюма. В набор входит три аромата объемом 15 мл: — Tonka, vanilla, white musk,… — After Dark — Oud & Black pepper.",Наносить на кожу и волосы.,Россия,16
321,2026-09-29T22:14:43.531428,20260929_212821_59782779,19000501626,parfjumerija/nabory,Franck olivier,Collection privee,Набор парфюмерной воды,10965.0,10965.0,0.0,1,0.0,https://goldapple.ru/19000501626-franck-olivier-privee/,https://goldapple.ru/parfjumerija/nabory?p=17,"Роскошный подарочный набор с 6 ароматами коллекции во флаконах - спреях объёмом 15 мл. Этот набор идеально подходит как для подарка, так и для собственного удовольствия. 6 трендовых композиций создают разнообразное настроение для любого случая. 6 харизматичных ароматов раскроют ваш парфюмерный вкус в разных стилях. Детали коробки: фактурная картонная коробка / золотой логотип / элегантная вставка с эффектом замши.",Нанести на тело или одежду избегая поподания в глаза,Франция,17
322,2026-09-29T22:14:54.142497,20260929_212821_59782779,99000190423,parfjumerija/nabory,LUCHI,№1 Нежная романтика,Набор миниатюр,1500.0,1500.0,0.0,1,0.0,https://goldapple.ru/99000190423-no1-neznaa-romantika/,https://goldapple.ru/parfjumerija/nabory?p=17,"Набор пробников ароматов. 4 тестера по 2 мл в очаровательном футляре. Для знакомства с коллекцией, для путешествий, для подарка. состав набора — Духи Luchi in Silk Embraces, 2 мл — Духи Luchi of Creamy Charm, 2 мл — Духи Luchi in Crystal Flowers, 2 мл — Духи Luchi of Intuition, 2 мл","Наносите духи на пульсирующие точки: запястья, шею и область за ушами.",Россия,17
323,2026-09-29T22:15:02.150939,20260929_212821_59782779,19000329374,parfjumerija/nabory,Ormonde Jayne,Ormonde Man,Нет категории,18513.0,18513.0,0.0,1,0.0,https://goldapple.ru/19000329374-ormonde-man/,https://goldapple.ru/parfjumerija/nabory?p=17,"Ormonde man"" – смесь дерзких, необычных компонентов, аромат как воплощение тонкого вкуса. Целостный и с сильным характером, он страстный и мистически-загадочный. Аромат наполнен мягкими древесными нотами, но вплетение в композицию удового масла – самого дорогого компонента с незапамятных времён, отличает его от других творений и поднимает на вершину парфюмерного искусства. Первый мужской аромат Ormond Jane - это сокровенное ароматное творение, в котором воплощены самые дерзкие инновации и фантазии. Композиция ""Ormonde Man"" столь оригинальна, ярка и чувственна, что любая женщина капитулирует перед ним. Набор: Духи Ormonde Man 10мл*4шт.",Нанести на пульсирующие точки.,Великобритания,17
324,2026-09-29T22:15:08.644829,20260929_212821_59782779,19000485587,parfjumerija/nabory,Versace,Bright Crystal Absolu,Нет категории,15112.0,15112.0,0.0,1,0.0,https://goldapple.ru/19000485587-versace-bright-crystal-absolu/,https://goldapple.ru/parfjumerija/nabory?p=17,"Абсолютная чувственность, абсолютная свежесть, абсолютная яркость – откройте для себя силу аромата BRIGHT CRYSTAL ABSOLU. В подарочный набор VERSACE входят парфюмерная вода BRIGHT CRYSTAL ABSOLU (90 мл), её удобная миниатюра (5 мл), парфюмированный гель для душа (100 мл) и парфюмированный лосьон для тела (100 мл), оставляющий на коже нежный цветочно-фруктовый аромат. Эта притягательная парфюмерная композиция – пышный букет из пиона, магнолии и лотоса, украшенный яркими нотами сочного граната и сладкой малины. Соблазнительные мускус, амбра и махагони сплетаются в соблазнительный шлейф. состав набора — Парфюмерная вода Bright Crystal Absolu, 90 мл — Миниатюра парфюмерной воды Bright Crystal Absolu, 5 мл — Парфюмированный гель для душа Bright Crystal Absolu, 100 мл — Парфюмированный лосьон для тела Bright Crystal Absolu, 100 мл","Парфюмерная вода: Распылите с небольшого расстояния. Избегайте попадания в глаза. Гель для душа и ванны: Нанесите на влажную кожу тела, равномерно распределите, затем смойте водой. Лосьон для тела: Нанесите на кожу и распределите массирующими движениями.",Италия,17
325,2026-09-29T22:15:19.042617,20260929_212821_59782779,19000493426,parfjumerija/nabory,Architect Demidoff,№46,подарочный парфюмерный набор,1915.0,1915.0,0.0,1,0.0,https://goldapple.ru/19000493426-architect-demidoff-no46/,https://goldapple.ru/parfjumerija/nabory?p=17,"состав набора — Парфюмированный дезодорант Seaman Perfumed Deodorant, 150 мл — Парфюмерная вода Seaman Eau de Parfum, 75 мл Set #46 – основа безупречного образа мужчины, знающего цену деталям. Яркий, запоминающийся шлейф парфюма и свежесть дезодоранта работают в тандеме, создавая неразрывную ауру уверенности и харизмы. Свежий старт лимона и мандарина в сочетании с сочным грейпфрутом. В сердце акватической композиции звучат аккорды розмарина, лаванды и перца, придающие свежесть и энергию. В базе звучат ноты кедра, амбры и мускуса.","Дезодорант: Нанесите на сухую чистую кожу подмышек. Дайте полностью высохнуть. Парфюм: Нанесите на кожу, избегая попадания в глаза.",Турция,17
326,2026-09-29T22:15:26.558949,20260929_212821_59782779,19000059313,parfjumerija/nabory,ORENS PARFUMS,Moire de Kalha,Парфюмерный набор,23562.0,23562.0,0.0,1,0.0,https://goldapple.ru/19000059313-moire-de-kalha/,https://goldapple.ru/parfjumerija/nabory?p=17,"Воплощение притягательной и чувственной ориентальной розы. Дикую, страстную сторону этого вечного цветка раскрывает пылкий уд и кедр. Объем: 2* 50 мл",Нанести на пульсирующие точки,Франция,17
327,2026-09-29T22:15:35.291787,20260929_212821_59782779,19000485594,parfjumerija/nabory,Versace,Dylan Blue Pour Homme,подарочный парфюмерный набор,15210.0,15210.0,0.0,1,0.0,https://goldapple.ru/19000485594-versace-dylan-blue-pour-homme/,https://goldapple.ru/parfjumerija/nabory?p=17,"В набор VERSACE входят туалетная вода DYLAN BLUE для мужчин (100 мл), её миниатюра (5 мл), которую удобно носить с собой и брать в путешествия, а также парфюмированный гель для душа и ванны (150 мл), мягко очищающий кожу тела. В яркой и мужественной парфюмерной композиции выраженно звучат грейпфрут и бергамот в сочетании с одновременно свежим и сладким ароматом листьев инжира. В сердце композиции гармонируют древесный аккорд, черный перец, пачули, амброксан и листья фиалки. Ладан, шафран, мускус и бобы тонка дарят туалетной воде манящий и чувственный шлейф. Традиционные ноты звучат по-новому, современно и актуально, создавая индивидуальный и яркий характер аромата. состав набора — Туалетная вода DYLAN BLUE, 100 мл — Миниатюра туалетной воды DYLAN BLUE, 5 мл — Парфюмированный гель для душа и ванны, 150 мл","Гель для душа и ванны: Нанесите на влажную кожу тела, распределите массирующими движениями, затем смойте водой. Туалетная вода: Распылите с небольшого расстояния. Избегайте попадания в глаза.",Италия,17
328,2026-09-29T22:15:43.466377,20260929_212821_59782779,99000190424,parfjumerija/nabory,LUCHI,№4 Тонкий баланс,Набор миниатюр,1500.0,1500.0,0.0,1,0.0,https://goldapple.ru/99000190424-no4-tonkij-balans/,https://goldapple.ru/parfjumerija/nabory?p=17,"Набор пробников ароматов. 4 тестера по 2 мл в очаровательном футляре. Для знакомства с коллекцией, для путешествий, для подарка. состав набора — Духи Luchi in Ruby Bubbles, 2 мл — Духи Luchi in Silk Embraces, 2 мл — Духи Luchi of Creamy Charm, 2 мл — Духи Luchi on Woody Ice, 2 мл","Наносите духи на пульсирующие точки: запястья, шею и область за ушами.",Россия,17
329,2026-09-29T22:15:51.942516,20260929_212821_59782779,19000485585,parfjumerija/nabory,Versace,EAU FRAICHE EXTREME,подарочный парфюмерный набор,12112.0,12112.0,0.0,1,0.0,https://goldapple.ru/19000485585-versace-eau-fraiche-extreme/,https://goldapple.ru/parfjumerija/nabory?p=17,"В элегантный подарочный набор для мужчин входят парфюмерная вода, парфюмированный гель для душа и ванны, а также парфюмированный бальзам после бритья. Пробуждающая чувства композиция Eau Fraiche Extreme стартует с сияющей вспышки цитрусовых нот: лимон, кружащий в танце с геранью и флердоранжем, создает солнечную прелюдию, яркую и эффектную. В сердце аромата раскрывается гипнотическая смесь мускатного шалфея и лаванды, украшенная пряным акцентом мадагаскарского розового перца. Благородное тепло кедра, утопающего в объятиях амброксана и мускуса, дарит магнетический шлейф, незабываемый и выразительный. состав набора — парфюмерная вода Eau Fraiche Extreme, 50 мл — парфюмированный гель для душа и ванны, 50 мл — парфюмированный бальзам после бритья, 50 мл","Гель для душа и ванны: Нанесите на влажную кожу тела, распределите массирующими движениями, затем смойте водой. Бальзам после бритья: Аккуратно нанесите на кожу лица после бритья. Парфюмерная вода: Распылите на кожу или одежду с небольшого расстояния. Избегайте попадания в глаза.",Италия,17
330,2026-09-29T22:16:02.797253,20260929_212821_59782779,19000458205,parfjumerija/nabory,ETERNAL JOURNEY,Discovery Set,Набор миниатюр,10659.0,10659.0,0.0,1,0.0,https://goldapple.ru/19000458205-discovery-set/,https://goldapple.ru/parfjumerija/nabory?p=17,"Набор миниатюр Eternal Journey Discovery Set включает три аромата: Sunrise to Sunset, 10 мл: Сохраняйте душевное и медитативное состояние от рассвета до захода солнца, погрузившись в этот успокаивающий и в то же время заряжающий энергией аромат. Sunset to Midnight, 10 мл: Дневное тепло спадает, и приходит время зарядить энергией наш разум, тело и душу для насыщенного вечера. Яркость дня клонится к закату, дневной ритм затихает под звуки музыки. Это настоящее приглашение убежать от реальности. Мысли возвращаются к насущным вопросам жизни. Аромат, создающий гармонию вокруг нас и придающий силы. Midnight to Sunrise, 10 мл: Ночная тьма окутывает своим волшебством, и в танце души достигается эйфория. Пришло время произвести впечатление на мир вокруг нас.","Нанести на кожу, одежду и волосы (по желанию) для легкого аромата. Избегайте попадания в глаза.",Франция,17
331,2026-09-29T22:16:11.829829,20260929_212821_59782779,19000477026,parfjumerija/nabory,JUSBOX,Beat Cafe,Набор парфюмерной воды,6116.0,6116.0,0.0,1,3.0,https://goldapple.ru/19000477026-beat-cafe/,https://goldapple.ru/parfjumerija/nabory?p=17,"В воздухе витает дым, наполненный ароматом коньяка и тонким запахом кожаных диванов. Мятежная натура поколения битников пронизывает атмосферу кафе, создавая уникальную ольфакторную композицию. Эта композиция такая же теплая и утонченная, как музыка Боба Дилана, и пропитана провокационным духом бит-поколения. 3 флакона по 7,8 мл.",Не указано,Италия,17
332,2026-09-29T22:16:20.150542,20260929_212821_59782779,99000190425,parfjumerija/nabory,LUCHI,№3 Игра контрастов,Набор миниатюр,1500.0,1500.0,0.0,1,0.0,https://goldapple.ru/99000190425-no3-igra-kontrastov/,https://goldapple.ru/parfjumerija/nabory?p=17,"Набор пробников ароматов. 4 тестера по 2 мл в очаровательном футляре. Для знакомства с коллекцией, для путешествий, для подарка. состав набора — Духи Luchi in Cherry Glow, 2 мл — Духи Luchi on Party Time, 2 мл — Духи Luchi of Intuition, 2 мл — Духи Luchi in Crystal Flowers, 2 мл","Наносите духи на пульсирующие точки: запястья, шею и область за ушами.",Россия,17
333,2026-09-29T22:16:26.629914,20260929_212821_59782779,19000493422,parfjumerija/nabory,Architect Demidoff,№52,Нет категории,2331.0,2331.0,0.0,1,3.0,https://goldapple.ru/19000493422-architect-demidoff-no52/,https://goldapple.ru/parfjumerija/nabory?p=17,"состав набора — Парфюмированный антиперспирант-аэрозоль Sport Perfumed Antiperspirant, 150 мл — Парфюмерная вода Sport Eau de Parfum, 100 мл Set #52 – концентрированная энергия, аромат успеха и достижений. В наборе всё, что нужно для безупречной игры: свежий антиперспирант и яркий парфюм. Два флакона — одно настроение. Элегантность древесных аккордов в сочетании с пряной свежестью олицетворяет философию жизни, полной свободы, энергии движения и счастья.","Парфюм: Нанесите на кожу, избегая попадания в глаза. Дезодорант: Хорошо встряхните баллон. Распылите на сухую чистую кожу подмышек на расстоянии 15 см. Дайте полностью высохнуть.",Россия,17
334,2026-09-29T22:16:34.654166,20260929_212821_59782779,99000124267,parfjumerija/nabory,BOCA AROMA,HOLIDAY HOME,Нет категории,5500.0,5500.0,0.0,1,0.0,https://goldapple.ru/99000124267-holiday-home/,https://goldapple.ru/parfjumerija/nabory?p=17,"Подарочный набор BOCA HOLIDAY HOME наполняет пространство теплом и ароматами зимнего сезона. — Аромадиффузор Winter Home (130 мл) — насыщенная древесно-хвойная композиция. Комплектуется фибровыми палочками, обеспечивающими стабильное и равномерное раскрытие аромата. — Ароматическая свеча в шкатулке Apple Pie (80 мл) из натурального воска. При горении создаёт мягкое, уютное свечение и тёплый аромат яблочного пирога. — Интерьерный спрей Norway Moss (100 мл) на водной основе, без спирта и фталатов, добавляет пространству лёгкий акцент лесной свежести. Три формата аромата позволяют выстраивать атмосферу — от тонкого намёка до полноценного фонового звучания. Этот набор создан, чтобы дарить ощущение тепла, покоя и праздничной гармонии.","Парфюмированный интерьерный спрей: Нанесите на текстиль на расстоянии 30-40 см 2-3 нажатиями на распылитель. Беречь от детей. Аромасвеча в шкатулке: Зажигайте свечу только на ровной огнеупорной поверхности. При первом зажжении полностью растопите верхний слой, чтобы бассейн прогорал равномерно в течение всего срока использования свечи. Не жгите свечу дольше 3 часов за 1 раз. Подрезайте фитиль перед каждым использованием на пару миллиметров — так свеча будет лучше гореть и отдавать аромат, а тлеющие частички не будут падать в растопленный воск. Не задувайте свечу. Накройте крышкой подсвечник на несколько секунд, и он потухнет самостоятельно. Затем выпустите дым и дайте свече остыть. Ароматический диффузор для дома: Установите диффузор на ровной поверхности, недоступной для детей и животных. Открутите крышку рефила и перелейте жидкость в стеклянный флакон. Вставьте палочки, начните с 3-х штук. Через пару часов переверните палочки. Для поддержания интенсивности аромата переворачивайте палочки 1 раз в 3 дня. Вы сами можете контролировать интенсивность аромата с помощью палочек. Если вы хотите усилить аромат, добавьте во флакон большее количество палочек. При необходимости снизить интенсивность аромата — достаньте несколько палочек из флакона. Аромат раскрывается в течение 24-48 часов. Очень важно выбрать правильно место для диффузора. Диффузор должен быть размещен в месте свободной циркуляции воздуха – например, в коридоре или рядом с дверью. Не ставьте аромадиффузор в углу комнаты, иначе он потеряет половину своего потенциала. Выберите место в центре помещения на высоте 0,7-1,2 метра, чтобы ароматическое облако могло свободно циркулировать по нему.",Россия,17
335,2026-09-29T22:16:45.354277,20260929_212821_59782779,19000345440,parfjumerija/nabory,ORENS PARFUMS,Utaki Sacre,Набор парфюмерной воды,12903.0,12903.0,0.0,1,0.0,https://goldapple.ru/19000345440-utaki-sacre/,https://goldapple.ru/parfjumerija/nabory?p=17,"Utaki Sacré - Священная роща. Древесная композиция, что приглашает нас в ольфактивное путешествие по священной роще Утаки, на японских островах Рюкю. Великолепное сочетание экзотических древесных и пряных нот: чарующего Гахару Буайа – редкого дерева из лесов Борнео, известного как «белый уд», и непальского перца Тимут, скорее напоминающего грейпфрут. Уд, шафран и кедр подчеркивают экзотическое очарование сердца композиции. Росистый ладан, белый сандал и амброксан придают всей композиции нежный и элегантный оттенок. Набор Utaki Sacre 10мл*3шт.","Парфюмерную воду следует наносить с расстояния 10-15 см. на тепловые точки: под коленями, область живота, запястья, сгибы локтей, район солнечного сплетения, точки за ушами, основание шеи со стороны спины, затылок. Как правило на одну точку достаточно один раз нажать на спрей. Растирать парфюмерную воду не рекомендуется, так как это может нарушить правильный процесс раскрытия композиции. Для повышения стойкости рекомендуем наносить на хорошо увлажненную кожу, комбинируя с кремом, молочком или маслом для тела.",Франция,17
336,2026-09-29T22:16:52.287842,20260929_212821_59782779,19000424763,parfjumerija/nabory,MAISON DOUZE,Discovery set - 4 elements,Набор миниатюр,9605.0,9605.0,0.0,1,0.0,https://goldapple.ru/19000424763-discovery-set-4-elements/,https://goldapple.ru/parfjumerija/nabory?p=17,"В парфюмерном наборе духов 4 ELEMENTS представлены миниатюрные версии ароматов 4 стихий: воды, земли, огня и воздуха. Коллекция дает возможность ознакомиться с 4 ароматами и почувствовать на себе уникальную энергию каждой стихии.","Нанести на кожу, одежду и волосы (по желанию) для легкого аромата. Избегайте попадания в глаза.",Франция,17
337,2026-09-29T22:17:01.131046,20260929_212821_59782779,19000109147,parfjumerija/nabory,PRESS GURWITZ PERFUMERIE,"№2, 6, 9",Парфюмерный набор,6264.0,6264.0,0.0,1,0.0,https://goldapple.ru/19000109147-no2-6-9/,https://goldapple.ru/parfjumerija/nabory?p=17,"Парфюмерный сет Press Gurwitz Perfumerie №2, №6, №9. В сет входят: 1. Парфюмерная вода Press Gurwitz Perfumie№2 c нотами бобов тонка, перца и пачули 2. Парфюмерная вода Press Gurwitz Perfumie№6 с нотами пачули, амбры и кожи. 3. Парфюмерная вода Press Gurwitz Perfumie№9 с нотами цитрусовых, сандала и кедра.",Распылять на кожу или одежду с расстояния 50 см. Можно брызнуть парфюмом в воздухе перед собой и войти в облако аромата. Для усиления стойкости наносить на разогретое тело.,Россия,17
338,2026-09-29T22:17:08.762678,20260929_212821_59782779,19000485590,parfjumerija/nabory,Versace,Dylan Blue Pour Femme,подарочный парфюмерный набор,18135.0,18135.0,0.0,1,0.0,https://goldapple.ru/19000485590-versace-dylan-blue-pour-femme/,https://goldapple.ru/parfjumerija/nabory?p=17,"Чарующий и стойкий цветочно-фруктовый аромат от Versace создан для уверенных в себе женщин, которые привыкли быть в центре внимания. Многогранная композиция объединила цветочные и фруктовые ноты, в том числе свежесть зеленого яблока, пленительную ноту черной смородины и романтичную незабудку, которая ассоциируется с летом. Нежный и выразительный клевер наполняет композицию природной чувственностью. Пачули создают загадочную и соблазнительную ауру, а мускус придаёт аромату притягательную мягкость. Парфюмерная вода Versace ""Dylan Blue"" женская представлена в удобном формате, который подходит как для дома, так и для путешествий. Парфюмированный лосьон для тела Versace ""Pour Femme Dylan Blue"" обладает легкой текстурой и притягательным ароматом. Парфюмированный гель для душа и ванны Versace ""Pour Femme Dylan Blue"" создаёт нежную пену, оставляя кожу чистой и благоухающей. Состав набора — Парфюмерная вода Dylan Blue, 100 мл — Миниатюра парфюмерной воды Dylan Blue, 5 мл — Парфюмированный лосьон для тела Pour Femme Dylan Blue, 100 мл — Парфюмированный гель для душа и ванны Pour Femme Dylan Blue, 100 мл","Гель для душа и ванны: Нанесите на влажную кожу тела, равномерно распределите, затем смойте водой. Лосьон для тела: Нанесите на кожу и распределите массирующими движениями. Парфюмерная вода: Распылите с небольшого расстояния. Избегайте попадания в глаза.",Италия,17
339,2026-09-29T22:17:16.724243,20260929_212821_59782779,19000485606,parfjumerija/nabory,Versace,Bright Crystal,подарочный парфюмерный набор,14535.0,14535.0,0.0,1,0.0,https://goldapple.ru/19000485606-versace-bright-crystal/,https://goldapple.ru/parfjumerija/nabory?p=17,"Подарочный набор Versace – это идеальное трио, которое дарит удовольствие от весеннего цветочного аккорда и вдохновляющих свежих нот. В набор входит один из бестселлеров бренда – туалетная вода Bright Crystal, а также парфюмированный гель для душа и ванны и парфюмированный лосьон для тела. Свежая парфюмерная композиция Bright Crystal стартует с нот терпкого граната и юзу, а затем плавно переходит к пышному цветочному букету, в котором благоухают нежный пион, магнолия и изысканный лотос. В шлейфе этой туалетной воды ощущаются чувственные мускус и амбра в сочетании с древесными нотами. Многогранная композиция отражает кристальную чистоту и притягательную чувственность, которой невозможно противостоять. состав набора — Туалетная вода Bright Crystal, 50 мл — Парфюмированный гель для душа и ванны, 50 мл — Парфюмированный лосьон для тела, 50 мл","Гель для душа и ванны: Нанесите на влажную кожу тела, равномерно распределите, затем смойте водой. Лосьон для тела: Нанесите на кожу и распределите массирующими движениями. Туалетная вода: Распылите с небольшого расстояния. Избегайте попадания в глаза.",Италия,17
340,2026-09-29T22:17:24.909860,20260929_212821_59782779,19000485586,parfjumerija/nabory,Versace,EAU FRAICHE EXTREME,подарочный парфюмерный набор,13950.0,13950.0,0.0,1,0.0,https://goldapple.ru/19000485586-versace-eau-fraiche-extreme/,https://goldapple.ru/parfjumerija/nabory?p=17,"В элегантный подарочный набор для мужчин VERSACE входят парфюмерная вода EAU FRAICHE EXTREME, её удобная миниатюра и парфюмированный гель для душа и ванны, который мягко очищает кожу тела. Пробуждающая чувства композиция EAU FRAICHE EXTREME стартует с сияющей вспышки цитрусовых нот: лимон, кружащий в танце с геранью и флердоранжем, создает солнечную прелюдию, яркую и эффектную. В сердце аромата раскрывается гипнотическая смесь мускатного шалфея и лаванды, украшенная пряным акцентом мадагаскарского розового перца. Благородное тепло кедра, утопающего в объятиях амброксана и мускуса, дарит магнетический шлейф, незабываемый и выразительный. состав набора — Парфюмерная вода EAU FRAICHE EXTREME, 100 мл — Миниатюра парфюмерной воды, 5 мл — Парфюмированный гель для душа и ванны, 150 мл","Гель для душа и ванны: Нанесите на влажную кожу тела, равномерно распределите, затем смойте водой. Парфюмерная вода: Распылите с небольшого расстояния. Избегайте попадания в глаза.",Италия,17
341,2026-09-29T22:17:49.692190,20260929_212821_59782779,19000485593,parfjumerija/nabory,Versace,Dylan Blue Pour Homme,подарочный парфюмерный набор,11610.0,11610.0,0.0,1,0.0,https://goldapple.ru/19000485593-versace-dylan-blue-pour-homme/,https://goldapple.ru/parfjumerija/nabory?p=18,"Набор VERSACE станет отличным выбором для современного мужчины, который ценит стиль и элегантность. В его составе туалетная вода DYLAN BLUE, парфюмированный бальзам после бритья и парфюмированный гель для душа и ванны. Яркая мужественная композиция туалетной воды открывается выразительными нотами грейпфрута и бергамота, сочетающимися с ароматом листьев инжира. В сердце аромата гармонично переплетаются древесный аккорд, черный перец, пачули, амброксан и листья фиалки. В шлейфе аромат обогащается ладаном, шафраном, мускусом и бобами тонка, создавая манящий и чувственный образ. Сочетание элементов придаёт аромату современное и актуальное звучание, выделяющее владельца своей индивидуальностью. состав набора — Туалетная вода DYLAN BLUE, 50 мл — Парфюмированный бальзам после бритья, 50 мл — Парфюмированный гель для душа и ванны, 50 мл","Гель для душа и ванны: Нанесите на влажную кожу тела, распределите массирующими движениями и смойте водой. Бальзам после бритья: Аккуратно нанесите на кожу лица после бритья. Туалетная вода: Распылите с небольшого расстояния, избегая попадания в глаза.",Италия,18
342,2026-09-29T22:17:57.370627,20260929_212821_59782779,26544100004,parfjumerija/nabory,Creed,Green Irish Tweed,набор миниатюр парфюмерной воды,18034.0,18034.0,0.0,1,0.0,https://goldapple.ru/26544100004-green-irish-tweed/,https://goldapple.ru/parfjumerija/nabory?p=18,"состав набора — Парфюмерная вода Creed Green Irish Tweed, 10 мл — Парфюмерная вода Creed Green Irish Tweed, 10 мл — Парфюмерная вода Creed Green Irish Tweed, 10 мл В набор входят три миниатюры парфюмерной воды Creed Green Irish Tweed (по 10 мл). Изысканный фужерный аромат Green Irish Tweed мастерски объединяет свежие и ароматические ноты. Его элегантность остаётся вне времени – как у качественного строгого костюма. Классический мужской аромат, рисующий в воображении зелёные пейзажи Ирландии, воплощает связь между природой и мастерством. Композиция открывается освежающими нотами бергамота и лимона, дополненными бодрящей мятой. Оттенки свежей герани переплетаются с успокаивающей лавандой в сердце аромата, а землистые ноты дубового мха и древесный аккорд встречаются в базе, подчёркивая элегантный характер композиции. Классификация аромата: ароматический, фужерный, зелёный, древесный. Верхние ноты: мята, вербена, лимон, бергамот, гальбанум Ноты сердца: герань, лаванда, фиалка Базовые ноты: сандал, кедр, амброксан, дубовый мох",Распылите с небольшого расстояния. Избегайте попадания в глаза.,Франция,18
343,2026-09-29T22:18:04.967047,20260929_212821_59782779,19000485595,parfjumerija/nabory,Versace,Eros Pour Homme,Нет категории,11610.0,11610.0,0.0,1,0.0,https://goldapple.ru/19000485595-versace-eros-pour-homme/,https://goldapple.ru/parfjumerija/nabory?p=18,"В элегантный набор VERSACE входят туалетная вода для мужчин EROS (50 мл), парфюмированный гель для душа и ванны EROS (50 мл), мягко очищающий кожу тела, и парфюмированный бальзам после бритья (50 мл), который успокаивает и увлажняет кожу. Интригующая композиция, олицетворяющая абсолютную мужественность, объединяет свежесть мяты, цедры лимона и зеленого яблока, чувственность нот бобов тонка, амброксана, герани и ванили, а также притягательность кедра, ветивера и дубового мха. Этот аромат – ода мужской силе духа, смелости и страсти. состав набора — Туалетная вода EROS, 50 мл — Парфюмированный гель для душа и ванны EROS, 50 мл — Парфюмированный бальзам после бритья, 50 мл","Туалетная вода: Распылите с небольшого расстояния, избегая попадания в глаза. Парфюмированный шампунь для волос и тела: Используйте во время принятия душа: нанесите на волосы и тело, распределите массирующими движениями, затем смойте водой. Бальзам после бритья: Нанесите на кожу лица после бритья и аккуратно распределите.",Италия,18
344,2026-09-29T22:18:12.036625,20260929_212821_59782779,19000227274,parfjumerija/nabory,Vilhelm Parfumerie,Back To The Roots,Нет категории,12622.0,12622.0,0.0,1,0.0,https://goldapple.ru/19000227274-back-to-the-roots/,https://goldapple.ru/parfjumerija/nabory?p=18,"Аромат Back To The Roots — умиротворяющая композиция. Это воплощение баланса и гармонии, когда ваши чувства обострены, а разум спокоен. Вознеситесь над хаосом и смакуйте каждое мгновение. Забудьте о прошлом и будущем, чтобы сконцентрироваться на ощущениях здесь и сейчас. Отрекитесь от самого себя — чтобы вновь себя обрести. Все очень просто. Покой — вот высшее проявление роскоши",Нанести на пульсирующие точки,Франция,18
345,2026-09-29T22:18:19.391499,20260929_212821_59782779,19000059322,parfjumerija/nabory,ORENS PARFUMS,Serr d'Eden,Парфюмерный набор,12903.0,12903.0,0.0,1,0.0,https://goldapple.ru/19000059322-serr-d-eden/,https://goldapple.ru/parfjumerija/nabory?p=18,"Этот таинственный амбровый аромат открывается свежими и пряными нотами. В сердце аромата гармонично сплетаются ноты кедра и ветивера с нежными цветочными оттенками. Амбра и бальзамический аккорд источают тепло, подчеркивающее чувственное звучание сандаловой древесины. В наборе 3 мини-флакона по 10 мл в футляре.",Нанести на пульсирующие точки,Франция,18
346,2026-09-29T22:18:27.616007,20260929_212821_59782779,19000378840,parfjumerija/nabory,EPC. EXPERIMENTAL PERFUME CLUB,CREATION SET 01 ESSENTIAL TRIO COLLECTION,Парфюмерный набор,9409.0,9409.0,0.0,1,0.0,https://goldapple.ru/19000378840-creation-set-01-essential-trio-collection/,https://goldapple.ru/parfjumerija/nabory?p=18,"В набор входят 3 утонченных аромата EPC (по 10 мл): парфюмерная вода BERGAMOT INCENSE, парфюмерная вода JASMINE OSMANTHUS и парфюмерная вода SANDALWOOD MUSK. Эти композиции можно использовать отдельно, чтобы наслаждаться лаконичной, изысканной гармонией нот. Ароматы из набора также можно смешивать в разных пропорциях, чтобы экспериментировать и создавать свои уникальные парфюмерные творения, идеально подходящие под индивидуальный вкус. Набор дополнен пустым атомайзером для смешивания.",Только для наружного применения. Нанесите один выбранный аромат или сочетайте две или три парфюмерных воды для создания уникальной композиции. Набор не предназначен для использования детьми.,Франция,18
347,2026-09-29T22:18:35.083752,20260929_212821_59782779,99000035644,parfjumerija/nabory,ELECTIMUSS,NARCOTIC FLORAL,Набор парфюмерной воды,20250.0,20250.0,0.0,1,0.0,https://goldapple.ru/99000035644-narcotic-floral/,https://goldapple.ru/parfjumerija/nabory?p=18,"В набор NARCOTIC FLORAL входят дорожный распылитель и три спрея по 10 мл, чтобы вы могли взять с собой любимые ароматы Electimuss, куда бы вы ни отправились. Imperium от Sofia Bardelli. Цветочно-мускусный аромат с цитрусовым послевкусием и древесной основой. Композиция раскрывается ярким и свежим аккордом со слегка сливочно-цветочным сердцем и манящей теплой древесной и слегка ванильной основой. PERSEPHONE'S PATCHOULI. Pаскрываeтся свежим и элегантным кардамоном, слегка разбавленным сливой и гранатом. Яркий и бодрящий аромат наполнен энергией и ощущением теплого весеннего дня. Vixere от Sofia Bardelli. Он открывается солнечной ароматной цитрусовой рощей, наполненной нотами мандарина, бергамота, нероли и грейпфрутом, а затем переходит в пьянящее облако фиалок и белых цветов, лежащих на соблазнительной мягкой пудровой базе с мускусом и ванилью. Все наши ароматы - это чистая парфюмерия, обладающая превосходной текстурой и долговечностью.",Не указано,Великобритания,18
348,2026-09-29T22:18:41.740531,20260929_212821_59782779,19000059317,parfjumerija/nabory,ORENS PARFUMS,Undea des Iles,Парфюмерный набор,23562.0,23562.0,0.0,1,0.0,https://goldapple.ru/19000059317-undea-des-iles/,https://goldapple.ru/parfjumerija/nabory?p=18,"Ориентальный древесный аромат, который словно покрыт брызгами сочных фруктов, свежего бергамота и сладостной малины. Роскошный теплый уд наполняет сердце аромата. Аромат раскрывается на ложе, сотканном из сильнейших – сплетение чувственного мускуса с манящей ванилью. Аромат настолько кружит голову, что окружающие будут одержимы этим ароматом и вами в нём. Объем: 2*50 мл.",Нанести на пульсирующие точки.,Франция,18
349,2026-09-29T22:18:49.107761,20260929_212821_59782779,26544100007,parfjumerija/nabory,Creed,Royal Princess Oud,набор миниатюр парфюмерной воды,18034.0,18034.0,0.0,1,0.0,https://goldapple.ru/26544100007-royal-princess-oud/,https://goldapple.ru/parfjumerija/nabory?p=18,"состав набора — Парфюмерная вода Creed Royal Princess Oud, 10 мл — Парфюмерная вода Creed Royal Princess Oud, 10 мл — Парфюмерная вода Creed Royal Princess Oud, 10 мл В набор входят три миниатюры парфюмерной воды Creed Royal Princess Oud (по 10 мл). Элегантный цветочно-восточный аромат Royal Princess Oud – соблазнительная и женственная интерпретация уда. Роскошный и царственный, словно алое бархатное платье или костюм для королевских особ, этот аромат дарит уверенность и воспевает изысканность и внутреннюю силу. В парфюмерной композиции Creed искрящиеся ноты бергамота, альдегидов и сочного грейпфрута переплетаются с элегантным цветочным звучанием розы и ириса. Древесные ноты кедра и уда усиливают чувственность аромата, делая его одновременно утончённым и смелым.",Распылите с небольшого расстояния. Избегайте попадания в глаза.,Франция,18
350,2026-09-29T22:18:57.588952,20260929_212821_59782779,19000329378,parfjumerija/nabory,Ormonde Jayne,Ta’if,Дорожный набор духов,18513.0,18513.0,0.0,1,3.0,https://goldapple.ru/19000329378-ta-if/,https://goldapple.ru/parfjumerija/nabory?p=18,"Taif – пленительный и дерзкий аромат розы из города Таиф, расположенного на высоте 1751 метров над уровнем Красного моря с видом на Аравийскую пустыню. Этот аромат не любит дневной свет, предпочитая сумерки, ночь, вечеринки, обещания руки и сердца и тайные свидания. Роскошная композиция звучит смело и насыщенно, чтобы вы могли чувствовать себя королевой бала. Набор: Духи Taif 10мл*4шт.",Нанести на пульсирующие точки.,Великобритания,18
351,2026-09-29T22:19:05.185288,20260929_212821_59782779,99000034972,parfjumerija/nabory,ELECTIMUSS,BLACK CAVIAR,Набор парфюмерной воды,18810.0,18810.0,0.0,1,0.0,https://goldapple.ru/99000034972-black-caviar/,https://goldapple.ru/parfjumerija/nabory?p=18,"Тревел-набор от Electimuss с атомайзером. Этот уникальный аромат одновременно гармоничен и удивителен. Роскошная соленость икры прекрасно сочетается с ароматным шалфеем, розмарином и лавандой, а древесно-землистая база сочетается с дубовым мхом и пачули. Океаническая лаванда, достойная императора. Аромат посвящен Императору Нерону. Император НЕРОН славился своим гедонизмом, он был настоящим эпикурейцем и знатоком с большим аппетитом и экстравагантными вкусами. С большим размахом и фанфарами флейт, барабанов и труб он подавал икру самым почетным гостям в гирляндах из роз. Абсолютная роскошь.",Не указано,Великобритания,18
352,2026-09-29T22:19:13.900428,20260929_212821_59782779,19000329379,parfjumerija/nabory,Ormonde Jayne,Tolu,Дорожный набор духов,18513.0,18513.0,0.0,1,0.0,https://goldapple.ru/19000329379-tolu/,https://goldapple.ru/parfjumerija/nabory?p=18,"Толуанский бальзам - перуанское смолистое дерево. Аромат – сокровище, роскошное бархатное звучание чистой смолы ""толуанского бальзама"" отправит вас в чувственное путешествие по Востоку. В сердце аромата - кружево золотого ладана и амбры в пьянящей огранке цветов апельсина и шалфея, а интенсивные цитрусовые ноты объединяют в гармонию роскошную композицию. Набор: Духи Tolu 10мл*4шт.",Нанести на пульсирующие точки.,Великобритания,18
353,2026-09-29T22:19:21.704650,20260929_212821_59782779,99000034981,parfjumerija/nabory,ELECTIMUSS,OUD ADDICT,Нет категории,20250.0,20250.0,0.0,1,0.0,https://goldapple.ru/99000034981-oud-addict/,https://goldapple.ru/parfjumerija/nabory?p=18,"В набор Oud Addict входит дорожный распылитель и три спрея по 10 мл, так что вы всегда сможете взять с собой любимые ароматы Electimuss, куда бы вы ни отправились. Rhodanthe от Sofia Bardelli. В основе этого яркого и чувственного аромата - абсолют болгарской розы, насыщенная амбра, пряный шафран и герань, а также смолистая база из пачули, ванили и белого мускуса. Amber Aquilaria от Julien Rasquinet. Роскошный амбровый уд с фруктовыми верхними нотами персика, мандарина и корицы, сердцем из розы, нероли и коньяка и смолисто-янтарной основой из ванили, бурбонского сандала и аквилярии. Mercurial Cashmere от Sofia Bardelli. Искрящиеся верхние ноты бергамота, розового перца и кардамона растворяются в чувственном, бархатистом, маслянистом сердце из ириса и амбры. Теплая древесная база из карамели, тонка, ванили и слегка дымчатого уда и кедра завершается темной, слегка гурманской основой. Все наши ароматы - это чистая парфюмерия, обладающая превосходной текстурой и долговечностью.",Не указано,Великобритания,18
354,2026-09-29T22:19:28.072124,20260929_212821_59782779,19000150169,parfjumerija/nabory,SIGNATURE BY SILLAGE DORIENT,SANTAL,Нет категории,17969.0,17969.0,0.0,1,4.8,https://goldapple.ru/19000150169-santal/,https://goldapple.ru/parfjumerija/nabory?p=18,"В изысканный набор входят парфюмерная вода SANTAL (100 мл), её миниатюра в тревел-формате (15 мл) и распылитель. В богатом и чувственном аромате SIGNATURE by Sillage d'Orient насыщенный сандал окутан дымным аккордом папируса с оттенком кожи. Кардамон придает чарующей композиции пряную и смолистую грани, а ветивер и амбра делают звучание еще более ярким и притягательным. Аромат будто манит сквозь нежные шелковые шали в загадочную арабскую ночь. Эта композиция – смесь страсти и нежности, мужественности и женственности, силы и желания поддаться соблазну.",Распылять на кожу с расстояния 20-30 см.,Франция,18
355,2026-09-29T22:19:35.284233,20260929_212821_59782779,99000034971,parfjumerija/nabory,ELECTIMUSS,IMPERIUM,Набор парфюмерной воды,16830.0,16830.0,0.0,1,0.0,https://goldapple.ru/99000034971-imperium/,https://goldapple.ru/parfjumerija/nabory?p=18,"Тревел-набор от Electimuss с атомайзером. Объем 5×10 мл. Композиция открытая, яркая и свежая, со слегка сливочным цветочным сердцем, опьяняющей теплой древесной и мягкой гурманской базой. Аромат поднимает настроение, его удобно носить, он излучает ту же элегантность и уверенность, что и роскошные часы. Империум в Древнем Риме означал власть, опьяняющую власть высокого поста. Чтобы получить Империум, требовались авторитет, интеллект, обаяние, популярность и амбиции. Этот аромат излучает уверенность, стиль, статус и элегантность. Это аромат успеха.",Не указано,Великобритания,18
356,2026-09-29T22:19:42.480049,20260929_212821_59782779,19000458007,parfjumerija/nabory,Versace,CRYSTAL NOIR,Подарочный парфюмерный набор,18135.0,18135.0,0.0,1,4.9,https://goldapple.ru/19000458007-crystal-noir/,https://goldapple.ru/parfjumerija/nabory?p=18,"В состав набора входят: Парфюмерная вода Versace Crystal Noir женская — 90 мл. Парфюмированный гель для душа и ванны Versace Crystal Noir — 100 мл. Парфюмированный лосьон для тела Versace Crystal Noir — 100 мл. Косметичка Versace — 1 шт. Парфюмерная вода Versace Crystal Noir женская. Парфюмированный гель для душа и ванны Versace Crystal Noir мгновенно обволакивает парфюмерной вуалью и продлевает момент наслаждения вместе с ароматом Crystal Noir от Versace. Парфюмированный лосьон для тела Versace Crystal Noir питает и смягчает кожу, придавая ей мягкость и тонкий аромат.","Парфюмированный гель для душа и ванны VERSACE ""CRYSTAL NOIR"": Нанесите на влажную кожу, вспеньте круговыми движениями или добавьте в ванну, затем смойте водой. Парфюмированный лосьон для тела VERSACE ""CRYSTAL NOIR"": Наносить утром и/или вечером круговыми движениями на очищенную кожу всего тела.",Италия,18
357,2026-09-29T22:19:50.038176,20260929_212821_59782779,19000121294,parfjumerija/nabory,THE WOODS COLLECTION,Glow,Набор парфюмерный,10782.0,10782.0,0.0,1,4.8,https://goldapple.ru/19000121294-glow/,https://goldapple.ru/parfjumerija/nabory?p=18,"Сквозь запутанные ароматы лесных ягод и мокрую землю под ногами прогуляйтесь по лесу, а редкие мягкие искорки освещают путь, наполняя ваше сердце излучающей уверенностью. Ваш след ведет вас по дороге кожи, черной фиалки и кристальной розы, пока не заканчивается ароматами светлого дерева, малины и следами ветивера, щекочущими ваши носовые рецепторы. GLOW от Natural by The Woods Collection на лесу — это произведение искусства. Состав набор: 100ml+5ml. Флакон 5 ml пустой.",Не указано,Франция,18
358,2026-09-29T22:19:57.277261,20260929_212821_59782779,19000497591,parfjumerija/nabory,Zielinski & Rozen,Sweet & floral 2,Парфюмерный набор,4590.0,4590.0,0.0,1,4.6,https://goldapple.ru/19000497591-zielinski-rozen-sweet-floral-2/,https://goldapple.ru/parfjumerija/nabory?p=18,"Стойкий аромат-унисекс. Оставляет легкий шлейф. **В состав набора входит: ** — Saffron, Grapefruit, Elemi, Tobacco, 3 мл. — Peach, Passion fruit, Musk, 3 мл. — Apple, Lotus, 3 мл. — Blackcurrant, Geranium, Amber, Leather, 3 мл. — Amberwood, Vanilla, Davanа, 3 мл.","Распылите на кожу или одежду с расстояния 30 см. Либо распылите парфюм перед собой и войдите в образовавшееся облако. Чтобы аромат сохранялся дольше, наносите его на разогретое или влажное тело.",Россия,18
359,2026-09-29T22:20:05.702679,20260929_212821_59782779,19000416505,parfjumerija/nabory,CHOPARD,VANILLE MALIKA,Подарочный парфюмерный набор,12851.0,12851.0,0.0,1,4.8,https://goldapple.ru/19000416505-vanille-malika/,https://goldapple.ru/parfjumerija/nabory?p=18,"В подарочный набор входят парфюмерная вода Chopard ""Vanille Malika"" (100 мл) и парфюмированный лосьон для тела Chopard VANILLE MALIKA (75 мл), который увлажняет кожу и оставляет чарующий аромат. Насыщенный и роскошный аромат Chopard построен вокруг вневременной красоты ванили, дополненной неожиданными и яркими нотами. В этой композиции, отражающей чувственность и уверенность, чарующий аккорд ванили обрамляют загадочный ладан, розовый перец и тонкая сладость личи. В базовых нотах гармонируют сандал, кашмеран и опопанакс, делающие шлейф гипнотическим и притягательным.",1. Лосьон для тела: нанесите лосьон на кожу тела и распределите массирующими движениями. 2. Парфюмерная вода: парфюмерную воду распылите с небольшого расстояния.,Италия,18
360,2026-09-29T22:20:13.470474,20260929_212821_59782779,99000034982,parfjumerija/nabory,ELECTIMUSS,NERO COLLECTION,Набор парфюмерной воды,20250.0,20250.0,0.0,1,0.0,https://goldapple.ru/99000034982-nero-collection/,https://goldapple.ru/parfjumerija/nabory?p=18,"В набор Nero входит дорожный распылитель и три спрея по 10 мл, так что вы всегда сможете взять с собой любимые ароматы Electimuss, куда бы вы ни отправились. Capua от Christian Provenzano. Тот дерзкий, знойный, дымчатый кедр имеет гладкую и округлую текстуру. Верхние ноты элеми и кипариса плавно переходят в дымчатое сердце из кедра и ладана и соблазнительную землистую базу из ветивера, амбры и пачули. Black Caviar от Марко Дженовезе. Роскошный и оригинальный парфюм. Верхние ноты уда и кедра сочетаются с насыщенной соленостью черной икры, которая, в свою очередь, создает гармонию с ароматом лаванды и шалфея. Землистая база из дубового мха, ветивера и пачули придает этому культовому парфюму глубину и долговечность. Mercurial Cashmere от Sofia Bardelli. Искрящиеся верхние ноты бергамота, розового перца и кардамона переходят в чувственное, бархатистое, маслянистое сердце из ириса и амбры. Теплая древесная база из карамели, тонка, ванили и слегка дымчатого уда и кедра завершается темной, слегка гурманской основой. Все наши ароматы - это чистая парфюмерия, обладающая превосходной текстурой и долговечностью.",Не указано,Великобритания,18
361,2026-09-29T22:20:33.931800,20260929_212821_59782779,19000497590,parfjumerija/nabory,Zielinski & Rozen,Spicy & wood,Парфюмерный набор,4500.0,4500.0,0.0,1,4.7,https://goldapple.ru/19000497590-zielinski-rozen-spicy-wood/,https://goldapple.ru/parfjumerija/nabory?p=19,"Стойкий аромат-унисекс. Оставляет легкий шлейф. В состав набора входит: — Black Pepper, Vetiver, Neroli, Amber, 3 мл. — Cedarwood, Neroli, Amber, 3 мл. — Oud, Amber, Wood Blend, 3 мл. — Vetiver, Ele, Patchouli, 3 мл. — Tobacco, Cedarwood, Pepper, 3 мл.","Распылите на кожу или одежду с расстояния 30 см. Либо распылите парфюм перед собой и войдите в образовавшееся облако. Чтобы аромат сохранялся дольше, наносите его на разогретое или влажное тело.",Россия,19
362,2026-09-29T22:20:42.450223,20260929_212821_59782779,19000013025,parfjumerija/nabory,NISHANE,Hacivat + Wūlóng Chá,набор,11765.0,11765.0,0.0,1,4.6,https://goldapple.ru/19000013025-hacivat-wulong-cha/,https://goldapple.ru/parfjumerija/nabory?p=19,"Hacivat Аромат, как дань элегантности, доброте, благородству и любви к искусству. + Этот аромат был создан, как дань уважения наиболее легендарным
ароматам в истории парфюмерии с современной интерпретацией и
сочетанием благородных нот. Чтобы с одной лишь капли аромата можно
было чувствовать красоту души, когда-либо порхавшей на земле, и
молча разделять чувства со всеми, с кем она сталкивалась.
Будьте готовы к комплиментам.
Вдохновленный традиционным персонажем театра теней,
этот шипровый аромат поможет вам жить в ваших лучших мечтах
благодаря вечным сверкающим мотивам своей позитивной структуры,
состоящей из бодрящих нот ананаса и бергамота, усиленных глубиной
древесных нот. Наслаждайтесь любовью! Объем каждого аромата 15мл.",Не распылять вблизи открытого огня. Не допускать попадания в глаза или на поврежденную кожу.,Турция,19
363,2026-09-29T22:20:49.507527,20260929_212821_59782779,83670200006,parfjumerija/nabory,State Of Mind,Natural elegance,Нет категории,10892.0,10892.0,0.0,1,4.6,https://goldapple.ru/83670200006-natural-elegance/,https://goldapple.ru/parfjumerija/nabory?p=19,"В состав набора входит парфюмерная вода 20 мл в футляре + рефилл 20 мл. Современный шипровый аромат Natural Elegance с красивым и ярко выраженным шлейфом отражает баланс между простотой и изяществом элегантной женщины, её внутреннее сияние. Она знает, что истинная красота – не в платьях или причёске, а в глазах и сердце. В одновременно лёгкой и многогранной композиции гармонируют ноты зелёного чая Юньнань, османтуса, выразительного и сочного абрикоса. Лёгкий оттенок пачули в аромате подкреплён амброксаном. Верхние ноты: зеленый чай Юньнань, абрикос Ноты сердца: амброксан, жасмин, османтус Базовые ноты: пачули, дубовый мох",Не указано,Франция,19
364,2026-09-29T22:20:57.946036,20260929_212821_59782779,19000460297,parfjumerija/nabory,Narciso Rodriguez,For Her Pure Musc,Нет категории,14145.0,14145.0,0.0,1,5.0,https://goldapple.ru/19000460297-for-her/,https://goldapple.ru/parfjumerija/nabory?p=19,"Парфюмерный набор с ароматом-бестселлером for her pure musc.Ода мускусу. Легендарная нота предстает в новой, еще более изысканной, обезоруживающе чистой и насыщенной форме. Среднюю мускусную ноту подчеркивает букет белых цветов и теплые оттенки кашмерана. Парфюмерная вода for her PURE MUSC завораживает, если наносить ее соло, но также невероятно красиво сочетается в дуэте с другими ароматами линии for her. состав набора: — Парфюмерная вода For Her Pure Musc Narciso Rodriguez, 100 мл — Парфюмерная вода For Her Pure Musc Narciso Rodriguez, 10 мл — Лосьон для тела FOR HER Narciso Rodriguez, 50 мл",Лосьон для тела: нанесите лосьон на очищенную кожу тела и распределите массирующими движениями. Парфюмерная вода: парфюмерную воду распылите с небольшого расстояния. Только для наружного применения. Избегайте попадания в глаза.,Франция,19
365,2026-09-29T22:21:05.008803,20260929_212821_59782779,99000083091,parfjumerija/nabory,AromaGen,№ 4,Набор миниатюр,1550.0,1550.0,0.0,1,4.0,https://goldapple.ru/99000083091-no-4/,https://goldapple.ru/parfjumerija/nabory?p=19,"Любимые ароматы в миниатюрах – это прекрасный вариант для тех, кто хочет иметь всю коллекцию в компактных версиях. А также идеальная возможность познакомиться с ароматами бренда AromaGen и выбрать идеальный для себя. Набор миниатюр духов-роллеров включает в себя 4 восхитительных аромата: Духи Black pepper (2,5 мл) : Верхние ноты: апельсин, черный перец. Средние ноты: морская соль розмарин, лаванда. Базовые ноты: кожа, бобы тонка. Духи Crackling fire (2,5 мл) : Верхние ноты: пряности, табачные листья. Средние ноты: бобы тонка, ваниль, шоколад. Базовые ноты: древесные аккорды, сухофрукты. Духи Wilflowers tea (2,5 мл) : Верхние ноты: мята, бергамот, ревень. Средние ноты: лимон, жасмин. Базовые ноты: зеленый чай, фенхель. Духи Twiight woods (2,5 мл) : Верхняя нота: дубовый мох. Средние ноты: можжевельник, апельсин, грейпфрут. Базовые ноты: тополиные почки, табачные листья, бергамот. Этот парфюмерный набор - оптимальный выбор в пользу удобства, элегантности и хорошего парфюмерного вкуса. В наборе предусмотрен мешочек для удобного хранения. Миниатюры духов упакованы в коробку и могут быть отличным вариантом небольшого подарка. Комплектация: духи-роллеры 4 шт x 2,5 мл.","Нанести духи на пульсирующие точки: запястья, сгиб локтя, шею, зону за ушами, ключицы. Обновляйте аромат по мере необходимости.",Россия,19
366,2026-09-29T22:21:13.285822,20260929_212821_59782779,19000013024,parfjumerija/nabory,NISHANE,Hacivat +Hundred Silent ways,набор,11818.0,11818.0,0.0,1,5.0,https://goldapple.ru/19000013024-hacivat-hundred-silent-ways/,https://goldapple.ru/parfjumerija/nabory?p=19,"Hacivat Аромат, как дань элегантности, доброте, благородству и любви к искусству.
Вдохновленный традиционным персонажем театра теней,
этот шипровый аромат поможет вам жить в ваших лучших мечтах
благодаря вечным сверкающим мотивам своей позитивной структуры,
состоящей из бодрящих нот ананаса и бергамота, усиленных глубиной
древесных нот. Наслаждайтесь любовью! Hundred Silent ways Аромат, как дань каждой «особенной любви», когда-либо зародившейся на
земле. Совместное проведённое время с вашей розой и делает
вашу розой особенной. Чарующий аромат цветов раскрывает вам тайну
любви Маленького Принца, немного тщеславную и наивную. Объем каждого аромата 15мл.",Не распылять вблизи открытого огня. Не допускать попадания в глаза или на поврежденную кожу.,Турция,19
367,2026-09-29T22:21:22.217084,20260929_212821_59782779,19000538375,parfjumerija/nabory,Acqua di Parma,buongiorno collection,парфюмерный набор миниатюр,19340.0,19340.0,0.0,1,0.0,https://goldapple.ru/19000538375-acqua-di-parma-buongiorno-collection/,https://goldapple.ru/parfjumerija/nabory?p=19,"Набор из пяти ароматов коллекции Buongiorno. Каждый из ароматов запечатлевает момент и придает ему особенный поэтический образ. Набор представлен в компактном формате, который удобно брать с собой. состав набора — Buongiorno Al Bacio, 10 мл. — Buongiorno Buonanotte, 10 мл. — Buongiorno Dolce Far Niente, 10 мл. — Buongiorno Gioco del Destino, 10 мл. — Buongiorno Amore Mio, 10 мл.","Нанесите на шею, запястья и точки пульса",Италия,19
368,2026-09-29T22:21:32.104496,20260929_212821_59782779,99000034980,parfjumerija/nabory,ELECTIMUSS,Mercurial Cashmer,Набор парфюмерной воды,18810.0,18810.0,0.0,1,0.0,https://goldapple.ru/99000034980-mercurial-cashmer/,https://goldapple.ru/parfjumerija/nabory?p=19,"Тревел-набор от Electimuss с атомайзером. Искрящиеся и пикантные верхние ноты бергамота, розового перца и кардамона дарят яркое мимолетное удовольствие, а чувственное, бархатистое, маслянистое, пудровое сердце ириса и амбры окутывает вас. Соблазнительная древесная база из карамели, бобов тонка, ванили и слегка дымного уда и кедра раскрывает темную, слегка гурманскую базу.",Не указано,Великобритания,19
369,2026-09-29T22:21:40.739235,20260929_212821_59782779,19000545222,parfjumerija/nabory,Tom Ford,Noir Extreme,набор парфюмерной воды,30000.0,30000.0,0.0,1,0.0,https://goldapple.ru/19000545222-tom-ford-noir-extreme/,https://goldapple.ru/parfjumerija/nabory?p=19,"Noir Extreme EDP олицетворяет наслаждение чувственностью и намекает на неутомимого гедониста, который скрывается за безупречным строгим костюмом Tom Ford. Tom Ford Noir Extreme — это новая интерпретация истории Noir с интригующим главным героем. Композиция раскрывается насыщенной смесью сияющих цитрусовых и пряных тёплых нот. В сердце аромата звучит дразнящий аккорд индийского мороженого кулфи и коктейль из цветочных нот абсолюта розы, жасмина и цветов апельсина. Древесный амбровый аккорд определяет звучание шлейфа. Притягательная основа из амбры обрамлена изысканными нотами сандалового дерева и тлеющими угольками ванили. состав набора — парфюмерная вода Noir Extreme, 100 мл — миниатюра парфюмерной воды Noir Extreme, 10 мл.","Нанесите аромат на запястья, шею и точки пульса на очищенную и увлажнённую кожу. Не растирайте.",Швейцария,19
370,2026-09-29T22:21:49.040867,20260929_212821_59782779,19000543659,parfjumerija/nabory,Kilian Paris,Angels' Share on the Rocks,парфюмерной воды набор,37350.0,37350.0,0.0,1,0.0,https://goldapple.ru/19000543659-kilian-paris-angels-share-on-the-rocks/,https://goldapple.ru/parfjumerija/nabory?p=19,"Прохладные цитрусовые оттенки встречаются с характерным теплом коньяка в праздничном наборе Angels' Share on the Rocks. Горький апельсин делает старт более свежим, коньяк и корица формируют пряное сердце, а бобы тонка с дубом смягчают древесную базу. Одна и та же парфюмерная вода представлена в двух размерах, поэтому переход от яркой свежести к тёплым древесным акцентам остаётся одинаковым во флаконе и дорожном формате. Контраст прохлады и насыщенности делает композицию собранной и выразительной. Комплект объединяет полноразмерный флакон и компактный спрей, чтобы знакомый аромат было удобно держать рядом в разных сценариях дня. В набор входит: Angels' Share on the Rocks парфюмерная вода, 50 мл Angels' Share on the Rocks дорожный спрей парфюмерной воды, 7,5 мл","Angels' Share on the Rocks парфюмерная вода: распылите на пульсирующие зоны — запястья, шею, за ушами и на внутреннюю сторону локтей. Избегайте контакта с одеждой. Для более стойкого звучания наносите на увлажнённую кожу.
Angels' Share on the Rocks дорожный спрей парфюмерной воды: наносите на пульсирующие зоны тем же способом и обновляйте аромат по необходимости.",Франция,19
371,2026-09-29T22:21:56.144304,20260929_212821_59782779,19000543657,parfjumerija/nabory,Kilian Paris,Good girl gone Bad,парфюмерной воды набор,37800.0,37800.0,0.0,1,0.0,https://goldapple.ru/19000543657-kilian-paris-good-girl-gone-bad/,https://goldapple.ru/parfjumerija/nabory?p=19,"Яркий букет белых цветов определяет характер набора Good girl gone Bad. Цветок апельсина и роза создают светлое начало, османтус и тубероза добавляют кремовую глубину, а нарцисс привносит мягкий зелёный оттенок в финальное звучание. Оба формата содержат одну и ту же парфюмерную воду, сохраняя композицию от полноразмерного флакона до компактного дорожного спрея. Аромат развивается плавно: свежие лепестки переходят в более насыщенные бархатистые цветочные оттенки. Праздничный выпуск оформлен как лимитированная декоративная пара — выразительный флакон и портативный формат Talisman для аккуратного ароматного гардероба. В набор входит: Good girl gone Bad парфюмерная вода, 50 мл Good girl gone Bad дорожный спрей парфюмерной воды, 7,5 мл","Good girl gone Bad парфюмерная вода: распылите на пульсирующие зоны — запястья, шею, за ушами и на внутреннюю сторону локтей. Избегайте контакта с одеждой. Для более стойкого звучания наносите на увлажнённую кожу.
Good girl gone Bad дорожный спрей парфюмерной воды: наносите на пульсирующие зоны тем же способом и обновляйте аромат по необходимости.",Франция,19
372,2026-09-29T22:22:04.133737,20260929_212821_59782779,19000543655,parfjumerija/nabory,Kilian Paris,Angels' Share,парфюмерной водой и мистом набор,36900.0,36900.0,0.0,1,0.0,https://goldapple.ru/19000543655-kilian-paris-angels-share/,https://goldapple.ru/parfjumerija/nabory?p=19,"Тёплый и обволакивающий характер Angels' Share раскрывается в праздничном наборе сразу в двух форматах. Парфюмерная вода подчёркивает насыщенное сочетание коньяка, розы и корицы, а более лёгкий мист для тела оставляет ту же композицию мягкой ароматной вуалью. Дуб и бобы тонка добавляют гладкую древесную сладость, а воздушная текстура миста делает звучание легче, не меняя узнаваемый профиль аромата. Вместе форматы создают многослойное впечатление — от плотного пряного акцента до деликатного шлейфа. Лимитированное праздничное оформление объединяет полноразмерный аромат и большой формат для тела в цельный набор. В набор входит: Angels' Share парфюмерная вода, 50 мл Angels' Share парфюмированный мист для тела, 150 мл","Angels' Share парфюмерная вода: распылите на пульсирующие зоны — запястья, шею, за ушами и на внутреннюю сторону локтей. Избегайте контакта с одеждой. Для более стойкого звучания наносите на увлажнённую кожу.
Angels' Share парфюмированный мист для тела: распылите на чистую кожу тела с расстояния 20–30 см, избегая лица, глаз и области подмышек. Повторяйте по желанию.",Франция,19
373,2026-09-29T22:22:10.874567,20260929_212821_59782779,19000545221,parfjumerija/nabory,Tom Ford,Ombre Leather,Нет категории,30000.0,30000.0,0.0,1,0.0,https://goldapple.ru/19000545221-tom-ford-ombre-leather/,https://goldapple.ru/parfjumerija/nabory?p=19,"Tom Ford Ombre Leather — цветочный кожаный аромат, напоминающий пейзаж Дикого Запада, где скалы и песчаные дюны простираются вдаль, сливаясь воедино с горизонтом. Пряные пачули и ветивер делают чувственные ноты кожи ещё более осязаемыми, а вся красота дикой пустыни раскрывается нотами белых цветов жасмина самбак. Сочетание нот амбры и мха позволяет ощутить жар, исходящий от скал и раскалённых песков пустыни. Лимитированный подарочный набор с невероятно фактурным ароматом Ombré Leather идеально подойдёт как для неё, так и для него. состав набора — парфюмерная вода Ombre Leather, 100 мл — миниатюра парфюмерной воды Ombre Leather, 10 мл.","Нанесите аромат на запястья, шею и точки пульса на очищенную и увлажнённую кожу. Не растирайте.",Швейцария,19
374,2026-09-29T22:22:20.107961,20260929_212821_59782779,19000545225,parfjumerija/nabory,Tom Ford,soleil neige,Нет категории,21800.0,21800.0,0.0,1,0.0,https://goldapple.ru/19000545225-tom-ford-soleil-neige/,https://goldapple.ru/parfjumerija/nabory?p=19,"Парфюмерная вода Tom Ford Soleil Neige — это луч солнечного света вперемешку с глотком зимнего воздуха, который вызывает в воображении солнечные блики на свежем альпийском снегу. Сияющий и волнующий, он очаровывает яркими цитрусовыми, белыми цветами и мускусом. состав набора — парфюмерная вода Soleil Neige, 50 мл — миниатюра парфюмерной воды Soleil Neige, 10 мл.","Нанесите аромат на запястья, шею и точки пульса на очищенную и увлажненную кожу. Не растирайте.",Швейцария,19
375,2026-09-29T22:22:28.900474,20260929_212821_59782779,19000543658,parfjumerija/nabory,Kilian Paris,Angels' Share,парфюмерной воды набор,37350.0,37350.0,0.0,1,0.0,https://goldapple.ru/19000543658-kilian-paris-angels-share/,https://goldapple.ru/parfjumerija/nabory?p=19,"Тепло коньяка и гладкие древесные оттенки сразу задают характер набору Angels' Share. Малина и коньяк добавляют округлую фруктовую насыщенность, роза и корица формируют пряное сердце, а бобы тонка с дубом оставляют мягкую, спокойную базу. Полноразмерная парфюмерная вода и дорожный спрей содержат одну композицию, поэтому аромат сохраняет одинаковое звучание в обоих форматах. Сладость, специи и древесность сбалансированы так, чтобы профиль оставался глубоким, но не перегруженным. Лимитированное праздничное оформление соединяет декоративный флакон с компактным спреем Talisman — удобная пара для дома и поездок. В набор входит: Angels' Share парфюмерная вода, 50 мл Angels' Share дорожный спрей парфюмерной воды, 7,5 мл","Angels' Share парфюмерная вода: распылите на пульсирующие зоны — запястья, шею, за ушами и на внутреннюю сторону локтей. Избегайте контакта с одеждой. Для более стойкого звучания наносите на увлажнённую кожу.
Angels' Share дорожный спрей парфюмерной воды: наносите на пульсирующие зоны тем же способом и обновляйте аромат по необходимости.",Франция,19
376,2026-09-29T22:22:38.843199,20260929_212821_59782779,19000545226,parfjumerija/nabory,Tom Ford,Eau d’Ombré Leather,набор туалетной воды,16950.0,16950.0,0.0,1,0.0,https://goldapple.ru/19000545226-tom-ford-eau-d-ombre-leather/,https://goldapple.ru/parfjumerija/nabory?p=19,"Eau d’Ombré Leather воплощает величественное сияние кожи на рассвете нового дня в мире Дикого Запада Tom Ford. Выразительные верхние ноты представляют собой созвучие из трех бодрящих специй. Освежающие эссенции пикантного имбиря, кориандра и кардамона моментально оживляют землистые акценты Eau d’Ombré Leather, дополняя их яркими цитрусово-травяными оттенками. Вслед за пленительными нотами шафрана раскрывается дымная кожа — новый ингредиент Eau d’Ombré Leather. Его насыщенное звучание озаряет сердце аромата и вызывает ассоциации с выделанной кожей, соблазнительно мерцающей в момент, когда густая тьма сменяется светом. Культовый акцент Ombré Leather теперь как будто подсвечен лучами восходящего солнца. Изысканная и чувственная ванильная нота привносит в композицию элегантный сияющий нюанс, а эссенция кедра смешивается с бархатистой нотой сандала и эссенциями пачулей и киприола, создавая впечатление неотразимого свечения. Эти насыщенные древесные и землистые акценты подчеркнуты томными теплыми переливами амбры и бобов тонка. состав набора — туалетная вода Eau d’Ombré Leather, 50 мл — миниатюра туалетной воды Eau d’Ombré Leather, 10 мл.","Нанесите аромат на запястья, шею и точки пульса на очищенную и увлажненную кожу. Не растирайте.",Швейцария,19
377,2026-09-29T22:22:51.004227,20260929_212821_59782779,19000287128,parfjumerija/nabory,Versace,Eros Flame,Подарочный набор,15700.0,15700.0,0.0,0,5.0,https://goldapple.ru/19000287128-eros-flame/,https://goldapple.ru/parfjumerija/nabory?p=19,"В элегантный набор VERSACE, посвященный древнегреческому богу любви, входят парфюмерная вода для мужчин EROS (100 мл + 10 мл) и косметичка. Интригующая композиция, олицетворяющая абсолютную мужественность, объединяет свежесть мяты, цедры лимона и зеленого яблока, чувственность нот бобов тонка, амброксана, герани и ванили, а также притягательность кедра, ветивера и дубового мха. Этот аромат – ода мужской силе духа, смелости и страсти.",Только для наружного применения. Парфюмерную воду распылите с небольшого расстояния. Избегайте попадания в глаза.,Италия,19
378,2026-09-29T22:22:58.894669,20260929_212821_59782779,19000545224,parfjumerija/nabory,Tom Ford,Black Orchid,набор парфюмерной воды,21800.0,21800.0,0.0,1,0.0,https://goldapple.ru/19000545224-tom-ford-black-orchid/,https://goldapple.ru/parfjumerija/nabory?p=19,"Tom Ford Black Orchid Eau De Parfum — это роскошный и чувственный аромат с богатыми глубокими нотами и соблазнительным шлейфом из черной орхидеи и специй. Основа аромата заключена в неуловимых нотах черной орхидеи, названной Томом Фордом «идеальным цветком — роскошным, элегантным, чистым и утонченным». Это современный аромат, который никогда не потеряет своей актуальности. состав набора — парфюмерная вода Black Orchid, 50 мл — миниатюра парфюмерной воды Black Orchid, 10 мл.","Нанесите аромат на запястья, шею и точки пульса на очищенную и увлажненную кожу. Не растирайте.",Швейцария,19
379,2026-09-29T22:23:07.650411,20260929_212821_59782779,19000543656,parfjumerija/nabory,Kilian Paris,"Love, don't be shy",парфюмерной воды набор,37800.0,37800.0,0.0,1,0.0,https://goldapple.ru/19000543656-kilian-paris-love-don-t-be-shy/,https://goldapple.ru/parfjumerija/nabory?p=19,"Мягкие цветы и воздушная сладость задают настроение праздничному набору Love, don't be shy. Нероли открывает композицию чистым сияющим акцентом, роза и жимолость формируют нежное сердце, а маршмеллоу с лабданумом оставляют тёплое округлое послевкусие. Одна и та же парфюмерная вода представлена в двух форматах, поэтому характер аромата остаётся неизменным дома и в дороге. Белоцветочная свежесть здесь соединяется с мягкой гурманской сладостью, создавая комфортное и выразительное звучание. Лимитированное праздничное оформление дополняет комплект, а компактный спрей Talisman удобно брать с собой в течение дня. В набор входит: Love, don't be shy парфюмерная вода, 50 мл Love, don't be shy дорожный спрей парфюмерной воды, 7,5 мл","Love, don't be shy парфюмерная вода: распылите на пульсирующие зоны — запястья, шею, за ушами и на внутреннюю сторону локтей. Избегайте контакта с одеждой. Для более стойкого звучания наносите на увлажнённую кожу.
Love, don't be shy дорожный спрей парфюмерной воды: наносите на пульсирующие зоны тем же способом и обновляйте аромат по необходимости.",Франция,19
380,2026-09-29T22:23:17.436465,20260929_212821_59782779,19000545223,parfjumerija/nabory,Tom Ford,Bois Pacifique,набор парфюмерной воды,30000.0,30000.0,0.0,1,0.0,https://goldapple.ru/19000545223-tom-ford-bois-pacifique/,https://goldapple.ru/parfjumerija/nabory?p=19,"Bois Pacifique — это путешествие, которое начинается со стремления к внутреннему покою и безграничной свободе, которые можно обрести лишь в местах, где сходятся величественные стихии. Аромат вызывает ощущение безграничной свободы и прилив жизненных сил. Землистые древесные ноты смешиваются с бодрящими специями. Эссенция кардамона напоминает сияние солнца, а яркий акцент молекулы Akigalawood подсвечивает свежую и пикантную ноту куркумы на фоне древесно-пряных нот, которые мгновенно придают аромату холодную чувственность. Затем, пронизывая всю композицию, звучание насыщенной эссенции олибанума и масла фиалкового корня захватывает всепоглощающим великолепием природы. Оттенки сандала, кедра и дуба поражают воображение своей величественностью, словно гуща леса, которую прорезают сказочные солнечные лучи, пробивающиеся на горизонте. состав набора — парфюмерная вода Bois Pacifique, 100 мл — миниатюра парфюмерной воды Bois Pacifique, 10 мл.","Нанесите аромат на запястья, шею и точки пульса на очищенную и увлажненную кожу. Не растирайте.",Швейцария,19
381,2026-09-29T22:23:44.977254,20260929_212821_59782779,19000287143,parfjumerija/nabory,Moschino,TOY 2 PEARL,Подарочный набор,9351.0,9351.0,0.0,0,5.0,https://goldapple.ru/19000287143-toy-2-pearl/,https://goldapple.ru/parfjumerija/nabory?p=20,"В набор MOSCHINO входят парфюмерная вода TOY 2 PEARL (50 мл), парфюмированный гель для душа и ванны TOY 2 PEARL (50 мл) и парфюмированный лосьон для тела TOY 2 PEARL (50 мл). Яркий, игривый и переливающийся аромат TOY 2 PEARL пробуждает чистую радость и заряжает энергией. Бодрящая комбинация жасмина, пьянящего орегано и свежего, искрящегося лимона накрывает волной оптимизма. Аккорд лимонного сорбета, объединивший свежесть и притягательную сладость, напоминает о солнечных днях и красочной итальянской культуре. В сердце аромата элегантное звучание жасмина дополняют чувственная фрезия и песочный аккорд, которые переносят на залитый солнцем райский остров. Базовые ноты ветивера, нежного мускуса и свежего кипариса смягчают насыщенную и воодушевляющую композицию MOSCHINO.","Только для наружного применения. Гель для душа и ванны нанесите на влажную кожу тела, аккуратно распределите, затем смойте водой. Лосьон для тела нанесите на кожу и равномерно распределите массирующими движениями. Парфюмерную воду распылите с небольшого расстояния. Избегайте попадания в глаза.",Италия,20
382,2026-09-29T22:23:56.971180,20260929_212821_59782779,19000454153,parfjumerija/nabory,Marc Jacobs,DAISY,подарочный набор парфюмерной воды,5300.0,5300.0,0.0,0,5.0,https://goldapple.ru/19000454153-daisy/,https://goldapple.ru/parfjumerija/nabory?p=20,"состав набора — Туалетная вода Marc Jacobs Daisy Eau de Toilette, 50 мл — Туалетная вода Marc Jacobs Daisy Eau de Toilette, 10 мл Набор Marc Jacobs Daisy Eau de Toilette — это воплощение свежести и женственности. Основной флакон объёмом 50 мл идеально подходит для использования дома, а миниатюра 10 мл станет вашим спутником в путешествиях. Этот аромат открывается яркими нотами лесной земляники, сочного грейпфрута и нежных лепестков фиалки. В сердце композиции — гардения и жасмин, которые придают аромату утончённость и элегантность. Базовые ноты мускуса, белого дерева и ванили создают тёплый и обволакивающий шлейф. Daisy — это аромат для тех, кто ценит лёгкость и изящество в каждом дне.","Распылите с расстояния 20-30 см на точки пульса, такие как запястья и шея, или создайте ароматное облако и войдите в него для более легкого и равномерного нанесения.",Франция,20
383,2026-09-29T22:24:10.171778,20260929_212821_59782779,19000186239,parfjumerija/nabory,FRANCK BOCLET,NIRVANA,Нет категории,7770.0,7770.0,0.0,0,4.2,https://goldapple.ru/19000186239-niravana/,https://goldapple.ru/parfjumerija/nabory?p=20,Описание отсутствует,Не указано,Франция,20
384,2026-09-29T22:24:22.374744,20260929_212821_59782779,19000329367,parfjumerija/nabory,Ormonde Jayne,Xi'an,Нет категории,14025.0,14025.0,0.0,0,4.8,https://goldapple.ru/19000329367-xi-an/,https://goldapple.ru/parfjumerija/nabory?p=20,"Сиань - легендарный город, где берет свое начало Великий Шелковый Путь, древняя столица императоров Китая. Медитативно - гипнотическое звучание, опиумный дым в пряно-кожаной огранке. Словно медитация в Сандаловой Комнате императорского дворца, роскошное спокойствие и сдержанность. Набор: Парфюмерная вода Xi'an 10мл*4шт.","Парфюмерную воду следует наносить с расстояния 10-15 см. на тепловые точки: под коленями, область живота, запястья, сгибы локтей, район солнечного сплетения, точки за ушами, основание шеи со стороны спины, затылок. Как правило на одну точку достаточно один раз нажать на спрей. Растирать парфюмерную воду не рекомендуется, так как это может нарушить правильный процесс раскрытия композиции. Для повышения стойкости рекомендуем наносить на хорошо увлажненную кожу, комбинируя с кремом, молочком или маслом для тела.",Великобритания,20
385,2026-09-29T22:24:35.074736,20260929_212821_59782779,19000490545,parfjumerija/nabory,Alan Bray,Maison Discovery,Набор миниатюр,1600.0,1600.0,0.0,0,4.5,https://goldapple.ru/19000490545-alan-bray-maison-discovery/,https://goldapple.ru/parfjumerija/nabory?p=20,"Discovery Set от Maison Alan Bray — удобный способ познакомиться с 7 ароматами из коллекции бренда. Каждый флакон объёмом 3 мл — это отражение настроения или впечатления, вдохновившего на создание композиции. В наборах представлены ароматы с разным характером — от свежих и лёгких до глубоких и насыщенных. Мини-формат удобно брать с собой — флаконы легко помещаются даже в небольшую сумку. Набор подойдёт как для первого знакомства с брендом, так и для подбора аромата на каждый день.","Нанести на шею, запястье, локтевые сгибы.",Россия,20
386,2026-09-29T22:24:50.037728,20260929_212821_59782779,19000221689,parfjumerija/nabory,PRESS GURWITZ PERFUMERIE,Discovery Set,Подарочный набор,4779.0,4779.0,0.0,0,4.3,https://goldapple.ru/19000221689-discovery-set/,https://goldapple.ru/parfjumerija/nabory?p=20,"Discovery Set – прекрасная возможность познакомиться сразу со всеми пятнадцатью ароматами Press Gurwitz Perfumerie. Изысканные, пленительные бленды на основе лучших ценных компонентов, собранных из разных уголков мира. Все ароматы унисекс. Каждый из ароматов заключен во флакон 2,5 мл, который легко поместится даже в самую маленькую сумку. Куда бы вы не направлялись – в офис или на вечеринку, аромат будет с вами везде. В СОСТАВ НАБОРА ВХОДЯТ БЕСТСЕЛЛЕРЫ БРЕНДА: Eau de Parfum №2 c нотами бобов тонка, перца и пачули. Насыщенный теплый бленд, содержит природные афродизиаки, которые раскроют чувственное настроение. Eau de Parfum №3 – дымный, уютный и пряный. Сочетает в себе ноты мадагаскарской ванили, табака и корицы. Пористый, как ванильное печенье, горячий словно табак, утонченный, как сломанная палочка корицы. Аромат №3 погружает вас в тепло и мягкость нежных, но мужественных объятий. Eau de Parfum №6 – древесный, но при этом тонкий, шипровый за счет земельных нот пачули с переплетением амбровых аккордов и кожных вкраплений. Чувственный и сексуальный, аромат содержит феромоны, которые делают ваш образ особенно притягательным и создают стойкий головокружительный шлейф. Eau de Parfum №15 – яркая композиция, которая передает чувственность благодаря дымчато-древесным аккордам сандала и кедра, пряным оттенкам кожи, сочным нотам ириса, инжира и кардамона. Теплый, интимный и уютный аромат, словно тающий в лучах солнца. Познакомьтесь со всеми ароматами и отыщите ваш собственный бестселлер! Этот стильный набор станет прекрасным подарком в праздничный сезон. PRESS GURWITZ PERFUMERIE – АРОМАТЫ ДЛЯ ЛЮДЕЙ СВОБОДНЫХ ДУХОМ",Распылять на кожу или одежду с расстояния 50 см. Можно брызнуть парфюмом в воздухе перед собой и войти в облако аромата. Для усиления стойкости наносить на разогретое тело.,Россия,20
387,2026-09-29T22:25:03.303322,20260929_212821_59782779,19000059321,parfjumerija/nabory,ORENS PARFUMS,Sabil Nocturne,Парфюмерный набор,12903.0,12903.0,0.0,0,5.0,https://goldapple.ru/19000059321-sabil-nocturne/,https://goldapple.ru/parfjumerija/nabory?p=20,"Ароматное воплощение тайны и чувственности. Плотские кожаные оттенки играют самыми разными гранями на вашей коже, раскрывая все свои чувственные стороны. Многогранный ориентально-древесный аккорд обладает незабываемым звучанием – в этом аромате вы точно не останетесь незамеченными. Объем: 3*10 мл.",Нанести на пульсирующие точки.,Франция,20
388,2026-09-29T22:25:14.581482,20260929_212821_59782779,19000472427,parfjumerija/nabory,Scentiny Fragrances,Set man,Парфюмерный набор миниатюр,1183.0,1183.0,0.0,0,2.0,https://goldapple.ru/19000472427-set-man/,https://goldapple.ru/parfjumerija/nabory?p=20,В этот набор входит 5 мужских парфюмов Scentiny по 15 мл: • Creative Man. • Dynamic Man. • Gothic Man. • Wild Man. • Young Man.,"Для нанесения на кожу, одежду.",Турция,20
389,2026-09-29T22:25:27.651471,20260929_212821_59782779,19000451232,parfjumerija/nabory,Царевны,Школа Чародейства,Парфюмерный набор,691.0,691.0,0.0,0,0.0,https://goldapple.ru/19000451232-skola-carodejstva/,https://goldapple.ru/parfjumerija/nabory?p=20,"Душистая вода «Школа чародейства» — это заряд бодрости и свежести в каждой капле. Верхняя нота мяты мгновенно освежает, создавая яркое и энергичное впечатление. В сердце композиции раскрываются солнечные цитрусовые аккорды апельсина и лимона, которые наполняют аромат сочной жизненной энергией. Завершают шлейф насыщенные базовые ноты грейпфрута, апельсина и клементина, добавляя аромату глубину и стойкость. Этот аромат идеально подойдёт для активных и жизнерадостных людей, стремящихся к новым достижениям.",Только для наружного применения.,Россия,20
390,2026-09-29T22:25:40.896909,20260929_212821_59782779,19000451231,parfjumerija/nabory,Царевны,Всеволшебный день,Парфюмерный набор,691.0,691.0,0.0,0,0.0,https://goldapple.ru/19000451231-vsevolsebnyj-den/,https://goldapple.ru/parfjumerija/nabory?p=20,"Душистая вода «Всеволшебный день» — это аромат, который создаёт настроение лёгкости и радости. Яркие фруктовые верхние ноты малины и чёрной смородины дарят сочность и свежесть. Средние ноты черники, фиалки и жасмина придают аромату цветочную нежность. Базовая нота ванили добавляет мягкости и теплоты. Этот аромат подойдёт тем, кто ищет волшебное настроение в каждом моменте жизни. Идеальный выбор для повседневного использования.",Только для наружного применения.,Россия,20
391,2026-09-29T22:25:55.478879,20260929_212821_59782779,19000287123,parfjumerija/nabory,Versace,Eros,Подарочный набор,10242.0,10242.0,0.0,0,4.9,https://goldapple.ru/19000287123-eros/,https://goldapple.ru/parfjumerija/nabory?p=20,"В элегантный набор VERSACE, посвященный древнегреческому богу любви, входят туалетная вода для мужчин EROS (50 мл), парфюмированный гель для душа и ванны EROS (50 мл), мягко очищающий кожу тела, и парфюмированный бальзам после бритья (50 мл), который успокаивает и увлажняет кожу. Интригующая композиция, олицетворяющая абсолютную мужественность, объединяет свежесть мяты, цедры лимона и зеленого яблока, чувственность нот бобов тонка, амброксана, герани и ванили, а также притягательность кедра, ветивера и дубового мха. Этот аромат – ода мужской силе духа, смелости и страсти.","Только для наружного применения. Гель для душа и ванны нанесите на влажную кожу тела, равномерно распределите, затем смойте водой. Бальзам нанесите на кожу после бритья, равномерно распределите. Туалетную воду распылите с небольшого расстояния. Избегайте попадания в глаза.",Италия,20
392,2026-09-29T22:26:03.020064,20260929_212821_59782779,19000178436,parfjumerija/nabory,Moschino,TOY BOY,Подарочный набор,14130.0,14130.0,0.0,0,5.0,https://goldapple.ru/19000178436-toy-boy/,https://goldapple.ru/parfjumerija/nabory?p=20,"В подарочный набор от MOSCHINO входят парфюмерная вода TOY BOY (100 мл), её миниатюра (10 мл), которую удобно носить с собой и брать в путешествия, парфюмированный гель для душа и ванны (100 мл) и парфюмированный бальзам после бритья (100 мл). Соблазнительная композиция раскрывается нотами бергамота, розовых ягод, мускатного ореха, груши и элеми. Абсолю розы, гвоздика, магнолия и цветы льна играют в сердце аромата. Кашмеран, гаитянский ветивер, амбермакс и силколид подчеркивают смелый характер композиции.",Не указано,Италия,20
393,2026-09-29T22:26:14.145052,20260929_212821_59782779,19000541793,parfjumerija/nabory,L'Artisan Parfumeur,DISCOVERY SET,Нет категории,7882.0,7882.0,0.0,0,5.0,https://goldapple.ru/19000541793-l-artisan-parfumeur-discovery-set/,https://goldapple.ru/parfjumerija/nabory?p=20,"Этот набор — идеальное приглашение в знаменитую коллекцию бренда: он позволит найти свой уникальный аромат или дополнить уже существующую коллекцию новыми гранями. Каждый флакон повторяет форму культовых полноразмерных ароматов. В набор вошли шесть невероятных бестселлеров: «Mure & musc extreme» — фруктово‑мускусный аромат с сочным акцентом ежевики и чёрной смородины в сердце, смягчённый чувственным белым мускусом в базе. «Passage d’enfer extreme» — древесный аромат с дымным ладаном, цветущим жасмином и белой лилией, завершённый кремовым сандалом и ванилью. «Memoire de roses» — цветочно‑цитрусовая композиция с искрящейся нотой мандарина и бергамота в старте, раскрывающаяся нежным сердцем из розы и белого мускуса в шлейфе. «A Fleur de Peche» — цветочно‑древесный аромат, вдохновлённый роскошью королевского сада Версаля, с сочным персиком, красными ягодами, нотой ветивера и пачули. «Il etait un bois» — древесный унисекс‑аромат, передающий атмосферу спокойной лесной прогулки: розовый перец и грейпфрут в старте, ветивер и гречиха в сердце, кедр и мускус в базе. «Histoire d’orangers extreme» — яркий, солнечный аромат: освежающие ноты нероли и бергамота переходят в цветочное сердце из жасмина и цветов апельсинового дерева с оттенком мёда, а затем — в тёплый шлейф из мускуса и амброксана. состав набора — Парфюмерная вода «Mure & musc extreme», 5 мл — Парфюмерная вода «Passage d’enfer extreme», 5 мл — Парфюмерная вода «Memoire de roses», 5 мл — Парфюмерная вода «A fleur de peche», 5 мл — Парфюмерная вода «Il etait un bois», 5 м — Парфюмерная вода «Histoire d’orangers extreme», 5 мл","Нанести на кожу, избегая попадания в глаза. Для более полного раскрытия аромата рекомендуется нанести его на точки пульса: на шее, в зоне декольте и запястьях.",Франция,20
394,2026-09-29T22:26:27.623372,20260929_212821_59782779,19000287140,parfjumerija/nabory,Moschino,TOY 2 BUBBLE GUM,Нет категории,9351.0,9351.0,0.0,0,5.0,https://goldapple.ru/19000287140-toy-2-bubble-gum/,https://goldapple.ru/parfjumerija/nabory?p=20,"В стильный набор MOSCHINO входят туалетная вода TOY 2 BUBBLE GUM (50 мл), парфюмированный гель для душа и ванны (50 мл), деликатно очищающий кожу, и парфюмированный лосьон для тела (50 мл), который увлажняет и смягчает кожу, оставляя на ней нежный аромат. Женственная и вдохновляющая композиция TOY 2 BUBBLE GUM с игривыми нотами жевательной резинки поднимает настроение и заряжает позитивной энергией. В аромате, пробуждающем радость, звучат многогранная роза, сочный персик, засахаренные цитрусы и спелая черная смородина. Имбирь и корица придают аромату лёгкую остроту, а древесные ноты и нежный мускус делают его элегантным.","Только для наружного применения. Гель для душа и ванны нанесите на влажную кожу тела, аккуратно распределите, затем смойте водой. Лосьон для тела нанесите на кожу и равномерно распределите массирующими движениями. Туалетную воду распылите с небольшого расстояния. Избегайте попадания в глаза",Италия,20
395,2026-09-29T22:26:40.216918,20260929_212821_59782779,19000287125,parfjumerija/nabory,Versace,Eros,Подарочный набор,12990.0,12990.0,0.0,0,5.0,https://goldapple.ru/19000287125-eros/,https://goldapple.ru/parfjumerija/nabory?p=20,"Подарочный набор VERSACE ""EROS"". Состав набора: - Туалетная вода VERSACE ""EROS"" муж., 100 мл; - Туалетная вода VERSACE ""EROS"" муж., 30 мл.",Не указано,Италия,20
396,2026-09-29T22:26:52.502180,20260929_212821_59782779,19000460659,parfjumerija/nabory,Kilian Paris,Good Girl Gone Bad Icon Set,Парфюмерный набор,35820.0,35820.0,0.0,0,4.9,https://goldapple.ru/19000460659-good-girl-gone-bad-icon-set/,https://goldapple.ru/parfjumerija/nabory?p=20,"Парфюмерный набор с легендарным ароматом Good Girl Gone Bad by Kilian. Одновременно невинный и чувственный, аромат открывается абрикосовыми оттенками, цветами апельсина и абсолютами османтуса и майской розы. За ними притаилось главное искушение — симфония трёх соблазнительных цветочных нот: туберозы, жасмина и нарцисса. Группа ароматов: цветочные, фруктовые. Ноты аромата: цветок апельсина, османтус, тубероза. Парфюмер: Альберто Морильяс. Состав набора: аромат Good Girl Gone Bad by Kilian в пополняемом флаконе объёмом 50 мл, миниатюра аромата в пополняемом флаконе 7,5 мл и тревел-атомайзер с лаковым покрытием белого цвета в подарочной упаковке.","Нанесите небольшое количество на пульсирующие зоны, такие как запястья, шея, за ушами и внутренняя сторона локтя. Не наносите на одежду, чтобы избежать пятен.",Франция,20
397,2026-09-29T22:27:03.386210,20260929_212821_59782779,19000165314,parfjumerija/nabory,Versace,Yellow Diamond,Подарочный набор,12690.0,12690.0,0.0,0,4.9,https://goldapple.ru/19000165314-yellow-diamond/,https://goldapple.ru/parfjumerija/nabory?p=20,"Состав набора: Туалетная вода VERSACE ""YELLOW DIAMOND"", 90 мл; Парфюмированный гель для душа VERSACE ""YELLOW DIAMOND"", 100 мл; Парфюмированный лосьон для тела VERSACE ""YELLOW DIAMOND"", 100 мл; Косметичка VERSACE.",Не указано,Италия,20
398,2026-09-29T22:27:34.666762,20260929_212821_59782779,19000182246,parfjumerija/nabory,CHOPARD,Black incense malaki,Подарочный набор,14279.0,14279.0,0.0,0,4.9,https://goldapple.ru/19000182246-black-incense-malaki/,https://goldapple.ru/parfjumerija/nabory?p=20,"В изысканный подарочный набор Chopard входят парфюмерная вода Black incense malaki (80 мл) и гель для душа Black incense malaki (150 мл). В насыщенной парфюмерной композиции переливаются бальзамические, ароматические, древесные, дымные и восточные ноты. Аромат отражает многогранную и таинственную красоту ладана. Словно волнующие клубы дыма, ноты смол, редких специй и ценных пород дерева окружают ладан, усиливая его благородное звучание. Ноты лабданума и уда дополняют эту композицию, напоминающую об атмосфере восточных королевских церемоний.",Только для наружного применения.,Италия,20
399,2026-09-29T22:27:47.817131,20260929_212821_59782779,19000433003,parfjumerija/nabory,ESSENTIAL PARFUMS PARIS,DISCOVERY SET,Набор пробников парфюмерной воды,2880.0,2880.0,0.0,0,4.7,https://goldapple.ru/19000433003-discovery-set/,https://goldapple.ru/parfjumerija/nabory?p=20,"Попробуйте 11 оригинальных ароматов от 11 знаменитых парфюмеров, создавших яркие и выразительные композиции для ESSENTIAL PARFUMS. В набор пробников входят ароматы: ORANGE X SANTAL от Natalie Gracia-Cetto (2 мл). NICE BERGAMOTE от Antoine Maisondieu (2 мл). THE MUSC от Calice Becker (2 мл). ROSE MAGNETIC от Sophie Labbé (2 мл). MON VETIVER от Bruno Jovanovic (2 мл). DIVINE VANILLE от Olivier Pescheux (2 мл). BOIS IMPERIAL от Quentin Bisch (2 мл). FIG INFUSION от Nathalie Lorson (2 мл). PATCHOULI MANIA от Fabrice Pellegin (2 мл). NEROLI BOTANICA от Anne Flipo (2 мл). VELVET IRIS от Dominique Ropion (2 мл). Откройте для себя изысканные ароматы, созданные на основе тщательно отобранных и экологически чистых ингредиентов, и выберите любимые парфюмерные композиции!",Не указано,Франция,20
400,2026-09-29T22:28:01.412829,20260929_212821_59782779,19000178429,parfjumerija/nabory,Moschino,Toy2 bubble gum,Подарочный набор,7880.0,7880.0,0.0,0,4.9,https://goldapple.ru/19000178429-toy2-bubble-gum/,https://goldapple.ru/parfjumerija/nabory?p=20,"Подарочный набор от MOSCHINO — идеальный выбор для тех, кто хочет видеть жизнь в розовом цвете. Сладкие и насыщенные ноты розы и жевательной резинки сочетаются с засахаренными цитрусами, сочным персиком и черной смородиной. Имбирь и корица придают аромату легкую пряность, а древесные ноты и мускус делают его элегантным. В набор входят туалетная вода TOY 2 BUBBLE GUM (50 мл), парфюмированный гель для душа и ванны (50 мл) и парфюмированный лосьон для тела (50 мл).",Не указано,Италия,20
401,2026-09-29T22:28:24.275975,20260929_212821_59782779,19000287141,parfjumerija/nabory,Moschino,TOY 2 BUBBLE GUM,Подарочный набор,14130.0,14130.0,0.0,0,4.9,https://goldapple.ru/19000287141-toy-2-bubble-gum/,https://goldapple.ru/parfjumerija/nabory?p=21,"Яркий набор с культовым флаконом в виде плюшевого мишки создан для жизнерадостных и позитивных женщин. В стильный набор MOSCHINO входят туалетная вода TOY 2 BUBBLE GUM (100 мл), её миниатюра (10 мл), парфюмированный гель для душа и ванны (100 мл), деликатно очищающий кожу, и парфюмированный лосьон для тела (100 мл), который увлажняет и смягчает кожу, оставляя на ней нежный аромат. Женственная и вдохновляющая композиция TOY 2 BUBBLE GUM с игривыми нотами жевательной резинки поднимает настроение и заряжает позитивной энергией. В аромате, пробуждающем радость, звучат многогранная роза, сочный персик, засахаренные цитрусы и спелая черная смородина. Имбирь и корица придают аромату лёгкую остроту, а древесные ноты и нежный мускус делают его элегантным.","Только для наружного применения. Гель для душа и ванны нанесите на влажную кожу тела, аккуратно распределите, затем смойте водой. Лосьон для тела нанесите на кожу и равномерно распределите массирующими движениями. Туалетную воду распылите с небольшого расстояния. Избегайте попадания в глаза.",Италия,21
402,2026-09-29T22:28:37.361886,20260929_212821_59782779,19000287134,parfjumerija/nabory,Moschino,TOY 2,Подарочный набор,10390.0,10390.0,0.0,0,4.9,https://goldapple.ru/19000287134-toy-2/,https://goldapple.ru/parfjumerija/nabory?p=21,"В подарочный набор от MOSCHINO входят парфюмерная вода TOY 2 (50 мл), парфюмированный гель для душа (50 мл) и парфюмированный лосьон для тела (50 мл). Аромат открывают сочные ноты яблока, мандарина и магнолии. В сердце композиции чистую и утонченную ноту жасмина дополняют бархатистое звучание пиона и свежесть белой смородины. Амбра и сандал придают аромату невероятную чувственность, а мускус окутывает нежностью.","Только для наружного применения. Гель для душа нанесите на влажную кожу тела, равномерно распределите, затем смойте водой. Лосьон для тела распределите по коже массирующими движениями. Парфюмерную воду распылите с небольшого расстояния. Избегайте попадания в глаза.",Италия,21
403,2026-09-29T22:28:50.381392,20260929_212821_59782779,19000318778,parfjumerija/nabory,ATKINSONS,The Gems Of The Empire,Нет категории,8910.0,8910.0,0.0,0,4.7,https://goldapple.ru/19000318778-the-gems-of-the-empire/,https://goldapple.ru/parfjumerija/nabory?p=21,"В набор входят 4 аромата ATKINSONS – миниатюры парфюмерной воды по 10 мл. Парфюмерная вода Mint&Tonic с нотами мяты, цитрусов, цветов и трав объединяет свежесть и чувственность, наполняя летним оптимизмом. Аромат Pirates' Grand Reserve, в котором сочетаются ноты какао, гелиотропа, кедра и выдержанного рома, напоминает о духе мореплаваний и долгих путешествий. Композиция Scilly Neroli с выраженным звучанием нероли и морского аккорда посвящена красоте моря и южных островов. А в аромате The Big Bad Cedar раскрывается насыщенная древесная нота виргинского кедра, усиленная кардамоном, шалфеем и ракитником.",Только для наружного применения.,Италия,21
404,2026-09-29T22:28:58.851795,20260929_212821_59782779,19000216428,parfjumerija/nabory,Versace,EROS FLAME,Нет категории,12250.0,12250.0,0.0,0,4.9,https://goldapple.ru/19000216428-eros-flame/,https://goldapple.ru/parfjumerija/nabory?p=21,"Подарочный набор VERSACE ""EROS FLAME"". Состав набора: - Парфюмерная вода VERSACE ""EROS FLAME"" муж.,100 мл; - Парфюмированный гель для душа VERSACE ""EROS FLAME"", 150 мл; - Парфюмерная вода VERSACE ""EROS FLAME"" муж., 10 мл.",Не указано,Италия,21
405,2026-09-29T22:29:11.950675,20260929_212821_59782779,19000275550,parfjumerija/nabory,CHOPARD,Imperiale iris malika,Подарочный набор,12851.0,12851.0,0.0,0,4.8,https://goldapple.ru/19000275550-imperiale-iris-malika/,https://goldapple.ru/parfjumerija/nabory?p=21,"В подарочный набор Chopard входят парфюмерная вода IMPERIALE IRIS MALIKA (100 мл) и элегантная косметичка. Современный и женственный аромат Chopard воспевает роскошную ноту ириса – одного из самых аристократичных и благородных цветов. Королевский цветочный букет с чарующим ирисом, иланг-илангом и жасмином украшают соблазнительные ноты сочных ягод, древесный аккорд, теплые ноты смол и пряные специи. Парфюмер – Dora Baghriche.","Парфюмерная вода: только для наружного применения, распылите на кожу или одежду с небольшого расстояния. Косметичку используйте для хранения косметики или парфюмерии.",Италия,21
406,2026-09-29T22:29:25.494958,20260929_212821_59782779,19000325945,parfjumerija/nabory,ESSENTIAL PARFUMS PARIS,Discovery Set,Набор пробников парфюмерной воды,3073.0,3073.0,0.0,0,4.6,https://goldapple.ru/19000325945-discovery-set/,https://goldapple.ru/parfjumerija/nabory?p=21,"В состав набора входят: - ""NICE BERGAMOTE by Antoine Maisondieu"" 2 мл, - ""ROSE MAGNETIC by Sophie Labbé"" 2мл, - ""ORANGE X SANTAL by Natalie Gracia-Cetto"" 2 мл, - ""MON VETIVER by Bruno Jovanovic"" 2 мл, - ""THE MUSC by Calice Becker"" 2 мл, - ""DIVINE VANILLE by Olivier Pescheux"" 2 мл, - ""BOIS IMPERIAL by Quentin Bisch"" 2 мл, - ""FIG INFUSION by Nathalie Lorson"" 2 мл, - ""PATCHOULI MANIA by Fabrice Pellegin"" 2 мл, - ""NEROLI BOTANICA by Anne Flipo"" 2 мл.",только для наружного применения.,Франция,21
407,2026-09-29T22:29:36.902163,20260929_212821_59782779,19000165295,parfjumerija/nabory,Versace,Dylan Blue Pour Homme,Подарочный набор,11130.0,11130.0,0.0,0,4.9,https://goldapple.ru/19000165295-dylan-blue-pour-homme/,https://goldapple.ru/parfjumerija/nabory?p=21,"Состав набора: Туалетная вода VERSACE ""DYLAN BLUE"", 100 мл; Туалетная вода VERSACE ""DYLAN BLUE"", 10 мл; Косметичка VERSACE.",Не указано,Италия,21
408,2026-09-29T22:29:49.065434,20260929_212821_59782779,19000121292,parfjumerija/nabory,THE WOODS COLLECTION,Secrets,Набор парфюмерный,10782.0,10782.0,0.0,0,4.8,https://goldapple.ru/19000121292-secrets/,https://goldapple.ru/parfjumerija/nabory?p=21,"В самом сердце леса среди темно-зеленой кроны возвышается старое апельсиновое дерево в полном цвету, приветствуя путешественников, желающих познать его мудрость. За каждую истину, нашептанную в его кору, дерево приветствует на своих ветвях еще один редкий цветок, пахнущий сладкой ванилью. Лес скрывает ваш СЕКРЕТ от Natural by The Woods Collection. Состав набор: 100ml+5ml. Флакон 5 ml пустой.",Не указано,Франция,21
409,2026-09-29T22:30:02.003708,20260929_212821_59782779,19000338954,parfjumerija/nabory,Versace,Bright Crystal,Подарочный набор,16380.0,16380.0,0.0,0,5.0,https://goldapple.ru/19000338954-bright-crystal/,https://goldapple.ru/parfjumerija/nabory?p=21,"Подарочный набор VERSACE ""BRIGHT CRYSTAL"". Состав набора: - Туалетная вода VERSACE ""BRIGHT CRYSTAL"" жен., 90 мл; - Парфюмированный гель для душа и ванны VERSACE ""BRIGHT CRYSTAL"", 100 мл; - Luminous Body Lotion 100 мл; - Косметичка.",Не указано,Италия,21
410,2026-09-29T22:30:13.844259,20260929_212821_59782779,19000165299,parfjumerija/nabory,Versace,Dylan Turquoise,Подарочный набор,6880.0,6880.0,0.0,0,4.9,https://goldapple.ru/19000165299-dylan-turquoise/,https://goldapple.ru/parfjumerija/nabory?p=21,"Состав набора: Туалетная вода VERSACE ""DYLAN TURQUOISE"" pour femme, 30 мл; Парфюмированный гель для тела VERSACE ""DYLAN TURQUOISE"", 50 мл.",Не указано,Италия,21
411,2026-09-29T22:30:25.980587,20260929_212821_59782779,19000444980,parfjumerija/nabory,Moschino,TOY 2,Подарочный парфюмерный набор,7788.0,7788.0,0.0,0,5.0,https://goldapple.ru/19000444980-toy-2/,https://goldapple.ru/parfjumerija/nabory?p=21,"Парфюмерная вода MOSCHINO TOY 2 женская. Объем: 50 мл. Парфюмированный гель для душа MOSCHINO TOY 2. Мгновенно обволакивая парфюмерной вуалью, гель для душа продлевает момент наслаждения вместе с ароматом TOY 2 от MOSCHINO. Объем: 50 мл. Парфюмированный лосьон для тела MOSCHINO TOY 2. Лосьон для тела питает и смягчает кожу, придавая ей мягкость и тонкий аромат. Объем: 50 мл.","Парфюмированный гель для душа MOSCHINO ""TOY 2"": Нанесите на влажную кожу, вспеньте круговыми движениями, затем смойте водой. Парфюмированный лосьон для тела MOSCHINO ""TOY 2"": Наносить утром и/или вечером круговыми движениями на очищенную кожу всего тела.",Италия,21
412,2026-09-29T22:30:39.242861,20260929_212821_59782779,19000144780,parfjumerija/nabory,FRANCK BOCLET,Cocaine,Дорожный набор,10692.0,10692.0,0.0,0,4.7,https://goldapple.ru/19000144780-cocaine-travel-set/,https://goldapple.ru/parfjumerija/nabory?p=21,"Cocaine Franck Boclet- как в тексте популярной поп-рок композиции Эрика Клэптона "" Кокаин"". Если ты хочешь оторваться, ты должен взять его с собой. Это означает -Полностью захватывающий.","Наносить на неповрежденные участки кожи, волос и одежду",Франция,21
413,2026-09-29T22:30:48.061825,20260929_212821_59782779,19000284890,parfjumerija/nabory,Liquides Imaginaires,Seven Charms,Нет категории,11250.0,11250.0,0.0,0,4.6,https://goldapple.ru/19000284890-seven-charms/,https://goldapple.ru/parfjumerija/nabory?p=21,"В набор входят 7 ароматов LIQUIDES IMAGINAIRES (по 7,5 мл): FORTIS, DOM ROSA, FLEUR DE SABLE, PHAN-TASMA, BLANCHE BÊTE, BUVEUR DE VENT и ÂME DU COEUR. Каждая парфюмерная вода обладает уникальным характером, пробуждает эмоции и околдовывает особыми чарами. Набор дает возможность познакомиться с бестселлерами бренда и открыть вселенную оригинальных ароматов LIQUIDES IMAGINAIRES. Внешний вид товара может отличаться. Обращаем внимание, возможно поступление товара в разных дизайнах.",Только для наружного применения.,Италия,21
414,2026-09-29T22:30:58.689218,20260929_212821_59782779,19000287120,parfjumerija/nabory,Versace,Dylan Blue,Нет категории,9786.0,9786.0,0.0,0,5.0,https://goldapple.ru/19000287120-dylan-blue/,https://goldapple.ru/parfjumerija/nabory?p=21,"Подарочный набор VERSACE ""DYLAN BLUE"". Состав набора: - Туалетная вода VERSACE ""DYLAN BLUE"" муж., 50 мл; - Парфюмированный гель для душа и ванны VERSACE ""POUR HOMME DYLAN BLUE"", 50 мл; - Парфюмированный бальзам после бритья VERSACE ""POUR HOMME DYLAN BLUE"", 50 мл.",Не указано,Италия,21
415,2026-09-29T22:31:10.518066,20260929_212821_59782779,19000439883,parfjumerija/nabory,SIGNATURE BY SILLAGE DORIENT,Charm,Набор парфюмерной воды,16014.0,16014.0,0.0,0,4.9,https://goldapple.ru/19000439883-charm/,https://goldapple.ru/parfjumerija/nabory?p=21,"В изысканный набор входят парфюмерная вода Charm (100 мл), её миниатюра в тревел-формате (15 мл) и распылитель для перезаполнения тревел-флакона. Аромат Signature Sillage d'Orient воплощает затмение — магнетическое сочетание света и тени, красоту двойственности и перемену эмоций. В этой утончённой и яркой композиции цитрусовые ноты пробуждают чувства, а затем сменяются сладким инжиром. Нота Pepper Fusion сочетает сладкую смолистую амбру и тепло бодрящего чёрного перца с землисто-пряным оттенком. состав набора — Парфюмерная вода Sillage d'Orient Signature Charm, 100 мл — Парфюмерная вода Sillage d'Orient Signature Charm (тревел-формат), 15 мл — Распылитель для перезаполнения тревел-флакона, 1 шт.","Распылите на пульсирующие зоны, такие как запястья, шея, за ушами и внутренняя сторона локтя. Избегайте контакта с одеждой, чтобы сохранить качество аромата.",Франция,21
416,2026-09-29T22:31:21.964763,20260929_212821_59782779,19000214528,parfjumerija/nabory,Versace,EAU FRAICHE,Подарочный набор,10630.0,10630.0,0.0,0,5.0,https://goldapple.ru/19000214528-eau-fraiche/,https://goldapple.ru/parfjumerija/nabory?p=21,"Подарочный набор VERSACE ""EAU FRAICHE"". Состав набора: - Туалетная вода VERSACE ""Eau Fraiche"" муж., 100 мл; - Парфюмированный гель для душа и ванны VERSACE ""EAU FRAICHE"", 150 мл; - Туалетная вода VERSACE ""Eau Fraiche"" муж., 10 мл.",Не указано,Италия,21
417,2026-09-29T22:31:30.514545,20260929_212821_59782779,19000165291,parfjumerija/nabory,Versace,Crystal Noir Eau De Toilette,Подарочный набор,12690.0,12690.0,0.0,0,4.7,https://goldapple.ru/19000165291-crystal-noir-eau-de-toilette/,https://goldapple.ru/parfjumerija/nabory?p=21,"Состав набора: Туалетная вода VERSACE ""CRYSTAL NOIR"", 90 мл; Парфюмированный гель для душа и ванны VERSACE ""CRYSTAL NOIR"", 100 мл; Парфюмированный лосьон для тела VERSACE ""CRYSTAL NOIR"", 100 мл; Косметичка VERSACE.",Не указано,Италия,21
418,2026-09-29T22:31:42.549442,20260929_212821_59782779,19000327872,parfjumerija/nabory,FRANCK BOCLET,Eccentric,Набор парфюмерной воды,9240.0,9240.0,0.0,0,5.0,https://goldapple.ru/19000327872-eccentric/,https://goldapple.ru/parfjumerija/nabory?p=21,"Чудить, чтоб не быть как все! Носить эксцентрик чувствовать себя счастливым и быть другим. Аромат начинается с веселых нот бергамота, мандарина и звездчатого аниса с игристым характером. В сердце - сочный вишневый бренди, смешанный с ирисом. сливочное сияние сладострастия. Наконец, непальский сандал, ваниль и мускус придает аромату округлость и чувственность. Эксцентрик – это элегантный, сливочный и гурманский аромат. Уникальный шлейф никого не оставит равнодушным. Эксцентричный и любопытный аромат.","Наносить на неповрежденные участки кожи, волос и одежду.",Франция,21
419,2026-09-29T22:31:55.439500,20260929_212821_59782779,19000004523,parfjumerija/nabory,Vilhelm Parfumerie,BASILICO & FELLINI,Набор миниатюр 3*10 мл,12622.0,12622.0,0.0,0,4.7,https://goldapple.ru/19000004523-basilico-fellini/,https://goldapple.ru/parfjumerija/nabory?p=21,"Фредерико Феллини был одним из самых знаменитых и гениальных режиссеров XX века. Его великие фильмы всегда восхищали создателя Vilhelm Parfumerie Яна Альгрена, служили для парфюмера неиссякаемым источником вдохновения. Гурман Феллини прекрасно разбирался во всех удовольствиях, которые можно было взять у жизни, ходили слухи, что ему специально составляли меню из блюд – афродизиаков, причем он требовал, чтобы в них всегда было много свежей зелени. Он черпал вдохновение из самых простых вещей, которые окружают нас – еды, смеха, солнца.","Наносите аромат на заднюю часть шеи, в зону декольте и на запястья с расстояния 10-15 см. Не рекомендуется растирать парфюмерную воду , так как это может нарушить правильный процесс раскрытия композиции.",Франция,21
420,2026-09-29T22:32:05.460082,20260929_212821_59782779,19000263996,parfjumerija/nabory,CHOPARD,Oud Malaki,Подарочный набор,12476.0,12476.0,0.0,0,4.8,https://goldapple.ru/19000263996-oud-malaki/,https://goldapple.ru/parfjumerija/nabory?p=21,"В изысканный подарочный набор Chopard входят парфюмерная вода OUD MALAKI (80 мл) и гель для душа OUD MALAKI (150 мл). Парфюмерная композиция, стартующая со свежих нот грейпфрута и лаванды, раскрывает благородную красоту уда, подчеркнутую чувственным звучанием табака, амбры, кожи и пряностей. Древесно-восточный аромат, отражающий встречу динамичного Запада и загадочного Востока, словно переносит в сказочную арабскую ночь.",Только для наружного применения.,Италия,21
421,2026-09-29T22:32:27.526143,20260929_212821_59782779,19000460657,parfjumerija/nabory,Kilian Paris,Angels' Share Layering Set,Парфюмерный набор,36270.0,36270.0,0.0,0,4.9,https://goldapple.ru/19000460657-angels-share-layering-set/,https://goldapple.ru/parfjumerija/nabory?p=22,"Парфюмерный набор с легендарным ароматом Angels’ Share. В состав набора Angels’ Share Layering Set входит аромат в пополняемом флаконе 50 мл и спрей для тела 150 мл — идеальное сочетание, чтобы усилить любимый аромат и сделать узнаваемый шлейф еще глубже. Этот набор, дополненный спреем для тела, приглашает вас удвоить удовольствие и продлить свой ритуал. Angels’ Share содержит коньячную эссенцию, которая получена из самого напитка и придает ему натуральный карамельный цвет. Вслед за этой верхней нотой начинает звучать абсолют дубовых бочек, эссенция корицы и абсолют бобов тонка. Стойкие акценты сандала, пралине и ванили образуют неповторимый изысканный шлейф, достойный истинных ангелов. Группа ароматов: амбровые. Ноты аромата: эссенция коньяка, абсолют бобов тонка, абсолют дуба. Парфюмер: Бенуа Лапуза.","Нанесите аромат на запястья, шею и точки пульса на очищенную и увлажнённую кожу. Не растирайте. Дополните звучание спреем для тела для усиления аромата или используйте оба продукта отдельно в разное время — дня и ночи.",Франция,22
422,2026-09-29T22:32:36.527016,20260929_212821_59782779,19000454150,parfjumerija/nabory,Chloé,Chloe,Парфюмерный набор,8750.0,8750.0,0.0,0,5.0,https://goldapple.ru/19000454150-chloe/,https://goldapple.ru/parfjumerija/nabory?p=22,"В состав набора входят: — Парфюмерная вода для женщин Chloe eau de parfum, 50 мл — Крем для тела Chloé créme collection perfumed body cream, 100 мл Набор Chloé CRÉME COLLECTION включает в себя роскошный крем для тела и изысканную парфюмерную воду, которые создают гармоничный дуэт для истинных ценителей элегантности и утонченности. Крем для тела Chloé CRÉME COLLECTION PERFUMED BODY CREAM обладает нежной текстурой, которая мгновенно впитывается, оставляя кожу мягкой и увлажненной. Его аромат, вдохновленный культовым парфюмом Chloé, окутывает легкой вуалью, подчеркивая женственность и изящество. Парфюмерная вода для женщин Chloe eau de parfum — это воплощение современного шика и утонченности. Композиция открывается свежими нотами пиона, личи и фрезии, плавно переходя в сердце из розы, магнолии и ландыша. Базовые аккорды амбры и кедра придают аромату глубину и стойкость. Этот набор станет идеальным подарком для тех, кто ценит стиль и изысканность в каждой детали.","Парфюмерная вода: Распылите на пульсирующие зоны: запястья, шею, за ушами и внутреннюю сторону локтя. Избегайте контакта с одеждой. Для повышения стойкости рекомендуем наносить на хорошо увлажненную кожу. Крем для тела: Нанесите лосьон на кожу тела массирующими движениями.",Франция,22
423,2026-09-29T22:32:45.680226,20260929_212821_59782779,19760318084,parfjumerija/nabory,Kilian Paris,Black Phantom Travel Set,Нет категории,24390.0,24390.0,0.0,0,4.7,https://goldapple.ru/19760318084-black-phantom-travel-set/,https://goldapple.ru/parfjumerija/nabory?p=22,"Вечно скитающийся по свету пиратский корабль рассекает темные волны таинственного бурного моря. Black Phantom “Memento Mori” раскрывает свои морские сокровища наблюдателям с тонким обонянием. Аккорд рома из Мартиники, который называют «водой для пиратов», дополнен ароматом крепкого кофе и эссенцией ветивера. Ноты сахарного тростника и гладкого сандалового дерева делают аромат насыщенным и сладким.
Теперь любимый аромат представлен в удобном тревел формате. В состав набора входит 4 виалы с ароматом  Black Phantom объемом 7,5 мл каждая и тревел атомайзер черного цвета, который так удобно брать с собой!",Не указано,Франция,22
424,2026-09-29T22:32:57.568654,20260929_212821_59782779,19000439882,parfjumerija/nabory,SIGNATURE BY SILLAGE DORIENT,Aura,Нет категории,16014.0,16014.0,0.0,0,4.8,https://goldapple.ru/19000439882-aura/,https://goldapple.ru/parfjumerija/nabory?p=22,"В изысканный набор входят парфюмерная вода Aura (100 мл), её миниатюра в тревел-формате (15 мл) и распылитель для перезаполнения тревел-флакона. Аромат Signature Sillage d'Orient — дыхание белого шёлка, в котором сияющие лепестки распускаются в цитрусовом ореоле и окутывают кожу мускусным сиянием. Яркий цветок, освещённый искрящимся ревенем и грейпфрутом, растворяется в солнечном флердоранже. Лёгкое дуновение ванили добавляет композиции чувственности, делая её воздушной, притягательной и соблазнительной. состав набора — Парфюмерная вода Sillage d'Orient Signature Aura, 100 мл — Парфюмерная вода Sillage d'Orient Signature Aura (тревел-формат), 15 мл — Распылитель для перезаполнения тревел-флакона, 1 шт.","Распылите на пульсирующие зоны, такие как запястья, шея, за ушами и внутренняя сторона локтя. Избегайте контакта с одеждой, чтобы сохранить качество аромата.",Франция,22
425,2026-09-29T22:33:08.454670,20260929_212821_59782779,19000460655,parfjumerija/nabory,Kilian Paris,Black Phantom Icon Set,Парфюмерный набор,35820.0,35820.0,0.0,0,5.0,https://goldapple.ru/19000460655-black-phantom-icon-set/,https://goldapple.ru/parfjumerija/nabory?p=22,"Парфюмерный набор с легендарным ароматом Black Phantom – «Memento Mori». Вечно скитающийся по свету пиратский корабль рассекает тёмные волны таинственного бурного моря. Секреты Black Phantom – «Memento Mori» откроются охотникам за сокровищами с самым тонким обонянием. Аккорд рома из Мартиники, который называют «пиратской водой», дополнен ароматом крепкого кофе и эссенцией ветивера. Из глубины композиции таинственно улыбается сама Смерть — аккорд цианида. Улыбнитесь в ответ и насладитесь сахарным тростником и кремовыми нотами сандалового дерева, которые обещают сладкую награду в конце долгого пути. Группа ароматов: древесные, пряные. Ноты аромата: ром, кофе, цианид. Парфюмер: Сидони Лансессер. Состав набора: аромат Black Phantom – «Memento Mori» в пополняемом флаконе объёмом 50 мл; миниатюра аромата в пополняемом флаконе 7,5 мл и тревел-атомайзер в подарочной упаковке.","Нанесите небольшое количество на пульсирующие зоны, такие как запястья, шея, за ушами и внутренняя сторона локтя. Не наносите на одежду, чтобы избежать пятен.",Франция,22
426,2026-09-29T22:33:17.951309,20260929_212821_59782779,19000439884,parfjumerija/nabory,SIGNATURE BY SILLAGE DORIENT,Paradiso,Набор парфюмерной воды,16014.0,16014.0,0.0,0,5.0,https://goldapple.ru/19000439884-paradiso/,https://goldapple.ru/parfjumerija/nabory?p=22,"В изысканный набор входят парфюмерная вода Paradiso (100 мл), её миниатюра в тревел-формате (15 мл) и распылитель для перезаполнения тревел-флакона. Аромат Signature Sillage d'Orient — захватывающая дух тропическая красота, которая наполняет душу чистой солнечной энергией. Сочные, чувственные маракуйя и мандарин растворяются в сливочном сочетании орхидеи и кокосового молока, создавая райскую и нежную композицию. Нота Damask Fusion, сотканная из нежного эфирного масла и абсолюта дамасской розы, раскрывается свежими и фруктовыми аккордами с тёплым и роскошным послевкусием. состав набора — Парфюмерная вода Sillage d'Orient Signature Paradiso, 100 мл — Парфюмерная вода Sillage d'Orient Signature Paradiso (тревел-формат), 15 мл — Распылитель для перезаполнения тревел-флакона, 1 шт.","Распылите на пульсирующие зоны, такие как запястья, шея, за ушами и внутренняя сторона локтя. Избегайте контакта с одеждой, чтобы сохранить качество аромата.",Франция,22
427,2026-09-29T22:33:29.720712,20260929_212821_59782779,19000197698,parfjumerija/nabory,EX NIHILO,Coffret Selection Fleur Narcotique,Подарочный набор,57600.0,57600.0,0.0,0,5.0,https://goldapple.ru/19000197698-coffret-selection-fleur-narcotique/,https://goldapple.ru/parfjumerija/nabory?p=22,Подарочный набор Флёр Наркотик парф.вода 100мл +лосьон 200мл +гель 200мл,Наносит на очищенную кожу,Франция,22
428,2026-09-29T22:33:42.343266,20260929_212821_59782779,19000454157,parfjumerija/nabory,GUCCI,Flora gorgeous orchid,Парфюмерный набор,9590.0,9590.0,0.0,0,4.9,https://goldapple.ru/19000454157-flora-gorgeous-orchid/,https://goldapple.ru/parfjumerija/nabory?p=22,"В состав набора входит: — Парфюмерная вода для женщин Gucci Flora Gorgeous Orchid eau de parfum, 50 мл, 10 мл Набор Gucci Flora Gorgeous Orchid — это воплощение элегантности и утонченности. Парфюмерная вода для женщин раскрывает чарующую композицию, в которой переплетаются ноты сочных фруктов и нежных цветов. Основной аккорд орхидеи придает аромату загадочность и глубину, создавая неповторимое впечатление. В комплект входят флаконы объемом 50 мл и 10 мл, что позволяет наслаждаться любимым ароматом как дома, так и в путешествиях. Этот набор станет идеальным подарком для истинных ценителей изысканных ароматов.","Парфюмерная вода: Распылите на пульсирующие зоны: запястья, шею, за ушами и внутреннюю сторону локтя. Избегайте контакта с одеждой. Для повышения стойкости рекомендуем наносить на хорошо увлажненную кожу.",Испания,22
429,2026-09-29T22:33:51.716340,20260929_212821_59782779,19000444985,parfjumerija/nabory,Moschino,TOY 2 BUBBLE GUM,Подарочный парфюмерный набор,15210.0,15210.0,0.0,0,5.0,https://goldapple.ru/19000444985-toy-2-bubble-gum/,https://goldapple.ru/parfjumerija/nabory?p=22,"В состав набора входят: Туалетная вода Moschino Toy 2 Bubble Gum — 100 мл Туалетная вода Moschino Toy 2 Bubble Gum миниатюра — 10 мл Парфюмированный гель для душа и ванны Moschino Toy 2 Bubble Gum — 100 мл Парфюмированный лосьон для тела Moschino Toy 2 Bubble Gum — 100 мл Яркий набор с культовым флаконом в виде плюшевого мишки создан для жизнерадостных и позитивных девушек и женщин. Парфюмированный гель для душа и ванны деликатно очищает кожу, а парфюмированный лосьон для тела увлажняет и смягчает кожу, оставляя на ней нежный аромат. Женственная и вдохновляющая композиция Toy 2 Bubble Gum с игривыми нотами жевательной резинки поднимает настроение и заряжает позитивной энергией. В аромате, пробуждающем радость, звучат многогранная роза, сочный персик, засахаренные цитрусы и спелая чёрная смородина. Имбирь и корица придают аромату лёгкую остроту, а древесные ноты и нежный мускус делают его элегантным.","1. Гель для душа и ванны: Только для наружного применения. Нанесите на влажную кожу тела, аккуратно распределите, затем смойте водой. 2. Лосьон для тела: Только для наружного применения. Нанесите на кожу и равномерно распределите массирующими движениями. 3. Туалетная вода: Только для наружного применения. Распылите с небольшого расстояния. Избегайте попадания в глаза.",Италия,22
430,2026-09-29T22:34:01.867792,20260929_212821_59782779,19000344539,parfjumerija/nabory,Tiziana Terenzi,Andromeda,Набор подарочный,30600.0,30600.0,0.0,0,5.0,https://goldapple.ru/19000344539-andromeda/,https://goldapple.ru/parfjumerija/nabory?p=22,"Роскошный набор с духами Andromeda и одноимёнными продуктами SPA линии создан для вашего ежедневного ритуала красоты и заботы о себе. Духи Andromeda c букетом из цитрусовых нот, иланг-иланга и водного жасмина дарит ощущение нежной свежести на протяжении всего дня. Аромат усилен запахом груши и белого гелиотропа и окутан сладостью сахарной пудры, какао и молока. Применяемая инновационная формула продуктов для ухода за телом точно воспроизводит аромат, достигая 7% ароматической композиции, способной обеспечить стойкий эффект «как при нанесении аромата». В составе духов-лосьона для тела Andromeda применяются масло карите, миндальное масло и витамин Е. Духи-гель для душа имеет превосходную прозрачную и плотную и его применение сопровождается приятным образованием жемчужной пены. Ухаживающие экстракты алоэ и водной мяты сочетаются с высоким процентным содержанием ароматных эссенций духов, обеспечивая изумительный комфорт и аромат в течение дня. В состав набора входит: Andromeda Extrait de Parfum 100 ml. Andromeda Parfum Body Lotion 50 ml. Andromeda Parfum Shower Gel 50 ml.",Средство предназначено для наружного применения с целью придания приятного аромата. Нанести аромат на кожу.,Италия,22
431,2026-09-29T22:34:10.744389,20260929_212821_59782779,19000485580,parfjumerija/nabory,Moschino,TOY 2,подарочный парфюмерный набор,14940.0,14940.0,0.0,0,4.8,https://goldapple.ru/19000485580-moschino-toy-2/,https://goldapple.ru/parfjumerija/nabory?p=22,"В изысканный подарочный набор MOSCHINO входят парфюмерная вода TOY 2 (100 мл), её миниатюра (10 мл), которую удобно носить с собой и брать в путешествия, а также парфюмированный лосьон для тела (100 мл), который дарит коже увлажнение и тонкий, чарующий аромат. Парфюмерную композицию TOY 2 открывают сочные ноты яблока, мандарина и магнолии. В сердце композиции чистую и утонченную ноту жасмина дополняют бархатистое звучание пиона и свежесть белой смородины. Амбра и сандал придают аромату невероятную чувственность, а мускус окутывает нежностью. состав набора — Парфюмерная вода TOY 2, 100 мл — Миниатюра парфюмерной воды TOY 2, 10 мл — Парфюмированный лосьон для тела TOY 2, 100 мл",Лосьон для тела: Нанесите на кожу и равномерно распределите массирующими движениями. Парфюмерная вода: Распылите с небольшого расстояния. Избегайте попадания в глаза.,Италия,22
432,2026-09-29T22:34:21.374531,20260929_212821_59782779,19000471472,parfjumerija/nabory,Adidas,Ice Dive,Подарочный набор,869.0,869.0,0.0,0,5.0,https://goldapple.ru/19000471472-adidas-ice-dive/,https://goldapple.ru/parfjumerija/nabory?p=22,"Набор Adidas Ice Dive — это идеальный выбор для активных и энергичных мужчин, стремящихся к свежести и бодрости на протяжении всего дня. Туалетная вода Ice Dive Eau De Toilette раскрывается яркими нотами цитрусовых, которые плавно переходят в сердце из лаванды и герани, создавая ощущение прохлады и свежести. Базовые ноты пачули и мускуса придают аромату стойкость и глубину. Дезодорант-спрей для тела ADIDAS ICE DIVE ALL OVER DEO BODY SPRAY обеспечивает надежную защиту от неприятного запаха, даря ощущение свежести и комфорта. Легкая формула быстро высыхает, не оставляя следов на одежде. Гель для душа 3-в-1 Adidas Ice Dive предназначен для ухода за телом, волосами и лицом. Он мягко очищает и увлажняет кожу, оставляя после себя бодрящий аромат, который заряжает энергией на весь день. Этот набор станет отличным подарком для мужчин, ценящих свежесть и динамичность в каждом дне.","Туалетная вода: Распылите с расстояния 20-30 см на точки пульса, такие как запястья и шея, или создайте ароматное облако и войдите в него для более легкого и равномерного нанесения. Гель для душа: Нанесите небольшое количество на влажную кожу, вспеньте и тщательно смойте водой. Дезодорант: Распылите на чистую и сухую кожу с расстояния 15-20 см, избегая попадания в глаза и на поврежденные участки кожи.",Испания,22
433,2026-09-29T22:34:30.616635,20260929_212821_59782779,19000445884,parfjumerija/nabory,Versace,VERSENSE,Нет категории,6466.0,6466.0,0.0,0,4.7,https://goldapple.ru/19000445884-versense/,https://goldapple.ru/parfjumerija/nabory?p=22,"В состав набора входят: Туалетная вода Versace Versense женская — 30 мл. Парфюмированный лосьон для тела Versace Versense — 50 мл. Парфюмированный лосьон для тела Versace Versense питает и смягчает кожу, придавая ей мягкость и тонкий аромат.","Парфюмированный лосьон для тела VERSACE ""VERSENSE"": Наносить утром и/или вечером круговыми движениями на очищенную кожу всего тела.",Италия,22
434,2026-09-29T22:34:42.108769,20260929_212821_59782779,19000263997,parfjumerija/nabory,CHOPARD,Black incense malaki,Нет категории,12851.0,12851.0,0.0,0,4.6,https://goldapple.ru/19000263997-black-incense-malaki/,https://goldapple.ru/parfjumerija/nabory?p=22,"В изысканный подарочный набор Chopard входят парфюмерная вода BLACK INCENSE MALAKI (80 мл) и гель для душа BLACK INCENSE MALAKI (150 мл). В насыщенной парфюмерной композиции переливаются бальзамические, ароматические, древесные, дымные и восточные ноты. Аромат отражает многогранную и таинственную красоту ладана. Словно волнующие клубы дыма, ноты смол, редких специй и ценных пород дерева окружают ладан, усиливая его благородное звучание. Ноты лабданума и уда дополняют эту композицию, напоминающую об атмосфере восточных королевских церемоний.",Только для наружного применения.,Италия,22
435,2026-09-29T22:34:51.444828,20260929_212821_59782779,19000214527,parfjumerija/nabory,Versace,EAU FRAICHE,Подарочный набор,7880.0,7880.0,0.0,0,4.7,https://goldapple.ru/19000214527-eau-fraiche/,https://goldapple.ru/parfjumerija/nabory?p=22,"Подарочный набор VERSACE ""EAU FRAICHE"". Состав набора: - Туалетная вода VERSACE ""Eau Fraiche"" муж., 50 мл; - Парфюмированный гель для душа и ванны VERSACE ""EAU FRAICHE"", 50 мл; - Парфюмированный бальзам после бритья VERSACE ""EAU FRAICHE"", 50 мл.",Не указано,Италия,22
436,2026-09-29T22:35:01.134522,20260929_212821_59782779,19000467057,parfjumerija/nabory,THE WOODS COLLECTION,PANORAMA,Подарочный набор парфюмерной воды,8007.0,8007.0,0.0,0,5.0,https://goldapple.ru/19000467057-the-woods-collection-panorama/,https://goldapple.ru/parfjumerija/nabory?p=22,"состав набора — Парфюмерная вода The Woods Collection «Panorama», 100 мл — Парфюмерная вода The Woods Collection «Wild Roses», 2 мл (пробник) — Парфюмерная вода The Woods Collection «Azure», 2 мл (пробник) Яркий аромат пробуждает чувство эйфории и наполняет сердце смелостью, позволяющей выйти за привычные границы. Глубокая древесная композиция расширяет парфюмерные горизонты, а солнечная нота грейпфрута с цитрусово-пряным звучанием помогает разжечь огонь в душе. Кульминацией аромата становится чувственный аккорд ценной серой амбры. Эта возвышенная, переливающаяся композиция – словно волшебный ковёр-самолёт, который уносит в мир удивительных парфюмерных открытий.",Распылять на кожу с расстояния 20-30 см.,Франция,22
437,2026-09-29T22:35:12.150254,20260929_212821_59782779,19000214519,parfjumerija/nabory,Versace,YELLOW DIAMOND,Подарочный набор,9560.0,9560.0,0.0,0,4.8,https://goldapple.ru/19000214519-yellow-diamond/,https://goldapple.ru/parfjumerija/nabory?p=22,"Подарочный набор VERSACE ""YELLOW DIAMOND"". Состав набора: - Туалетная вода VERSACE ""YELLOW DIAMOND"" жен., 50 мл; - Парфюмированный гель для душа VERSACE ""YELLOW DIAMOND"", 50 мл; - Парфюмированный лосьон для тела VERSACE ""YELLOW DIAMOND"", 50 мл.",Не указано,Италия,22
438,2026-09-29T22:35:24.082136,20260929_212821_59782779,19000121301,parfjumerija/nabory,SIGNATURE BY SILLAGE DORIENT,Sapphire,Набор парфюмерный,11979.0,11979.0,0.0,0,4.5,https://goldapple.ru/19000121301-sapphire/,https://goldapple.ru/parfjumerija/nabory?p=22,"В изысканный набор входят парфюмерная вода SAPPHIRE (100 мл) и её миниатюра в тревел-формате (15 мл). Аромат SIGNATURE by Sillage d'Orient посвящен роскошному блеску сапфира, который всегда внушал людям трепет. От Древнего Египта до Викторианской эпохи – в разные времена представители правящих династий носили украшения с драгоценным сапфиром, чтобы подчеркнуть свои высокий статус. Этот дух королевской власти воплощает утонченная и царственная парфюмерная композиция, в которой шалфей и можжевельник сочетаются с нотой мате, а древесную базу смягчают розовый перец и африканские бобы тонка с оттенком ванили.",Распылять на кожу с расстояния 20-30 см.,Франция,22
439,2026-09-29T22:35:34.380027,20260929_212821_59782779,19000442221,parfjumerija/nabory,THE WOODS COLLECTION,Sun,Парфюмерный набор,9801.0,9801.0,0.0,0,4.7,https://goldapple.ru/19000442221-sun/,https://goldapple.ru/parfjumerija/nabory?p=22,"Аромат раскрывается нотами лимона из Амальфи, бразильского апельсина и имбиря, дополненными пряным сердцем композиции из гватемальского кардамона и корицы. Они сменяются соблазнительно теплой базой из белого мускуса, амбры и мадагаскарской ванили. Sun от Natural by The Woods Collection — это яркий внешний вид и такое же изысканное внутреннее наполнение. В набор входят парфюмерная вода Sun (100 мл) и пустой атомайзер (5 мл).","Распылите на пульсирующие зоны, такие как запястья, шея, за ушами и внутренняя сторона локтя. Избегайте контакта с одеждой, чтобы сохранить качество аромата.",Франция,22
440,2026-09-29T22:35:45.086830,20260929_212821_59782779,19000464873,parfjumerija/nabory,Maison Francis Kurkdjian,Baccarat Rouge 540,набор миниатюр парфюмерных экстрактов,13800.0,13800.0,0.0,0,4.6,https://goldapple.ru/19000464873-baccarat-rouge-540/,https://goldapple.ru/parfjumerija/nabory?p=22,"Парфюмерный экстракт Baccarat Rouge 540 раскрывает свой древесно-амбровый, цветочный шлейф в чувственном парфюмерном ритуале. Ольфактивное семейство: древесный амбровый цветочный. состав набора — парфюмерный экстракт Baccarat rouge 540, 4 мл, 4 шт.","Нанесите на шею, запястья и точки пульса.",Франция,22
441,2026-09-29T22:36:06.659472,20260929_212821_59782779,19000450883,parfjumerija/nabory,Mind Games,KINGSIDE,подарочный набор парфюмерных экстрактов,31185.0,31185.0,0.0,0,4.2,https://goldapple.ru/19000450883-kingside/,https://goldapple.ru/parfjumerija/nabory?p=23,"В состав набора входят: Парфюмерный экстракт Kingside — 100 мл Экстракт Tonka Bean — 3 мл Экстракт Peru Balsam — 3 мл Блоттеры. Парфюмерный экстракт Kingside — это уверенный и чарующий аромат, дань спокойной силе и утончённой элегантности. Яркое масло кардамона и цедра грейпфрута придают композиции смелое и бодрящее начало, смягчённое нежным очарованием лепестков розового пиона и сливочным декадансом фисташкового мороженого. В сердце аромата раскрывается богатство абсолюта бобов тонка и тепло мадагаскарской ванили, оставляя неизгладимое впечатление силы, утончённости и неотразимого шарма. Исследуйте мир уникального аромата, его красоту и сложность, станьте свидетелем того, как исходные компоненты превращаются в конечную композицию. Эти компоненты помогают раскрыть глубину аромата в его чистом виде.",Распылите на кожу с расстояния 20-30 см.,Сша,23
442,2026-09-29T22:36:18.570847,20260929_212821_59782779,19000215484,parfjumerija/nabory,TUMI,Continuum 12:00 gmt,Подарочный набор,11436.0,11436.0,0.0,0,4.8,https://goldapple.ru/19000215484/,https://goldapple.ru/parfjumerija/nabory?p=23,"В набор входят парфюмерная вода TUMI ""CONTINUUM [12:00 GMT]"" (100 мл), парфюмерная вода TUMI ""CONTINUUM [12:00 GMT]"" (30 мл) в объёме, удобном для путешествий, и парфюмированный гель для душа TUMI ""CONTINUUM [12:00 GMT]"" (200 мл), который очищает кожу тела и оставляет чувственный восточно-древесный аромат. С уверенным и авантюрным характером парфюмерной композиции знакомят ноты зеленого мандарина, ладана и амбры. Торжество свободы и риска продолжают выразительные лабданум, ирис и листья табака. Базовые соблазнительные ноты уда, замши и дымного мускуса подчеркивают глубину и яркость аромата.","Только для наружного применения. Нанесите гель для душа на влажную кожу тела, распределите массирующими движениями, затем смойте водой. Парфюмерную воду наносите на точки пульсации.",Сша,23
443,2026-09-29T22:36:28.518656,20260929_212821_59782779,19000344544,parfjumerija/nabory,Tiziana Terenzi,Orion,Нет категории,21240.0,21240.0,0.0,0,5.0,https://goldapple.ru/19000344544-orion/,https://goldapple.ru/parfjumerija/nabory?p=23,"Состав набора : Духи Orion Extrait de Parfum 100 мл. Парфюмированный лосьон для тела Orion Parfum Body Lotion 50 мл. Парфюмированный гель для душа Orion Parfum Shower Gel 50 мл. Роскошный набор с духами Orion и одноимёнными продуктами SPA линии создан для вашего ежедневного ритуала красоты и заботы о себе. Пряные и яркие духи Orion - сильные и деликатные одновременно. Букет цитрусов делает их искрящимися в контрасте со сладостью ананаса и сочностью яблока. Появление пряной гармонии тимьяна и орегано сопровождается благородными древесными нотами. Применяемая инновационная формула продуктов для ухода за телом точно воспроизводит аромат, достигая 7% ароматической композиции, способной обеспечить стойкий эффект «как при нанесении аромата». В составе духов-лосьона для тела Orion применяются масло карите, миндальное масло и витамин Е. Духи-гель для душа имеет превосходную прозрачную и плотную и его применение сопровождается приятным образованием жемчужной пены. Ухаживающие экстракты алоэ и водной мяты сочетаются с высоким процентным содержанием ароматных эссенций духов, обеспечивая изумительный комфорт и аромат в течение дня.",Средство предназначено для наружного применения с целью придания приятного аромата. Нанести аромат на кожу.,Италия,23
444,2026-09-29T22:36:40.140466,20260929_212821_59782779,19760327946,parfjumerija/nabory,FRANCK BOCLET,CASHMERE,Нет категории,9095.0,9095.0,0.0,0,4.8,https://goldapple.ru/19760327946-travel-set-cashemir/,https://goldapple.ru/parfjumerija/nabory?p=23,"Нежный, бархатистый по звучанию восточный унисекс парфюм с изысканными древесно-пряными нюансами. Звучание базируется на насыщенных драгоценных нотах кашемирового дерева. Объем: 4*20мл .","Наносить на неповрежденные участки кожи, волос и одежду.",Франция,23
445,2026-09-29T22:36:53.831340,20260929_212821_59782779,19000344541,parfjumerija/nabory,Tiziana Terenzi,Cassiopea,Набор подарочный,30600.0,30600.0,0.0,0,4.5,https://goldapple.ru/19000344541-cassiopea/,https://goldapple.ru/parfjumerija/nabory?p=23,"Состав набора : Духи Cassiopea Extrait de Parfum 100 мл. Парфюмированный лосьон для тела Cassiopea Parfum Body Lotion 50 мл. Парфюмированный гель для душа Cassiopea Parfum Shower Gel 50 мл. Роскошный набор с духами Cassiopea и одноимёнными продуктами SPA линии создан для вашего ежедневного ритуала красоты и заботы о себе. Воздушная белая эссенция Cassiopea источает тонкий и нежный аромат с прекрасными верхними нотами маракуйи и черной смородины. Ощущение легкой эйфории будет обволакивать вас и сопровождать на протяжении всего дня благодаря долговечной силе цветов донника, лилии и нарцисса. Применяемая инновационная формула продуктов для ухода за телом точно воспроизводит аромат, достигая 7% ароматической композиции, способной обеспечить стойкий эффект «как при нанесении аромата». В составе духов-лосьона для тела Cassiopea применяются масло карите, миндальное масло и витамин Е. Духи-гель для душа имеет превосходную прозрачную и плотную и его применение сопровождается приятным образованием жемчужной пены. Ухаживающие экстракты алоэ и водной мяты сочетаются с высоким процентным содержанием ароматных эссенций духов, обеспечивая изумительный комфорт.",Средство предназначено для наружного применения с целью придания приятного аромата. Нанести аромат на кожу.,Италия,23
446,2026-09-29T22:37:04.287831,20260929_212821_59782779,19000472519,parfjumerija/nabory,GoldAppleBox,Perfume,Мини Адвент календарь,12000.0,12000.0,0.0,0,4.2,https://goldapple.ru/19000472519-perfume/,https://goldapple.ru/parfjumerija/nabory?p=23,"1. L’ATELIER PARFUM Парфюмерная вода rose coup de foudre. Полноразмерный продукт, 50 мл. 2. ESSENTIAL PARFUMS PARIS Парфюмерная вода divine vanille by Olivier Pescheux. Тревел-формат, 10 мл. 3. MARC-ANTOINE BARROIS Парфюмерная вода Ganymede. Миниатюра, 10 мл. 4. LIQUIDES IMAGINAIRES Парфюмерная вода dom rosa. Миниатюра, 7.5 мл. 5. MOSCHINO Парфюмерная вода Toy 2 Pearl. Миниатюра, 5 мл. 6. POÈMES DE PROVENCE Парфюмерная вода orange & oakmoss. Тревел-формат, 15 мл. 7. BANDERAS Парфюмерная вода The Icon. Миниатюра, 10 мл. 8. ANOMALIA PARIS Парфюмерная вода abed. Миниатюра, 5 мл. 9. MAISON DOUZE Духи миниатюра в ассортименте, 1 шт: MAISON DOUZE Духи Solstice Gourmand. Миниатюра, 5 мл. ИЛИ MAISON DOUZE Духи Solstice Solaire. Миниатюра, 5 мл. 10. FOR ME by gold apple Парфюмерная вода mesmerize me. Тревел-формат, 20 мл. 11. HFC Парфюмерная вода Royal power. Миниатюра, 7.5 мл. 12. MEMO Парфюмерная вода Paris Inle. Миниатюра, 5 мл. 13. RP Paris Парфюмерная вода, миниатюра в ассортименте, 1 шт: RP Paris Парфюмерная вода bella. Миниатюра, 10 мл. ИЛИ RP Paris Парфюмерная вода Vie De Reve. Миниатюра, 10 мл. 14. UNITED COLORS OF BENETTON Туалетная вода colors rose. Тревел-формат, 30 мл. обращаем внимание, что на продуктах возможно наличие специальных наклеек (маркировок): не для продажи, подарок, gift и т.д.",Не указано,Россия,23
447,2026-09-29T22:37:14.883057,20260929_212821_59782779,19000349418,parfjumerija/nabory,Versace,Bright Crystal,Подарочный набор,11590.0,11590.0,0.0,0,4.7,https://goldapple.ru/19000349418-bright-crystal/,https://goldapple.ru/parfjumerija/nabory?p=23,"Идеальное трио VERSACE дарит удовольствие от весеннего цветочного аккорда и вдохновляющих свежих нот. В набор входит один из бестселлеров бренда – туалетная вода BRIGHT CRYSTAL (50 мл), а также парфюмированный гель для душа и ванны (50 мл) и лосьон для тела с эффектом сияния BRIGHT CRYSTAL LUMINOUS BODY LOTION"" (50 мл). Свежая парфюмерная композиция BRIGHT CRYSTAL раскрывается с нот терпкого граната и юзу, а затем плавно переходит к пышному цветочному букету, в котором благоухают нежный пион, магнолия и изысканный лотос. В шлейфе этой туалетной воды ощущаются чувственные мускус и амбра в сочетании с древесными нотами. Многогранная композиция отражает кристальную чистоту и чувственность, которой невозможно противостоять.","Только для наружного применения. Гель для душа и ванны нанесите на влажную кожу тела, равномерно распределите, затем смойте водой. Лосьон для тела нанесите на кожу и распределите массирующими движениями. Туалетную воду распылите с небольшого расстояния. Избегайте попадания в глаза.",Италия,23
448,2026-09-29T22:37:26.057023,20260929_212821_59782779,19000215478,parfjumerija/nabory,TUMI,Awaken 08:00 gmt,Подарочный набор,11436.0,11436.0,0.0,0,4.5,https://goldapple.ru/19000215478/,https://goldapple.ru/parfjumerija/nabory?p=23,"В набор входят парфюмерная вода TUMI ""AWAKEN [08:00 GMT]"" (100 мл), парфюмерная вода TUMI ""AWAKEN [08:00 GMT]"" (30 мл) в объёме, удобном для путешествий, и парфюмированный гель для душа TUMI ""AWAKEN [08:00 GMT]"" (200 мл), который очищает кожу тела и оставляет свежий, бодрящий аромат. Современная парфюмерная композиция с фужерными, цитрусовыми и древесными нотами заряжает энергией, подчеркивает уверенность и открытость миру. Добиться пробуждающего, воодушевляющего эффекта помогают ноты цитрусов, кориандра, кипариса, мускатного шалфея, еловых иголок и кедра.","Только для наружного применения. Нанесите гель для душа на влажную кожу тела, распределите массирующими движениями, затем смойте водой. Парфюмерную воду наносите на точки пульсации.",Сша,23
449,2026-09-29T22:37:36.501628,20260929_212821_59782779,19000337196,parfjumerija/nabory,OMAN LUXURY,The Explorer,Набор миниатюр,12192.0,12192.0,0.0,0,5.0,https://goldapple.ru/19000337196-the-explorer/,https://goldapple.ru/parfjumerija/nabory?p=23,"Ароматы, вдохновленные Оманом OMANLUXURY — независимый парфюмерный дом, основанный в 2012 году после встречи Муатасима, Муада и Ахмеда. Вместе они начали свой путь к созданию истинного обонятельного выражения Омана, используя лучшие ингредиенты, чтобы подчеркнуть каждый аспект культуры и наследия страны. Наш символ вдохновлён украшениями «Мария» — ручной работы из серебра с золотом. Логотип сочетает буквы «O» и «L», образуя флакон в круге — символ бесконечной аутентичности бренда. Этот изысканный набор представляет собой путешествие в мир восточной парфюмерии от бренда Oman Luxury – независимого парфюмерного дома, вдохновленного культурой и традициями Омана. В коллекции собраны самые яркие и характерные ароматы бренда в удобных миниатюрных флаконах, позволяющих оценить богатую палитру композиций.","Наносить на неповрежденные участки кожи, волос и одежду.",Оман,23
450,2026-09-29T22:37:46.659401,20260929_212821_59782779,19000526388,parfjumerija/nabory,Loewe,Miniature set,Набор миниатюр,11870.0,11870.0,0.0,0,5.0,https://goldapple.ru/19000526388-loewe-travel-set/,https://goldapple.ru/parfjumerija/nabory?p=23,"Погрузитесь в чарующую коллекцию LOEWE Landscape— серию ароматов, вдохновлённую природой и испанским происхождением Дома LOEWE. Набор миниатюр включает пять ароматов для неё и для него в удобных флаконах объемом 7 мл, представленных в фирменной монохромной подарочной коробке LOEWE. Идеальный выбор для подарка, путешествий, обновления аромата в течение дня или знакомства с новыми парфюмерными композициями. В набор входят: — Парфюмерная вода LOEWE Esencia — выразительный и характерный аромат с нотами базилика, эстрагона и красного перца. — Туалетная вода LOEWE Aire Sutileza — цветочный аромат, вдохновлённый стихией воздуха, с нотами жасмина, ландыша и груши, воплощающий лёгкость и утончённость. — Парфюмерная вода LOEWE Solo Ella — аромат заката во флаконе, сочетающий белую древесину, красное яблоко и нероли. — Парфюмерная вода LOEWE 001 Woman — свежий аромат с нотами льна, мускуса и жасмина, излучающий естественную уверенность. — Парфюмерная вода LOEWE 001 Man — чувственная композиция с нотами мускуса, кипариса и семян моркови. Этот набор миниатюр станет идеальным способом исследовать, тестировать, сочетать ароматы между собой и открывать для себя новые грани коллекции LOEWE Landscape. Наносите аромат непосредственно на кожу кончиками пальцев и создавайте своё уникальное парфюмерное настроение каждый день.","Небольшое количество нанести на тело, избегая попадания в глаза.",Испания,23
451,2026-09-29T22:37:59.116175,20260929_212821_59782779,19000459169,parfjumerija/nabory,Tom Ford,NOIR EXTREME,Набор парфюмерной воды,21330.0,21330.0,0.0,0,5.0,https://goldapple.ru/19000459169-noir-extreme/,https://goldapple.ru/parfjumerija/nabory?p=23,"NOIR EXTREME олицетворяет наслаждение чувственностью и намекает на неутомимого гедониста, который скрывается за безупречным строгим костюмом TOM FORD. TOM FORD NOIR EXTREME — это новая интерпретация истории NOIR с интригующим главным героем. Композиция раскрывается насыщенной смесью сияющих цитрусовых и пряных тёплых нот. В сердце аромата звучит дразнящий аккорд индийского мороженого кулфи и коктейль из цветочных нот абсолюта розы, жасмина и цветов апельсина. Древесный амбровый аккорд определяет звучание шлейфа. Притягательная основа из амбры обрамлена изысканными нотами сандалового дерева и тлеющими угольками ванили. Группа ароматов: Амбровые древесные. Ноты: масло мандарина, аккорд индийского кулфи, амбра. Лимитированный парфюмерный набор для поклонников Noir Extreme. В набор входят: – Парфюмерная вода Noir Extreme, 100 мл – Парфюмерная вода Noir Extreme Travel Spray, 10 мл.","Распылите на пульсирующие зоны, такие как запястья, шея, за ушами и внутренняя сторона локтя. Избегайте контакта с одеждой, чтобы сохранить качество аромата.",Швейцария,23
452,2026-09-29T22:38:08.052915,20260929_212821_59782779,19000454159,parfjumerija/nabory,GUCCI,GUILTY POUR FEMME,подарочный парфюмерный набор,9590.0,9590.0,0.0,0,5.0,https://goldapple.ru/19000454159-guilty-pour-femme/,https://goldapple.ru/parfjumerija/nabory?p=23,"состав набора — Парфюмерная вода Gucci Guilty Pour Femme Eau de Parfum, 50 мл — Лосьон для тела Gucci Guilty Pour Femme Body Lotion, 50 мл Набор Gucci Guilty Pour Femme — это воплощение элегантности и чувственности, созданное для уверенных в себе женщин. Парфюмерная вода Gucci Guilty Pour Femme Eau de Parfum раскрывается яркими нотами мандарина и розового перца, плавно переходя в сердце из сирени и герани, завершаясь тёплым шлейфом из пачули и амбры. Этот аромат подчёркивает вашу индивидуальность и оставляет незабываемое впечатление. Лосьон для тела Gucci Guilty Pour Femme Body Lotion дополняет парфюмерную воду, увлажняя и питая кожу, оставляя на ней лёгкий аромат. Его нежная текстура быстро впитывается, обеспечивая комфорт и мягкость на весь день. Этот дуэт станет идеальным выбором для тех, кто ценит роскошь и стиль в каждой детали.","1. Парфюмерная вода: Распылите с расстояния 20-30 см на точки пульса, такие как запястья и шея, или создайте ароматное облако и войдите в него для более легкого и равномерного нанесения. 2. Лосьон для тела: Нанесите лосьон на кожу тела массирующими движениями.",Испания,23
453,2026-09-29T22:38:20.202143,20260929_212821_59782779,19000482571,parfjumerija/nabory,Amouage,Mans Discovery,Нет категории,9944.0,9944.0,0.0,0,4.7,https://goldapple.ru/19000482571-mans-discovery/,https://goldapple.ru/parfjumerija/nabory?p=23,"Набор из 6 культовых мужских ароматов Amouage в элегантном кофре, дизайн которого создала художница Луиза Мертенс. Каждая композиция представлена в формате мини-спрея 2 мл. Набор включает следующие ароматы: — Gold Man. — Epic Man. — Reflection Man. — Interlude Man. — Honour Man. — Dia Man.",Нанести на пульсирующие точки.,Оман,23
454,2026-09-29T22:38:32.824165,20260929_212821_59782779,19000156278,parfjumerija/nabory,Versace,Bright Crystal,Нет категории,6192.0,6192.0,0.0,0,5.0,https://goldapple.ru/19000156278-bright-crystal/,https://goldapple.ru/parfjumerija/nabory?p=23,"Подарочный набор VERSACE ""Bright Crystal"" Туалетная вода VERSACE ""BRIGHT CRYSTAL"" жен., 30 мл; Парфюмированный лосьон для тела VERSACE ""BRIGHT CRYSTAL"", 50 мл",Не указано,Италия,23
455,2026-09-29T22:38:44.564763,20260929_212821_59782779,19000378844,parfjumerija/nabory,EPC. EXPERIMENTAL PERFUME CLUB,DISCOVERY SET SIGNATURE,Парфюмерный набор семплов,5132.0,5132.0,0.0,0,4.5,https://goldapple.ru/19000378844-discovery-set-signature/,https://goldapple.ru/parfjumerija/nabory?p=23,"В набор входят 9 семплов парфюмерной воды EPC (по 2,5 мл). Коллекция включает изысканные и оригинальные ароматы: VELVET INCENSE, SABLE GRIS, FLEUR D’AMBRE, AMBRE EPICES, SANTAL NUIT, TONKA EXTRAORDINAIRE, PISTACHIO HAIKU, SOLEIL D’HIVER, SMELL LIKE A KING.",Не указано,Франция,23
456,2026-09-29T22:38:55.481061,20260929_212821_59782779,19000464336,parfjumerija/nabory,Penhaligon's,MINI HIM,Набор миниатюр,10070.0,10070.0,0.0,0,5.0,https://goldapple.ru/19000464336-mini-him/,https://goldapple.ru/parfjumerija/nabory?p=23,"Парфюмерный набор миниатюр ароматов Blenheim Bouquet, Endymion, Halfeti, Juniper Sling, Quercus «Для Него» в удобном travel формате 5 мл. Blenheim Bouquet: Бодрящая композиция, сочетающая цитрусовые масла, специи и древесные ноты. Несмотря на более чем столетнюю историю, аромат прекрасно адаптируется к современности. Отличается утонченностью и чувственностью с благородным наследием. Endymion: Полувосточный аромат — современное сочетание цитрусовых, специй и кожи. Открывается нотами засахаренного мандарина в обрамлении шафрана и лаванды. В сердце — ноты черного кофе, а база включает смолу, мускатный орех, кардамон и мягкую кожу. Аромат контрастов: чувственный и свежий, светлый и темный, бархатистый и терпкий. Вдохновлен мифологией об Эндимионе — возлюбленном богини Дианы. Halfeti: Пьянящий эликсир с теплым и уверенным характером. Начало свежее: бергамот, зелень и полынь. В сердце — жасмин и пряная роза. База включает сандал, ваниль, ноты кожи и композицию из уда, амбры и пачули. Juniper Sling: Опьяняющий аромат, вдохновленный лондонским сухим джином. В композиции — ноты можжевельника, дягиля, бренди, черного перца, кардамона, кожи и фиалкового корня. База включает коричневый сахар, темную вишню и амбру. Quercus: Аромат, названный в честь английского дуба — символа силы и традиций. Открывается цитрусовыми нотами и базиликом. В сердце — жасмин, кардамон и ландыш. База включает мускус, сандал, мох и амбру, создавая образ элегантного и бодрящего одеколона.","Распылите с небольшого расстояния на кожу или одежду, избегая попадания в глаза.",Испания,23
457,2026-09-29T22:39:07.332496,20260929_212821_59782779,26544100002,parfjumerija/nabory,Creed,Aventus,набор миниатюр парфюмерной воды,18034.0,18034.0,0.0,0,4.5,https://goldapple.ru/26544100002-aventus/,https://goldapple.ru/parfjumerija/nabory?p=23,"состав набора — Парфюмерная вода Creed Aventus, 10 мл — Парфюмерная вода Creed Aventus, 10 мл — Парфюмерная вода Creed Aventus, 10 мл В набор входят три миниатюры парфюмерной воды Creed Aventus (по 10 мл). Aventus – универсальный мужской аромат, который производит приятное впечатление в любых обстоятельствах: от деловой встречи до вечеринки в баре. Парфюмерная композиция Creed, объединившая утончённые дымные акценты и фруктовую свежесть ананаса, уже стала современной классикой. Яркие верхние ноты калабрийского бергамота и лимона, дополненные пряным розовым перцем, плавно сменяются изысканным сердцем аромата, в котором сочетаются чувственные пачули и сочный ананас. Их яркий дуэт уравновешивают дымчатые оттенки берёзы и роскошный кедр, усиливающие стойкость и элегантность композиции.",Распылите с небольшого расстояния. Избегайте попадания в глаза.,Франция,23
458,2026-09-29T22:39:18.254768,20260929_212821_59782779,19000332564,parfjumerija/nabory,Clinique,Aromatics Elixir Riches,Подарочный набор,17765.0,17765.0,0.0,0,4.5,https://goldapple.ru/19000332564-aromatics-elixir-riches/,https://goldapple.ru/parfjumerija/nabory?p=23,"Легендарный классический аромат Aromatics Elixir окутывает вуалью изысканности и женственности, погружая в магический мир парфюмерных нот. Чувственный ветивер и сочный дубовый мох гармонично дополняют искристые цветочные ноты иланг-иланга и розы. Изысканный букет, сотканный из жасмина и пачули, нежно будоражит чувства, согревает и притягивает. Композиция Aromatics Elixir воплощает в себе удовольствие и элегантность. Коллекция Aromatics - творение легендарного парфюмера Бернара Шанта, известного своим стилем пачули в пудре. Aromatics открыл новую страницу в парфюмерной индустрии Америки, став одним из первых ароматерапевтических элексиров. Чувственный цветочный, древесный, шипровый аромат производит приятное впечатление, отвлекая от негативных мыслей. Состав: Парфюмерная вода Aromatics Elixir Perfume Spray, 100 мл. Крем для тела Aromatics Elixir Body Smoother, 75 мл Парфюмерная вода Aromatics Elixir Perfume Spray, 10 мл.",Не указано,Польша,23
459,2026-09-29T22:39:28.004516,20260929_212821_59782779,19000484120,parfjumerija/nabory,Lacoste,ORIGINAL,подарочный парфюмерный набор,12060.0,12060.0,0.0,0,5.0,https://goldapple.ru/19000484120-original/,https://goldapple.ru/parfjumerija/nabory?p=23,"состав набора — Парфюмерная вода Lacoste Original, 60 мл — Гель для душа Lacoste Original, 100 мл В подарочный набор Lacoste входят парфюмерная вода Original (60 мл) и гель для душа Original (100 мл), который бережно очищает кожу тела и оставляет тонкий, элегантный аромат. Захватывающий аромат Lacoste Original, отражающий союз аутентичности и новаторства, объединяет цитрусовую свежесть и жгучую пикантность специй. Сочетание бодрящего бергамота и яркого розового перца делает композицию очень динамичной и современной. В сердце раскрывается мягкая свежесть лаванды и шалфея, а базовые ноты сандала и бобов тонка добавляют мягкость и усиливают чувственность.","1. Гель для душа: Нанесите гель для душа на влажную кожу тела, распределите массирующими движениями, затем смойте водой. 2. Парфюмерная вода: Парфюмерную воду распылите с расстояния 20-30 см.",Франция,23
460,2026-09-29T22:39:44.445198,20260929_212821_59782779,19000156293,parfjumerija/nabory,Versace,Dylan Blue,Подарочный набор,10017.0,10017.0,0.0,0,5.0,https://goldapple.ru/19000156293-dylan-blue/,https://goldapple.ru/parfjumerija/nabory?p=23,"Подарочный набор VERSACE ""Dylan Blue"" Туалетная вода VERSACE ""DYLAN BLUE"", 100 мл; Парфюмированный гель для душа и ванны VERSACE ""POUR FEMME DYLAN BLUE"", 150 мл; Туалетная вода VERSACE ""DYLAN BLUE"", 10 мл",Не указано,Италия,23
461,2026-09-29T22:40:10.825955,20260929_212821_59782779,19000375119,parfjumerija/nabory,Initio Parfums Prives,FESTIVE COFFRET NARCOTIC DELIGHT,Набор экстрактов духов,36000.0,36000.0,0.0,0,0.0,https://goldapple.ru/19000375119-festive-24-musk-therapy/,https://goldapple.ru/parfjumerija/nabory?p=24,"Новый аромат Carnal пробуждает чувственность. Он дерзкий, притягательный, завораживающий. Carnal дарит новые эмоции и впечатления, которые одновременно приносят удовольствие и меняют сознание. Аромат начинается с соблазнительной ванили, наэлектризованной розовым перцем, пропитанным коньяком. Затем он окутывает дымными волнами сигарного табака. Завершает композицию дерзкий аккорд спелой вишни, который усиливает будоражащие желания. INITIO — это не просто ароматы, а эксперименты, смелые опыты для раскрытия всех чувств. Что, если на этот раз вы не просто наблюдатель, а главный герой? В наборе: NARCOTIC EDIP 50 ml + EDIP 10 ml + SIDE EFFEC EDIP 10 mL.",Для наружного применения.,Франция,24
462,2026-09-29T22:40:22.349486,20260929_212821_59782779,19000378843,parfjumerija/nabory,EPC. EXPERIMENTAL PERFUME CLUB,DISCOVERY SET ESSENTIAL,Парфюмерный набор семплов,5132.0,5132.0,0.0,0,5.0,https://goldapple.ru/19000378843-discovery-set-essential/,https://goldapple.ru/parfjumerija/nabory?p=24,"Набор знакомит с 9 изысканными ароматами EPC (по 2,5 мл): BERGAMOT INCENSE, JASMINE OSMANTHUS, SANDALWOOD MUSK, FIG NEROLI, ROSE RHUBARB, AMBER IRIS, CARDAMOM MOSS, TONKA SESAME и CEDARWOOD ABSINTH. Каждую парфюмерную воду можно носить отдельно, наслаждаясь утончённой и лаконичной гармонией нот, или сочетать с другими композициями бренда, создавая свой уникальный аромат.",Не указано,Франция,24
463,2026-09-29T22:40:38.856128,20260929_212821_59782779,19000156292,parfjumerija/nabory,Versace,Dylan Blue,Нет категории,7767.0,7767.0,0.0,0,5.0,https://goldapple.ru/19000156292-dylan-blue/,https://goldapple.ru/parfjumerija/nabory?p=24,"Подарочный набор VERSACE ""Dylan Blue"" Туалетная вода VERSACE ""DYLAN BLUE"", 50 мл; Парфюмированный гель для душа и ванны VERSACE ""POUR FEMME DYLAN BLUE"", 50 мл; Парфюмированный бальзам после бритья VERSACE ""POUR HOMME DYLAN BLUE"", 50 мл",Не указано,Италия,24
464,2026-09-29T22:40:50.626956,20260929_212821_59782779,19000244805,parfjumerija/nabory,Maison Francis Kurkdjian,724,Нет категории,29500.0,29500.0,0.0,0,5.0,https://goldapple.ru/19000244805-724/,https://goldapple.ru/parfjumerija/nabory?p=24,"Парфюмерный набор 724 представлен в формате 5 роскошных рефилов.
Желанный набор самого городского аромата 724 станет идеальным подарком. Изысканная версия драгоценного футляра для флакона позволит вам элегантно носить аромат с собой.","Нанести аромат на запястья, шею и точки пульса.",Франция,24
465,2026-09-29T22:41:01.670131,20260929_212821_59782779,19000491421,parfjumerija/nabory,Creed,Women's Inspiration Sample,Набор парфюмерных семплов,4919.0,4919.0,0.0,0,5.0,https://goldapple.ru/19000491421-creed-womens-inspiration-sample/,https://goldapple.ru/parfjumerija/nabory?p=24,"Набор парфюмерных семплов дарит возможность отправиться в путешествие по миру ароматов Creed. В элегантный набор входят пять ароматов для женщин (по 1,7 мл): парфюмерная вода Aventus for Her, парфюмерная вода Wind Flowers, парфюмерная вода Spring Flower, парфюмерная вода Carmina и парфюмерная вода Queen of Silk. Парфюмерная вода в таком формате станет отличным спутником в путешествиях. Подборка ароматов также позволяет познакомиться с разными парфюмерными композициями и выбрать среди них своих фаворитов. состав набора — Парфюмерная вода Creed Aventus for Her, 1,7 мл — Парфюмерная вода Creed Wind Flowers, 1,7 мл — Парфюмерная вода Creed Spring Flower, 1,7 мл — Парфюмерная вода Creed Carmina, 1,7 мл — Парфюмерная вода Creed Queen of Silk, 1,7 мл",Распылите с небольшого расстояния.,Франция,24
466,2026-09-29T22:41:12.951981,20260929_212821_59782779,19000463497,parfjumerija/nabory,Frederic Malle,Portrait of a Lady Essential set,Парфюмерный набор,39500.0,39500.0,0.0,0,5.0,https://goldapple.ru/19000463497-portrait-of-a-lady-essential-set/,https://goldapple.ru/parfjumerija/nabory?p=24,"Лимитированный парфюмерный набор «Portrait of a Lady» содержит аромат объёмом 50 мл, аромат в тревел-версии 10 мл и красный дорожный футляр. Исключительный аромат Доминика Ропиона «Portrait of a Lady» подчёркивает роскошь и сладострастие турецкой розы. Это результат амбициозного переосмысления амбровой категории ароматов, основанного на щедром обилии пачули, составляющем треть аромата, аккорде белого мускуса, делающем композицию более женственной, и исключительной эссенции 400 бутонов турецкой розы.","Нанесите аромат на запястья, шею и точки пульса, чтобы он раскрылся от тепла тела и остался с вами до самого вечера.",Франция,24
467,2026-09-29T22:41:25.732849,20260929_212821_59782779,19000013023,parfjumerija/nabory,NISHANE,Hacivat + ANI,набор,12519.0,12519.0,0.0,0,4.0,https://goldapple.ru/19000013023-hacivat-ani/,https://goldapple.ru/parfjumerija/nabory?p=24,"Hacivat Аромат, как дань элегантности, доброте, благородству и любви к искусству.
Вдохновленный традиционным персонажем театра теней,
этот шипровый аромат поможет вам жить в ваших лучших мечтах
благодаря вечным сверкающим мотивам своей позитивной структуры,
состоящей из бодрящих нот ананаса и бергамота, усиленных глубиной 
древесных нот. Наслаждайтесь любовью!  ANI Древний мегаполис, Ани и его многочисленные разрушенные церкви теперь являются памятником
величия империи и неизбежности времени. В честь этого мистического места ANI, древнего
мегаполиса, теперь разрушенного , Nishane создал аромат, сочетающий яркую свежесть, огненную
пряность, грубый лес и уютное тепло - настоящее путешествие сквозь века. Объем каждого аромата 15мл.",Не распылять вблизи открытого огня. Не допускать попадания в глаза или на поврежденную кожу.,Турция,24
468,2026-09-29T22:41:35.982045,20260929_212821_59782779,19000239415,parfjumerija/nabory,Lera Nena Atelier Parfumes,Парфюмерный гардероб,Набор ароматов,8271.0,8271.0,0.0,0,3.4,https://goldapple.ru/19000239415-parfumernyj-garderob/,https://goldapple.ru/parfjumerija/nabory?p=24,"L.N Atelier Parfumes – артизанальная парфюмерия ручной работы от Lera Nena. Селективы созданы с особой идеологией: каждый аромат вызывает определенные ассоциации и возвращает в тот или иной момент жизни. Они раскрываются поэтапно и сохраняются на теле, подобно второй коже, до 8 часов, а на одежде – до 2 суток. Сет ароматов «Парфюмерный гардероб» подходит под любое настроение, на все случаи жизни. 4 миниатюры – настоящие бестселлеры из нашей коллекции. Они могут использоваться самостоятельно, а также идеально дополняют друг друга и могут смешиваться, позволяя вам создать свой уникальный аромат и почувствовать себя парфюмером. Late Checkout, объем 10 мл. Верхние ноты: зеленый перец. Ноты сердца: плющ, кориандр, корень ириса. Базовые ноты: ветивер, порох, белый мускус и дым. Chalet, объем 10 мл. Верхние ноты: жженая карамель, сладкий перец, апельсиновый цвет, гваяк. Ноты сердца: каштан, бальзамик, уд, можжевельник. Базовые ноты: ваниль, перуанский бальзам, кашмеран. Drama Queen, объем 10 мл. Верхние ноты: мандарин, бергамот и грейпфрут. Ноты сердца: цветок апельсина, малина и черная смородина. Базовые ноты: взбитые сливки, маршмеллоу, мускус и амбретта. Сry-baby, объем 10 мл. Верхние ноты: красные ягоды. Ноты сердца: лепестки роз. Базовые ноты: свежевыделанная кожа.","Распылять на расстоянии 20см на тело, одежду. Избегать попадания в глаза. Использовать в пищу опасно для жизни.",Россия,24
469,2026-09-29T22:41:47.636972,20260929_212821_59782779,19000483678,parfjumerija/nabory,Goldfield & Banks,Sunset Hour,Парфюмерный набор,20570.0,20570.0,0.0,0,0.0,https://goldapple.ru/19000483678-sunset-hour/,https://goldapple.ru/parfjumerija/nabory?p=24,"В Австралии в час заката, когда жаркое солнце погружается в Индийский океан, томный вечерний бриз наполняется ароматом местных экзотических фруктов. Райский коктейль из цитрусовых и пряностей сплетается с чувственным звучанием цветов. Коктейль, который лучше всего подавать в час заката! Игривый аромат Sunset Hour в верхних нотах открывается звучанием хрустящей груши, мандарина и австралийского пустынного персика «квандонг», который напоминает аромат загорелой кожи, покрытой морской солью. В сердце композиции белоснежный жасмин сочетается с нотами зелёного манго, имбиря, оттенком кокосовой мякоти и пикантным розовым перцем. Сандал создаёт пряное, зелёное, древесное ложе для тропических фруктов, которые раскрываются в бархатную мускусно‑ванильную базу. В состав набора входит: — Парфюмерная вода Goldfield & Banks Sunset Hour, 100 мл — Парфюмерная вода Goldfield & Banks Sunset Hour, 10 мл",Нанести на пульсирующие точки.,Франция,24
470,2026-09-29T22:41:59.296442,20260929_212821_59782779,19000505272,parfjumerija/nabory,Ardore,Ardore Collection,подарочный парфюмерный набор,2119.0,2119.0,0.0,0,0.0,https://goldapple.ru/19000505272-ardore-collection/,https://goldapple.ru/parfjumerija/nabory?p=24,"Подарочный набор из мини-духов в золотом атомайзере объёмом 10 мл подходит для любого пола. Этот набор включает четыре уникальных аромата коллекции Ardore, упакованных в элегантную подарочную коробку. Каждый из ароматов обладает стойкостью и может стать акцентом вашего образа. Spirit: Женский парфюм с основой из красного апельсина, лимона и жасмина. Начальные ноты: свежесть цитруса и красный апельсин с переходом в лаванду и шафран. Семейство: восточные, древесные. VIBE: Аромат из семейства фруктовых и цветочных с основой из персика, маракуи и ландыша. Сердце аромата наполняет прохлада ландыша. SOUL: Цветочно-фруктовый аромат с начальными нотами бергамота, личи и персика. Сердца: цветок апельсина, пион, жасмин. MANTRA: Древесно-пряный аромат с основой из корицы, шафрана и уда. Сердцы: жасмин и пачули. Завершает композицию шлейф из гваяка, сандала и табака. состав набора — Духи Spirit, 10 мл — Духи VIBE, 10 мл — Духи SOUL, 10 мл — Духи MANTRA, 10 мл",Нанести на расстоянии 20 см на тело и одежду.,Россия,24
471,2026-09-29T22:42:08.576796,20260929_212821_59782779,19000392543,parfjumerija/nabory,Jimmy Choo,I WANT CHOO MINI SET,парфюмерный набор миниатюр,6075.0,6075.0,0.0,0,0.0,https://goldapple.ru/19000392543-i-want-choo-i-want-choo-forever-and-i-want-choo-le-parfum/,https://goldapple.ru/parfjumerija/nabory?p=24,"состав набора — Парфюмерная вода Jimmy Choo I Want Choo, 10 мл — Духи Jimmy Choo I Want Choo Le Parfum, 10 мл — Парфюмерная вода Jimmy Choo I Want Choo Forever, 10 мл В подарочный набор входят три миниатюры ароматов Jimmy Choo. Набор включает парфюмерную воду I Want Choo (10 мл), духи I Want Choo Le Parfum (10 мл) и парфюмерную воду I Want Choo Forever (10 мл). В основе цветочного аромата I Want Choo – чарующая, гипнотическая нота красного ликориса, окружённая искрящимися цитрусами и нежным звучанием персика. Чувственность композиции усиливают мягкий ванильный аккорд и притягательное звучание жасмина. Соблазнительный аромат I Want Choo Forever объединяет яркие и чувственные ноты розы, сочной клубники и вишнёвого ликёра. Их насыщенное звучание дополняют розовый перец и элегантный жасмин, подчёркнутые чарующей сладостью ванили и тёплой нотой миндаля. Композиция I Want Choo Le Parfum начинается с нот сочной груши, нежной гардении и спелой ежевики. В сердце аромата раскрываются жасмин, пачули и амбретта, а базовые ноты амбры и сандала, окутанные тонкой сладостью пралине, делают парфюмерную композицию ещё более чувственной и интригующей.","Распылите на пульсирующие зоны, такие как запястья, шея, за ушами и внутренняя сторона локтя.",Франция,24
472,2026-09-29T22:42:18.031991,20260929_212821_59782779,19000463498,parfjumerija/nabory,Frederic Malle,Portrait of a Lady Bath & Body set,Парфюмерный набор,35700.0,35700.0,0.0,0,0.0,https://goldapple.ru/19000463498-portrait-of-a-lady-bath-body-set/,https://goldapple.ru/parfjumerija/nabory?p=24,"Лимитированный парфюмерный набор «Portrait of a Lady» содержит аромат объёмом 50 мл и парфюмированный гель для душа 200 мл. Исключительный аромат Доминика Ропиона «Portrait of a Lady» подчёркивает роскошь и сладострастие турецкой розы. Это результат амбициозного переосмысления амбровой категории ароматов, основанного на щедром обилии пачули, составляющем треть аромата, аккорде белого мускуса, делающем композицию более женственной, и исключительной эссенции 400 бутонов турецкой розы.",Не указано,Франция,24
473,2026-09-29T22:42:29.126448,20260929_212821_59782779,19000458008,parfjumerija/nabory,Versace,Dylan Turquoise,Нет категории,18600.0,18600.0,0.0,0,0.0,https://goldapple.ru/19000458008-versace-dylan-turquoise/,https://goldapple.ru/parfjumerija/nabory?p=24,"В набор входят туалетная вода DYLAN TURQUOISE для женщин (100 мл), парфюмированный гель для душа и ванны (100 мл), деликатно очищающий кожу тела, и парфюмированный гель для тела (100 мл), который увлажняет кожу и окутывает изысканным ароматом. Изысканный набор дополнен удобной и элегантной косметичкой. Аромат DYLAN TURQUOISE словно переносит на далёкие острова, где голубое небо встречается с кристально чистой водой. состав набора — Туалетная вода DYLAN TURQUOISE, 100 мл — Парфюмированный гель для душа и ванны, 100 мл — Парфюмированный гель для тела, 100 мл — Косметичка, 1 шт","Гель для душа и ванны: Нанесите на влажную кожу тела, равномерно распределите, затем смойте водой. Гель для тела: Нанесите на кожу и распределите массирующими движениями. Туалетная вода: Распылите с небольшого расстояния. Избегайте попадания в глаза.",Италия,24
474,2026-09-29T22:42:40.962897,20260929_212821_59782779,19000491419,parfjumerija/nabory,Creed,Men's Inspiration Sample,Нет категории,4919.0,4919.0,0.0,0,0.0,https://goldapple.ru/19000491419-creed-men-s-inspiration-sample/,https://goldapple.ru/parfjumerija/nabory?p=24,"Набор парфюмерных семплов дарит возможность отправиться в путешествие по миру изысканных ароматов Creed. В элегантный набор входят пять ароматов для мужчин (по 1,7 мл): парфюмерная вода Aventus, парфюмерная вода Green Irish Tweed, парфюмерная вода Original Vetiver, парфюмерная вода Silver Mountain Water и парфюмерная вода Millesime Imperial. Парфюмерная вода в таком формате станет отличным спутником в путешествиях. Подборка ароматов позволяет познакомиться с разными парфюмерными композициями и выбрать среди них своих фаворитов. состав набора — Парфюмерная вода Creed Aventus, 1,7 мл — Парфюмерная вода Creed Green Irish Tweed, 1,7 мл — Парфюмерная вода Creed Original Vetiver, 1,7 мл — Парфюмерная вода Creed Silver Mountain Water, 1,7 мл — Парфюмерная вода Creed Millesime Imperial, 1,7 мл",Распылите с небольшого расстояния. Избегайте попадания в глаза.,Франция,24
475,2026-09-29T22:42:50.349059,20260929_212821_59782779,19000446045,parfjumerija/nabory,Amouage,Purpose,Парфюмерный набор,50952.0,50952.0,0.0,0,0.0,https://goldapple.ru/19000446045-purpose/,https://goldapple.ru/parfjumerija/nabory?p=24,"Ветер движется, как барабанный ритм по пустыне — сухая земля, древние камни и звездное небо, простирающееся в бесконечность. В этой тишине есть ясность, ощущение понимания себя. Это история Purpose. Смелый, первобытный и надежный, он похож на возвращение к себе. Аромат, созданный в 2023 году Алексисом Гружоном, открывается всплеском сухих специй и минеральной свежести. Сердце наполнено древесными нотами, а дымные смолы и сандаловое дерево формируют сильную, стойкую базу. В сочетании с гелем для душа и лосьоном для тела аромат становится частью вашего ежедневного ритма — он добавляет сконцентрированности и заряжает энергией. Набор содержит: Парфюмерная вода, 100 мл. Гель для душа 60 мл. Лосьон для тела 60 мл.","Парфюмерная вода: распылите на пульсирующие точки по всему телу: шею, зону декольте, запястья, лодыжки, чтобы оставить завораживающий шлейф. Гель для душа: используйте гель во время принятия ванны или душа, нанеся небольшое количество на влажную мочалку, губку или непосредственно на кожу. Мягко помассируйте, чтобы образовалась густая пена, очищающая тело с головы до ног. Тщательно смойте водой, оставив ощущение свежести, чистоты и лёгкого аромата. Лосьон для тела: Щедро нанесите лосьон для тела на чистую сухую кожу, уделяя особое внимание участкам, склонным к сухости, таким как локти, колени и руки.",Оман,24
476,2026-09-29T22:42:59.719942,20260929_212821_59782779,19000482771,parfjumerija/nabory,GIARDINO MAGICO,Gentlemans & Bouquet di gelsomino,Набор миниатюр ароматов,8950.0,8950.0,0.0,0,0.0,https://goldapple.ru/19000482771-gentlemans-bouquet-di-gelsomino/,https://goldapple.ru/parfjumerija/nabory?p=24,"Perfume set от Giardino Magico — это изысканный набор ароматов, созданных для тех, кто ценит уникальность и утончённость. Набор даёт возможность познакомиться с бестселлерами бренда и насладиться гармонией и многогранностью парфюма. В набор входит три аромата объемом 15 мл: — Cashmere wood, tobacco, leather; — Gentleman's; — Bouquet di gelsomino.",Наносить на кожу и волосы.,Россия,24
477,2026-09-29T22:43:10.088750,20260929_212821_59782779,19000120658,parfjumerija/nabory,Ormonde Jayne,Nawab of Oudh,Дорожный набор духов,18849.0,18849.0,0.0,0,0.0,https://goldapple.ru/19000120658-nawab-of-oudh/,https://goldapple.ru/parfjumerija/nabory?p=24,"Уд – провинция в Центральной Индии. Наваб – так в средние века называли правителя провинции. Вдохновением для аромата «Наваб Уда» - магической смеси амбры и розы с мягкой удовой гранью, послужила роскошь княжеского двора прежних правителей одной из самых богатых стран Индии. Эта композиция опровергает традиционные парфюмерные каноны, обжигает пульсирующими страстными аккордами, погружает в романтичную и мечтательную негу, прославляет пышную красоту. Ароматное полотно достойное быть украшением княжеского двора, драгоценная вуаль, скрывающая экстравагантную суть за тонкими нитями эмоций. Набор Nawab of Oudh - 5шт*8мл",Нанести на пульсирующие точки,Великобритания,24
478,2026-09-29T22:43:20.771054,20260929_212821_59782779,19000458204,parfjumerija/nabory,ETERNAL JOURNEY,Discovery Set 3H,Набор миниатюр,13200.0,13200.0,0.0,0,0.0,https://goldapple.ru/19000458204-discovery-set-3h/,https://goldapple.ru/parfjumerija/nabory?p=24,"Набор миниатюр Eternal Journey Discovery Set 3H включает три аромата: H1 Heart, H2 Harmony, H3 Happiness. H1 Heart, 10 мл: Этот аромат является воплощением самого сильного чувства — любви. Преобразующая и бесконечная энергия, воплощенная в уникальном аромате, который отражает суть мудрости сердца. H2 Harmony, 10 мл: Создавая Гармонию (H2), мы достигли идеального сочетания доброты, красоты, утонченности и качества этого аромата. Отправляйтесь в путешествие, которое создает единство через разнообразие — приглашение к состоянию внутреннего покоя, умиротворенности и уравновешенности. H3 Happiness, 10 мл: Погрузитесь в парфюмерное путешествие, которое создает ощущение внутреннего Счастья, приводящее к душевному комфорту, радости и удовлетворению. Это ощущение сродни нежному соленому бризу, ласкающему вашу кожу, — свидетельство внутренней безмятежности.","Нанести на кожу, одежду и волосы (по желанию) для легкого аромата. Избегайте попадания в глаза.",Франция,24
479,2026-09-29T22:43:33.771103,20260929_212821_59782779,26544100005,parfjumerija/nabory,Creed,Love in white,Набор миниатюр парфюмерной воды,18034.0,18034.0,0.0,0,0.0,https://goldapple.ru/26544100005-love-in-white/,https://goldapple.ru/parfjumerija/nabory?p=24,"состав набора — Парфюмерная вода Creed Love in White, 10 мл — Парфюмерная вода Creed Love in White, 10 мл — Парфюмерная вода Creed Love in White, 10 мл В набор входят три миниатюры парфюмерной воды Creed Love in White (по 10 мл). Цветочный, зелёный и свежий аромат Love in White напоминает о лёгком весеннем ветерке и нежном букете первых весенних цветов. Яркая нота апельсиновой цедры усиливает свежесть цветочного букета, в котором изысканная нота жасмина сочетается с пудровым звучанием ириса, элегантностью розы и нежными лепестками магнолии. Базовая нота кедра гармонирует с цветочным звучанием, превращая аромат Creed в чувственную и романтичную оду любви.",Распылите с небольшого расстояния. Избегайте попадания в глаза.,Франция,24
480,2026-09-29T22:43:41.021365,20260929_212821_59782779,99000034974,parfjumerija/nabory,ELECTIMUSS,MERCURIAL CASHMERE,Набор парфюмерной воды,20250.0,20250.0,0.0,0,0.0,https://goldapple.ru/99000034974-mercurial-cashmere/,https://goldapple.ru/parfjumerija/nabory?p=24,"Тревел-набор от Electimuss с атомайзером. Искрящиеся и пикантные верхние ноты бергамота, розового перца и кардамона дарят яркое мимолетное удовольствие, а чувственное, бархатистое, маслянистое, пудровое сердце ириса и амбры окутывает вас. Соблазнительная древесная база из карамели, бобов тонка, ванили и слегка дымного уда и кедра раскрывает темную, слегка гурманскую базу.",Не указано,Великобритания,24
481,2026-09-29T22:44:02.284610,20260929_212821_59782779,26544100001,parfjumerija/nabory,Creed,Acqua Fiorentina,Дорожный набор,14600.0,14600.0,0.0,0,0.0,https://goldapple.ru/26544100001-acqua-fiorentina/,https://goldapple.ru/parfjumerija/nabory?p=25,"Дорожный набор Creed Acqua Fiorentina представлен нежным ароматом, созданным в честь Елизаветы II. Creed открывает свою композицию яблочными и сливовыми нотками. В сердце Acqua Fiorentina играют свежие лимонные и бергамотовые аккорды в сочетании со сладостью розы и груши. Шлейф парфюма из дорожного набора формируют грейпфрутовые, кедровые и сандаловые оттенки. В комплекте 3 флакона по 10 мл.",Не указано,Франция,25
482,2026-09-29T22:44:11.261168,20260929_212821_59782779,99000034976,parfjumerija/nabory,ELECTIMUSS,TRAJAN,Набор парфюмерной воды,16830.0,16830.0,0.0,0,0.0,https://goldapple.ru/99000034976-trajan/,https://goldapple.ru/parfjumerija/nabory?p=25,"Тревел-набор от Electimuss с атомайзером. Этот радостный и красочный аромат похож на средиземноморское лето во флаконе. Путешествие по Шелковому пути. Вдохните вид сладких цитрусовых рощ, пройдите через поля лаванды и шалфея, а затем на цыпочках пройдите по кедровому лесу и растворитесь в сахаре и специях. Этот аромат универсальный, успокаивающий, поднимающий настроение и совершенно очаровательный.",Не указано,Великобритания,25
