id,created_at,session_id,item_id,category,brand,name,product_type,old_price_rub,current_price_rub,discount,in_stock,rating,url,catalog_page_url,description,usage,country_of_origin,page_number
1,2026-09-29T19:42:49.302321,20260929_194226_044a0214,19000090629,parfjumerija/avtoparfjum,MEDORI,Satin Shine,Ароматизатор для автомобиля,340.0,340.0,0.0,1,4.5,https://goldapple.ru/19000090629-satin-shine/,https://goldapple.ru/parfjumerija/avtoparfjum,"Меловой ароматизатор голова пантеры 3 D, в дефлектор , для автомобиля.",В салоне автомобиля.,Россия,1
2,2026-09-29T19:42:58.667311,20260929_194226_044a0214,99000026910,parfjumerija/avtoparfjum,Maison Berger Paris,Liliflora,Сменный блок для автодиффузора,1989.0,1989.0,0.0,1,5.0,https://goldapple.ru/99000026910-liliflora/,https://goldapple.ru/parfjumerija/avtoparfjum,"Сменные блоки (заправка) для автомобильного ароматизатора в дефлектор с ароматом Лилифлора от Maison Berger - это отличный подарок владельцу автомобиля любой марки. В наборе два парфюмерных блока и подарочная коробочка. Сам диффузор для авто, который приобретается отдельно, выполнен в форме клипсы, крепящейся к вентиляционной решетке. Аромат подчеркивает доброжелательную ауру магнолии Лилифлоры, раскрывшей свои уникальные соцветия навстречу солнечным лучам. Композиция раскрывается на необычайном контрасте свежести и мягкой сладостью ванили. Длительность ароматизации одного керамического блока для автопарфюма: до 8 недель. Многоразовый парфюм для машины станет декоративным и ароматическим украшением салона автомобиля.",Вставьте керамический парфюмированный блок в диффузор и закрепите диффузор на вентиляционной решетке при помощи специального крепления. Регулируйте интенсивность аромата с помощью системы вентиляции. Длительность ароматизации (один керамический блок): до 4-х недель.,Франция,1
3,2026-09-29T19:43:09.389324,20260929_194226_044a0214,19000090602,parfjumerija/avtoparfjum,MEDORI,black crystal,Нет категории,154.0,154.0,0.0,1,4.5,https://goldapple.ru/19000090602-black-crystal/,https://goldapple.ru/parfjumerija/avtoparfjum,"Ароматизатор капсула подвесной, для автомобиля.",В салоне автомобиля.,Россия,1
4,2026-09-29T19:43:16.678598,20260929_194226_044a0214,19000057638,parfjumerija/avtoparfjum,Maison Berger Paris,Gun metal / Lolita Lempicka,Нет категории,3493.0,3493.0,0.0,1,5.0,https://goldapple.ru/19000057638-gun-metal-lolita-lempicka/,https://goldapple.ru/parfjumerija/avtoparfjum,"Лолита Лемпика — французский дизайнер и создатель одноименного парфюмерного бренда «Lolita Lempicka». В 1997 она выпустила свой самый смелый проект: аромат «Mon Premier Parfum» — оду женственности с гурманскими и чувственными нотами. Парфюм стал мировым бестселлером и в 2018 году Maison Berger выпускает коллаборацию: теперь культовый аромат для тела можно попробовать в формате лампы Берже, свечей и диффузоров. Советы: Регулируйте интенсивность аромата, добавляя и убирая ивовые палочки и время от времени переворачивая их.",Рекомендации по использованию и установке: 1. Вставьте керамический парфюмированный блок в диффузор-клипсу; 2. Закрепите диффузор на вентиляционной решетке при помощи специального крепления; 3. Регулируйте интенсивность аромата с помощью системы вентиляции.,Франция,1
5,2026-09-29T19:43:26.518629,20260929_194226_044a0214,19000090595,parfjumerija/avtoparfjum,MEDORI,vostorg,Ароматизатор для автомобиля,189.0,189.0,0.0,1,4.1,https://goldapple.ru/19000090595-vostorg/,https://goldapple.ru/parfjumerija/avtoparfjum,"Ароматизатор капсула подвесной, для автомобиля.",В салоне автомобиля,Россия,1
6,2026-09-29T19:43:33.622795,20260929_194226_044a0214,99000026904,parfjumerija/avtoparfjum,Maison Berger Paris,Aroma Travel Aromatic Garden,Сменный блок для автодиффузора,1989.0,1989.0,0.0,1,0.0,https://goldapple.ru/99000026904-aroma-travel-aromatic-garden/,https://goldapple.ru/parfjumerija/avtoparfjum,"Сменные блоки (заправка) для автомобильного ароматизатора в дефлектор с ароматом Арома Счастье - это отличный подарок владельцу автомобиля любой марки. В наборе два парфюмерных блока и подарочная коробочка. Сам диффузор для авто, который приобретается отдельно, выполнен в форме клипсы, крепящейся к вентиляционной решетке. Композиция аромата содержит в составе эфирные масла, известные своими противоукачивающими свойствам. Ментоловые нотки открывают аромат, уступая нежному звучанию розы и чая. В шлейфе деликатная амбра, мягко завершающая композицию. В составе натуральное эфирное масло гвоздики, которое способствует выходу негативной энергии, поднимает настроение и улучшает работу мозга. Длительность ароматизации одного керамического блока для автопарфюма: до 8 недель. Многоразовый парфюм для машины станет декоративным и ароматическим украшением салона автомобиля.",Вставьте керамический парфюмированный блок в диффузор и закрепите диффузор на вентиляционной решетке при помощи специального крепления. Регулируйте интенсивность аромата с помощью системы вентиляции. Длительность ароматизации (один керамический блок): до 4-х недель.,Франция,1
7,2026-09-29T19:43:41.605399,20260929_194226_044a0214,19000090614,parfjumerija/avtoparfjum,MEDORI,MARSEILLE,Ароматизатор для автомобиля,273.0,273.0,0.0,1,4.7,https://goldapple.ru/19000090614-marseille/,https://goldapple.ru/parfjumerija/avtoparfjum,"Ароматизатор бутылочка подвесной, для автомобиля",В салоне автомобиля,Россия,1
8,2026-09-29T19:43:48.671328,20260929_194226_044a0214,19000090634,parfjumerija/avtoparfjum,MEDORI,Aqua di Gio,Ароматизатор для автомобиля,328.0,328.0,0.0,1,4.5,https://goldapple.ru/19000090634-aqua-di-gio/,https://goldapple.ru/parfjumerija/avtoparfjum,"Ароматизатор бутылочка подвесной, в блистере, для автомобиля.",В салоне автомобиля.,Россия,1
9,2026-09-29T19:43:56.418288,20260929_194226_044a0214,19000090604,parfjumerija/avtoparfjum,MEDORI,Vanilla,Нет категории,154.0,154.0,0.0,1,4.2,https://goldapple.ru/19000090604-vanilla/,https://goldapple.ru/parfjumerija/avtoparfjum,"Ароматизатор капсула подвесной, для автомобиля.",В салоне автомобиля.,Россия,1
10,2026-09-29T19:44:04.588482,20260929_194226_044a0214,19000090628,parfjumerija/avtoparfjum,MEDORI,Sparkling Twil,Ароматизатор для автомобиля,340.0,340.0,0.0,1,4.2,https://goldapple.ru/19000090628-sparkling-twil/,https://goldapple.ru/parfjumerija/avtoparfjum,"Меловой ароматизатор голова пантеры 3 D, в дефлектор , для автомобиля.",В салоне автомобиля.,Россия,1
11,2026-09-29T19:44:12.850954,20260929_194226_044a0214,99000026901,parfjumerija/avtoparfjum,Maison Berger Paris,My Home Free from Tobacco Odours,Сменный блок для автодиффузора,1989.0,1989.0,0.0,1,5.0,https://goldapple.ru/99000026901-my-home-free-from-tobacco-odours/,https://goldapple.ru/parfjumerija/avtoparfjum,"Сменные блоки (заправка) для автомобильного ароматизатора в дефлектор с ароматом Против запаха Табака - это отличный подарок владельцу автомобиля любой марки. В наборе два парфюмерных блока и подарочная коробочка. Сам диффузор для авто, который приобретается отдельно, выполнен в форме клипсы, крепящейся к вентиляционной решетке. Керамический блок обладает древесным ароматом, нейтрализующим запах табака, очищает воздух и устраняет все неприятные запахи. Зеленые и смолистые ноты кедра сливаются с абсолютом соснового бальзама, теплая амбра мягко наполняет теплом. Древесные ноты прекрасно нейтрализуют запах табака, повышают настроение и улучшают самочувствие. Длительность ароматизации одного керамического блока для автопарфюма: до 8 недель. Многоразовый парфюм для машины станет декоративным и ароматическим украшением салона автомобиля.",Вставьте керамический парфюмированный блок в диффузор и закрепите диффузор на вентиляционной решетке при помощи специального крепления. Регулируйте интенсивность аромата с помощью системы вентиляции. Длительность ароматизации (один керамический блок): до 4-х недель.,Франция,1
12,2026-09-29T19:44:20.543994,20260929_194226_044a0214,19000090592,parfjumerija/avtoparfjum,MEDORI,VOSTORG,Ароматизатор для автомобиля,258.0,258.0,0.0,1,4.2,https://goldapple.ru/19000090592-vostorg/,https://goldapple.ru/parfjumerija/avtoparfjum,"Керамический ароматизатор. VOSTORG (аналог аромата La vie es belle, Lancome). Содержит ноты: черной смородины, цветка апельсина, персика, жасмина, ириса, ванили, бобов тонка. Безупречно передает весь спектр нот ароматической композиции, благодаря меловой основе аромат не ""искажается"". Керамика мягко источает аромат, в используемом пространстве. Инновационное магнитное крепление, позволит легко и быстро поменять ароматизатор, на другой аромат, не снимая установленный держатель. Парфюмированный ароматизатор ненавязчиво передаст весь букет ярких и приятных нот, а также, погрузит Вас в атмосферу роскоши и шика. Экологичный и качественный подарок близким.",В салоне автомобиля,Россия,1
13,2026-09-29T19:44:27.886877,20260929_194226_044a0214,19000090593,parfjumerija/avtoparfjum,MEDORI,BARHAT,Ароматизатор для автомобиля,319.0,319.0,0.0,1,3.9,https://goldapple.ru/19000090593-barhat/,https://goldapple.ru/parfjumerija/avtoparfjum,"Керамический ароматизатор. BARHAT (аналог аромата Eau fraiche, Versace Man). Содержит ноты ароматов карамболы, белого лимона, розового дерева, листьев кедра, эстрагона, шалфея, мускуса амбре. Безупречно передает весь спектр нот ароматической композиции, благодаря меловой основе аромат не ""искажается"". Керамика мягко источает аромат, в используемом пространстве. Инновационное магнитное крепление, позволит легко и быстро поменять ароматизатор, на другой аромат, не снимая установленный держатель. Парфюмированный ароматизатор ненавязчиво передаст весь букет ярких и приятных нот, а также, погрузит Вас в атмосферу роскоши и шика. Экологичный и качественный подарок близким.",В салоне автомобиля.,Россия,1
14,2026-09-29T19:44:35.121459,20260929_194226_044a0214,19000090600,parfjumerija/avtoparfjum,MEDORI,Dream,Нет категории,189.0,189.0,0.0,1,4.0,https://goldapple.ru/19000090600-dream/,https://goldapple.ru/parfjumerija/avtoparfjum,"Ароматизатор капсула подвесной, для автомобиля.",В салоне автомобиля,Россия,1
15,2026-09-29T19:44:45.758008,20260929_194226_044a0214,19000090626,parfjumerija/avtoparfjum,MEDORI,Velvet Kiss,Ароматизатор для автомобиля,340.0,340.0,0.0,1,4.2,https://goldapple.ru/19000090626-velvet-kiss/,https://goldapple.ru/parfjumerija/avtoparfjum,"Меловой ароматизатор голова пантеры 3D, в дефлектор, для автомобиля.",В салоне автомобиля,Россия,1
16,2026-09-29T19:44:54.540509,20260929_194226_044a0214,19000032363,parfjumerija/avtoparfjum,Maison Berger Paris,Арома Счастье,Автодиффузор-клипса,3493.0,3493.0,0.0,1,5.0,https://goldapple.ru/19000032363-aroma-scast-e/,https://goldapple.ru/parfjumerija/avtoparfjum,"Автомобильный аромадиффузор-клипса с натуральными эфирными маслами.  В состав аромата входит эфирное масло гвоздики, которое способствует выходу негативной энергии, придаёт сил, тонизирует, поднимает настроение и улучшает работу мозга. Тонкое, сладковатое звучание композиции перенесет вас на теплое побережье, где в нежном бризе витают соленые брызги и тропические фрукты.",Рекомендации по использованию и установке: 1. Вставьте керамический парфюмированный блок в диффузор-клипсу; 2. Закрепите диффузор на вентиляционной решетке при помощи специального крепления; 3. Регулируйте интенсивность аромата с помощью системы вентиляции.,Франция,1
17,2026-09-29T19:45:02.141724,20260929_194226_044a0214,19000032362,parfjumerija/avtoparfjum,Maison Berger Paris,Арома Энергия,Автодиффузор-клипса,3493.0,3493.0,0.0,1,4.6,https://goldapple.ru/19000032362-aroma-energia/,https://goldapple.ru/parfjumerija/avtoparfjum,"Автомобильный аромадиффузор-клипса с натуральными эфирными маслами.  В состав аромата входит эфирное масло грейпфрута, которое дарит позитивный настрой, снижает тревожность, бодрит, улучшает концентрацию внимания и повышает креативность. Яркое, насыщенное цитрусовое звучание аромату придают цитрусовые ноты лимона и апельсина. Фруктовые аккорды сменяются мягким дуновением цветов розы, завершаясь нежным мускусом.",Рекомендации по использованию и установке: 1. Вставьте керамический парфюмированный блок в диффузор-клипсу; 2. Закрепите диффузор на вентиляционной решетке при помощи специального крепления; 3. Регулируйте интенсивность аромата с помощью системы вентиляции.,Франция,1
18,2026-09-29T19:45:10.416961,20260929_194226_044a0214,19000090605,parfjumerija/avtoparfjum,MEDORI,Oxygen,Ароматизатор для автомобиля,154.0,154.0,0.0,1,3.8,https://goldapple.ru/19000090605-oxygen/,https://goldapple.ru/parfjumerija/avtoparfjum,"Ароматизатор капсула подвесной, для автомобиля.",В салоне автомобиля.,Россия,1
19,2026-09-29T19:45:17.578174,20260929_194226_044a0214,19000090610,parfjumerija/avtoparfjum,MEDORI,LYON,Ароматизатор для автомобиля,273.0,273.0,0.0,1,4.3,https://goldapple.ru/19000090610-lyon/,https://goldapple.ru/parfjumerija/avtoparfjum,"Ароматизатор бутылочка подвесной, для автомобиля.",В салоне автомобиля.,Россия,1
20,2026-09-29T19:45:25.568593,20260929_194226_044a0214,19000090627,parfjumerija/avtoparfjum,MEDORI,Silky Sand,Ароматизатор для автомобиля,340.0,340.0,0.0,1,4.4,https://goldapple.ru/19000090627-silky-sand/,https://goldapple.ru/parfjumerija/avtoparfjum,"Меловой ароматизатор голова пантеры 3 D, в дефлектор , для автомобиля.",В салоне автомобиля.,Россия,1
21,2026-09-29T19:45:47.112208,20260929_194226_044a0214,19000090611,parfjumerija/avtoparfjum,MEDORI,COURCHEVEL,Ароматизатор для автомобиля,304.0,304.0,0.0,1,4.4,https://goldapple.ru/19000090611-courchevel/,https://goldapple.ru/parfjumerija/avtoparfjum?p=2,"Ароматизатор бутылочка подвесной, для автомобиля.",В салоне автомобиля.,Россия,2
22,2026-09-29T19:45:54.286750,20260929_194226_044a0214,19000392878,parfjumerija/avtoparfjum,Stella Fragrance,HEY SEXY,Автодиффузор,1461.0,1461.0,0.0,1,4.4,https://goldapple.ru/19000392878-hey-sexy/,https://goldapple.ru/parfjumerija/avtoparfjum?p=2,"Автомобильный диффузор представляет собой сет из металлического корпуса и фибрового кольца, пропитанного ароматической композицией. Каждый диффузор из коллекции сочетает в себе функциональность, стильный дизайн и внимание к деталям. Ароматы, которые ассоциируются с текущими тенденциями в мире парфюмерии, были тщательно отобраны нашими экспертами, чтобы удовлетворить самые взыскательные вкусы и потребности аудитории. Технологии в области ароматизации позволяют нашим диффузорам эффективно размещаться в автомобиле и обеспечивать длительное сохранение аромата.","1 Снимите магнитную крышку с металлического корпуса. 2. Вскройте индивидуальную упаковку сменного картриджа и извлеките его. 3. Установите картридж в металлический корпус. 4. Закройте металлический корпус магнитной крышкой. 5 Включите вентиляцию и наслаждайтесь приятным ароматом, заполняющий салон вашего автомобиля.",Россия,2
23,2026-09-29T19:46:02.217257,20260929_194226_044a0214,99000026906,parfjumerija/avtoparfjum,Maison Berger Paris,Exquisite Sparkle,Нет категории,1989.0,1989.0,0.0,1,5.0,https://goldapple.ru/99000026906-exquisite-sparkle/,https://goldapple.ru/parfjumerija/avtoparfjum?p=2,"Сменные блоки (заправка) для автомобильного ароматизатора в дефлектор с ароматом Брызги шампанского от Maison Berger - это отличный подарок владельцу автомобиля любой марки. В наборе два парфюмерных блока и подарочная коробочка. Сам диффузор для авто, который приобретается отдельно, выполнен в форме клипсы, крепящейся к вентиляционной решетке. Брызги шампанского - игристая цветочная композиция из ландыша, фиалки и розы с фруктовым оттенком грейпфрута и ежевики. Длительность ароматизации одного керамического блока для автопарфюма: до 8 недель. Многоразовый парфюм для машины станет декоративным и ароматическим украшением салона автомобиля.",Вставьте керамический парфюмированный блок в диффузор и закрепите диффузор на вентиляционной решетке при помощи специального крепления. Регулируйте интенсивность аромата с помощью системы вентиляции. Длительность ароматизации (один керамический блок): до 4-х недель.,Франция,2
24,2026-09-29T19:46:09.299553,20260929_194226_044a0214,19000392879,parfjumerija/avtoparfjum,Stella Fragrance,HOLY,Нет категории,1461.0,1461.0,0.0,1,4.2,https://goldapple.ru/19000392879-holly/,https://goldapple.ru/parfjumerija/avtoparfjum?p=2,"Автомобильный диффузор представляет собой сет из металлического корпуса и фибрового кольца, пропитанного ароматической композицией. Каждый диффузор из коллекции сочетает в себе функциональность, стильный дизайн и внимание к деталям. Ароматы, которые ассоциируются с текущими тенденциями в мире парфюмерии, были тщательно отобраны нашими экспертами, чтобы удовлетворить самые взыскательные вкусы и потребности аудитории. Технологии в области ароматизации позволяют нашим диффузорам эффективно размещаться в автомобиле и обеспечивать длительное сохранение аромата.","1 Снимите магнитную крышку с металлического корпуса. 2. Вскройте индивидуальную упаковку сменного картриджа и извлеките его. 3. Установите картридж в металлический корпус. 4. Закройте металлический корпус магнитной крышкой. 5 Включите вентиляцию и наслаждайтесь приятным ароматом, заполняющий салон вашего автомобиля.",Россия,2
25,2026-09-29T19:46:17.173923,20260929_194226_044a0214,19000090601,parfjumerija/avtoparfjum,MEDORI,new car,Ароматизатор для автомобиля,154.0,154.0,0.0,1,3.9,https://goldapple.ru/19000090601-new-car/,https://goldapple.ru/parfjumerija/avtoparfjum?p=2,"Ароматизатор капсула подвесной, для автомобиля.",В салоне автомобиля.,Россия,2
26,2026-09-29T19:46:23.675128,20260929_194226_044a0214,19000090596,parfjumerija/avtoparfjum,MEDORI,barhat,Ароматизатор для автомобиля,189.0,189.0,0.0,1,4.0,https://goldapple.ru/19000090596-barhat/,https://goldapple.ru/parfjumerija/avtoparfjum?p=2,"Ароматизатор капсула подвесной, для автомобиля.",В салоне автомобиля.,Россия,2
27,2026-09-29T19:46:30.528409,20260929_194226_044a0214,19000090631,parfjumerija/avtoparfjum,MEDORI,Gold Jacquard,Ароматизатор для автомобиля,340.0,340.0,0.0,1,3.6,https://goldapple.ru/19000090631-gold-jacquard/,https://goldapple.ru/parfjumerija/avtoparfjum?p=2,"Меловой ароматизатор голова пантеры 3 D, в дефлектор , для автомобиля.",В салоне автомобиля.,Россия,2
28,2026-09-29T19:46:37.707596,20260929_194226_044a0214,19000090625,parfjumerija/avtoparfjum,MEDORI,Cashmere Touch,Ароматизатор для автомобиля,340.0,340.0,0.0,1,4.1,https://goldapple.ru/19000090625-cashmere-touch/,https://goldapple.ru/parfjumerija/avtoparfjum?p=2,"Меловой ароматизатор голова пантеры 3 D, в дефлектор , для автомобиля.",В салоне автомобиля.,Россия,2
29,2026-09-29T19:46:44.124428,20260929_194226_044a0214,99000026902,parfjumerija/avtoparfjum,Maison Berger Paris,AROMA ENERGY Sparkling Zest,Сменный блок для автодиффузора,1989.0,1989.0,0.0,1,5.0,https://goldapple.ru/99000026902-aroma-energy-sparkling-zest/,https://goldapple.ru/parfjumerija/avtoparfjum?p=2,"Сменные блоки (заправка) для автомобильного ароматизатора в дефлектор с ароматом Арома Энергия - это отличный подарок владельцу автомобиля любой марки. В наборе два парфюмерных блока и подарочная коробочка. Сам диффузор для авто, который приобретается отдельно, выполнен в форме клипсы, крепящейся к вентиляционной решетке. В составе освежителя натуральное эфирное масло грейпфрута, которое дарит позитивный настрой, снижает тревожность, бодрит, улучшает концентрацию внимания и повышает креативность. Длительность ароматизации одного керамического блока для автопарфюма: до 8 недель. Многоразовый парфюм для машины станет декоративным и ароматическим украшением салона автомобиля.",Вставьте керамический парфюмированный блок в диффузор и закрепите диффузор на вентиляционной решетке при помощи специального крепления. Регулируйте интенсивность аромата с помощью системы вентиляции. Длительность ароматизации (один керамический блок): до 4-х недель.,Франция,2
30,2026-09-29T19:46:51.194062,20260929_194226_044a0214,19000090607,parfjumerija/avtoparfjum,MEDORI,PARIS,Ароматизатор для автомобиля,255.0,255.0,0.0,1,4.1,https://goldapple.ru/19000090607-paris/,https://goldapple.ru/parfjumerija/avtoparfjum?p=2,"Ароматизатор бутылочка подвесной, для автомобиля.",В салоне автомобиля.,Россия,2
31,2026-09-29T19:46:59.079839,20260929_194226_044a0214,19000090603,parfjumerija/avtoparfjum,MEDORI,Bubble gum,Ароматизатор для автомобиля,154.0,154.0,0.0,1,3.0,https://goldapple.ru/19000090603-bubble-gum/,https://goldapple.ru/parfjumerija/avtoparfjum?p=2,"Ароматизатор капсула подвесной, для автомобиля.",В салоне автомобиля,Россия,2
32,2026-09-29T19:47:05.905908,20260929_194226_044a0214,99000152712,parfjumerija/avtoparfjum,Maison Berger Paris,vanilla magnificence,Сменный блок для автодиффузора,1989.0,1989.0,0.0,1,5.0,https://goldapple.ru/99000152712-maison-berger-paris-vanilla-magnificence/,https://goldapple.ru/parfjumerija/avtoparfjum?p=2,"Сменные блоки (заправка) для автомобильного ароматизатора в дефлектор с ароматом «Ванильное великолепие» от Maison Berger Paris — это отличный подарок владельцу автомобиля любой марки. В наборе два парфюмерных блока и подарочная коробочка. Сам диффузор для авто, который приобретается отдельно, выполнен в форме клипсы, крепящейся к вентиляционной решетке. Аромат «Ванильное великолепие» раскрывается свежими нотами апельсина, мандарина и кардамона, переходит в сердце с черным перцем, ромом и какао-бобами и завершается теплым шлейфом бурбонской ванили, сандала и пачули — настоящая ольфакторная симфония. Длительность ароматизации одного керамического блока для автопарфюма: до 8 недель. Многоразовый парфюм для машины станет декоративным и ароматическим украшением салона автомобиля.","Вставьте керамический парфюмированный блок в диффузор и закрепите диффузор на вентиляционной решетке при помощи специального крепления. 
Регулируйте интенсивность аромата с помощью системы вентиляции.",Франция,2
33,2026-09-29T19:47:13.003847,20260929_194226_044a0214,19000032368,parfjumerija/avtoparfjum,Maison Berger Paris,Брызги шампанского,Нет категории,3493.0,3493.0,0.0,1,4.9,https://goldapple.ru/19000032368-bryzgi-sampanskogo/,https://goldapple.ru/parfjumerija/avtoparfjum?p=2,"Аромат-бестселлер «Брызги шампанского»  – символ Нового года – игристая сладковатая цветочная композиция из ландыша, фиалки и розы с фруктовым оттенком грейпфрута и ежевики.",Рекомендации по использованию и установке: 1. Вставьте керамический парфюмированный блок в диффузор-клипсу; 2. Закрепите диффузор на вентиляционной решетке при помощи специального крепления; 3. Регулируйте интенсивность аромата с помощью системы вентиляции.,Франция,2
34,2026-09-29T19:47:20.064614,20260929_194226_044a0214,19000395975,parfjumerija/avtoparfjum,Dr. Vranjes Firenze,Milano,Нет категории,3600.0,3600.0,0.0,1,4.2,https://goldapple.ru/19000395975-milano/,https://goldapple.ru/parfjumerija/avtoparfjum?p=2,"Превратите каждую поездку в уникальное ольфакторное путешествие! Ноты апельсинового цвета, перца и кипариса, сандалового дерева и пачули передают динамичную, но при этом роскошную атмосферу, которой славится Милан. Аромат, обладающий особым шармом, столь же утонченным, как и сам Милан – столица моды, искусства и дизайна. Сменный блок ароматизатора можно использовать с одним из трех фирменных диспенсеров: Хром, Никель, Карбон. Диспенсер отличает роскошный минималистичный дизайн и традиционная для бренда восьмиугольная форма, вдохновленная основанием купола знаменитого Флорентийского собора. Память, заключенная в ароматах – позвольте автопарфюму Dr. Vranjes Firenze сохранить воспоминания о вашем путешествии или возьмите с собой «частичку дома» с любимым ароматом бренда. Диспенсер приобретается отдельно.","Поместите рефил в диспенсер, убедившись, что логотип расположен снизу, затем закройте крышку дипенсера, повернув ее по часовой стрелке до щелчка, и поместите диспенсер на вентиляционной решетке автомобиля. Диспенсер приобретается отдельно. Работа ароматизатора возможна на трех уровнях интенсивности - используйте боковой рычаг на диспенсере для регулирования. Аромат раскрывается полностью при работе дефлектора на панели машины (печки, вентиляции, кондиционера, обдува, воздуховода) при подаче теплого воздуха.",Италия,2
35,2026-09-29T19:47:26.995945,20260929_194226_044a0214,99000026899,parfjumerija/avtoparfjum,Maison Berger Paris,lolita lempicka,Автодиффузор,3493.0,3493.0,0.0,1,5.0,https://goldapple.ru/99000026899-lolika-lempicka/,https://goldapple.ru/parfjumerija/avtoparfjum?p=2,"Автомобильный ароматизатор в дефлектор ""Лолита Лемпика"" в золотистом цвете от Maison Berger - это отличный подарок владельцу автомобиля любой марки. Диффузор для авто выполнен в форме клипсы, которая крепится к вентиляционной решетке. Сама клипса украшена цветочными узорами и станет элегантным аксессуаром для вашего автомобиля. В комплекте: диффузор-клипса, сменный блок, обладающий чувственным цветочным ароматом. Лолита Лемпика - французский дизайнер и создатель одноименного парфюмерного бренда. В 1997 она выпустила свой самый смелый проект: аромат ""Mon Premier Parfum"" – оду женственности с гурманскими и чувственными нотами. Парфюм стал мировым бестселлером, и в 2018 году Maison Berger выпустил коллаборацию: теперь культовый аромат можно попробовать в формате аромата для автомобиля. Длительность ароматизации одного керамического блока для автопарфюма: до 8 недель. Многоразовый парфюм для машины станет декоративным и ароматическим украшением салона автомобиля.",Вставьте керамический парфюмированный блок в диффузор и закрепите диффузор на вентиляционной решетке при помощи специального крепления. Регулируйте интенсивность аромата с помощью системы вентиляции. Длительность ароматизации (один керамический блок): до 4-х недель. Хранить вдали от детей и животных. Может вызвать аллергическую реакцию.,Франция,2
36,2026-09-29T19:47:33.841530,20260929_194226_044a0214,19000090633,parfjumerija/avtoparfjum,MEDORI,Chance,Ароматизатор для автомобиля,255.0,255.0,0.0,1,4.2,https://goldapple.ru/19000090633-chance/,https://goldapple.ru/parfjumerija/avtoparfjum?p=2,"Ароматизатор бутылочка подвесной, в блистере, для автомобиля.",В салоне автомобиля.,Россия,2
37,2026-09-29T19:47:41.173518,20260929_194226_044a0214,19000090606,parfjumerija/avtoparfjum,MEDORI,Sex Elexir,Ароматизатор для автомобиля,154.0,154.0,0.0,1,4.1,https://goldapple.ru/19000090606-sex-elexir/,https://goldapple.ru/parfjumerija/avtoparfjum?p=2,"Ароматизатор капсула подвесной, для автомобиля.",В салоне автомобиля.,Россия,2
38,2026-09-29T19:47:48.403367,20260929_194226_044a0214,19000090632,parfjumerija/avtoparfjum,MEDORI,Silver Fleece,Ароматизатор для автомобиля,332.0,332.0,0.0,1,4.1,https://goldapple.ru/19000090632-silver-fleece/,https://goldapple.ru/parfjumerija/avtoparfjum?p=2,"Меловой ароматизатор голова пантеры 3 D, в дефлектор , для автомобиля.",В салоне автомобиля.,Россия,2
39,2026-09-29T19:47:55.944733,20260929_194226_044a0214,99000146441,parfjumerija/avtoparfjum,BY KAORI,CAROLINA,Ароматический диффузор для авто,1490.0,1490.0,0.0,1,5.0,https://goldapple.ru/99000146441-by-kaori-carolina/,https://goldapple.ru/parfjumerija/avtoparfjum?p=2,"Стильный ароматический диффузор для вашего автомобиля не только наполнит салон приятным ароматом, но и станет идеальным декоративным дополнением авто. Ваши любимые ароматы будут с вами не только дома, но и в поездке. Аромат заполняет салон вашего автомобиля, помогая бороться с неприятным запахом, и создаёт особую атмосферу.","Открутите деревянную крышку с флакона. Снимите пластиковую заглушку. Плотно закрутите деревянную крышку флакона и плавно наклоняйте его в сторону, избегая проливания жидкости. На крышке появится характерное пятно — это значит, что крышка достаточно пропиталась. После этого обязательно плотно закройте флакон пластиковой заглушкой и деревянной крышкой во избежание протекания жидкости на приборную панель, салон и детали автомобиля. Регулируйте насыщенность аромата: Следите за размером характерного пятна — чем оно больше, тем насыщеннее будет аромат. Проверьте плотность прилегания деревянной крышки к флакону и разместите его в салоне. Чаще всего флакон размещают на зеркале заднего вида на лобовом стекле. Сделать это можно с помощью шнурков — просто завяжите крепкий узел и отрегулируйте подходящую для вас длину шнурков. Следите за тем, чтобы крышка флакона и сам флакон не соприкасались с пластиковыми элементами, а при движении флакон не касался лобового стекла. Учитывайте температуру в салоне автомобиля. При тёплой температуре аромат будет ярче, насыщеннее и распространится быстрее, чем при холодной. Наслаждайтесь приятным ароматом в салоне!",Россия,2
40,2026-09-29T19:48:02.427833,20260929_194226_044a0214,99000110503,parfjumerija/avtoparfjum,Maison Berger Paris,black angelica,Автодиффузор,3244.0,3244.0,0.0,1,4.5,https://goldapple.ru/99000110503-black-angelica/,https://goldapple.ru/parfjumerija/avtoparfjum?p=2,"Автодиффузор в дефлектор из коллекции «Иллюзия» от Maison Berger Paris — это отличный подарок владельцу автомобиля любой марки. Диффузор для авто выполнен в форме клипсы, которая крепится к вентиляционной решетке. В комплекте: диффузор-клипса, сменный блок с ароматом ""Черная ангелика"". ""Черная ангелика"" — чувственный аромат, созданный на игре контрастов восточной мелодии и чувственных цветочных аккордов. Благородные ноты редкой черной ангелики пленят своим восточным звучанием, унося в сладкий омут ванили и пьянящего сочетания амбры и сандала. Длительность ароматизации одного керамического блока для автопарфюма: до 8 недель. Многоразовый парфюм для машины станет декоративным и ароматическим украшением салона автомобиля.",Вставьте керамический парфюмированный блок в диффузор и закрепите диффузор на вентиляционной решетке при помощи специального крепления. Регулируйте интенсивность аромата с помощью системы вентиляции. Длительность ароматизации (один керамический блок): до 4-х недель. Хранить вдали от детей и животных. Может вызвать аллергическую реакцию.,Франция,2
41,2026-09-29T19:48:20.698749,20260929_194226_044a0214,99000110772,parfjumerija/avtoparfjum,Maison Berger Paris,sweet lolita lempicka,Сменный блок для автодиффузора,1989.0,1989.0,0.0,1,5.0,https://goldapple.ru/99000110772-sweet-lolita-lempicka/,https://goldapple.ru/parfjumerija/avtoparfjum?p=3,"Сменные блоки (заправка) для автомобильного ароматизатора в дефлектор с ароматом «Сладкая Лолита Лемпика» от Maison Berger Paris — это отличный подарок владельцу автомобиля любой марки. В наборе два парфюмерных блока и подарочная коробочка. Сам диффузор для авто, который приобретается отдельно, выполнен в форме клипсы, крепящейся к вентиляционной решетке. «Сладкая Лолита Лемпика» — аромат, выделяющийся своей более мягкой и сладкой композицией, с нотами красных фруктов, ванили и карамели. Он создан для тех, кто ценит изысканные и гурманские ароматы. Данная композиция является частью тренда «сладких» и «гурманских» ароматов, которые очень популярны в парфюмерной индустрии. «Сладкая Лолита Лемпика» передает суть запретного плода в гурманском и вызывающем зависимость аромате, который подталкивает к искушению. Сочетание вишни и какао на фоне мускуса создаёт идеальную гармонию, которая становится настоящим гимном женственности. Это вкус губ, которые только что соприкоснулись с вишней в тёмном шоколаде, это чувство не совсем невинного, но очень чувственного поцелуя. Многоразовый парфюм для машины станет декоративным и ароматическим украшением салона автомобиля. Длительность ароматизации (один керамический блок): до 4-х недель.",Вставьте керамический парфюмированный блок в диффузор и закрепите диффузор на вентиляционной решетке при помощи специального крепления. Регулируйте интенсивность аромата с помощью системы вентиляции.,Франция,3
42,2026-09-29T19:48:27.415150,20260929_194226_044a0214,19000049479,parfjumerija/avtoparfjum,AROMA PRIME,№5 Hopefulness,Ароматизатор для дома и автомобиля,910.0,910.0,0.0,1,4.2,https://goldapple.ru/19000049479-no5-hopefulness/,https://goldapple.ru/parfjumerija/avtoparfjum?p=3,"AROMA PRIME Hopefulnes/Оптимизм. Помоги себе насладиться жизнью здесь и сейчас притягивающими и пьянящими нотками. Раскрывается словно аттракцион в парке развлечений вашей мечты. Пессимизм – это настроение, оптимизм – это воля! Интенсивность: Высокая. Верхние ноты: Бергамот, Персик, Личи. Средние ноты: Жасмин, Пион, Апельсин. Базовые ноты: Дубовых мох, Мускус.","1. Открутить деревянную крышку Удалить пластиковый аппликатор из горлышка Закрутить деревянную крышку, не прилагая значительных усилий Перевернуть флакон на 1-3 секунды для пропитывания крышки Разместить вертикально в салоне автомобиля или в помещении. Рекомендации: Для поддержания аромата в автомобиле рекомендуется переворачивать флакон раз в 2-3 дня. При использовании в салоне автомобиля, шнурок желательно делать покороче.",Россия,3
43,2026-09-29T19:48:35.557822,20260929_194226_044a0214,19000392877,parfjumerija/avtoparfjum,Stella Fragrance,DAMN,Нет категории,1461.0,1461.0,0.0,1,4.0,https://goldapple.ru/19000392877-damn/,https://goldapple.ru/parfjumerija/avtoparfjum?p=3,"Автомобильный диффузор представляет собой сет из металлического корпуса и фибрового кольца, пропитанного ароматической композицией. Каждый диффузор из коллекции сочетает в себе функциональность, стильный дизайн и внимание к деталям. Ароматы, которые ассоциируются с текущими тенденциями в мире парфюмерии, были тщательно отобраны нашими экспертами, чтобы удовлетворить самые взыскательные вкусы и потребности аудитории. Технологии в области ароматизации позволяют нашим диффузорам эффективно размещаться в автомобиле и обеспечивать длительное сохранение аромата.","1 Снимите магнитную крышку с металлического корпуса. 2. Вскройте индивидуальную упаковку сменного картриджа и извлеките его. 3. Установите картридж в металлический корпус. 4. Закройте металлический корпус магнитной крышкой. 5 Включите вентиляцию и наслаждайтесь приятным ароматом, заполняющий салон вашего автомобиля.",Россия,3
44,2026-09-29T19:48:44.017843,20260929_194226_044a0214,19000090636,parfjumerija/avtoparfjum,MEDORI,212 VIP,Нет категории,285.0,285.0,0.0,1,4.4,https://goldapple.ru/19000090636-212-vip/,https://goldapple.ru/parfjumerija/avtoparfjum?p=3,"Ароматизатор бутылочка подвесной, в блистере, для автомобиля.",В салоне автомобиля.,Россия,3
45,2026-09-29T19:48:53.361706,20260929_194226_044a0214,99000111895,parfjumerija/avtoparfjum,AREA|HOME,Tobacco vanilla,ароматизатор для авто,495.0,495.0,0.0,1,4.0,https://goldapple.ru/99000111895-tobacco-vanilla/,https://goldapple.ru/parfjumerija/avtoparfjum?p=3,"- Насыщенный, изысканный аромат. - Стойкость аромата — наслаждайтесь ароматом долгое время. - Эксклюзивная упаковка — идеальный подарок для коллег, друзей и близких. Аромат Tobacco Vanilla — теплый, древесный аромат со средними нотами мексиканской ванили. В основе — древесные оттенки, придающие аромату глубину и элегантность. Ноты мексиканской ванили в сочетании с древесными нотами дарят ощущение умиротворения и спокойствия. Ингредиенты: табачные листья, мексиканская ваниль, пряности. В интернет-магазине представлен актуальный дизайн продукта. Обращаем внимание, возможно поступление товара в старом дизайне.","1. Открутите крышку, удалите защитную пробку. 2. Закрутите крышку и переверните флакон вверх дном не более чем на 5 секунд, пока крышка не пропитается небольшим количеством жидкости. 3. Верните в обратное положение и повесьте за шнурок в необходимом месте. 4. Использование флакона возможно только в вертикальном положении.",Россия,3
46,2026-09-29T19:49:01.891280,20260929_194226_044a0214,19000090640,parfjumerija/avtoparfjum,MEDORI,Valery,Ароматизатор для автомобиля,255.0,255.0,0.0,1,4.0,https://goldapple.ru/19000090640-valery/,https://goldapple.ru/parfjumerija/avtoparfjum?p=3,"Ароматизатор бутылочка подвесной, в блистере, для автомобиля.",В салоне автомобиля.,Россия,3
47,2026-09-29T19:49:10.184318,20260929_194226_044a0214,19000090613,parfjumerija/avtoparfjum,MEDORI,VALENCE,Ароматизатор для автомобиля,273.0,273.0,0.0,1,3.7,https://goldapple.ru/19000090613-valence/,https://goldapple.ru/parfjumerija/avtoparfjum?p=3,"Ароматизатор бутылочка подвесной, для автомобиля.",В салоне автомобиля.,Россия,3
48,2026-09-29T19:49:17.936971,20260929_194226_044a0214,19000090630,parfjumerija/avtoparfjum,MEDORI,Imperial Velour,Ароматизатор для автомобиля,291.0,291.0,0.0,1,1.0,https://goldapple.ru/19000090630-imperial-velour/,https://goldapple.ru/parfjumerija/avtoparfjum?p=3,"Меловой ароматизатор голова пантеры 3 D, в дефлектор , для автомобиля.",В салоне автомобиля.,Россия,3
49,2026-09-29T19:49:26.023672,20260929_194226_044a0214,19000049474,parfjumerija/avtoparfjum,AROMA PRIME,№10 Care,Ароматизатор для дома и автомобиля,910.0,910.0,0.0,1,3.8,https://goldapple.ru/19000049474-no10-care/,https://goldapple.ru/parfjumerija/avtoparfjum?p=3,"AROMA PRIME Care/Забота. Моментами незаметная, моментами необходимая, иногда неожиданная, но приятная как глоток прохладной воды в знойный день. Лучшее лекарство для человека. Отдавая не ждите расплаты и, награда придет незаметно. Принимая, не думайте о расплате, это безвозмездно. Ты там, где твои мысли. Убедись, что твои мысли там, где ты хочешь быть. Интенсивность: Средняя. Верхние ноты: Горький миндаль, Ликер, Вишня. Средние ноты: Роза, Вишня, Слива, Жасмин. Базовые ноты: Ваниль, Бобы тонка, Ветивер, Перуанский бальзам, Гвоздика, Корица, Пачули, Сандал, Бензоин, Кедр.","1. Открутить деревянную крышку Удалить пластиковый аппликатор из горлышка Закрутить деревянную крышку, не прилагая значительных усилий Перевернуть флакон на 1-3 секунды для пропитывания крышки Разместить вертикально в салоне автомобиля или в помещении. Рекомендации: Для поддержания аромата в автомобиле рекомендуется переворачивать флакон раз в 2-3 дня. При использовании в салоне автомобиля, шнурок желательно делать покороче.",Россия,3
50,2026-09-29T19:49:33.458277,20260929_194226_044a0214,19000090597,parfjumerija/avtoparfjum,MEDORI,bosco,Ароматизатор для автомобиля,189.0,189.0,0.0,1,4.2,https://goldapple.ru/19000090597-bosco/,https://goldapple.ru/parfjumerija/avtoparfjum?p=3,"Ароматизатор капсула подвесной, для автомобиля.",В салоне автомобиля.,Россия,3
51,2026-09-29T19:49:41.683674,20260929_194226_044a0214,99000146442,parfjumerija/avtoparfjum,BY KAORI,AFRICA,Ароматический диффузор для авто,1490.0,1490.0,0.0,1,5.0,https://goldapple.ru/99000146442-by-kaori-africa/,https://goldapple.ru/parfjumerija/avtoparfjum?p=3,"Стильный ароматический диффузор для вашего автомобиля не только наполнит салон приятным ароматом, но и станет идеальным декоративным дополнением авто. Ваши любимые ароматы будут с вами не только дома, но и в поездке. Аромат заполняет салон вашего автомобиля, помогая бороться с неприятным запахом, и создаёт особую атмосферу.","Открутите деревянную крышку с флакона. Снимите пластиковую заглушку. Плотно закрутите деревянную крышку флакона и плавно наклоняйте его в сторону, избегая проливания жидкости. На крышке появится характерное пятно — это значит, что крышка достаточно пропиталась. После этого обязательно плотно закройте флакон пластиковой заглушкой и деревянной крышкой во избежание протекания жидкости на приборную панель, салон и детали автомобиля. Регулируйте насыщенность аромата: Следите за размером характерного пятна — чем оно больше, тем насыщеннее будет аромат. Проверьте плотность прилегания деревянной крышки к флакону и разместите его в салоне. Чаще всего флакон размещают на зеркале заднего вида на лобовом стекле. Сделать это можно с помощью шнурков — просто завяжите крепкий узел и отрегулируйте подходящую для вас длину шнурков. Следите за тем, чтобы крышка флакона и сам флакон не соприкасались с пластиковыми элементами, а при движении флакон не касался лобового стекла. Учитывайте температуру в салоне автомобиля. При тёплой температуре аромат будет ярче, насыщеннее и распространится быстрее, чем при холодной. Наслаждайтесь приятным ароматом в салоне!",Россия,3
52,2026-09-29T19:49:49.944955,20260929_194226_044a0214,19000090637,parfjumerija/avtoparfjum,MEDORI,Jadore,Ароматизатор для автомобиля,285.0,285.0,0.0,1,4.1,https://goldapple.ru/19000090637-jadore/,https://goldapple.ru/parfjumerija/avtoparfjum?p=3,"Ароматизатор бутылочка подвесной, в блистере, для автомобиля.",В салоне автомобиля.,Россия,3
53,2026-09-29T19:49:57.138917,20260929_194226_044a0214,19000395976,parfjumerija/avtoparfjum,Dr. Vranjes Firenze,Oud Nobile,Нет категории,3600.0,3600.0,0.0,1,3.7,https://goldapple.ru/19000395976-oud-nobile/,https://goldapple.ru/parfjumerija/avtoparfjum?p=3,"Превратите каждую поездку в уникальное ольфакторное путешествие в мир самых чувственных нот, переносящих на загадочные и притягательные земли Ближнего Востока! Драгоценный уд, искусно сочетающийся с нотами нероли и бергамота, ладана и мирры, амбры и сандалового дерева, завораживает и покоряет. Испытайте очарование и редкость «жидкого золота» в непревзойденной парфюмерной композиции. Редкий и благородный характер аромата, его магическая, согревающая аура – истинное искушение, с которым можно не расставаться в поездке. Память, заключенная в ароматах – позвольте автопарфюму Dr. Vranjes Firenze сохранить воспоминания о вашем путешествии или возьмите с собой «частичку дома» с любимым ароматом бренда. Сменный блок ароматизатора можно использовать с одним из трех фирменных диспенсеров: Хром, Никель, Карбон. Диспенсер отличает роскошный минималистичный дизайн и традиционная для бренда восьмиугольная форма, вдохновленная основанием купола знаменитого Флорентийского собора. Диспенсер приобретается отдельно.","Поместите рефил в диспенсер, убедившись, что логотип расположен снизу, затем закройте крышку дипенсера, повернув ее по часовой стрелке до щелчка, и поместите диспенсер на вентиляционной решетке автомобиля. Диспенсер приобретается отдельно. Работа ароматизатора возможна на трех уровнях интенсивности - используйте боковой рычаг на диспенсере для регулирования. Аромат раскрывается полностью при работе дефлектора на панели машины (печки, вентиляции, кондиционера, обдува, воздуховода) при подаче теплого воздуха.",Италия,3
54,2026-09-29T19:50:05.560030,20260929_194226_044a0214,19000090598,parfjumerija/avtoparfjum,MEDORI,glamour,Нет категории,189.0,189.0,0.0,1,4.0,https://goldapple.ru/19000090598-glamour/,https://goldapple.ru/parfjumerija/avtoparfjum?p=3,"Ароматизатор капсула подвесной, для автомобиля.",В салоне автомобиля.,Россия,3
55,2026-09-29T19:50:13.709149,20260929_194226_044a0214,19000090599,parfjumerija/avtoparfjum,MEDORI,chance,Ароматизатор для автомобиля,189.0,189.0,0.0,1,2.0,https://goldapple.ru/19000090599-chance/,https://goldapple.ru/parfjumerija/avtoparfjum?p=3,"Ароматизатор капсула подвесной, для автомобиля.",В салоне автомобиля.,Россия,3
56,2026-09-29T19:50:21.694362,20260929_194226_044a0214,99000026913,parfjumerija/avtoparfjum,Maison Berger Paris,Lolita Lempicka,Сменный блок для автодиффузора,2604.0,2604.0,0.0,1,4.4,https://goldapple.ru/99000026913-lolita-lempicka/,https://goldapple.ru/parfjumerija/avtoparfjum?p=3,"Сменные блоки (заправка) для автомобильного ароматизатора в дефлектор с ароматом Лолита Лемпика от Maison Berger Paris - это отличный подарок владельцу автомобиля любой марки. В наборе два парфюмерных блока и подарочная коробочка. Сам диффузор для авто, который приобретается отдельно, выполнен в форме клипсы, крепящейся к вентиляционной решетке. Лолита Лемпика - французский дизайнер и создатель одноименного парфюмерного бренда ""Lolita Lempicka"". В 1997 она выпустила свой самый смелый проект: аромат ""Mon Premier Parfum"" - оду женственности с гурманскими и чувственными нотами. Парфюм стал мировым бестселлером и в 2018 году Maison Berger выпустил коллаборацию: теперь культовый аромат можно попробовать в формате ароматизатора для автомобиля. Композиция повторяет аромат ""Mon Premier Parfum"". Длительность ароматизации одного керамического блока для автопарфюма: до 8 недель. Многоразовый парфюм для машины станет декоративным и ароматическим украшением салона автомобиля.",Вставьте керамический парфюмированный блок в диффузор и закрепите диффузор на вентиляционной решетке при помощи специального крепления. Регулируйте интенсивность аромата с помощью системы вентиляции. Длительность ароматизации (один керамический блок): до 4-х недель.,Франция,3
57,2026-09-29T19:50:28.833963,20260929_194226_044a0214,99000026896,parfjumerija/avtoparfjum,Maison Berger Paris,Amber Powder,Сменный блок для автодиффузора,1989.0,1989.0,0.0,1,5.0,https://goldapple.ru/99000026896-amber-powder/,https://goldapple.ru/parfjumerija/avtoparfjum?p=3,"Сменные блоки (заправка) для автомобильного ароматизатора в дефлектор с ароматом Амбровая вуаль - это отличный подарок владельцу автомобиля любой марки. В наборе два парфюмерных блока и подарочная коробочка. Сам диффузор для авто, который приобретается отдельно, выполнен в форме клипсы, крепящейся к вентиляционной решетке. Амбровая вуаль - чувственный аромат, который наполнит дом ощущением тепла и света. Композицию открывают пряные и цветочные нотки, в сердце - бархатистая вуаль, роскошный сандал и пачули. В шлейфе белый мускус обволакивает бальзамы и ваниль. Длительность ароматизации одного блока для автопарфюма: до 8 недель. Многоразовый парфюм для машины - это декор и ароматическое украшение для салона автомобиля.",Вставьте керамический парфюмированный блок в диффузор и закрепите диффузор на вентиляционной решетке при помощи специального крепления. Регулируйте интенсивность аромата с помощью системы вентиляции. Длительность ароматизации (один керамический блок): до 4-х недель.,Франция,3
58,2026-09-29T19:50:37.625164,20260929_194226_044a0214,99000116783,parfjumerija/avtoparfjum,AREA|HOME,Bellini,ароматизатор для авто,495.0,495.0,0.0,1,4.0,https://goldapple.ru/99000116783-bellini/,https://goldapple.ru/parfjumerija/avtoparfjum?p=3,"- Насыщенный, изысканный аромат. - Стойкость аромата — наслаждайтесь ароматом долгое время. - Эксклюзивная упаковка — идеальный подарок для коллег, друзей и близких. Аромат Bellini. Насладитесь непревзойденным шармом французской роскоши прямо в салоне вашего автомобиля. Новый аромат Bellini погрузит вас в волшебную атмосферу неповторимых цветочных нот, подчеркнув вашу индивидуальность и стиль даже за рулем. В интернет-магазине представлен актуальный дизайн продукта. Обращаем внимание, возможно поступление товара в старом дизайне.","1. Открутите крышку, удалите защитную пробку. 2. Закрутите крышку и переверните флакон вверх дном не более чем на 5 секунд, пока крышка не пропитается небольшим количеством жидкости. 3. Верните в обратное положение и повесьте за шнурок в необходимом месте. 4. Использование флакона возможно только в вертикальном положении.",Россия,3
59,2026-09-29T19:50:47.388567,20260929_194226_044a0214,99000026908,parfjumerija/avtoparfjum,Maison Berger Paris,Wilderness,Сменный блок для автодиффузора,1989.0,1989.0,0.0,1,5.0,https://goldapple.ru/99000026908-wilderness/,https://goldapple.ru/parfjumerija/avtoparfjum?p=3,"Сменные блоки (заправка) для автомобильного ароматизатора в дефлектор с ароматом Дикие земли от Maison Berger - это отличный подарок владельцу автомобиля любой марки. В наборе два парфюмерных блока и подарочная коробочка. Сам диффузор для авто, который приобретается отдельно, выполнен в форме клипсы, крепящейся к вентиляционной решетке. В парфюмерии березу используют в мужских ароматах для имитации нот кожи. Ее аромат наполнен теплом и напоминает запах дыма. Использование березы в ольфактивной пирамиде придает аромату индивидуальности и характера. Характерный аромат, который несмотря на свою легкость звучит уверенно и настойчиво. Листья томата дополняют ноты грейпфрута и цитрусовые аккорды. Пачули и древесина белой березы подчеркивают темперамент, а дубовый мох добавляет мужественности и чувственности. Длительность ароматизации одного керамического блока для автопарфюма: до 8 недель. Многоразовый парфюм для машины станет декоративным и ароматическим украшением салона автомобиля.",Вставьте керамический парфюмированный блок в диффузор и закрепите диффузор на вентиляционной решетке при помощи специального крепления. Регулируйте интенсивность аромата с помощью системы вентиляции. Длительность ароматизации (один керамический блок): до 4-х недель.,Франция,3
60,2026-09-29T19:50:55.777877,20260929_194226_044a0214,99000110764,parfjumerija/avtoparfjum,Maison Berger Paris,lady flower,Автодиффузор,3244.0,3244.0,0.0,1,5.0,https://goldapple.ru/99000110764-lady-flower/,https://goldapple.ru/parfjumerija/avtoparfjum?p=3,"Черный матовый автодиффузор в дефлектор из коллекции «Вечность» от Maison Berger Paris, дизайн которого был разработан совместно с дизайнером Сильви Де Франс, — это отличный подарок владельцу автомобиля любой марки. Диффузор для авто выполнен в форме клипсы, которая крепится к вентиляционной решетке. В комплекте: диффузор-клипса, сменный блок с ароматом «Цветы для леди». «Цветы для леди» — пикантный и сияющий аромат с соблазнительным, сияющим и романтичным характером. Аромат раскрывается ультрасвежими нотами апельсина и мандарина. Его цветочное, женственное сердце раскрывается ярким аккордом жасмина, мимозы и розы, придающим ему чувственность. В этом цветочном букете сочетаются роскошные и нежные цветы, создавая гармоничный баланс. Чувственная база раскрывает аромат в полной мере, сочетая амбру, ценную древесину и пачули, оставляя чарующий шлейф. Длительность ароматизации одного керамического блока для автопарфюма: до 8 недель. Многоразовый парфюм для машины станет декоративным и ароматическим украшением салона автомобиля.",Вставьте керамический парфюмированный блок в диффузор и закрепите диффузор на вентиляционной решетке при помощи специального крепления. Регулируйте интенсивность аромата с помощью системы вентиляции. Длительность ароматизации (один керамический блок): до 4-х недель. Хранить вдали от детей и животных. Может вызвать аллергическую реакцию.,Франция,3
61,2026-09-29T19:51:16.460796,20260929_194226_044a0214,19000090612,parfjumerija/avtoparfjum,MEDORI,SAINT-TROPEZ,Ароматизатор для автомобиля,273.0,273.0,0.0,1,4.2,https://goldapple.ru/19000090612-saint-tropez/,https://goldapple.ru/parfjumerija/avtoparfjum?p=4,"Ароматизатор бутылочка подвесной, для автомобиля.",В салоне автомобиля.,Россия,4
62,2026-09-29T19:51:24.349973,20260929_194226_044a0214,19000090594,parfjumerija/avtoparfjum,MEDORI,BOSCO,Ароматизатор для автомобиля,277.0,277.0,0.0,1,4.0,https://goldapple.ru/19000090594-bosco/,https://goldapple.ru/parfjumerija/avtoparfjum?p=4,"Керамический ароматизатор. BOSCO (по мотивам Lady Million, Paco Rabanne). Содержит ноты: манго, грейпфрута, листьев фиалки, черной смородины, кедрового дерева, мускуса. Безупречно передает весь спектр нот ароматической композиции, благодаря меловой основе аромат не ""искажается"". Керамика мягко источает аромат, в используемом пространстве. Инновационное магнитное крепление, позволит легко и быстро поменять ароматизатор, на другой аромат, не снимая установленный держатель. Парфюмированный ароматизатор ненавязчиво передаст весь букет ярких и приятных нот, а также, погрузит Вас в атмосферу роскоши и шика. Экологичный и качественный подарок близким.",В салоне автомобиля,Россия,4
63,2026-09-29T19:51:32.874514,20260929_194226_044a0214,19000090639,parfjumerija/avtoparfjum,MEDORI,Ange and demon,Нет категории,259.0,259.0,0.0,1,4.0,https://goldapple.ru/19000090639-ange-and-demon/,https://goldapple.ru/parfjumerija/avtoparfjum?p=4,"Ароматизатор бутылочка подвесной, в блистере, для автомобиля.",В салоне автомобиля.,Россия,4
64,2026-09-29T19:51:41.207242,20260929_194226_044a0214,99000116779,parfjumerija/avtoparfjum,AREA|HOME,Matryoshka,Нет категории,495.0,495.0,0.0,1,4.5,https://goldapple.ru/99000116779-matryoshka/,https://goldapple.ru/parfjumerija/avtoparfjum?p=4,"- Насыщенный, изысканный аромат. - Стойкость аромата — наслаждайтесь ароматом долгое время. - Крафтовая упаковка — идеальный подарок для коллег, друзей и близких. Аромат Matryoshka. Ощутите яркий, свежий аромат с мускусными нотами. В интернет-магазине представлен актуальный дизайн продукта. Обращаем внимание, возможно поступление товара в старом дизайне.","1. Открутите крышку, удалите защитную пробку. 2. Закрутите крышку и переверните флакон вверх дном не более чем на 5 секунд, пока крышка не пропитается небольшим количеством жидкости. 3. Верните в обратное положение и повесьте за шнурок в необходимом месте. 4. Использование флакона возможно только в вертикальном положении.",Россия,4
65,2026-09-29T19:51:49.714635,20260929_194226_044a0214,19000049482,parfjumerija/avtoparfjum,AROMA PRIME,№8 Pleasure,Ароматизатор для дома и автомобиля,910.0,910.0,0.0,1,4.0,https://goldapple.ru/19000049482-no8-pleasure/,https://goldapple.ru/parfjumerija/avtoparfjum?p=4,"AROMA PRIME Pleasure/Удовольствие. Головокружительный, как спелые и сладкие фрукты и ягоды, все сразу. Окутывает теплыми, летними воспоминаниями, что очень полезно зимой и осенью. Посмотри на все с другой стороны, прислушайся и внутренний голос подскажет… Удовольствие — это не итог, а шаги, ведущие к нему. Интенсивность: Высокая. Верхние ноты: Грейпфрут, Клубника, Малина и Мята. Средние ноты: Ландыш, Фиалка и Пион. Базовые ноты: Кашмирское дерево, Ваниль и Мускус.","1. Открутить деревянную крышку Удалить пластиковый аппликатор из горлышка Закрутить деревянную крышку, не прилагая значительных усилий Перевернуть флакон на 1-3 секунды для пропитывания крышки Разместить вертикально в салоне автомобиля или в помещении. Рекомендации: Для поддержания аромата в автомобиле рекомендуется переворачивать флакон раз в 2-3 дня. При использовании в салоне автомобиля, шнурок желательно делать покороче.",Россия,4
66,2026-09-29T19:51:58.510799,20260929_194226_044a0214,19000090609,parfjumerija/avtoparfjum,MEDORI,MONACO,Ароматизатор для автомобиля,304.0,304.0,0.0,1,4.2,https://goldapple.ru/19000090609-monaco/,https://goldapple.ru/parfjumerija/avtoparfjum?p=4,"Ароматизатор бутылочка подвесной, для автомобиля.",В салоне автомобиля.,Россия,4
67,2026-09-29T19:52:08.719333,20260929_194226_044a0214,99000114215,parfjumerija/avtoparfjum,Овсянников,Тайный советник,Автопарфюм,982.0,982.0,0.0,1,4.0,https://goldapple.ru/99000114215-tajnyj-sovetnik/,https://goldapple.ru/parfjumerija/avtoparfjum?p=4,"Парфюмированный ароматизатор для автомобиля «Тайный Советник» Овсянников — в первую очередь, это аромат. «Тайный Советник» — это тёплая груша и бергамот, табачный лист, белый кедр и шлейф таитянской ванили. В салоне автомобиля он раскрывается особенно уютно — как тихая музыка на заднем плане. Этот автопарфюм не просто освежает воздух — он создаёт атмосферу. Композиция нейтрализует неприятные запахи и наполняет пространство тонким, стойким ароматом, в котором приятно находиться и одному, и в компании. Перед использованием открутите крышку, удалите заглушку и плотно закрутите деревянную крышку обратно. Переверните флакон на несколько секунд, чтобы пропитать древесину, и установите его в подстаканник, нишу или повесьте на зеркало. Интенсивность аромата можно регулировать количеством пропитки крышки. Каждая поездка — чуть ближе к себе.","1. Найдите подходящее место в автомобиле для размещения автопарфюма. Это может быть подстаканник, вентиляционная решетка или другое удобное место, которое не отвлекает от вождения. 2. Открутите крышку и извлеките пластиковую заглушку из флакона. Закрутите деревянную крышку. 3. Переверните флакон с ароматов на некоторое время, чтобы крышка немного пропиталась ароматом. 4. Регулируйте интенсивность аромата количеством пропитки на деревянной крышке.",Россия,4
68,2026-09-29T19:52:18.364292,20260929_194226_044a0214,19000395974,parfjumerija/avtoparfjum,Dr. Vranjes Firenze,Ginger Lime,Рефил для ароматизатора,3600.0,3600.0,0.0,1,3.0,https://goldapple.ru/19000395974-ginger-lime/,https://goldapple.ru/parfjumerija/avtoparfjum?p=4,"Превратите каждую поездку в уникальное ольфакторное путешествие! Аромат с яркими, бодрящими нотами лимона и лайма, переходящими в пряную композицию на основе имбиря, ветивера, белого перца и древесных нот. Наполненный искрящейся свежестью, Ginger Lime сочетает в себе традиционные для итальянских ароматов ноты с экзотическими эссенциями из дальних стран, отправляя в увлекательное странствие, наполненное захватывающими приключениями. Уникальная многоярусная композиция заряжает энергией и улучшает концентрацию, помогает справиться с усталостью и тревогой. Сменный блок ароматизатора можно использовать с одним из трех фирменных диспенсеров: Хром, Никель, Карбон. Диспенсер отличает роскошный минималистичный дизайн и традиционная для бренда восьмиугольная форма, вдохновленная основанием купола знаменитого Флорентийского собора. Память, заключенная в ароматах – позвольте автопарфюму Dr. Vranjes Firenze сохранить воспоминания о вашем путешествии или возьмите с собой «частичку дома» с любимым ароматом бренда. Диспенсер приобретается отдельно.","Поместите рефил в диспенсер, убедившись, что логотип расположен снизу, затем закройте крышку дипенсера, повернув ее по часовой стрелке до щелчка, и поместите диспенсер на вентиляционной решетке автомобиля. Диспенсер приобретается отдельно. Работа ароматизатора возможна на трех уровнях интенсивности - используйте боковой рычаг на диспенсере для регулирования. Аромат раскрывается полностью при работе дефлектора на панели машины (печки, вентиляции, кондиционера, обдува, воздуховода) при подаче теплого воздуха.",Италия,4
69,2026-09-29T19:52:27.528622,20260929_194226_044a0214,99000026918,parfjumerija/avtoparfjum,Maison Berger Paris,Amber's Sun,Сменный блок для автодиффузора,977.0,977.0,0.0,1,3.0,https://goldapple.ru/99000026918-amber-s-sun/,https://goldapple.ru/parfjumerija/avtoparfjum?p=4,"Сменные блоки (заправка) для автомобильного ароматизатора в дефлектор с ароматом Солнечная Амбра от Maison Berger - это отличный подарок владельцу автомобиля любой марки. В наборе два парфюмерных блока и подарочная коробочка. Сам диффузор для авто, который приобретается отдельно, выполнен в форме клипсы, крепящейся к вентиляционной решетке. Солнечная Амбра - солнечный аромат, который перенесет вас на край света, где дует нежный бриз, а лучи жаркого солнца согревают белый песок. Экзотические нотки туберозы легко сопровождают букет из фрезии и цикламена, сменяясь золотистой амброй, светлым кедром и сладким инжиром. Длительность ароматизации одного керамического блока для автопарфюма: до 8 недель. Многоразовый парфюм для машины станет декоративным и ароматическим украшением салона автомобиля.",Вставьте керамический парфюмированный блок в диффузор и закрепите диффузор на вентиляционной решетке при помощи специального крепления. Регулируйте интенсивность аромата с помощью системы вентиляции. Длительность ароматизации (один керамический блок): до 4-х недель.,Франция,4
70,2026-09-29T19:52:35.327219,20260929_194226_044a0214,99000152711,parfjumerija/avtoparfjum,Maison Berger Paris,velvet of orient,Сменный блок для автодиффузора,1989.0,1989.0,0.0,1,5.0,https://goldapple.ru/99000152711-maison-berger-paris-velvet-of-orient/,https://goldapple.ru/parfjumerija/avtoparfjum?p=4,"Сменные блоки (заправка) для автомобильного ароматизатора в дефлектор с ароматом «Восточный бархат» от Maison Berger Paris — это отличный подарок владельцу автомобиля любой марки. В наборе два парфюмерных блока и подарочная коробочка. Сам диффузор для авто, который приобретается отдельно, выполнен в форме клипсы, крепящейся к вентиляционной решетке. «Восточный бархат» — чувственная композиция, привлекающая к себе все внимание. Неожиданная нота цветов кофе по-новому открывает такие знакомые ароматы мака и цветка апельсина — теперь они звучат еще более тонко и женственно. В перечных гранях изящно скрывается ваниль и амбра. Вызывает ли этот аромат привыкание? Несомненно. Длительность ароматизации одного керамического блока для автопарфюма: до 8 недель. Многоразовый парфюм для машины станет декоративным и ароматическим украшением салона автомобиля.","Вставьте керамический парфюмированный блок в диффузор и закрепите диффузор на вентиляционной решетке при помощи специального крепления. 
Регулируйте интенсивность аромата с помощью системы вентиляции.",Франция,4
71,2026-09-29T19:52:45.730047,20260929_194226_044a0214,99000117174,parfjumerija/avtoparfjum,AREA|HOME,Lime Basil,ароматизатор для авто,495.0,495.0,0.0,1,4.4,https://goldapple.ru/99000117174-lime-basil/,https://goldapple.ru/parfjumerija/avtoparfjum?p=4,"- Насыщенный, изысканный аромат. - Стойкость аромата — наслаждайтесь ароматом долгое время. - Эксклюзивная упаковка — идеальный подарок для коллег, друзей и близких. Аромат Lime Basil. Своим звучанием автопарфюм дарит ощущение свежести, счастья и чистоты. Представьте, как вас окутывает яркий, цитрусовый аромат. Ингредиенты: лайм, базилик, сандал, амбра, цитрус, бергамот. В интернет-магазине представлен актуальный дизайн продукта. Обращаем внимание, возможно поступление товара в старом дизайне.","1. Открутите крышку, удалите защитную пробку. 2. Закрутите крышку и переверните флакон вверх дном не более чем на 5 секунд, пока крышка не пропитается небольшим количеством жидкости. 3. Верните в обратное положение и повесьте за шнурок в необходимом месте. 4. Использование флакона возможно только в вертикальном положении.",Россия,4
72,2026-09-29T19:52:54.713349,20260929_194226_044a0214,99000146447,parfjumerija/avtoparfjum,BY KAORI,TOBACCO VANILLA,Ароматический диффузор для авто,1490.0,1490.0,0.0,1,5.0,https://goldapple.ru/99000146447-by-kaori-tobacco-vanilla/,https://goldapple.ru/parfjumerija/avtoparfjum?p=4,"Стильный ароматический диффузор для вашего автомобиля не только наполнит салон приятным ароматом, но и станет идеальным декоративным дополнением авто. Ваши любимые ароматы будут с вами не только дома, но и в поездке. Аромат заполняет салон вашего автомобиля, помогая бороться с неприятным запахом, и создаёт особую атмосферу.","Открутите деревянную крышку с флакона. Снимите пластиковую заглушку. Плотно закрутите деревянную крышку флакона и плавно наклоняйте его в сторону, избегая проливания жидкости. На крышке появится характерное пятно — это значит, что крышка достаточно пропиталась. После этого обязательно плотно закройте флакон пластиковой заглушкой и деревянной крышкой во избежание протекания жидкости на приборную панель, салон и детали автомобиля. Регулируйте насыщенность аромата: Следите за размером характерного пятна — чем оно больше, тем насыщеннее будет аромат. Проверьте плотность прилегания деревянной крышки к флакону и разместите его в салоне. Чаще всего флакон размещают на зеркале заднего вида на лобовом стекле. Сделать это можно с помощью шнурков — просто завяжите крепкий узел и отрегулируйте подходящую для вас длину шнурков. Следите за тем, чтобы крышка флакона и сам флакон не соприкасались с пластиковыми элементами, а при движении флакон не касался лобового стекла. Учитывайте температуру в салоне автомобиля. При тёплой температуре аромат будет ярче, насыщеннее и распространится быстрее, чем при холодной. Наслаждайтесь приятным ароматом в салоне!",Россия,4
73,2026-09-29T19:53:03.348332,20260929_194226_044a0214,19000090608,parfjumerija/avtoparfjum,MEDORI,BORDO,Нет категории,304.0,304.0,0.0,1,0.0,https://goldapple.ru/19000090608-bordo/,https://goldapple.ru/parfjumerija/avtoparfjum?p=4,"Ароматизатор бутылочка подвесной, для автомобиля.",В салоне автомобиля.,Россия,4
74,2026-09-29T19:53:11.508885,20260929_194226_044a0214,19000395973,parfjumerija/avtoparfjum,Dr. Vranjes Firenze,Ambra,Нет категории,3600.0,3600.0,0.0,1,0.0,https://goldapple.ru/19000395973-ambra/,https://goldapple.ru/parfjumerija/avtoparfjum?p=4,"Превратите каждую поездку в уникальное ольфакторное путешествие! Утонченная композиция на основе амбры, ладанника и пачули раскрывается нотами ириса и герани, сопровождается изысканными нотами сандала, кедра и ванили, создавая атмосферу роскоши и уюта. Сменный блок ароматизатора можно использовать с одним из трех фирменных диспенсеров: Хром, Никель, Карбон. Диспенсер отличает роскошный минималистичный дизайн и традиционная для бренда восьмиугольная форма, вдохновленная основанием купола знаменитого Флорентийского собора. Память, заключенная в ароматах – позвольте автопарфюму Dr. Vranjes Firenze сохранить воспоминания о вашем путешествии или возьмите с собой «частичку дома» с любимым ароматом бренда. Диспенсер приобретается отдельно.","Поместите рефил в диспенсер, убедившись, что логотип расположен снизу, затем закройте крышку дипенсера, повернув ее по часовой стрелке до щелчка, и поместите диспенсер на вентиляционной решетке автомобиля. Диспенсер приобретается отдельно. Работа ароматизатора возможна на трех уровнях интенсивности - используйте боковой рычаг на диспенсере для регулирования. Аромат раскрывается полностью при работе дефлектора на панели машины (печки, вентиляции, кондиционера, обдува, воздуховода) при подаче теплого воздуха.",Италия,4
75,2026-09-29T19:53:19.776471,20260929_194226_044a0214,19000032364,parfjumerija/avtoparfjum,Maison Berger Paris,Арома Путешествие,Автодиффузор-клипса,2745.0,2745.0,0.0,1,5.0,https://goldapple.ru/19000032364-aroma-putesestvie/,https://goldapple.ru/parfjumerija/avtoparfjum?p=4,"Незаменимая вещь для долгих путешествий!  Эффективность аромата протестирована на группе из 120 человек, помещенных в реальные условия. Более 75% отметили положительное воздействие автодиффузора. Композиция содержит в составе эфирные масла, известные своими противоукачивающими свойствами. Освежающая мята и сладковатые амбровые аккорды помогают справиться с укачиванием и делают вашу поездку еще приятнее.",Рекомендации по использованию и установке: 1. Вставьте керамический парфюмированный блок в диффузор-клипсу; 2. Закрепите диффузор на вентиляционной решетке при помощи специального крепления; 3. Регулируйте интенсивность аромата с помощью системы вентиляции.,Франция,4
76,2026-09-29T19:53:27.423356,20260929_194226_044a0214,99000146448,parfjumerija/avtoparfjum,BY KAORI,DUNE,Ароматический диффузор для авто,1490.0,1490.0,0.0,1,0.0,https://goldapple.ru/99000146448-by-kaori-dune/,https://goldapple.ru/parfjumerija/avtoparfjum?p=4,"Стильный ароматический диффузор для вашего автомобиля не только наполнит салон приятным ароматом, но и станет идеальным декоративным дополнением авто. Ваши любимые ароматы будут с вами не только дома, но и в поездке. Аромат заполняет салон вашего автомобиля, помогая бороться с неприятным запахом, и создаёт особую атмосферу.","Открутите деревянную крышку с флакона. Снимите пластиковую заглушку. Плотно закрутите деревянную крышку флакона и плавно наклоняйте его в сторону, избегая проливания жидкости. На крышке появится характерное пятно — это значит, что крышка достаточно пропиталась. После этого обязательно плотно закройте флакон пластиковой заглушкой и деревянной крышкой во избежание протекания жидкости на приборную панель, салон и детали автомобиля. Регулируйте насыщенность аромата: Следите за размером характерного пятна — чем оно больше, тем насыщеннее будет аромат. Проверьте плотность прилегания деревянной крышки к флакону и разместите его в салоне. Чаще всего флакон размещают на зеркале заднего вида на лобовом стекле. Сделать это можно с помощью шнурков — просто завяжите крепкий узел и отрегулируйте подходящую для вас длину шнурков. Следите за тем, чтобы крышка флакона и сам флакон не соприкасались с пластиковыми элементами, а при движении флакон не касался лобового стекла. Учитывайте температуру в салоне автомобиля. При тёплой температуре аромат будет ярче, насыщеннее и распространится быстрее, чем при холодной. Наслаждайтесь приятным ароматом в салоне!",Россия,4
77,2026-09-29T19:53:37.697534,20260929_194226_044a0214,99000078617,parfjumerija/avtoparfjum,YM INTERIOR,Pear Brandy,Автопарфюм-диффузор,490.0,490.0,0.0,1,0.0,https://goldapple.ru/99000078617-pear-brandy/,https://goldapple.ru/parfjumerija/avtoparfjum?p=4,"Аромат представляет собой пьянящую смесь сладкой спелой груши и бренди, выдержанного в бочках. Яблоко в сердце аромата придаёт ему сладости, а пряность корицы и гвоздики успокаивает и согревает.","Для использования диффузора необходимо: Удалить защитный колпачок. Плотно завернуть деревянную крышку диффузора. Аккуратно наклонить диффузор и пропитать несколько секунд крышку. Повесить диффузор на зеркало заднего вида или солнцезащитный козырёк, оставив достаточно длины для амортизации. Переворачивать диффузор по мере необходимости.",Россия,4
78,2026-09-29T19:53:48.752432,20260929_194226_044a0214,99000110504,parfjumerija/avtoparfjum,Maison Berger Paris,exquisite sparkle,Автодиффузор,3244.0,3244.0,0.0,1,0.0,https://goldapple.ru/99000110504-exquisite-sparkle/,https://goldapple.ru/parfjumerija/avtoparfjum?p=4,"Автодиффузор в дефлектор из коллекции «Канелло» от Maison Berger Paris — это отличный подарок владельцу автомобиля любой марки. Дизайн диффузора для авто дополнен вырезами, напоминающими греческие рельефы, а золотистая отделка делает его необыкновенно стильным и желанным подарком для любителей парфюмерии. Диффузор для авто выполнен в форме клипсы, которая крепится к вентиляционной решетке. В комплекте: диффузор-клипса, сменный блок с ароматом-бестселлером «Брызги шампанского». «Брызги шампанского» — игристая цветочная композиция из ландыша, фиалки и розы с фруктовым оттенком грейпфрута и ежевики. Многогранная пирамида, необычайно женственная и соблазнительная, наполнит помещение ароматом праздника и ощущением беззаботности. Идеально подходит для особых случаев или для повседневного использования. Длительность ароматизации одного керамического блока для автопарфюма: до 8 недель. Многоразовый парфюм для машины станет декоративным и ароматическим украшением салона автомобиля.",Вставьте керамический парфюмированный блок в диффузор и закрепите диффузор на вентиляционной решетке при помощи специального крепления. Регулируйте интенсивность аромата с помощью системы вентиляции. Длительность ароматизации (один керамический блок): до 4-х недель. Хранить вдали от детей и животных. Может вызвать аллергическую реакцию.,Франция,4
79,2026-09-29T19:53:58.479749,20260929_194226_044a0214,99000078613,parfjumerija/avtoparfjum,YM INTERIOR,Lavender Santal,Автопарфюм-диффузор,490.0,490.0,0.0,1,0.0,https://goldapple.ru/99000078613-lavender-santal/,https://goldapple.ru/parfjumerija/avtoparfjum?p=4,"Успокаивающий аромат цветов лаванды и соблазнительного сандалового дерева - сочетание, способствующее расслаблению и дарящее чувство безмятежности. Содержит натуральные эфирные масла можжевельника, ромашки, лаванды, эвкалипта.","Для использования диффузора необходимо: Удалить защитный колпачок. Плотно завернуть деревянную крышку диффузора. Аккуратно наклонить диффузор и пропитать несколько секунд крышку. Повесить диффузор на зеркало заднего вида или солнцезащитный козырёк, оставив достаточно длины для амортизации. Переворачивать диффузор по мере необходимости.",Россия,4
80,2026-09-29T19:54:11.197380,20260929_194226_044a0214,99000110765,parfjumerija/avtoparfjum,Maison Berger Paris,lady flower,Автодиффузор,3244.0,3244.0,0.0,1,0.0,https://goldapple.ru/99000110765-lady-flower/,https://goldapple.ru/parfjumerija/avtoparfjum?p=4,"Золотистый автодиффузор в дефлектор из коллекции «Вечность» от Maison Berger Paris, дизайн которого был разработан совместно с дизайнером Сильви Де Франс, — это отличный подарок владельцу автомобиля любой марки. Диффузор для авто выполнен в форме клипсы, которая крепится к вентиляционной решетке. В комплекте: диффузор-клипса, сменный блок с ароматом «Цветы для леди». «Цветы для леди» — пикантный и сияющий аромат с соблазнительным, сияющим и романтичным характером. Аромат раскрывается ультрасвежими нотами апельсина и мандарина. Его цветочное, женственное сердце раскрывается ярким аккордом жасмина, мимозы и розы, придающим ему чувственность. В этом цветочном букете сочетаются роскошные и нежные цветы, создавая гармоничный баланс. Чувственная база раскрывает аромат в полной мере, сочетая амбру, ценную древесину и пачули, оставляя чарующий шлейф. Длительность ароматизации одного керамического блока для автопарфюма: до 8 недель. Многоразовый парфюм для машины станет декоративным и ароматическим украшением салона автомобиля.",Вставьте керамический парфюмированный блок в диффузор и закрепите диффузор на вентиляционной решетке при помощи специального крепления. Регулируйте интенсивность аромата с помощью системы вентиляции. Длительность ароматизации (один керамический блок): до 4-х недель. Хранить вдали от детей и животных. Может вызвать аллергическую реакцию.,Франция,4
81,2026-09-29T19:54:57.403551,20260929_194226_044a0214,99000090617,parfjumerija/avtoparfjum,Maison Berger Paris,Свежее Вдохновение,Автодиффузор,4000.0,4000.0,0.0,1,0.0,https://goldapple.ru/99000090617-svezee-vdohnovenie/,https://goldapple.ru/parfjumerija/avtoparfjum?p=5,"Элегантный автомобильный ароматизатор модели ""Волны"" в серебристом цвете в дефлектор от Maison Berger Paris — это отличный подарок владельцу автомобиля любой марки: он подойдет как мужчине, так и женщине. Диффузор для авто выполнен в форме клипсы, которая крепится к вентиляционной решетке и будет идеально сочетаться с интерьером вашего автомобиля. В комплекте: диффузор-клипса, сменный блок с ароматом Свежее Вдохновение. Аромат ""Свежее Вдохновение"" сочетает в себе свежесть и энергию. Ягоды можжевельника создают ультрасовременную и ароматную начальную ноту, выражая свою энергичность и остроту с эффектом «джин-фраппе». Грейпфрут и имбирь подхватывают это энергичное начало, добавляя свою жизненную силу. Затем кедровое дерево смягчает и окутывает сердце аромата, а янтарные пачули и кожа создают тёплую и стойкую основу, которая согревает и придаёт этому бодрящему аромату глубину и насыщенность. Длительность ароматизации одного керамического блока для автопарфюма: до 8 недель. Многоразовый парфюм для машины станет не только декоративным элементом, но и ароматическим украшением салона автомобиля.",Вставьте керамический парфюмированный блок в диффузор и закрепите диффузор на вентиляционной решетке при помощи специального крепления; регулируйте интенсивность аромата с помощью системы вентиляции. Длительность ароматизации (один керамический блок): до 4-х недель. Хранить вдали от детей и животных. Может вызвать аллергическую реакцию.,Франция,5
82,2026-09-29T19:55:07.833369,20260929_194226_044a0214,99000133154,parfjumerija/avtoparfjum,Esteban Paris Parfums,iris cachemire,Сменный блок для автодиффузора,2880.0,2880.0,0.0,1,0.0,https://goldapple.ru/99000133154-iris-cachemire/,https://goldapple.ru/parfjumerija/avtoparfjum?p=5,"Сменные блоки для автомобильного ароматизатора в дефлектор «Ирис и кашемир» от бренда Esteban Paris Parfums — это отличный подарок владельцу автомобиля любой марки: он подойдет как мужчине, так и женщине. «Ирис и кашемир» — это композиция, в которой свежие растительные акценты плавно переходят в благородную глубину. Листья фиалки и пряная цедра мандарина пробуждают чувства и задают лёгкое зелёное начало. В сердце раскрываются пудровые и бархатистые нотки ириса, дополненные нежностью лепестков роз и легким фруктовым акцентом абрикоса. Завершают композицию тёплые древесные ноты кашемирового дерева, растительный мускус и сладкие, томные бобы тонка, создавая утончённый и стойкий шлейф. В наборе два парфюмерных блока и коробочка. Один блок обеспечивает ароматизацию до 4 недель. Диффузор приобретается отдельно.","Ароматизатор в машину прост в использовании: вставьте парфюмированный блок в диффузор, присоедините клипсу и закрепите на дефлекторе автомобиля. Интенсивность аромата регулируется с помощью системы вентиляции. Это не просто освежитель воздуха в машину, а уникальный парфюм для автомобиля, который превращает каждую поездку в удовольствие.",Франция,5
83,2026-09-29T19:55:17.926027,20260929_194226_044a0214,19000049481,parfjumerija/avtoparfjum,AROMA PRIME,№7 Love,Нет категории,910.0,910.0,0.0,1,4.0,https://goldapple.ru/19000049481-no7-love/,https://goldapple.ru/parfjumerija/avtoparfjum?p=5,"AROMA PRIME Love/Любовь. Многогранна, элегантна, волшебна и загадочна. Мощное ощущение симпатии, заботы, нежности и преданности испытываемое к каждой частичке жизни и к самому себе. Случается не раз в жизни, а строится каждый день. Любовь — это не то, что ты чувствуешь. Любовь — это то, что ты делаешь. Интенсивность: Высокая. Верхние ноты: Розовый перец, Киви и Ревень. Средние ноты: Жасмин, Цикламен и Арбуз. Базовые ноты: Мускус, Сандал и Лимонное дерево.","1. Открутить деревянную крышку Удалить пластиковый аппликатор из горлышка Закрутить деревянную крышку, не прилагая значительных усилий Перевернуть флакон на 1-3 секунды для пропитывания крышки Разместить вертикально в салоне автомобиля или в помещении. Рекомендации: Для поддержания аромата в автомобиле рекомендуется переворачивать флакон раз в 2-3 дня. При использовании в салоне автомобиля, шнурок желательно делать покороче.",Россия,5
84,2026-09-29T19:55:27.128095,20260929_194226_044a0214,99000146446,parfjumerija/avtoparfjum,BY KAORI,DUBAI,Нет категории,1490.0,1490.0,0.0,1,0.0,https://goldapple.ru/99000146446-by-kaori-dubai/,https://goldapple.ru/parfjumerija/avtoparfjum?p=5,"Стильный ароматический диффузор для вашего автомобиля не только наполнит салон приятным ароматом, но и станет идеальным декоративным дополнением авто. Ваши любимые ароматы будут с вами не только дома, но и в поездке. Аромат заполняет салон вашего автомобиля, помогая бороться с неприятным запахом, и создаёт особую атмосферу.","Открутите деревянную крышку с флакона. Снимите пластиковую заглушку. Плотно закрутите деревянную крышку флакона и плавно наклоняйте его в сторону, избегая проливания жидкости. На крышке появится характерное пятно — это значит, что крышка достаточно пропиталась. После этого обязательно плотно закройте флакон пластиковой заглушкой и деревянной крышкой во избежание протекания жидкости на приборную панель, салон и детали автомобиля. Регулируйте насыщенность аромата: Следите за размером характерного пятна — чем оно больше, тем насыщеннее будет аромат. Проверьте плотность прилегания деревянной крышки к флакону и разместите его в салоне. Чаще всего флакон размещают на зеркале заднего вида на лобовом стекле. Сделать это можно с помощью шнурков — просто завяжите крепкий узел и отрегулируйте подходящую для вас длину шнурков. Следите за тем, чтобы крышка флакона и сам флакон не соприкасались с пластиковыми элементами, а при движении флакон не касался лобового стекла. Учитывайте температуру в салоне автомобиля. При тёплой температуре аромат будет ярче, насыщеннее и распространится быстрее, чем при холодной. Наслаждайтесь приятным ароматом в салоне!",Россия,5
85,2026-09-29T19:55:35.186627,20260929_194226_044a0214,99000152708,parfjumerija/avtoparfjum,Maison Berger Paris,lady flower,Сменный блок для автодиффузора,1047.0,1047.0,0.0,1,5.0,https://goldapple.ru/99000152708-maison-berger-paris-lady-flower/,https://goldapple.ru/parfjumerija/avtoparfjum?p=5,"Сменные блоки (заправка) для автомобильного ароматизатора в дефлектор с ароматом «Цветы для леди» от Maison Berger Paris — это отличный подарок владельцу автомобиля любой марки. В наборе два парфюмерных блока и подарочная коробочка. Сам диффузор для авто, который приобретается отдельно, выполнен в форме клипсы, крепящейся к вентиляционной решетке. «Цветы для леди» — пикантный и сияющий аромат с соблазнительным, сияющим и романтичным характером. Аромат раскрывается нотами апельсина и мандарина. Его цветочное, женственное сердце раскрывается ярким аккордом жасмина, мимозы и розы, придающим ему чувственность. В этом цветочном букете сочетаются роскошные и нежные цветы, создавая гармоничный баланс. Чувственная база раскрывает аромат в полной мере, сочетая амбру, ценную древесину и пачули, оставляя чарующий шлейф. Длительность ароматизации одного керамического блока для автопарфюма: до 8 недель. Многоразовый парфюм для машины станет декоративным и ароматическим украшением салона автомобиля.","Вставьте керамический парфюмированный блок в диффузор и закрепите диффузор на вентиляционной решетке при помощи специального крепления. 
Регулируйте интенсивность аромата с помощью системы вентиляции.",Франция,5
86,2026-09-29T19:55:44.225009,20260929_194226_044a0214,99000110766,parfjumerija/avtoparfjum,Maison Berger Paris,vanilla magnificence,Автодиффузор,3493.0,3493.0,0.0,1,0.0,https://goldapple.ru/99000110766-vanilla-magnificence/,https://goldapple.ru/parfjumerija/avtoparfjum?p=5,"Регулируемый автодиффузор в дефлектор из коллекции «Помелис» от Maison Berger Paris — это отличный подарок владельцу автомобиля любой марки. Диффузор для авто выполнен в форме клипсы, которая крепится к вентиляционной решетке. В комплекте: диффузор-клипса, сменный блок с ароматом «Ванильное великолепие». Аромат «Ванильное великолепие» раскрывается свежими нотами апельсина, мандарина и кардамона, переходит в сердце с черным перцем, ромом и какао-бобами и завершается теплым шлейфом бурбонской ванили, сандала и пачули — настоящая ольфакторная симфония. Металлическая регулируемая автоклипса – это новый тип запатентованного автодиффузора с режимом «on/off». Впервые вы можете самостоятельно регулировать интенсивность ароматизации в автомобиле в соответствии с вашими предпочтениями. Выбирайте один из трех режимов ароматизации: полностью открытый, частично открытый или закрытый. Автодиффузор для машины станет декоративным и ароматическим украшением салона автомобиля. Длительность ароматизации одного керамического блока для автопарфюма: до 8 недель. Многоразовый парфюм для машины станет декоративным и ароматическим украшением салона автомобиля.",Вставьте керамический парфюмированный блок в диффузор и закрепите диффузор на вентиляционной решетке при помощи специального крепления. Регулируйте интенсивность аромата с помощью системы вентиляции. Длительность ароматизации (один керамический блок): до 4-х недель. Хранить вдали от детей и животных. Может вызвать аллергическую реакцию.,Франция,5
87,2026-09-29T19:55:55.011683,20260929_194226_044a0214,19000032370,parfjumerija/avtoparfjum,Maison Berger Paris,Океанский бриз,Автодиффузор-клипса,2745.0,2745.0,0.0,1,0.0,https://goldapple.ru/19000032370-okeanskij-briz/,https://goldapple.ru/parfjumerija/avtoparfjum?p=5,"Освежающий коктейль фруктовых нот и аромат соленых брызг теплого побережья. Цветочные аккорды перенесут вас в райские сады южных стран, а морские нотки позволят почувствовать себя на отдыхе вблизи океана.",Рекомендации по использованию и установке: 1. Вставьте керамический парфюмированный блок в диффузор-клипсу; 2. Закрепите диффузор на вентиляционной решетке при помощи специального крепления; 3. Регулируйте интенсивность аромата с помощью системы вентиляции.,Франция,5
88,2026-09-29T19:56:03.662940,20260929_194226_044a0214,99000146440,parfjumerija/avtoparfjum,BY KAORI,CHERRY BLOSSOM,Ароматический диффузор для авто,1490.0,1490.0,0.0,1,0.0,https://goldapple.ru/99000146440-by-kaori-cherry-blossom/,https://goldapple.ru/parfjumerija/avtoparfjum?p=5,"Стильный ароматический диффузор для вашего автомобиля не только наполнит салон приятным ароматом, но и станет идеальным декоративным дополнением авто. Ваши любимые ароматы будут с вами не только дома, но и в поездке. Аромат заполняет салон вашего автомобиля, помогая бороться с неприятным запахом, и создаёт особую атмосферу.","Открутите деревянную крышку с флакона. Снимите пластиковую заглушку. Плотно закрутите деревянную крышку флакона и плавно наклоняйте его в сторону, избегая проливания жидкости. На крышке появится характерное пятно — это значит, что крышка достаточно пропиталась. После этого обязательно плотно закройте флакон пластиковой заглушкой и деревянной крышкой во избежание протекания жидкости на приборную панель, салон и детали автомобиля. Регулируйте насыщенность аромата: Следите за размером характерного пятна — чем оно больше, тем насыщеннее будет аромат. Проверьте плотность прилегания деревянной крышки к флакону и разместите его в салоне. Чаще всего флакон размещают на зеркале заднего вида на лобовом стекле. Сделать это можно с помощью шнурков — просто завяжите крепкий узел и отрегулируйте подходящую для вас длину шнурков. Следите за тем, чтобы крышка флакона и сам флакон не соприкасались с пластиковыми элементами, а при движении флакон не касался лобового стекла. Учитывайте температуру в салоне автомобиля. При тёплой температуре аромат будет ярче, насыщеннее и распространится быстрее, чем при холодной. Наслаждайтесь приятным ароматом в салоне!",Россия,5
89,2026-09-29T19:56:13.143507,20260929_194226_044a0214,99000184445,parfjumerija/avtoparfjum,Blesly,"orange, amber & bergamot",Автомобильный ароматизатор,507.0,507.0,0.0,1,0.0,https://goldapple.ru/99000184445-blesly-orange-amber-bergamot/,https://goldapple.ru/parfjumerija/avtoparfjum?p=5,"Наравне с персональными ароматами, автопарфюмы стали неотъемлемой частью современной жизни. Использование ароматизаторов для авто — самый удобный и изящный способ придать салону приятный аромат. Для настоящих автолюбителей важен не только внешний вид их авто, но и атмосфера в нем. Насыщенные, благородные ароматы BLESLY проникнут во все уголки авто, придадут салону насыщенный и элегантный аромат. Погрузитесь в атмосферу солнечной элегантности и морской свежести. В начале вас окутывает яркий коктейль бергамота, апельсина, лимона и флердоранжа — искрящаяся смесь цитрусовых аккордов, наполняющих пространство бодростью и светом. Тонкие нотки морской соли добавляют ощущение прохлады и свежести у океана. В сердце раскрывается чувственный жасмин, окутанный мягкими оттенками амбры и светлого мускуса, создавая ауру нежности и утонченности. Теплый сандал придает композиции глубину и сильное звучание, напоминая о прохладе морского бриза и тепле солнечного дня. Этот аромат — зеркальное отражение гармонии морской свежести и солнечного блеска, излучающий изысканность и стиль, который завораживает с первого вдоха.","Откройте деревянную крышку диффузора, уберите защитный колпачок. Плотно закройте обратно деревянной крышкой диффузор. Наклоните диффузор на 45-60 градусов и подержите пару секунд, крышка начнет пропитываться. Закрепите диффузор на зеркало заднего вида автомобиля или попробуйте использовать его в гардеробной или шкафу. Пропитывайте крышку по мере необходимости или 1 раз в неделю, чтобы аромат не терял насыщенность.",Россия,5
90,2026-09-29T19:56:21.174504,20260929_194226_044a0214,99000146450,parfjumerija/avtoparfjum,BY KAORI,WILDLIFE,Ароматический диффузор для авто,1490.0,1490.0,0.0,1,0.0,https://goldapple.ru/99000146450-by-kaori-wildlife/,https://goldapple.ru/parfjumerija/avtoparfjum?p=5,"Стильный ароматический диффузор для вашего автомобиля не только наполнит салон приятным ароматом, но и станет идеальным декоративным дополнением авто. Ваши любимые ароматы будут с вами не только дома, но и в поездке. Аромат заполняет салон вашего автомобиля, помогая бороться с неприятным запахом, и создаёт особую атмосферу.","Открутите деревянную крышку с флакона. Снимите пластиковую заглушку. Плотно закрутите деревянную крышку флакона и плавно наклоняйте его в сторону, избегая проливания жидкости. На крышке появится характерное пятно — это значит, что крышка достаточно пропиталась. После этого обязательно плотно закройте флакон пластиковой заглушкой и деревянной крышкой во избежание протекания жидкости на приборную панель, салон и детали автомобиля. Регулируйте насыщенность аромата: Следите за размером характерного пятна — чем оно больше, тем насыщеннее будет аромат. Проверьте плотность прилегания деревянной крышки к флакону и разместите его в салоне. Чаще всего флакон размещают на зеркале заднего вида на лобовом стекле. Сделать это можно с помощью шнурков — просто завяжите крепкий узел и отрегулируйте подходящую для вас длину шнурков. Следите за тем, чтобы крышка флакона и сам флакон не соприкасались с пластиковыми элементами, а при движении флакон не касался лобового стекла. Учитывайте температуру в салоне автомобиля. При тёплой температуре аромат будет ярче, насыщеннее и распространится быстрее, чем при холодной. Наслаждайтесь приятным ароматом в салоне!",Россия,5
91,2026-09-29T19:56:31.290952,20260929_194226_044a0214,99000152704,parfjumerija/avtoparfjum,Maison Berger Paris,oriental star,Сменный блок для автодиффузора,1396.0,1396.0,0.0,1,0.0,https://goldapple.ru/99000152704-maison-berger-paris-oriental-star/,https://goldapple.ru/parfjumerija/avtoparfjum?p=5,"Сменные блоки (заправка) для автомобильного ароматизатора в дефлектор с ароматом «Восточная звезда» от Maison Berger Paris — это отличный подарок владельцу автомобиля любой марки. В наборе два парфюмерных блока и подарочная коробочка. Сам диффузор для авто, который приобретается отдельно, выполнен в форме клипсы, крепящейся к вентиляционной решетке. «Восточная звезда» — роскошный, насыщенный восточный аромат с тонкими ягодными нотами. Олицетворение роскоши и утонченности. Длительность ароматизации одного керамического блока для автопарфюма: до 8 недель. Многоразовый парфюм для машины станет декоративным и ароматическим украшением салона автомобиля.","Вставьте керамический парфюмированный блок в диффузор и закрепите диффузор на вентиляционной решетке при помощи специального крепления. 
Регулируйте интенсивность аромата с помощью системы вентиляции.",Франция,5
92,2026-09-29T19:56:40.073510,20260929_194226_044a0214,99000146237,parfjumerija/avtoparfjum,BY KAORI,SUGAR,Ароматический диффузор для авто,1490.0,1490.0,0.0,1,0.0,https://goldapple.ru/99000146237-by-kaori-sugar/,https://goldapple.ru/parfjumerija/avtoparfjum?p=5,"Стильный ароматический диффузор для вашего автомобиля не только наполнит салон приятным ароматом, но и станет идеальным декоративным дополнением авто. Ваши любимые ароматы будут с вами не только дома, но и в поездке. Аромат заполняет салон вашего автомобиля, помогая бороться с неприятным запахом, и создаёт особую атмосферу.","Открутите деревянную крышку с флакона. Снимите пластиковую заглушку. Плотно закрутите деревянную крышку флакона и плавно наклоняйте его в сторону, избегая проливания жидкости. На крышке появится характерное пятно — это значит, что крышка достаточно пропиталась. После этого обязательно плотно закройте флакон пластиковой заглушкой и деревянной крышкой во избежание протекания жидкости на приборную панель, салон и детали автомобиля. Регулируйте насыщенность аромата: Следите за размером характерного пятна — чем оно больше, тем насыщеннее будет аромат. Проверьте плотность прилегания деревянной крышки к флакону и разместите его в салоне. Чаще всего флакон размещают на зеркале заднего вида на лобовом стекле. Сделать это можно с помощью шнурков — просто завяжите крепкий узел и отрегулируйте подходящую для вас длину шнурков. Следите за тем, чтобы крышка флакона и сам флакон не соприкасались с пластиковыми элементами, а при движении флакон не касался лобового стекла. Учитывайте температуру в салоне автомобиля. При тёплой температуре аромат будет ярче, насыщеннее и распространится быстрее, чем при холодной. Наслаждайтесь приятным ароматом в салоне!",Россия,5
93,2026-09-29T19:56:48.244029,20260929_194226_044a0214,99000110767,parfjumerija/avtoparfjum,Maison Berger Paris,sweet lolita lempicka,Нет категории,3244.0,3244.0,0.0,1,5.0,https://goldapple.ru/99000110767-sweet-lolita-lempicka/,https://goldapple.ru/parfjumerija/avtoparfjum?p=5,"Автомобильный ароматизатор в дефлектор «Лолита Лемпика» в золотистом цвете от Maison Berger Paris — это отличный подарок владельцу автомобиля любой марки. Диффузор для авто выполнен в форме клипсы, которая крепится к вентиляционной решетке. Сама клипса украшена цветочными узорами и станет элегантным аксессуаром для вашего автомобиля. В комплекте: диффузор-клипса, сменный блок с ароматом «Сладкая Лолита Лемпика». «Сладкая Лолита Лемпика» — аромат, выделяющийся своей более мягкой и сладкой композицией, с нотами красных фруктов, ванили и карамели. Он создан для тех, кто ценит изысканные и гурманские ароматы. Данная композиция является частью тренда сладких и гурманских ароматов, которые очень популярны в парфюмерной индустрии. «Сладкая Лолита Лемпика» передает суть запретного плода в гурманском и вызывающем зависимость аромате, который подталкивает к искушению. Сочетание вишни и какао на фоне мускуса создаёт идеальную гармонию, которая становится настоящим гимном женственности. Это вкус губ, которые только что соприкоснулись с вишней в тёмном шоколаде, это чувство не совсем невинного, но очень чувственного поцелуя. Длительность ароматизации одного керамического блока для автопарфюма: до 8 недель. Многоразовый парфюм для машины станет декоративным и ароматическим украшением салона автомобиля.",Вставьте керамический парфюмированный блок в диффузор и закрепите диффузор на вентиляционной решетке при помощи специального крепления. Регулируйте интенсивность аромата с помощью системы вентиляции. Длительность ароматизации (один керамический блок): до 4-х недель. Хранить вдали от детей и животных. Может вызвать аллергическую реакцию.,Франция,5
94,2026-09-29T19:57:01.632805,20260929_194226_044a0214,99000078616,parfjumerija/avtoparfjum,YM INTERIOR,Tonka Oud,Нет категории,490.0,490.0,0.0,1,1.0,https://goldapple.ru/99000078616-tonka-oud/,https://goldapple.ru/parfjumerija/avtoparfjum?p=5,"Приятный интригующий аромат - сплетение дымных, сладких, древесных и бальзамических оттенков. Идеально подходит для создания теплой и уютной атмосферы. Содержит натуральные эфирные масла пихтовой хвои, кедрового дерева, лимона, мяты перечной и пальмарозы.","Для использования диффузора необходимо: Удалить защитный колпачок. Плотно завернуть деревянную крышку диффузора. Аккуратно наклонить диффузор и пропитать несколько секунд крышку. Повесить диффузор на зеркало заднего вида или солнцезащитный козырёк, оставив достаточно длины для амортизации. Переворачивать диффузор по мере необходимости.",Россия,5
95,2026-09-29T19:57:10.087415,20260929_194226_044a0214,99000184446,parfjumerija/avtoparfjum,Blesly,"tobacco, saffron & lemon",Автомобильный ароматизатор,519.0,519.0,0.0,1,0.0,https://goldapple.ru/99000184446-blesly-tobacco-saffron-lemon/,https://goldapple.ru/parfjumerija/avtoparfjum?p=5,"Наравне с персональными ароматами, автопарфюмы стали неотъемлемой частью современной жизни. Использование ароматизаторов для авто — самый удобный и изящный способ придать салону приятный аромат. Для настоящих автолюбителей важен не только внешний вид их авто, но и атмосфера в нем. Насыщенные благородные ароматы BLESLY проникнут во все уголки авто, придадут салону насыщенный и элегантный аромат. Погрузитесь в атмосферу утонченной роскоши и обаяния. В начале вас встречает яркий взрыв лимонной цедры — свежесть и энергия, окутанная глубокими нотами пачули, придающими аромату землистую теплую основу. В сердце раскрывается богатство шиповниковой розы и сладкая ваниль, наполняя пространство чувственной нежностью и изяществом. Теплые оттенки табачного листа, дополненные пряным шафраном и мускатом, создают насыщенную, насыщенную ауру, которая обладает притягательной глубиной и бесконечной элегантностью. Этот аромат — симфония контрастов, где свежесть и теплота словно струятся в изящном танце, подчеркивая статус и вкус истинного знатока. Идеальный выбор для тех, кто ценит исключительность и ароматическую гармонию.","Откройте деревянную крышку диффузора, уберите защитный колпачок. Плотно закройте обратно деревянной крышкой диффузор. Наклоните диффузор на 45-60 градусов и подержите пару секунд, крышка начнет пропитываться. Закрепите диффузор на зеркало заднего вида автомобиля или попробуйте использовать его в гардеробной или шкафу. Пропитывайте крышку по мере необходимости или 1 раз в неделю, чтобы аромат не терял насыщенность.",Россия,5
96,2026-09-29T19:57:18.599713,20260929_194226_044a0214,99000152705,parfjumerija/avtoparfjum,Maison Berger Paris,mystic leather,Сменный блок для автодиффузора,1989.0,1989.0,0.0,1,0.0,https://goldapple.ru/99000152705-maison-berger-paris-mystic-leather/,https://goldapple.ru/parfjumerija/avtoparfjum?p=5,"Сменные блоки (заправка) для автомобильного ароматизатора в дефлектор с ароматом «Мистическая кожа» от Maison Berger Paris — это отличный подарок владельцу автомобиля любой марки. В наборе два парфюмерных блока и подарочная коробочка. Сам диффузор для авто, который приобретается отдельно, выполнен в форме клипсы, крепящейся к вентиляционной решетке. «Мистическая кожа» — ольфактивная композиция, запечатлевшая пьянящую чувственность и безупречную элегантность. Ароматы с нотками кожи всегда вне времени, уверенные животные аккорды подчеркивают их поэтичную нежность. Кардамон и ладан привносят ощущение свежести, сменяясь цветочным сердцем. Теплое пряное звучание стиракса, напоминающего кожу, окутывает индонезийские пачули, оставляя незабываемый шлейф. Длительность ароматизации одного керамического блока для автопарфюма: до 8 недель. Многоразовый парфюм для машины станет декоративным и ароматическим украшением салона автомобиля.","Вставьте керамический парфюмированный блок в диффузор и закрепите диффузор на вентиляционной решетке при помощи специального крепления. 
Регулируйте интенсивность аромата с помощью системы вентиляции.",Франция,5
97,2026-09-29T19:57:30.153090,20260929_194226_044a0214,99000026905,parfjumerija/avtoparfjum,Maison Berger Paris,Aroma Happy Aquatic Freshness,Сменный блок для автодиффузора,1989.0,1989.0,0.0,1,0.0,https://goldapple.ru/99000026905-aroma-happy-aquatic-freshness/,https://goldapple.ru/parfjumerija/avtoparfjum?p=5,"Сменные блоки (заправка) для автомобильного ароматизатора в дефлектор с ароматом Арома Счастье - это отличный подарок владельцу автомобиля любой марки. В наборе два парфюмерных блока и подарочная коробочка. Сам диффузор для авто, который приобретается отдельно, выполнен в форме клипсы, крепящейся к вентиляционной решетке. Арома Счастье - свежий аромат с морскими нотками, содержащий эфирное масло гвоздики способствует выходу негативной энергии, придаёт сил, тонизирует, поднимает настроение и улучшает работу мозга. Длительность ароматизации одного керамического блока для автопарфюма: до 8 недель. Многоразовый парфюм для машины станет декоративным и ароматическим украшением салона автомобиля.",Вставьте керамический парфюмированный блок в диффузор и закрепите диффузор на вентиляционной решетке при помощи специального крепления. Регулируйте интенсивность аромата с помощью системы вентиляции. Длительность ароматизации (один керамический блок): до 4-х недель.,Франция,5
98,2026-09-29T19:57:41.443949,20260929_194226_044a0214,99000146449,parfjumerija/avtoparfjum,BY KAORI,WOOD AND LEATHER,Ароматический диффузор для авто,1490.0,1490.0,0.0,1,5.0,https://goldapple.ru/99000146449-by-kaori-wood-and-leather/,https://goldapple.ru/parfjumerija/avtoparfjum?p=5,"Стильный ароматический диффузор для вашего автомобиля не только наполнит салон приятным ароматом, но и станет идеальным декоративным дополнением авто. Ваши любимые ароматы будут с вами не только дома, но и в поездке. Аромат заполняет салон вашего автомобиля, помогая бороться с неприятным запахом, и создаёт особую атмосферу.","Открутите деревянную крышку с флакона. Снимите пластиковую заглушку. Плотно закрутите деревянную крышку флакона и плавно наклоняйте его в сторону, избегая проливания жидкости. На крышке появится характерное пятно — это значит, что крышка достаточно пропиталась. После этого обязательно плотно закройте флакон пластиковой заглушкой и деревянной крышкой во избежание протекания жидкости на приборную панель, салон и детали автомобиля. Регулируйте насыщенность аромата: Следите за размером характерного пятна — чем оно больше, тем насыщеннее будет аромат. Проверьте плотность прилегания деревянной крышки к флакону и разместите его в салоне. Чаще всего флакон размещают на зеркале заднего вида на лобовом стекле. Сделать это можно с помощью шнурков — просто завяжите крепкий узел и отрегулируйте подходящую для вас длину шнурков. Следите за тем, чтобы крышка флакона и сам флакон не соприкасались с пластиковыми элементами, а при движении флакон не касался лобового стекла. Учитывайте температуру в салоне автомобиля. При тёплой температуре аромат будет ярче, насыщеннее и распространится быстрее, чем при холодной. Наслаждайтесь приятным ароматом в салоне!",Россия,5
99,2026-09-29T19:57:51.768215,20260929_194226_044a0214,99000078612,parfjumerija/avtoparfjum,YM INTERIOR,Sea salt Powder,Автопарфюм-диффузор,490.0,490.0,0.0,1,0.0,https://goldapple.ru/99000078612-sea-salt-powder/,https://goldapple.ru/parfjumerija/avtoparfjum?p=5,"Слегка припудренные океанические аккорды перенесут к морскому побережью, где тёплый солёный ветер обдувает лицо и воздух благоухает цветами. Содержит натуральные эфирные масла семян кардамона и листьев гвоздики.","Для использования диффузора необходимо: Удалить защитный колпачок. Плотно завернуть деревянную крышку диффузора. Аккуратно наклонить диффузор и пропитать несколько секунд крышку. Повесить диффузор на зеркало заднего вида или солнцезащитный козырёк, оставив достаточно длины для амортизации. Переворачивать диффузор по мере необходимости.",Россия,5
100,2026-09-29T19:58:01.704643,20260929_194226_044a0214,99000152706,parfjumerija/avtoparfjum,Maison Berger Paris,underneath the magnolias,Сменный блок для автодиффузора,1047.0,1047.0,0.0,1,5.0,https://goldapple.ru/99000152706-maison-berger-paris-underneath-the-magnolias/,https://goldapple.ru/parfjumerija/avtoparfjum?p=5,"Сменные блоки (заправка) для автомобильного ароматизатора в дефлектор с ароматом «В тени магнолии» от Maison Berger Paris — это отличный подарок владельцу автомобиля любой марки. В наборе два парфюмерных блока и подарочная коробочка. Сам диффузор для авто, который приобретается отдельно, выполнен в форме клипсы, крепящейся к вентиляционной решетке. «В тени магнолии» — шипровый цветочный аромат, где чувственность граничит с провокацией… Женственная, манящая композиция приглашает в путешествие по цветочным садам, где дуновение амбры и пачули переносит лепестки розы и черного жасмина. Голубые цветки фиалкового дерева жакаранды завершают этот вальс, оставляя за собой легкую мускусную вуаль. Длительность ароматизации одного керамического блока для автопарфюма: до 8 недель. Многоразовый парфюм для машины станет декоративным и ароматическим украшением салона автомобиля.","Вставьте керамический парфюмированный блок в диффузор и закрепите диффузор на вентиляционной решетке при помощи специального крепления. 
Регулируйте интенсивность аромата с помощью системы вентиляции.",Франция,5
101,2026-09-29T19:58:44.805113,20260929_194226_044a0214,99000146443,parfjumerija/avtoparfjum,BY KAORI,GARDEN MINT,Ароматический диффузор для авто,1490.0,1490.0,0.0,1,0.0,https://goldapple.ru/99000146443-by-kaori-garden-mint/,https://goldapple.ru/parfjumerija/avtoparfjum?p=6,"Стильный ароматический диффузор для вашего автомобиля не только наполнит салон приятным ароматом, но и станет идеальным декоративным дополнением авто. Ваши любимые ароматы будут с вами не только дома, но и в поездке. Аромат заполняет салон вашего автомобиля, помогая бороться с неприятным запахом, и создаёт особую атмосферу.","Открутите деревянную крышку с флакона. Снимите пластиковую заглушку. Плотно закрутите деревянную крышку флакона и плавно наклоняйте его в сторону, избегая проливания жидкости. На крышке появится характерное пятно — это значит, что крышка достаточно пропиталась. После этого обязательно плотно закройте флакон пластиковой заглушкой и деревянной крышкой во избежание протекания жидкости на приборную панель, салон и детали автомобиля. Регулируйте насыщенность аромата: Следите за размером характерного пятна — чем оно больше, тем насыщеннее будет аромат. Проверьте плотность прилегания деревянной крышки к флакону и разместите его в салоне. Чаще всего флакон размещают на зеркале заднего вида на лобовом стекле. Сделать это можно с помощью шнурков — просто завяжите крепкий узел и отрегулируйте подходящую для вас длину шнурков. Следите за тем, чтобы крышка флакона и сам флакон не соприкасались с пластиковыми элементами, а при движении флакон не касался лобового стекла. Учитывайте температуру в салоне автомобиля. При тёплой температуре аромат будет ярче, насыщеннее и распространится быстрее, чем при холодной. Наслаждайтесь приятным ароматом в салоне!",Россия,6
102,2026-09-29T19:58:52.664408,20260929_194226_044a0214,99000078610,parfjumerija/avtoparfjum,YM INTERIOR,Vetiver Amber,Автопарфюм-диффузор,490.0,490.0,0.0,1,0.0,https://goldapple.ru/99000078610-vetiver-amber/,https://goldapple.ru/parfjumerija/avtoparfjum?p=6,"Свежий морской аромат с оттенками древесины, пробуждающий чувственность и заряжающий энергией.","Для использования диффузора необходимо: Удалить защитный колпачок Плотно завернуть деревянную крышку диффузора Аккуратно наклонить диффузор и пропитать несколько секунд крышку Повесить диффузор на зеркало заднего вида или солнцезащитный козырёк, оставив достаточно длины для амортизации Переворачивать диффузор по мере необходимости.",Россия,6
103,2026-09-29T19:59:00.752890,20260929_194226_044a0214,99000184450,parfjumerija/avtoparfjum,Blesly,"minerals, eucalyptus & cedar",Нет категории,507.0,507.0,0.0,1,0.0,https://goldapple.ru/99000184450-blesly-minerals-eucalyptus-cedar/,https://goldapple.ru/parfjumerija/avtoparfjum?p=6,"Наравне с персональными ароматами, автопарфюмы стали неотъемлемой частью современной жизни. Использование ароматизаторов для авто — самый удобный и изящный способ придать салону приятный аромат. Для настоящих автолюбителей важен не только внешний вид их авто, но и атмосфера в нем. Насыщенные, благородные ароматы BLESLY проникнут во все уголки авто, придадут салону насыщенный и элегантный аромат. Погрузитесь в прохладную и свежую атмосферу, словно дыхание зимнего леса. В начале вас встречают морозный эвкалипт и перечная мята — освежающие аккорды, которые мгновенно пробуждают чувства и дарят ощущение чистоты. Ноты льда усиливают ощущение холодной прозрачности, а лаванда и белые цветы наполняют пространство мягкой цветочной нежностью и утонченностью. Минеральные оттенки добавляют глубины и остывающей энергии, а мускус и кедр создают насыщенную, землистую основу, придавая аромату стойкость и мужскую изысканность. Этот аромат — северная симфония свежести и прохлады, в которой чистота и сила собраны в каждом вдохе, пробуждая ощущение холодной красоты и внутренней силы.","Откройте деревянную крышку диффузора, уберите защитный колпачок. Плотно закройте обратно деревянной крышкой диффузор. Наклоните диффузор на 45-60 градусов и подержите пару секунд, крышка начнет пропитываться. Закрепите диффузор на зеркало заднего вида автомобиля или попробуйте использовать его в гардеробной или шкафу. Пропитывайте крышку по мере необходимости или 1 раз в неделю, чтобы аромат не терял насыщенность.",Россия,6
104,2026-09-29T19:59:08.498662,20260929_194226_044a0214,99000026920,parfjumerija/avtoparfjum,Maison Berger Paris,Zest of Vervena,Нет категории,1989.0,1989.0,0.0,1,0.0,https://goldapple.ru/99000026920-zest-of-vervena/,https://goldapple.ru/parfjumerija/avtoparfjum?p=6,"Сменные блоки (заправка) для автомобильного ароматизатора в дефлектор с ароматом Цедра Вербены от Maison Berger - это отличный подарок владельцу автомобиля любой марки: он подойдет как мужчине, так и женщине. В наборе два парфюмерных блока и подарочная коробочка. Сам диффузор для авто, который приобретается отдельно, выполнен в форме клипсы, крепящейся к вентиляционной решетке. Цедра Вербены - это аромат бодрости и энергии с нотками вербены и цитрусовыми аккордами аниса и цитрона, которые придают ему неповторимую свежесть и горчинку. Длительность ароматизации одного керамического блока для автопарфюма: до 8 недель. Многоразовый парфюм для машины станет декоративным и ароматическим украшением салона автомобиля.",Вставьте керамический парфюмированный блок в диффузор и закрепите диффузор на вентиляционной решетке при помощи специального крепления. Регулируйте интенсивность аромата с помощью системы вентиляции. Длительность ароматизации (один керамический блок): до 4-х недель.,Франция,6
105,2026-09-29T19:59:16.435590,20260929_194226_044a0214,99000110505,parfjumerija/avtoparfjum,Maison Berger Paris,cozy musk,Автодиффузор,3244.0,3244.0,0.0,1,0.0,https://goldapple.ru/99000110505-cozy-musk/,https://goldapple.ru/parfjumerija/avtoparfjum?p=6,"Автодиффузор в дефлектор из коллекции «Уют» от Maison Berger Paris — это отличный подарок владельцу автомобиля любой марки. Диффузор для авто выполнен с использованием округлых форм и мягких вырезов, напоминающих цветочные лепестки, а серебристая отделка делает его необыкновенно стильным и желанным подарком для любителей парфюмерии. Диффузор для авто выполнен в форме клипсы, которая крепится к вентиляционной решетке. В комплекте: диффузор-клипса, сменный блок с ароматом ""Уютный мускус"". ""Уютный мускус"" — минималистичная композиция, обволакивающая своим успокаивающим очарованием. Словно нежное прикосновение, пудровое и бархатистое. Прелюдия к мягкости начинается с тонкой ноты флердоранжа, обернутой лепестками ромашки. Аккорд белого мускуса приглашает вас закрыть глаза и наслаждаться каждым мгновением. Аромат, в котором гармонично сочетаются цветочная сладость и мускусная теплота. Длительность ароматизации одного керамического блока для автопарфюма: до 8 недель. Многоразовый парфюм для машины станет декоративным и ароматическим украшением салона автомобиля.",Вставьте керамический парфюмированный блок в диффузор и закрепите диффузор на вентиляционной решетке при помощи специального крепления. Регулируйте интенсивность аромата с помощью системы вентиляции. Длительность ароматизации (один керамический блок): до 4-х недель. Хранить вдали от детей и животных. Может вызвать аллергическую реакцию.,Франция,6
106,2026-09-29T19:59:26.367118,20260929_194226_044a0214,19000049483,parfjumerija/avtoparfjum,AROMA PRIME,№9 Enjoyment,Ароматизатор для дома и автомобиля,910.0,910.0,0.0,1,1.0,https://goldapple.ru/19000049483-no9-enjoyment/,https://goldapple.ru/parfjumerija/avtoparfjum?p=6,"AROMA PRIME Enjoyment/Наслаждение. Укутывает уютом и ароматом безупречного апельсинового фреша и свежеиспеченного шоколадного печенья из овсяной муки. Прекрасно вписывается в пасмурные будни. Есть те, кто думает, где лучше. Есть те, кто думает, что было или будет. Не думай, ведь ты здесь сейчас и это хорошо. Интенсивность: выше средней. Верхние ноты: Кофе, какао, бобы тонка. Средние ноты: Марокканский горький апельсин. Базовые ноты: Ваниль, сухофрукты.","1. Открутить деревянную крышку Удалить пластиковый аппликатор из горлышка Закрутить деревянную крышку, не прилагая значительных усилий Перевернуть флакон на 1-3 секунды для пропитывания крышки Разместить вертикально в салоне автомобиля или в помещении. Рекомендации: Для поддержания аромата в автомобиле рекомендуется переворачивать флакон раз в 2-3 дня. При использовании в салоне автомобиля, шнурок желательно делать покороче.",Россия,6
107,2026-09-29T19:59:33.314728,20260929_194226_044a0214,19000395977,parfjumerija/avtoparfjum,Dr. Vranjes Firenze,Rosa Tabacco,Рефил для ароматизатора,3600.0,3600.0,0.0,1,0.0,https://goldapple.ru/19000395977-rosa-tabacco/,https://goldapple.ru/parfjumerija/avtoparfjum?p=6,"Превратите каждую поездку в уникальное ольфакторное путешествие! Элегантный и нежный, как роза, теплый и неординарный, как ноты табака, Rosa Tabacco обладает комфортной и чувственной индивидуальностью. Композиция раскрывается нотами фиалки и апельсина, в сердце — деликатные пудровые оттенки розы, теплые, словно обволакивающие ноты табака и амбры, а в базе — умиротворяющая симфония на основе ванили, мускуса и сандалового дерева. Аромат, который очарует своей красотой и дерзостью. Сменный блок ароматизатора можно использовать с одним из трех фирменных диспенсеров: Хром, Никель, Карбон. Диспенсер отличает роскошный минималистичный дизайн и традиционная для бренда восьмиугольная форма, вдохновленная основанием купола знаменитого Флорентийского собора. Память, заключенная в ароматах – позвольте автопарфюму Dr. Vranjes Firenze сохранить воспоминания о вашем путешествии или возьмите с собой «частичку дома» с любимым ароматом бренда. Диспенсер приобретается отдельно.","Поместите рефил в диспенсер, убедившись, что логотип расположен снизу, затем закройте крышку дипенсера, повернув ее по часовой стрелке до щелчка, и поместите диспенсер на вентиляционной решетке автомобиля. Диспенсер приобретается отдельно. Работа ароматизатора возможна на трех уровнях интенсивности - используйте боковой рычаг на диспенсере для регулирования. Аромат раскрывается полностью при работе дефлектора на панели машины (печки, вентиляции, кондиционера, обдува, воздуховода) при подаче теплого воздуха.",Италия,6
108,2026-09-29T19:59:41.015932,20260929_194226_044a0214,99000184448,parfjumerija/avtoparfjum,Blesly,"sea salt, plum & musk",Автомобильный ароматизатор,519.0,519.0,0.0,1,0.0,https://goldapple.ru/99000184448-blesly-sea-salt-plum-musk/,https://goldapple.ru/parfjumerija/avtoparfjum?p=6,"Наравне с персональными ароматами, автопарфюмы стали неотъемлемой частью современной жизни. Использование ароматизаторов для авто — самый удобный и изящный способ придать салону приятный аромат. Для настоящих автолюбителей важен не только внешний вид их авто, но и атмосфера в нем. Насыщенные благородные ароматы BLESLY проникнут во все уголки авто, придадут салону насыщенный и элегантный аромат. Погрузитесь в роскошный мир тонких ароматов, где каждый нюанс раскрывается с изящной грациозностью. В начале вас окутывает свежесть петигрейна — цитрусового сияния, наполняющего пространство живостью и легкостью. Тонкая нота морской соли придает особую изюминку, пробуждая ассоциации с утренним бризом у морского берега. Вокруг раскрывается богатство винной сливы, добавляющей насыщенности и глубины, словно мягкое шелковистое бархатное покрывало. Нежные цветочные аккорды белой лилии влекут за собой чувственность и элегантность, плавно переходя в деликатную пудровую мягкость. Всё это украшено шелковистыми оттенками мускуса и теплым древесным ароматом сандала — основой гармонии, которая придает композиции стойкость и стойкое очарование.","Откройте деревянную крышку диффузора, уберите защитный колпачок. Плотно закройте обратно деревянной крышкой диффузор. Наклоните диффузор на 45-60 градусов и подержите пару секунд, крышка начнет пропитываться. Закрепите диффузор на зеркало заднего вида автомобиля или попробуйте использовать его в гардеробной или шкафу. Пропитывайте крышку по мере необходимости или 1 раз в неделю, чтобы аромат не терял насыщенность.",Россия,6
109,2026-09-29T19:59:49.054330,20260929_194226_044a0214,99000146438,parfjumerija/avtoparfjum,BY KAORI,FLEUR,Ароматический диффузор для авто,1490.0,1490.0,0.0,1,0.0,https://goldapple.ru/99000146438-by-kaori-fleur/,https://goldapple.ru/parfjumerija/avtoparfjum?p=6,"Стильный ароматический диффузор для вашего автомобиля не только наполнит салон приятным ароматом, но и станет идеальным декоративным дополнением авто. Ваши любимые ароматы будут с вами не только дома, но и в поездке. Аромат заполняет салон вашего автомобиля, помогая бороться с неприятным запахом, и создаёт особую атмосферу.","Открутите деревянную крышку с флакона. Снимите пластиковую заглушку. Плотно закрутите деревянную крышку флакона и плавно наклоняйте его в сторону, избегая проливания жидкости. На крышке появится характерное пятно — это значит, что крышка достаточно пропиталась. После этого обязательно плотно закройте флакон пластиковой заглушкой и деревянной крышкой во избежание протекания жидкости на приборную панель, салон и детали автомобиля. Регулируйте насыщенность аромата: Следите за размером характерного пятна — чем оно больше, тем насыщеннее будет аромат. Проверьте плотность прилегания деревянной крышки к флакону и разместите его в салоне. Чаще всего флакон размещают на зеркале заднего вида на лобовом стекле. Сделать это можно с помощью шнурков — просто завяжите крепкий узел и отрегулируйте подходящую для вас длину шнурков. Следите за тем, чтобы крышка флакона и сам флакон не соприкасались с пластиковыми элементами, а при движении флакон не касался лобового стекла. Учитывайте температуру в салоне автомобиля. При тёплой температуре аромат будет ярче, насыщеннее и распространится быстрее, чем при холодной. Наслаждайтесь приятным ароматом в салоне!",Россия,6
110,2026-09-29T19:59:57.314604,20260929_194226_044a0214,99000146452,parfjumerija/avtoparfjum,BY KAORI,LIME BASIL,Ароматический диффузор для авто,1490.0,1490.0,0.0,1,0.0,https://goldapple.ru/99000146452-by-kaori-lime-basil/,https://goldapple.ru/parfjumerija/avtoparfjum?p=6,"Стильный ароматический диффузор для вашего автомобиля не только наполнит салон приятным ароматом, но и станет идеальным декоративным дополнением авто. Ваши любимые ароматы будут с вами не только дома, но и в поездке. Аромат заполняет салон вашего автомобиля, помогая бороться с неприятным запахом, и создаёт особую атмосферу.","Открутите деревянную крышку с флакона. Снимите пластиковую заглушку. Плотно закрутите деревянную крышку флакона и плавно наклоняйте его в сторону, избегая проливания жидкости. На крышке появится характерное пятно — это значит, что крышка достаточно пропиталась. После этого обязательно плотно закройте флакон пластиковой заглушкой и деревянной крышкой во избежание протекания жидкости на приборную панель, салон и детали автомобиля. Регулируйте насыщенность аромата: Следите за размером характерного пятна — чем оно больше, тем насыщеннее будет аромат. Проверьте плотность прилегания деревянной крышки к флакону и разместите его в салоне. Чаще всего флакон размещают на зеркале заднего вида на лобовом стекле. Сделать это можно с помощью шнурков — просто завяжите крепкий узел и отрегулируйте подходящую для вас длину шнурков. Следите за тем, чтобы крышка флакона и сам флакон не соприкасались с пластиковыми элементами, а при движении флакон не касался лобового стекла. Учитывайте температуру в салоне автомобиля. При тёплой температуре аромат будет ярче, насыщеннее и распространится быстрее, чем при холодной. Наслаждайтесь приятным ароматом в салоне!",Россия,6
111,2026-09-29T20:00:05.712287,20260929_194226_044a0214,99000026912,parfjumerija/avtoparfjum,Maison Berger Paris,Paris Chic,Сменный блок для автодиффузора,1047.0,1047.0,0.0,1,0.0,https://goldapple.ru/99000026912-paris-chic/,https://goldapple.ru/parfjumerija/avtoparfjum?p=6,"Сменные блоки (заправка) для автомобильного ароматизатора в дефлектор с ароматом Парижский Шик - это отличный подарок владельцу автомобиля любой марки. В наборе два парфюмерных блока и подарочная коробочка. Сам диффузор для авто, который приобретается отдельно, выполнен в форме клипсы, крепящейся к вентиляционной решетке. Отправляйтесь в путешествие в Париж, не выходя из дома! Парижский Шик - это нежный цветочный аромат. Неповторимая парфюмерная композиция с тонкими цветочными аккордами открывает все богатство утонченных ароматов города влюбленных: жасмин, бергамот, роза, фиалка. Длительность ароматизации одного керамического блока для автопарфюма: до 8 недель. Многоразовый парфюм для машины станет декоративным и ароматическим украшением салона автомобиля.",Вставьте керамический парфюмированный блок в диффузор и закрепите диффузор на вентиляционной решетке при помощи специального крепления. Регулируйте интенсивность аромата с помощью системы вентиляции. Длительность ароматизации (один керамический блок): до 4-х недель.,Франция,6
112,2026-09-29T20:00:13.293484,20260929_194226_044a0214,99000026923,parfjumerija/avtoparfjum,Maison Berger Paris,Musk Flowers,Сменный блок для автодиффузора,1047.0,1047.0,0.0,1,0.0,https://goldapple.ru/99000026923-musk-flowers/,https://goldapple.ru/parfjumerija/avtoparfjum?p=6,"Сменные блоки (заправка) для автомобильного ароматизатора в дефлектор с ароматом Чувственный Букет - это отличный подарок владельцу автомобиля любой марки. В наборе два парфюмерных блока и подарочная коробочка. Сам диффузор для авто, который приобретается отдельно, выполнен в форме клипсы, крепящейся к вентиляционной решетке. Чувственный Букет - это цветочная композиция, чарующая своей женственностью и шармом. Уютные ноты иланг-иланга и туберозы открывают аромат, сменяясь соблазнительным ирисом. Элегантный жасмин и мускус завершают композицию, оставляя за собой незабываемый шлейф. Длительность ароматизации одного керамического блока для автопарфюма: до 8 недель. Многоразовый парфюм для машины станет декоративным и ароматическим украшением салона автомобиля.",Вставьте керамический парфюмированный блок в диффузор и закрепите диффузор на вентиляционной решетке при помощи специального крепления. Регулируйте интенсивность аромата с помощью системы вентиляции. Длительность ароматизации (один керамический блок): до 4-х недель.,Франция,6
113,2026-09-29T20:00:21.806174,20260929_194226_044a0214,19000049477,parfjumerija/avtoparfjum,AROMA PRIME,№3 Kindness,Нет категории,910.0,910.0,0.0,1,2.0,https://goldapple.ru/19000049477-no3-kindness/,https://goldapple.ru/parfjumerija/avtoparfjum?p=6,"AROMA PRIME Kindness/Доброта. Завораживающий. Подходит всем и каждому. Если к вам проявляли добро, значит и вы проявляли его. Доброта достойна всех, не только идеальных. Негатив слишком просто, возьми с собой настоящие чувства. Интенсивность: Средняя. Верхние ноты: Цедра лимона, Бергамот, Мята и Артемизия. Средние ноты: Лаванда, Герань, Зеленые ноты и Ананас. Базовые ноты: Белый кедр, Сандал, Бобы тонка и Древесный янтарь.","1. Открутить деревянную крышку Удалить пластиковый аппликатор из горлышка Закрутить деревянную крышку, не прилагая значительных усилий Перевернуть флакон на 1-3 секунды для пропитывания крышки Разместить вертикально в салоне автомобиля или в помещении. Рекомендации: Для поддержания аромата в автомобиле рекомендуется переворачивать флакон раз в 2-3 дня. При использовании в салоне автомобиля, шнурок желательно делать покороче.",Россия,6
114,2026-09-29T20:00:29.685585,20260929_194226_044a0214,99000026915,parfjumerija/avtoparfjum,Maison Berger Paris,Ocean Breeze,Нет категории,1396.0,1396.0,0.0,1,3.0,https://goldapple.ru/99000026915-ocean-breeze/,https://goldapple.ru/parfjumerija/avtoparfjum?p=6,"Сменные блоки (заправка) для автомобильного ароматизатора в дефлектор с ароматом Океанский бриз - это отличный подарок владельцу автомобиля любой марки. В наборе два парфюмерных блока и подарочная коробочка. Сам диффузор для авто, который приобретается отдельно, выполнен в форме клипсы, крепящейся к вентиляционной решетке. Океанский бриз - это освежающий коктейль фруктовых нот и аромат соленых брызг теплого побережья. Цветочные аккорды перенесут вас в райские сады южных стран, а морские нотки позволят почувствовать себя на отдыхе вблизи океана. Длительность ароматизации одного керамического блока для автопарфюма: до 8 недель. Многоразовый парфюм для машины станет декоративным и ароматическим украшением салона автомобиля.",Вставьте керамический парфюмированный блок в диффузор и закрепите диффузор на вентиляционной решетке при помощи специального крепления. Регулируйте интенсивность аромата с помощью системы вентиляции. Длительность ароматизации (один керамический блок): до 4-х недель.,Франция,6
115,2026-09-29T20:00:37.589282,20260929_194226_044a0214,99000026916,parfjumerija/avtoparfjum,Maison Berger Paris,AGAVES GARDEN,Сменный блок для автодиффузора,1047.0,1047.0,0.0,1,0.0,https://goldapple.ru/99000026916-agaves-garden/,https://goldapple.ru/parfjumerija/avtoparfjum?p=6,"Сменные блоки (заправка) для автомобильного ароматизатора в дефлектор с ароматом Сады Агавы - это отличный подарок владельцу автомобиля любой марки. В наборе два парфюмерных блока и подарочная коробочка. Сам диффузор для авто, который приобретается отдельно, выполнен в форме клипсы, крепящейся к вентиляционной решетке. Сады Агавы - это сочетание сладости и приятной терпкости. Разнообразие ольфактивных нот рождает удивительную гармонию: воздушные аккорды лимона, голубой агавы и кофе открывают аромат, сменяясь уверенным звучанием фиалки, фрезии и жимолости. Насладившись этой симфонией, вы улыбнетесь в конце, услышав в шлейфе деликатную ваниль и уютную амбру. Длительность ароматизации одного керамического блока для автопарфюма: до 8 недель. Многоразовый парфюм для машины станет декоративным и ароматическим украшением салона автомобиля.",Вставьте керамический парфюмированный блок в диффузор и закрепите диффузор на вентиляционной решетке при помощи специального крепления. Регулируйте интенсивность аромата с помощью системы вентиляции. Длительность ароматизации (один керамический блок): до 4-х недель.,Франция,6
116,2026-09-29T20:00:45.728103,20260929_194226_044a0214,99000026917,parfjumerija/avtoparfjum,Maison Berger Paris,aloe vera water,Сменный блок для автодиффузора,999.0,999.0,0.0,1,0.0,https://goldapple.ru/99000026917-white-bamboo/,https://goldapple.ru/parfjumerija/avtoparfjum?p=6,"Сменные блоки (заправка) для автомобильного ароматизатора в дефлектор с ароматом Сок Алоэ от Maison Berger - это отличный подарок владельцу автомобиля любой марки. В наборе два парфюмерных блока и подарочная коробочка. Сам диффузор для авто, который приобретается отдельно, выполнен в форме клипсы, крепящейся к вентиляционной решетке. Сок Алоэ - это симфония свежести и легкости с акватическими акцентами, напоминающая прогулку по морскому побережью. Алоэ Вера и листья бамбука искрятся чистотой, цитрусовые добавляют игривые нотки, прозрачные аккорды невинного лотоса и нежного ландыша звучат женственно и деликатно. Приятной теплоты добавляет сандаловый шлейф, смягченный белым мускусом и бобами тонка. Длительность ароматизации одного керамического блока для автопарфюма: до 8 недель. Многоразовый парфюм для машины станет декоративным и ароматическим украшением салона автомобиля.",Вставьте керамический парфюмированный блок в диффузор и закрепите диффузор на вентиляционной решетке при помощи специального крепления. Регулируйте интенсивность аромата с помощью системы вентиляции. Длительность ароматизации (один керамический блок): до 4-х недель.,Франция,6
117,2026-09-29T20:00:53.778989,20260929_194226_044a0214,99000026911,parfjumerija/avtoparfjum,Maison Berger Paris,Under the Olive Tree,Сменный блок для автодиффузора,1396.0,1396.0,0.0,1,0.0,https://goldapple.ru/99000026911-under-the-olive-tree/,https://goldapple.ru/parfjumerija/avtoparfjum?p=6,"Сменные блоки (заправка) для автомобильного ароматизатора в дефлектор с ароматом Оливковый венок - это отличный подарок владельцу автомобиля любой марки. В наборе два парфюмерных блока и подарочная коробочка. Сам диффузор для авто, который приобретается отдельно, выполнен в форме клипсы, крепящейся к вентиляционной решетке. Оливковый венок - это таинственная композиция, обволакивающая чарующими нотами Востока. Терпкие кожаные ноты сокрыты в благоухании жасмина, уверенного звучания уда и мирры. Сердце аромата сокрыто в тени пачулей. Необыкновенный вихрь ванили и мускуса соблазнительно завершает аромат. Длительность ароматизации одного керамического блока для автопарфюма: до 8 недель. Многоразовый парфюм для машины станет декоративным и ароматическим украшением салона автомобиля.",Вставьте керамический парфюмированный блок в диффузор и закрепите диффузор на вентиляционной решетке при помощи специального крепления. Регулируйте интенсивность аромата с помощью системы вентиляции. Длительность ароматизации (один керамический блок): до 4-х недель.,Франция,6
118,2026-09-29T20:01:02.721665,20260929_194226_044a0214,99000026907,parfjumerija/avtoparfjum,Maison Berger Paris,Coconut Monoi,Сменный блок для автодиффузора,1989.0,1989.0,0.0,1,0.0,https://goldapple.ru/99000026907-coconut-monoi/,https://goldapple.ru/parfjumerija/avtoparfjum?p=6,"Сменные блоки (заправка) для автомобильного ароматизатора в дефлектор с ароматом Тропический кокос от Maison Berger - это отличный подарок владельцу автомобиля любой марки. В наборе два парфюмерных блока и подарочная коробочка. Сам диффузор для авто, который приобретается отдельно, выполнен в форме клипсы, крепящейся к вентиляционной решетке. Тропический кокос - солнечный, теплый и сладкий аромат, напоминающий тропические песчаные пляжи. Аромат начинается сочно и вкусно, с коктейля из цедры зеленого апельсина и мандарина. Нота сердца раскрывает солнечный аромат туберозы, подчеркнутый нежной цветочной гранью флердоранжа. Базовая нота раскрывается нежными стручками ванили и утоляющей жажду кокосовой водой. Впечатляющий коктейль из сладких и солнечных фруктов. Длительность ароматизации одного керамического блока для автопарфюма: до 8 недель. Многоразовый парфюм для машины станет декоративным и ароматическим украшением салона автомобиля.",Вставьте керамический парфюмированный блок в диффузор и закрепите диффузор на вентиляционной решетке при помощи специального крепления. Регулируйте интенсивность аромата с помощью системы вентиляции. Длительность ароматизации (один керамический блок): до 4-х недель.,Франция,6
119,2026-09-29T20:01:11.066391,20260929_194226_044a0214,99000026909,parfjumerija/avtoparfjum,Maison Berger Paris,Water Mint,Сменный блок для автодиффузора,1989.0,1989.0,0.0,1,0.0,https://goldapple.ru/99000026909-water-mint/,https://goldapple.ru/parfjumerija/avtoparfjum?p=6,"Сменные блоки (заправка) для автомобильного ароматизатора в дефлектор с ароматом Мятная свежесть от Maison Berger - это отличный подарок владельцу автомобиля любой марки. В наборе два парфюмерных блока и подарочная коробочка. Сам диффузор для авто, который приобретается отдельно, выполнен в форме клипсы, крепящейся к вентиляционной решетке. Мятная свежесть - насыщение кислородом в больших зеленых насаждениях. Современный, свежий аромат с ярко выраженным оттенком натуральности наполняет нас радостью и позитивом. Под своей буколической атмосферой этот яркий свежий аромат вызывает сильные эмоции. Вновь обретенный одеколонный дух окутывается цветочной вуалью, а затем переходит в очарование жимолости и свежих трав. Тонизирующий аромат, экстравагантный, свежий, которым можно наслаждаться без меры. Длительность ароматизации одного керамического блока для автопарфюма: до 8 недель. Многоразовый парфюм для машины станет декоративным и ароматическим украшением салона автомобиля.",Вставьте керамический парфюмированный блок в диффузор и закрепите диффузор на вентиляционной решетке при помощи специального крепления. Регулируйте интенсивность аромата с помощью системы вентиляции. Длительность ароматизации (один керамический блок): до 4-х недель.,Франция,6
120,2026-09-29T20:01:19.190447,20260929_194226_044a0214,99000026919,parfjumerija/avtoparfjum,Maison Berger Paris,Black Angelica,Сменный блок для автодиффузора,1989.0,1989.0,0.0,1,0.0,https://goldapple.ru/99000026919-black-angelica/,https://goldapple.ru/parfjumerija/avtoparfjum?p=6,"Сменные блоки (заправка) для автомобильного ароматизатора в дефлектор с ароматом Черная Ангелика - это отличный подарок владельцу автомобиля любой марки. В наборе два парфюмерных блока и подарочная коробочка. Сам диффузор для авто, который приобретается отдельно, выполнен в форме клипсы, крепящейся к вентиляционной решетке. Черная Ангелика - это чувственный аромат, созданный на игре контрастов восточной мелодии и нежных цветочных аккордов. Благородные ноты редкой черной ангелики пленят своим восточным звучанием, унося в сладкий омут ванили и пьянящего сочетания амбры и сандала. Длительность ароматизации одного керамического блока для автопарфюма: до 8 недель. Многоразовый парфюм для машины станет декоративным и ароматическим украшением салона автомобиля.",Вставьте керамический парфюмированный блок в диффузор и закрепите диффузор на вентиляционной решетке при помощи специального крепления. Регулируйте интенсивность аромата с помощью системы вентиляции. Длительность ароматизации (один керамический блок): до 4-х недель.,Франция,6
121,2026-09-29T20:01:37.323025,20260929_194226_044a0214,19000032336,parfjumerija/avtoparfjum,Esteban Paris Parfums,cedre,Авто Диффузор,3094.0,3094.0,0.0,1,5.0,https://goldapple.ru/19000032336-cedre/,https://goldapple.ru/parfjumerija/avtoparfjum?p=7,"Теперь вы можете использовать свой любимый аромат Estéban и для ароматизации автомобиля. Автомобильный диффузор с ароматом Кедр удивит вас бодрящим древесно-хвойном звучанием. Выраженные древесные ноты кедра и сандала подчеркиваются гвоздикой, пачули и ванилью. Чувственная и яркая композиция понравится не только женщинам, ее по достоинству оценят и мужчины за мощную позитивную энергетику. Все автомобильные диффузоры и сменные керамические блоки для них произведены во Франции. Длительность ароматизации (один керамический блок): до 4-х недель.","Рекомендации по использованию и установке: 1. Вставьте керамический парфюмированный блок в диффузор, подсоедините к нему крепление для вентиляционной решетки; Закрепите диффузор на вентиляционной решетке при помощи специального крепления; 3. Регулируйте интенсивность аромата с помощью системы вентиляции.",Франция,7
122,2026-09-29T20:01:44.437831,20260929_194226_044a0214,19000032337,parfjumerija/avtoparfjum,Esteban Paris Parfums,teck & tonka,Авто Диффузор,3094.0,3094.0,0.0,1,0.0,https://goldapple.ru/19000032337-teck-tonka/,https://goldapple.ru/parfjumerija/avtoparfjum?p=7,"Теперь вы можете использовать свой любимый аромат Estéban и для ароматизации автомобиля. Автомобильный диффузор с ароматом Тек и Тонка сочетает в себе все богатство ароматов Африки. Этот аромат рассказывает историю загадочного африканского континента: корица, мускат, гвоздика…  Тек и тонка воссоздает необыкновенную парфюмерную композицию и приглашает Вас в одно из самых красивых путешествий в мир ароматов. Все автомобильные диффузоры и сменные керамические блоки для них произведены во Франции. Длительность ароматизации (один керамический блок): до 4-х недель.","Рекомендации по использованию и установке: 1. Вставьте керамический парфюмированный блок в диффузор, подсоедините к нему крепление для вентиляционной решетки; Закрепите диффузор на вентиляционной решетке при помощи специального крепления; 3. Регулируйте интенсивность аромата с помощью системы вентиляции.",Франция,7
123,2026-09-29T20:01:52.434504,20260929_194226_044a0214,19000032325,parfjumerija/avtoparfjum,Esteban Paris Parfums,figue noire,Нет категории,3094.0,3094.0,0.0,1,0.0,https://goldapple.ru/19000032325-figue-noire/,https://goldapple.ru/parfjumerija/avtoparfjum?p=7,"Теперь вы можете использовать свой любимый аромат Estéban и для ароматизации автомобиля. 
Все автомобильные диффузоры и сменные керамические блоки для них произведены во Франции. Длительность ароматизации (один керамический блок): до 4-х недель.
«Черный Инжир» - это тонкая древесная композиция с сочными фруктовыми аккордами - ода Средиземноморью. Верхние ноты состоят из аккордов черного инжира и листьев фиалки. В нотах сердца - инжирное дерево и сандал. Завершается композиция лабданумом и мускусным аккордом.","Рекомендации по использованию и установке: 1. Вставьте керамический парфюмированный блок в диффузор, подсоедините к нему крепление для вентиляционной решетки; Закрепите диффузор на вентиляционной решетке при помощи специального крепления; 3. Регулируйте интенсивность аромата с помощью системы вентиляции.",Франция,7
124,2026-09-29T20:02:00.751385,20260929_194226_044a0214,19000032324,parfjumerija/avtoparfjum,Esteban Paris Parfums,neroli,Нет категории,3094.0,3094.0,0.0,1,0.0,https://goldapple.ru/19000032324-neroli/,https://goldapple.ru/parfjumerija/avtoparfjum?p=7,"Теперь вы можете использовать свой любимый аромат Estéban и для ароматизации автомобиля. 
Все автомобильные диффузоры и сменные керамические блоки для них произведены во Франции. Длительность ароматизации (один керамический блок): до 4-х недель.
Аромат «Нероли» - это нежный букет белоснежных цветов. Тонкая, согревающая парфюмерная композиция.","Рекомендации по использованию и установке: 1. Вставьте керамический парфюмированный блок в диффузор, подсоедините к нему крепление для вентиляционной решетки; Закрепите диффузор на вентиляционной решетке при помощи специального крепления; 3. Регулируйте интенсивность аромата с помощью системы вентиляции.",Франция,7
125,2026-09-29T20:02:10.099727,20260929_194226_044a0214,99000026914,parfjumerija/avtoparfjum,Maison Berger Paris,Cotton Caress,Сменный блок для автодиффузора,1047.0,1047.0,0.0,1,0.0,https://goldapple.ru/99000026914-cotton-caress/,https://goldapple.ru/parfjumerija/avtoparfjum?p=7,"Сменные блоки (заправка) для автомобильного ароматизатора в дефлектор с ароматом Нежность хлопка - это отличный подарок владельцу автомобиля любой марки. В наборе два парфюмерных блока и подарочная коробочка. Сам диффузор для авто, который приобретается отдельно, выполнен в форме клипсы, крепящейся к вентиляционной решетке. Нежность хлопка - это мягкий пудровый аромат. Нежные цветы сливаются в уютную симфонию с нотами чистоты. Лепестки роз и тепло цветов апельсина в сердце аромата сменяются медовой ванилью и белым мускусом, оставляя чувство легкости и свежести. Длительность ароматизации одного керамического блока для автопарфюма: до 8 недель. Многоразовый парфюм для машины станет декоративным и ароматическим украшением салона автомобиля.",Вставьте керамический парфюмированный блок в диффузор и закрепите диффузор на вентиляционной решетке при помощи специального крепления. Регулируйте интенсивность аромата с помощью системы вентиляции. Длительность ароматизации (один керамический блок): до 4-х недель.,Франция,7
126,2026-09-29T20:02:18.427571,20260929_194226_044a0214,19000032334,parfjumerija/avtoparfjum,Esteban Paris Parfums,iris cachemire,Авто Диффузор,3094.0,3094.0,0.0,1,0.0,https://goldapple.ru/19000032334-iris-cachemire/,https://goldapple.ru/parfjumerija/avtoparfjum?p=7,"Теперь вы можете использовать свой любимый аромат Estéban и для ароматизации автомобиля. 
Все автомобильные диффузоры и сменные керамические блоки для них произведены во Франции. Длительность ароматизации (один керамический блок): до 4-х недель. 
Композиция столь неожиданная и одновременно элегантная, где растительные ноты переплетаются с величественными и пудровыми аккордами ириса. Свежие зеленые верхние ноты с аккордами листьев фиалки, подчеркнутые пряной цедрой мандарина, пробуждают чувства. Ноты сердца вобрали в себя все благородство ириса, подчеркнутого неожиданным и бархатным оттенком абрикоса. В базовых нотах сочетаются мускус, древесная нежность и бобы Тонка.","Рекомендации по использованию и установке: 1. Вставьте керамический парфюмированный блок в диффузор, подсоедините к нему крепление для вентиляционной решетки; Закрепите диффузор на вентиляционной решетке при помощи специального крепления; 3. Регулируйте интенсивность аромата с помощью системы вентиляции.",Франция,7
127,2026-09-29T20:02:25.637181,20260929_194226_044a0214,19000090587,parfjumerija/avtoparfjum,MEDORI,Black Crystal,Ароматизатор для автомобиля,277.0,277.0,0.0,0,4.6,https://goldapple.ru/19000090587-black-crystal/,https://goldapple.ru/parfjumerija/avtoparfjum?p=7,"Керамический ароматизатор. BLACK CRYSTAL. Содержит ноты: гвоздики, кедрового дерева, грейпфрута, базилика, листьев фиалки, черной смородины, мускуса. Безупречно передает весь спектр нот ароматической композиции, благодаря меловой основе аромат не ""искажается"". Керамика мягко источает аромат, в используемом пространстве. Инновационное магнитное крепление, позволит легко и быстро поменять ароматизатор, на другой аромат, не снимая установленный держатель. Парфюмированный ароматизатор ненавязчиво передаст весь букет ярких и приятных нот, а также, погрузит Вас в атмосферу роскоши и шика. Экологичный и качественный подарок близким.",В салоне автомобиля.,Россия,7
128,2026-09-29T20:02:33.400577,20260929_194226_044a0214,99000116780,parfjumerija/avtoparfjum,AREA|HOME,Dubai,ароматизатор для авто,495.0,495.0,0.0,0,5.0,https://goldapple.ru/99000116780-dubai/,https://goldapple.ru/parfjumerija/avtoparfjum?p=7,"- Насыщенный, изысканный аромат. - Стойкость аромата — наслаждайтесь ароматом долгое время. - Эксклюзивная упаковка — идеальный подарок для коллег, друзей и близких. Аромат Dubai. Этот восточный аромат будет вызывать восхищение у всех, кто его услышит. Элитный древесный аромат с пудровыми нотами соприкоснет вас с восточным колоритом Дубая. Теплый, пряный аромат черного перца в сочетании с глубокими дымными нотами ветивера придадут особенность пространству, а благородная амбра и нероли оставят незабываемы.й шлейф. В интернет-магазине представлен актуальный дизайн продукта. Обращаем внимание, возможно поступление товара в старом дизайне.","1. Открутите крышку, удалите защитную пробку. 2. Закрутите крышку и переверните флакон вверх дном не более чем на 5 секунд, пока крышка не пропитается небольшим количеством жидкости. 3. Верните в обратное положение и повесьте за шнурок в необходимом месте. 4. Использование флакона возможно только в вертикальном положении.",Россия,7
129,2026-09-29T20:02:41.746863,20260929_194226_044a0214,99000078614,parfjumerija/avtoparfjum,YM INTERIOR,Whiskey Vanilla,Автопарфюм-диффузор,490.0,490.0,0.0,0,5.0,https://goldapple.ru/99000078614-whiskey-vanilla/,https://goldapple.ru/parfjumerija/avtoparfjum?p=7,"Древесный аромат, опирающийся на базу дыма, ванили и насыщенного виски, дарит ощущение роскоши и гармонии. Белый дуб и ваниль создают уютную атмосферу благодаря сложному сочетанию теплых и пряных нот. Содержит натуральные эфирные масла листа кассии, листа гвоздики, корня имбиря и виноградного листа.","Для использования диффузора необходимо: Удалить защитный колпачок. Плотно завернуть деревянную крышку диффузора. Аккуратно наклонить диффузор и пропитать несколько секунд крышку. Повесить диффузор на зеркало заднего вида или солнцезащитный козырёк, оставив достаточно длины для амортизации. Переворачивать диффузор по мере необходимости.",Россия,7
130,2026-09-29T20:02:50.490527,20260929_194226_044a0214,19000090638,parfjumerija/avtoparfjum,MEDORI,Black opium,Ароматизатор для автомобиля,328.0,328.0,0.0,0,4.4,https://goldapple.ru/19000090638-black-opium/,https://goldapple.ru/parfjumerija/avtoparfjum?p=7,"Ароматизатор бутылочка подвесной, в блистере, для автомобиля.",В салоне автомобиля.,Россия,7
131,2026-09-29T20:02:58.613968,20260929_194226_044a0214,19000049473,parfjumerija/avtoparfjum,AROMA PRIME,№1 Freedom,Ароматизатор для дома и автомобиля,910.0,910.0,0.0,0,4.0,https://goldapple.ru/19000049473-no1-freedom/,https://goldapple.ru/parfjumerija/avtoparfjum?p=7,"AROMA PRIME Freedom/Свобода. Такой яркий и свежий, как прыжок в кристально чистую воду. Почувствуйте, как пузырьки воздуха окутывают вас воде – это и есть свобода. Когда у вас уже есть так много, разве можно хотеть что-то еще? Интенсивность: Высокая. Верхние ноты: Мандарин, Мята. Средние ноты: Цветок гавайского имбиря, Цитрусы. Базовые ноты: Ветивер, Амбра, Ноты воды.","1. Открутить деревянную крышку Удалить пластиковый аппликатор из горлышка Закрутить деревянную крышку, не прилагая значительных усилий Перевернуть флакон на 1-3 секунды для пропитывания крышки Разместить вертикально в салоне автомобиля или в помещении. Рекомендации: Для поддержания аромата в автомобиле рекомендуется переворачивать флакон раз в 2-3 дня. При использовании в салоне автомобиля, шнурок желательно делать покороче.",Россия,7
132,2026-09-29T20:03:06.894863,20260929_194226_044a0214,99000034909,parfjumerija/avtoparfjum,Plamelia,set №3,Ароматизатор в машину,1199.0,1199.0,0.0,0,5.0,https://goldapple.ru/99000034909-set-no3/,https://goldapple.ru/parfjumerija/avtoparfjum?p=7,"Набор состоит из пяти флаконов в каждом по 7 мл. PLAMELIA CAR PERFUME. Для тех, кто понимает! Устали от примитивных и однодневных ароматизаторов? Мы предлагаем Вам нечто большее — наш легендарный парфюм Plamelia Car Perfume! Это уникальный аромат, который одновременно кажется знакомым и ненавязчивым. Он заключен в элегантный стеклянный флакон с деревянным колпачком, что придает ему особую глубину и изысканность. Набор №3: Bottled Six, Tabacco Vanilla, White Croco, Dark Opium, Lucky Cherry.","1. Вариант использования • Открутите деревянную крышку. Извлеките пластиковую заглушку. Аккуратно закрутите деревянную крышку обратно. • Переверните флакон на 45-60 градусов на несколько секунд плотно прижимая веревочки к поверхности крышки, чтобы ароматическая жидкость пропитала крышку (именно крышка будет отдавать аромат) • Разместите автопарфюм в салоне автомобиля. • Наслаждайтесь ароматом! *Если заметили, что автопарфюм перестал пахнуть, вновь переверните его на несколько секунд, плотно прижимая веревочки к деревянной поверхности. 2. Вариант использования: • Открутите деревянную крышку. Извлеките пластиковую заглушку из флакона и веревочки из деревянной крышки. • Наденьте прищепку из набора на флакон. Аккуратно закрутите деревянную крышку обратно. Вставьте в образовавшиеся отверстия в крышке фибропалочки. • Разместите автопарфюм в салоне автомобиля, повесив его на дифлекрот с помощью специальной прищепки. • Наслаждайтесь ароматом *При применении данного варианта использования, автопарфюм расходуется быстрее, нежели в первом варианте применения.",Россия,7
133,2026-09-29T20:03:14.292648,20260929_194226_044a0214,99000026897,parfjumerija/avtoparfjum,Maison Berger Paris,Wilderness,Нет категории,3743.0,3743.0,0.0,0,5.0,https://goldapple.ru/99000026897-wilderness/,https://goldapple.ru/parfjumerija/avtoparfjum?p=7,"Автомобильный ароматизатор модели ""Соты"" в черном цвете в дефлектор из коллекции ""Иллюзия"" от Maison Berger - это отличный подарок владельцу автомобиля любой марки. Диффузор для авто выполнен в форме клипсы, которая крепится к вентиляционной решетке. В комплекте: диффузор-клипса, сменный блок с ароматом Дикие земли. В парфюмерии березу используют в мужских ароматах для имитации нот кожи. Ее аромат наполнен теплом и напоминает запах дыма, а ее использование в ольфактивной пирамиде придает аромату индивидуальность. Листья томата дополняют ноты грейпфрута и цитрусовые аккорды. Пачули и древесина белой березы подчеркивают темперамент, а дубовый мох добавляет мужественности и чувственности. Длительность ароматизации одного керамического блока для автопарфюма: до 8 недель. Многоразовый парфюм для машины станет декоративным и ароматическим украшением салона автомобиля.",Вставьте керамический парфюмированный блок в диффузор и закрепите диффузор на вентиляционной решетке при помощи специального крепления. Регулируйте интенсивность аромата с помощью системы вентиляции. Длительность ароматизации (один керамический блок): до 4-х недель. Хранить вдали от детей и животных. Может вызвать аллергическую реакцию.,Франция,7
134,2026-09-29T20:03:22.973753,20260929_194226_044a0214,19000395978,parfjumerija/avtoparfjum,Dr. Vranjes Firenze,Rosso Nobile,Нет категории,3600.0,3600.0,0.0,0,4.0,https://goldapple.ru/19000395978-rosso-nobile/,https://goldapple.ru/parfjumerija/avtoparfjum?p=7,"Превратите каждую поездку в уникальное ольфакторное путешествие по неповторимой Тоскане и позвольте себе насладиться ароматом красного вина с холмов Кьянти с едва ощутимыми аккордами клубники и лесных ягод, переплетающимися с чуть шершавыми, дымными и теплыми нотами дуба и березовой древесины, которые отсылают к прославленным на весь мир винам в драгоценных дубовых бочках. Главный бестселлер Dr. Vranjes Firenze с насыщенным, ярким и утонченным ароматом, созвучным благородному красному вину, одному из ключевых символов Италии. Совершенное сочетание нот оформление превращает Rosso Nobile в настоящий символ роскоши, непревзойденного стиля и благополучия. Сменный блок ароматизатора можно использовать с одним из трех фирменных диспенсеров: Хром, Никель, Карбон. Диспенсер отличает роскошный минималистичный дизайн и традиционная для бренда восьмиугольная форма, вдохновленная основанием купола знаменитого Флорентийского собора. Память, заключенная в ароматах – позвольте автопарфюму Dr. Vranjes Firenze сохранить воспоминания о вашем путешествии или возьмите с собой «частичку дома» с любимым ароматом бренда. Диспенсер приобретается отдельно.","Поместите рефил в диспенсер, убедившись, что логотип расположен снизу, затем закройте крышку дипенсера, повернув ее по часовой стрелке до щелчка, и поместите диспенсер на вентиляционной решетке автомобиля. Диспенсер приобретается отдельно. Работа ароматизатора возможна на трех уровнях интенсивности - используйте боковой рычаг на диспенсере для регулирования. Аромат раскрывается полностью при работе дефлектора на панели машины (печки, вентиляции, кондиционера, обдува, воздуховода) при подаче теплого воздуха.",Италия,7
135,2026-09-29T20:03:31.636676,20260929_194226_044a0214,19000216522,parfjumerija/avtoparfjum,AiryCandles,TOBACCO&VANILLA,Автопарфюм,800.0,800.0,0.0,0,4.5,https://goldapple.ru/19000216522-tobacco-vanilla/,https://goldapple.ru/parfjumerija/avtoparfjum?p=7,"Покоряющий аромат благополучия и достатка, соединяющий восточные и кожано-древесные ноты. Терпкие ноты листьев табака плавно раскрываются со сладкими нотами бурбонской ванили и какао. Завершают композицию древесные аккорды с мягкими нотами специй. AiryСandles это российский бренд ароматической продукции созданной вручную с использованием экологичных и безопасных материалов. Стильный дизайн автопарфюма подчеркнёт пространство автомобиля и наполнит мягким ароматом.","• Открутите деревянную крышку • Извлеките пластиковую заглушку. • Аккуратно закрутите деревянную крышку обратно. • Переверните флакон на 45-60 градусов на несколько секунд плотно прижимая веревочки к поверхности крышки, чтобы ароматическая жидкость пропитала крышку (именно крышка будет отдавать аромат) • Разместите автодиффузор в салоне автомобиля. • Если заметили, что автодиффузор перестал пахнуть, вновь переверните его на несколько секунд, плотно прижимая веревочки к деревянной поверхности. • Автодиффузором также можно ароматизировать небольшие помещения, площадью до 3 м2 ЗАПРЕЩЕНО использование в пищевых целях. Только для наружного применения! Избегать проливания маслянистой жидкости. В случае попадания жидкости на любую поверхность, убрать жидкость мыльным раствором .",Россия,7
136,2026-09-29T20:03:45.868297,20260929_194226_044a0214,99000026900,parfjumerija/avtoparfjum,Maison Berger Paris,Exquisite Sparkle,Автодиффузор,2994.0,2994.0,0.0,0,5.0,https://goldapple.ru/99000026900-exquisite-sparkle/,https://goldapple.ru/parfjumerija/avtoparfjum?p=7,"Серебристый автодиффузор с женственным дизайном в дефлектор из коллекции ""Лилли"" от Maison Berger - это отличный подарок владельцу автомобиля любой марки. Диффузор для авто выполнен в форме клипсы, которая крепится к вентиляционной решетке. В комплекте: диффузор-клипса, сменный блок с ароматом-бестселлером Брызги Шампанского. Бергамот считается одним из ароматных сокровищ Калабрии, южного региона Италии. Цитрусовый, освежающий аромат переносит нас на солнечные средиземноморские берега. Аромат открывается верхними нотами мандарина и апельсина в сочетании с кардамоном. Ноты сердца позволяют ощутить исключительную свежесть бергамота, а базовые ноты состоят из нежных цветочных аккордов флердоранжа и жасмина. Длительность ароматизации одного керамического блока для автопарфюма: до 8 недель. Многоразовый парфюм для машины станет декоративным и ароматическим украшением салона автомобиля.",Вставьте керамический парфюмированный блок в диффузор и закрепите диффузор на вентиляционной решетке при помощи специального крепления. Регулируйте интенсивность аромата с помощью системы вентиляции. Длительность ароматизации (один керамический блок): до 4-х недель. Хранить вдали от детей и животных. Может вызвать аллергическую реакцию.,Франция,7
137,2026-09-29T20:03:52.784707,20260929_194226_044a0214,19000216528,parfjumerija/avtoparfjum,AiryCandles,CASTLE,Автопарфюм,800.0,800.0,0.0,0,4.5,https://goldapple.ru/19000216528-castle/,https://goldapple.ru/parfjumerija/avtoparfjum?p=7,Строгий древесный аромат можжевельника со специями влюбляет поклонников красивых удовых композиций. Многогранность аромату придают яркие акценты благородного кедра и пачули. AiryСandles это российский бренд ароматической продукции созданной вручную с использованием экологичных и безопасных материалов. Стильный дизайн автопарфюма подчеркнёт пространство автомобиля и наполнит мягким ароматом.,"• Открутите деревянную крышку • Извлеките пластиковую заглушку. • Аккуратно закрутите деревянную крышку обратно. • Переверните флакон на 45-60 градусов на несколько секунд плотно прижимая веревочки к поверхности крышки, чтобы ароматическая жидкость пропитала крышку (именно крышка будет отдавать аромат) • Разместите автодиффузор в салоне автомобиля. • Если заметили, что автодиффузор перестал пахнуть, вновь переверните его на несколько секунд, плотно прижимая веревочки к деревянной поверхности. • Автодиффузором также можно ароматизировать небольшие помещения, площадью до 3 м2 ЗАПРЕЩЕНО использование в пищевых целях. Только для наружного применения! Избегать проливания маслянистой жидкости. В случае попадания жидкости на любую поверхность, убрать жидкость мыльным раствором .",Россия,7
138,2026-09-29T20:04:01.806705,20260929_194226_044a0214,19000049475,parfjumerija/avtoparfjum,AROMA PRIME,№11 Succes,Ароматизатор для дома и автомобиля,910.0,910.0,0.0,0,4.3,https://goldapple.ru/19000049475-no11-succes/,https://goldapple.ru/parfjumerija/avtoparfjum?p=7,"AROMA PRIME Success/Успех. Сексуален, неповторим, но достижим. Способность шагать вперед несмотря ни на что. Многие ломаются так близко, даже не подозревая как близок был успех. Никогда не сдавайтесь. Пронесите вашу мечту сквозь все испытания. Успех — это ещё не точка, неудача — это ещё не конец. Интенсивность: Высокая. Верхние ноты: груша, лист черной смородины, малина, маракуйя, персик. Средние ноты: ландыш. Базовые ноты: ваниль, гелиотроп, мускус, пачули, сандал.","1. Открутить деревянную крышку Удалить пластиковый аппликатор из горлышка Закрутить деревянную крышку, не прилагая значительных усилий Перевернуть флакон на 1-3 секунды для пропитывания крышки Разместить вертикально в салоне автомобиля или в помещении. Рекомендации: Для поддержания аромата в автомобиле рекомендуется переворачивать флакон раз в 2-3 дня. При использовании в салоне автомобиля, шнурок желательно делать покороче.",Россия,7
139,2026-09-29T20:04:09.162847,20260929_194226_044a0214,99000035067,parfjumerija/avtoparfjum,Plamelia,DARK OPIUM,Автопарфюм,349.0,349.0,0.0,0,4.3,https://goldapple.ru/99000035067-dark-opium/,https://goldapple.ru/parfjumerija/avtoparfjum?p=7,"Устали от примитивных и однодневных ароматизаторов? Мы предлагаем Вам нечто большее — наш легендарный парфюм Plamelia Car Perfume! Это уникальный аромат, который одновременно кажется знакомым и ненавязчивым. Он заключен в элегантный стеклянный флакон с деревянным колпачком, что придает ему особую глубину и изысканность.","1. Вариант использования Открутите деревянную крышку. Извлеките пластиковую заглушку. Аккуратно закрутите деревянную крышку обратно. Переверните флакон на 45-60 градусов на несколько секунд плотно прижимая веревочки к поверхности крышки, чтобы ароматическая жидкость пропитала крышку (именно крышка будет отдавать аромат) Разместите автопарфюм в салоне автомобиля. Наслаждайтесь ароматом! *Если заметили, что автопарфюм перестал пахнуть, вновь переверните его на несколько секунд, плотно прижимая веревочки к деревянной поверхности. Вариант использования: Открутите деревянную крышку. Извлеките пластиковую заглушку из флакона и веревочки из деревянной крышки. Наденьте прищепку из набора на флакон. Аккуратно закрутите деревянную крышку обратно. Вставьте в образовавшиеся отверстия в крышке фибропалочки. Разместите автопарфюм в салоне автомобиля, повесив его на дифлекрот с помощью специальной прищепки. Наслаждайтесь ароматом *При применении данного варианта использования, автопарфюм расходуется быстрее, нежели в первом варианте применения.",Россия,7
140,2026-09-29T20:04:17.831461,20260929_194226_044a0214,19000302271,parfjumerija/avtoparfjum,GLOTOK,Black Sea,Автопарфюм,532.0,532.0,0.0,0,5.0,https://goldapple.ru/19000302271-black-sea/,https://goldapple.ru/parfjumerija/avtoparfjum?p=7,"Автопарфюм от GLOTOK- аксессуар для вашего автомобиля, стильный ароматизатор в машину, который украсит салон и наполнит его вашими любимыми ароматами. Чёрное море» похож на элитный унисекс парфюм природного происхождения, который интригует каждого своим таинственным ароматом. Жидкость в банке не содержит спирта и изготовлена из отдушек произведенных во США. Диффузор можно использовать не только в машине, но и в качестве освежителя воздуха для туалета, дома, шкафа или офиса. Крышка из бука имеет пористую структуру, которая пропитывается парфюмерной композицией и источает приятный аромат, дающий эфирные масла. Наш автопарфюм— это так же праздничная упаковка, которая добавит настроения и сделает ваши подарки по-настоящему запоминающимся.","Открутите деревянную крышку, достаньте защитную пломбу. После этого закройте флакон деревянной крышкой и переверните, закрываем пальцами дырочки для отверстий. Поддержите в таком положении флакон около минуты и наслаждайтесь ароматом.",Россия,7
141,2026-09-29T20:04:38.994971,20260929_194226_044a0214,19000302272,parfjumerija/avtoparfjum,GLOTOK,Pure cotton,Автопарфюм,532.0,532.0,0.0,0,4.2,https://goldapple.ru/19000302272-pure-cotton/,https://goldapple.ru/parfjumerija/avtoparfjum?p=8,"Автопарфюм от GLOTOK- аксессуар для вашего автомобиля, стильный ароматизатор в машину, который украсит салон и наполнит его вашими любимыми ароматами. Диффузор ""Чистый хлопок"" это достаточно резкий и концентрированный аромат свежего и чистого белья после стирки. Аромат ассоциируется с чистотой и уютом. Жидкость в банке не содержит спирта и изготовлена из отдушек произведенных во США. Диффузор можно использовать не только в машине, но и в качестве освежителя воздуха для туалета, дома, шкафа или офиса. Крышка из бука имеет пористую структуру, которая пропитывается парфюмерной композицией и источает приятный аромат, дающий эфирные масла. Наш автопарфюм— это так же праздничная упаковка, которая добавит настроения и сделает ваши подарки по-настоящему запоминающимся.","Открутите деревянную крышку, достаньте защитную пломбу. После этого закройте флакон деревянной крышкой и переверните, закрываем пальцами дырочки для отверстий. Поддержите в таком положении флакон около минуты и наслаждайтесь ароматом.",Россия,8
142,2026-09-29T20:04:46.970057,20260929_194226_044a0214,19000049480,parfjumerija/avtoparfjum,AROMA PRIME,№6 Inspiration,Ароматизатор для дома и автомобиля,910.0,910.0,0.0,0,4.3,https://goldapple.ru/19000049480-no6-inspiration/,https://goldapple.ru/parfjumerija/avtoparfjum?p=8,"AROMA PRIME Inspiration/Вдохновение. Воплощает энергию, состояние наивысшего подъема. Делай от сердца, следуй за своей мечтой, не зацикливайся на результатах. Отпусти давление других, разожги себя сам! Движение к цели без одержимости и беспокойства. Интенсивность: Высокая. Верхние ноты: грейпфрут, мандарин, морской аккорд. Средние ноты: лавр, жасмин. Базовые ноты: гваяковое дерево пачули, серая амбра.","1. Открутить деревянную крышку Удалить пластиковый аппликатор из горлышка Закрутить деревянную крышку, не прилагая значительных усилий Перевернуть флакон на 1-3 секунды для пропитывания крышки Разместить вертикально в салоне автомобиля или в помещении. Рекомендации: Для поддержания аромата в автомобиле рекомендуется переворачивать флакон раз в 2-3 дня. При использовании в салоне автомобиля, шнурок желательно делать покороче.",Россия,8
143,2026-09-29T20:04:55.898930,20260929_194226_044a0214,19000090635,parfjumerija/avtoparfjum,MEDORI,Si,Нет категории,328.0,328.0,0.0,0,4.0,https://goldapple.ru/19000090635-si/,https://goldapple.ru/parfjumerija/avtoparfjum?p=8,"Ароматизатор бутылочка подвесной, в блистере, для автомобиля.",В салоне автомобиля.,Россия,8
144,2026-09-29T20:05:03.924742,20260929_194226_044a0214,19000032335,parfjumerija/avtoparfjum,Esteban Paris Parfums,ambre,Нет категории,3094.0,3094.0,0.0,0,5.0,https://goldapple.ru/19000032335-ambre/,https://goldapple.ru/parfjumerija/avtoparfjum?p=8,"Теперь вы можете использовать свой любимый аромат Estéban и для ароматизации автомобиля. 
Автомобильный диффузор с ароматом Амбра позволит вам почувствовать всю тонкость Востока, где солнце сливается со звездами, а бесценные материи рождают чарующий аромат… Изысканное благоухание амбры с цитрусовыми аккордами и легкими ванильными нотами.
Все автомобильные диффузоры и сменные керамические блоки для них произведены во Франции. Длительность ароматизации (один керамический блок): до 4-х недель.","Рекомендации по использованию и установке: 1. Вставьте керамический парфюмированный блок в диффузор, подсоедините к нему крепление для вентиляционной решетки; Закрепите диффузор на вентиляционной решетке при помощи специального крепления; 3. Регулируйте интенсивность аромата с помощью системы вентиляции.",Франция,8
145,2026-09-29T20:05:12.027834,20260929_194226_044a0214,19000216523,parfjumerija/avtoparfjum,AiryCandles,FRENCH VANILLA,Автопарфюм,800.0,800.0,0.0,0,4.0,https://goldapple.ru/19000216523-french-vanilla/,https://goldapple.ru/parfjumerija/avtoparfjum?p=8,Мягкий аромат ванили в сочетании с нежной карамелью создадут атмосферу комфорта и благородности. AiryСandles это российский бренд ароматической продукции созданной вручную с использованием экологичных и безопасных материалов. Стильный дизайн автопарфюма подчеркнёт пространство автомобиля и наполнит мягким ароматом.,"• Открутите деревянную крышку • Извлеките пластиковую заглушку. • Аккуратно закрутите деревянную крышку обратно. • Переверните флакон на 45-60 градусов на несколько секунд плотно прижимая веревочки к поверхности крышки, чтобы ароматическая жидкость пропитала крышку (именно крышка будет отдавать аромат) • Разместите автодиффузор в салоне автомобиля. • Если заметили, что автодиффузор перестал пахнуть, вновь переверните его на несколько секунд, плотно прижимая веревочки к деревянной поверхности. • Автодиффузором также можно ароматизировать небольшие помещения, площадью до 3 м2 ЗАПРЕЩЕНО использование в пищевых целях. Только для наружного применения! Избегать проливания маслянистой жидкости. В случае попадания жидкости на любую поверхность, убрать жидкость мыльным раствором .",Россия,8
146,2026-09-29T20:05:20.118017,20260929_194226_044a0214,19000216529,parfjumerija/avtoparfjum,AiryCandles,GRAPEFRUIT&VETIVER,Автопарфюм,800.0,800.0,0.0,0,5.0,https://goldapple.ru/19000216529-grapefruit-vetiver/,https://goldapple.ru/parfjumerija/avtoparfjum?p=8,"Композиция сочетает освежающие ноты грейпфрута с тонким шлейфом древесных нот ветивера и уда, которые благородно раскрываются в автомобиле. Древесно - цитрусовое сочетание идеально дополняет легкая горчинка грейпфрута. AiryСandles это российский бренд ароматической продукции созданной вручную с использованием экологичных и безопасных материалов. Стильный дизайн автопарфюма подчеркнёт пространство автомобиля и наполнит мягким ароматом.","• Открутите деревянную крышку • Извлеките пластиковую заглушку. • Аккуратно закрутите деревянную крышку обратно. • Переверните флакон на 45-60 градусов на несколько секунд плотно прижимая веревочки к поверхности крышки, чтобы ароматическая жидкость пропитала крышку (именно крышка будет отдавать аромат) • Разместите автодиффузор в салоне автомобиля. • Если заметили, что автодиффузор перестал пахнуть, вновь переверните его на несколько секунд, плотно прижимая веревочки к деревянной поверхности. • Автодиффузором также можно ароматизировать небольшие помещения, площадью до 3 м2 ЗАПРЕЩЕНО использование в пищевых целях. Только для наружного применения! Избегать проливания маслянистой жидкости. В случае попадания жидкости на любую поверхность, убрать жидкость мыльным раствором .",Россия,8
147,2026-09-29T20:05:28.114230,20260929_194226_044a0214,99000026903,parfjumerija/avtoparfjum,Maison Berger Paris,Liliflora,Автодиффузор,3244.0,3244.0,0.0,0,5.0,https://goldapple.ru/99000026903-liliflora/,https://goldapple.ru/parfjumerija/avtoparfjum?p=8,"Автомобильный ароматизатор в дефлектор из коллекции ""Болеро"" с ароматом Лилифлора от Maison Berger - это отличный подарок владельцу автомобиля любой марки. Диффузор для авто выполнен в форме клипсы, которая крепится к вентиляционной решетке. В комплекте: диффузор-клипса, сменный блок с ароматом Лилифлора. Аромат подчеркивает доброжелательную ауру магнолии Лилифлоры, раскрывшей свои уникальные соцветия навстречу солнечным лучам. Композиция раскрывается на необычайном контрасте свежести и мягкой сладостью ванили. Длительность ароматизации одного керамического блока для автопарфюма: до 8 недель. Многоразовый парфюм для машины станет декоративным и ароматическим украшением салона автомобиля.",Вставьте керамический парфюмированный блок в диффузор и закрепите диффузор на вентиляционной решетке при помощи специального крепления. Регулируйте интенсивность аромата с помощью системы вентиляции. Длительность ароматизации (один керамический блок): до 4-х недель. Хранить вдали от детей и животных. Может вызвать аллергическую реакцию.,Франция,8
148,2026-09-29T20:05:36.804928,20260929_194226_044a0214,19000005496,parfjumerija/avtoparfjum,SVEJO,№4,Парфюмированный ароматизатор,399.0,399.0,0.0,0,5.0,https://goldapple.ru/19000005496-no4/,https://goldapple.ru/parfjumerija/avtoparfjum?p=8,Парфюмированный ароматизатор SVEJO (флакон в коробке) используется для ароматизации воздуха в салоне автомобиля и помещении. Ноты ароматы: свежее звучание ноток хрустящего яблока гармонично сочетается с пряным акцентом корицы и сладкой ванилью. Ароматизаторы во флаконах SVEJO PREMIUM сохраняют стойкость до двух месяцев.,Извлеките ароматизатор из упаковки и поместите в удобном для вас месте. Картонные ароматизаторы можно положить на полку шкафа или в выдвижной ящик комода. Ароматизаторы во флаконе подойдут для больших помещений или салона автомобиля.,Россия,8
149,2026-09-29T20:05:44.601580,20260929_194226_044a0214,19000334786,parfjumerija/avtoparfjum,Trepet,blackberry blossom,Автомобильный парфюм,561.0,561.0,0.0,0,5.0,https://goldapple.ru/19000334786-blackberry-blossom/,https://goldapple.ru/parfjumerija/avtoparfjum?p=8,"Сладкая смесь фруктов, ягод и цветов, дополненная нотами амбры и мускуса. Эта многогранная ароматическая композиция покоряет своей яркостью и сочными нотами, благодаря которым создается ощущение летней свежести и беспечности.","1. Открутите деревянную крышку. 2. Удалите пластиковый защитный колпачок. 3. Плотно прикрутите деревянную крышку обратно. 4. Аккуратно переверните флакон на 5-10 секунд, чтобы пропитать крышку ароматическим составом. 5. По мере необходимости переворачивайте флакон на 1-2 секунды.",Россия,8
150,2026-09-29T20:05:53.092564,20260929_194226_044a0214,19000302269,parfjumerija/avtoparfjum,GLOTOK,Pine and Patchouli,Автопарфюм,532.0,532.0,0.0,0,5.0,https://goldapple.ru/19000302269-pine-and-patchouli/,https://goldapple.ru/parfjumerija/avtoparfjum?p=8,"Автопарфюм от GLOTOK- аксессуар для вашего автомобиля, стильный ароматизатор в машину, который украсит салон и наполнит его вашими любимыми ароматами. Хвойный аромат сосны дополняют лесные ягоды, пачули и древесные ноты кедра. Жидкость в банке не содержит спирта и изготовлена из отдушек произведенных во США. Диффузор можно использовать не только в машине, но и в качестве освежителя воздуха для туалета, дома, шкафа или офиса. Крышка из бука имеет пористую структуру, которая пропитывается парфюмерной композицией и источает приятный аромат, дающий эфирные масла. Наш автопарфюм— это так же праздничная упаковка, которая добавит настроения и сделает ваши подарки по-настоящему запоминающимся.","Открутите деревянную крышку, достаньте защитную пломбу. После этого закройте флакон деревянной крышкой и переверните, закрываем пальцами дырочки для отверстий. Поддержите в таком положении флакон около минуты и наслаждайтесь ароматом.",Россия,8
151,2026-09-29T20:06:01.498260,20260929_194226_044a0214,19000334785,parfjumerija/avtoparfjum,Trepet,tobacco vanilla,Автомобильный парфюм,561.0,561.0,0.0,0,5.0,https://goldapple.ru/19000334785-tobacco-vanilla/,https://goldapple.ru/parfjumerija/avtoparfjum?p=8,"Сложный, чувственный аромат, сочетающий в себе терпкость табака и благородную сладость ванили. Его верхние ноты представлены ароматами пряного бадьяна, свежего имбиря и корицы. Они создают уютное, теплое звучание в начале, постепенно отдавая первенство более тяжелым нотам табака. Такое глубокое и сложное звучание гармонично завершают ноты мускуса и кедра.","1. Открутите деревянную крышку. 2. Удалите пластиковый защитный колпачок. 3. Плотно прикрутите деревянную крышку обратно. 4. Аккуратно переверните флакон на 5-10 секунд, чтобы пропитать крышку ароматическим составом. 5. По мере необходимости переворачивайте флакон на 1-2 секунды.",Россия,8
152,2026-09-29T20:06:09.020028,20260929_194226_044a0214,99000078615,parfjumerija/avtoparfjum,YM INTERIOR,Chocolate Oud,Автопарфюм-диффузор,490.0,490.0,0.0,0,5.0,https://goldapple.ru/99000078615-chocolate-oud/,https://goldapple.ru/parfjumerija/avtoparfjum?p=8,"Богатый кондитерский аромат, представляющий собой восхитительную смесь шоколадного уда и карамелизированного сахара, точно не оставит равнодушными любителей ярких ароматов и сладкого.","Для использования диффузора необходимо: Удалить защитный колпачок. Плотно завернуть деревянную крышку диффузора. Аккуратно наклонить диффузор и пропитать несколько секунд крышку. Повесить диффузор на зеркало заднего вида или солнцезащитный козырёк, оставив достаточно длины для амортизации. Переворачивать диффузор по мере необходимости.",Россия,8
153,2026-09-29T20:06:17.435043,20260929_194226_044a0214,19000216527,parfjumerija/avtoparfjum,AiryCandles,ROSSO,Нет категории,800.0,800.0,0.0,0,5.0,https://goldapple.ru/19000216527-rosso/,https://goldapple.ru/parfjumerija/avtoparfjum?p=8,"Фужерный аромат спелого итальянского винограда в сочетании фруктовых и ягодных нот. Превосходным аккордом композиции выступает масло розы, которое позволяет фруктовым нотам благородно раскрыться. Сандал и уд добавляют древесные штрихи в звучание аромата. AiryСandles это российский бренд ароматической продукции созданной вручную с использованием экологичных и безопасных материалов. Стильный дизайн автопарфюма подчеркнёт пространство автомобиля и наполнит мягким ароматом.","• Открутите деревянную крышку • Извлеките пластиковую заглушку. • Аккуратно закрутите деревянную крышку обратно. • Переверните флакон на 45-60 градусов на несколько секунд плотно прижимая веревочки к поверхности крышки, чтобы ароматическая жидкость пропитала крышку (именно крышка будет отдавать аромат) • Разместите автодиффузор в салоне автомобиля. • Если заметили, что автодиффузор перестал пахнуть, вновь переверните его на несколько секунд, плотно прижимая веревочки к деревянной поверхности. • Автодиффузором также можно ароматизировать небольшие помещения, площадью до 3 м2 ЗАПРЕЩЕНО использование в пищевых целях. Только для наружного применения! Избегать проливания маслянистой жидкости. В случае попадания жидкости на любую поверхность, убрать жидкость мыльным раствором .",Россия,8
154,2026-09-29T20:06:25.297007,20260929_194226_044a0214,19000298905,parfjumerija/avtoparfjum,Le Ali,Green mango,Нет категории,690.0,690.0,0.0,0,5.0,https://goldapple.ru/19000298905-green-mango/,https://goldapple.ru/parfjumerija/avtoparfjum?p=8,"Автопарфюм – отличный вариант ароматизации вашего автомобиля. Наполнит салон любимым ароматом, стильно дополнит его интерьер и создаст особую атмосферу. Также отлично подойдет для подарка автолюбителю. Тропический аромат зеленого манго – символа зарождения чего-то нового, еще незрелого, но в перспективе такого прекрасного и сладкого. Яркий и невероятно позитивный аромат.","1. Извлеките флакон из упаковки. 2. Открутите деревянную крышку, удерживая флакон в вертикальном положении. 3. Осторожно, чтобы не пролить парфюмерную композицию, удалите пластиковую пробку-заглушку и закрутите деревянную крышку на флакон. 4. Переверните флакон на 5-6 секунд для пропитки деревянной крышки парфюмерной композицией. 5. Разместите флакон, подвесив на шнурке, в вертикальном положении на зеркале заднего вида или в другом удобном для вас месте. 6. Для усиления аромата переворачивайте флакон по мере необходимости для большей пропитки деревянной крышки флакона.",Россия,8
155,2026-09-29T20:06:34.693382,20260929_194226_044a0214,19000005500,parfjumerija/avtoparfjum,SVEJO,№8,Парфюмированный ароматизатор,399.0,399.0,0.0,0,5.0,https://goldapple.ru/19000005500-no8/,https://goldapple.ru/parfjumerija/avtoparfjum?p=8,Парфюмированный ароматизатор SVEJO (флакон в коробке) используется для ароматизации воздуха в салоне автомобиля и помещении. Ноты аромата: в благородном коктейле крепость рома затейливо переплетается с экзотической кислинкой маракуйи и бархатистой горечью имбиря. Ароматизаторы во флаконах SVEJO PREMIUM сохраняют стойкость до двух месяцев.,Извлеките ароматизатор из упаковки и поместите в удобном для вас месте. Картонные ароматизаторы можно положить на полку шкафа или в выдвижной ящик комода. Ароматизаторы во флаконе подойдут для больших помещений или салона автомобиля.,Россия,8
156,2026-09-29T20:06:49.326071,20260929_194226_044a0214,19000302270,parfjumerija/avtoparfjum,GLOTOK,Teakwood and tobacco,Автопарфюм,532.0,532.0,0.0,0,5.0,https://goldapple.ru/19000302270-teakwood-and-tobacco/,https://goldapple.ru/parfjumerija/avtoparfjum?p=8,"Автопарфюм от GLOTOK- аксессуар для вашего автомобиля, стильный ароматизатор в машину, который украсит салон и наполнит его вашими любимыми ароматами . Диффузор «Тиковое дерево и табак» обладает приглушенным и утонченным звучанием и отлично подходит для любого помещения. Жидкость в банке не содержит спирта и изготовлена из отдушек произведенных во США. Диффузор можно использовать не только в машине, но и в качестве освежителя воздуха для туалета, дома, шкафа или офиса. Крышка из бука имеет пористую структуру, которая пропитывается парфюмерной композицией и источает приятный аромат, дающий эфирные масла. Наш автопарфюм— это так же праздничная упаковка, которая добавит настроения и сделает ваши подарки по-настоящему запоминающимся.","Открутите деревянную крышку, достаньте защитную пломбу. После этого закройте флакон деревянной крышкой и переверните, закрываем пальцами дырочки для отверстий. Поддержите в таком положении флакон около минуты и наслаждайтесь ароматом.",Россия,8
157,2026-09-29T20:06:58.734213,20260929_194226_044a0214,99000110776,parfjumerija/avtoparfjum,Maison Berger Paris,exquisite sparkle,Автодиффузор,3244.0,3244.0,0.0,0,5.0,https://goldapple.ru/99000110776-exquisite-sparkle/,https://goldapple.ru/parfjumerija/avtoparfjum?p=8,"Автодиффузор в дефлектор из коллекции «Розали» от Maison Berger Paris — это отличный подарок владельцу автомобиля любой марки. Диффузор для авто выполнен в форме клипсы, которая крепится к вентиляционной решетке. В комплекте: диффузор-клипса, сменный блок с ароматом-бестселлером «Брызги шампанского». Аромат «Брызги шампанского» — игристая цветочная композиция из ландыша, фиалки и розы с фруктовым оттенком грейпфрута и ежевики. Многогранная пирамида, необычайно женственная и соблазнительная, наполнит автомобиль ароматом праздника и ощущением беззаботности! Длительность ароматизации одного керамического блока для автопарфюма: до 8 недель. Многоразовый парфюм для машины станет декоративным и ароматическим украшением салона автомобиля.",Вставьте керамический парфюмированный блок в диффузор и закрепите диффузор на вентиляционной решетке при помощи специального крепления. Регулируйте интенсивность аромата с помощью системы вентиляции. Длительность ароматизации (один керамический блок): до 4-х недель. Хранить вдали от детей и животных. Может вызвать аллергическую реакцию.,Франция,8
158,2026-09-29T20:07:06.978402,20260929_194226_044a0214,19000225876,parfjumerija/avtoparfjum,AERO,TOKYO,Дозаправочный бустер к ароматизатору,250.0,250.0,0.0,0,0.0,https://goldapple.ru/19000225876-tokyo/,https://goldapple.ru/parfjumerija/avtoparfjum?p=8,"Автопарфюм Aero в формате бустера "" TOKYO "" - Это чудесный букет из лесных ягод и тропический фруктов подарит Вам ощущение легкости и эйфории. Бустер -это специальный флакон с ароматической жидкостью,который позволяет наполнить флакон любимым ароматом бесконечное количество раз. Так же можно пропитывать и картонные ароматизаторы Aero. Он имеет удобный дозатор для заправки флакона. Так же в комплекте идет влажная салфетка.",1. Извлеките бустер из упаковки; 2. Открутите крышку Вашего ароматизатора (флакона) AERO; 3.Cнмите крышку с бустера и перелейте содержимое во флакон ароматизатора AERO; 4.Закрутите крышку флакона ароматизатора AERO и наслаждайтесь ароматом.,Россия,8
159,2026-09-29T20:07:14.300918,20260929_194226_044a0214,19000302266,parfjumerija/avtoparfjum,GLOTOK,Cherry,Автопарфюм,532.0,532.0,0.0,0,4.3,https://goldapple.ru/19000302266-cherry/,https://goldapple.ru/parfjumerija/avtoparfjum?p=8,"Автопарфюм от GLOTOK- аксессуар для вашего автомобиля, стильный ароматизатор в машину, который украсит салон и наполнит его вашими любимыми ароматами. Аромат окунет вас в сказку черешневого и вишневого сада будто вы у бабушки в деревне. Жидкость в банке не содержит спирта и изготовлена из отдушек произведенных во США. Диффузор можно использовать не только в машине, но и в качестве освежителя воздуха для туалета, дома, шкафа или офиса. Крышка из бука имеет пористую структуру, которая пропитывается парфюмерной композицией и источает приятный аромат, дающий эфирные масла. Наш автопарфюм— это так же праздничная упаковка, которая добавит настроения и сделает ваши подарки по-настоящему запоминающимся.","Открутите деревянную крышку, достаньте защитную пломбу. После этого закройте флакон деревянной крышкой и переверните, закрываем пальцами дырочки для отверстий. Поддержите в таком положении флакон около минуты и наслаждайтесь ароматом.",Россия,8
160,2026-09-29T20:07:22.883787,20260929_194226_044a0214,19000225873,parfjumerija/avtoparfjum,AERO,MEXICO,Дозаправочный бустер к ароматизатору,250.0,250.0,0.0,0,5.0,https://goldapple.ru/19000225873-mexico/,https://goldapple.ru/parfjumerija/avtoparfjum?p=8,"Автопарфюм Aero в формате бустера "" MEXICO "" - Это идеальное сочетание пряной сладости и стального характера с ноткой обжигающей сексуальности. Бустер -это специальный флакон с ароматической жидкостью,который позволяет наполнить флакон любимым ароматом бесконечное количество раз. Так же можно пропитывать и картонные ароматизаторы Aero. Он имеет удобный дозатор для заправки флакона. Так же в комплекте идет влажная салфетка.",1. Извлеките бустер из упаковки; 2. Открутите крышку Вашего ароматизатора (флакона) AERO; 3.Cнмите крышку с бустера и перелейте содержимое во флакон ароматизатора AERO; 4.Закрутите крышку флакона ароматизатора AERO и наслаждайтесь ароматом.,Россия,8
161,2026-09-29T20:07:40.412838,20260929_194226_044a0214,99000035074,parfjumerija/avtoparfjum,Plamelia,LUCKY CHERRY,Автопарфюм,349.0,349.0,0.0,0,4.0,https://goldapple.ru/99000035074-lucky-cherry/,https://goldapple.ru/parfjumerija/avtoparfjum?p=9,"Устали от примитивных и однодневных ароматизаторов? Мы предлагаем Вам нечто большее — наш легендарный парфюм Plamelia Car Perfume! Это уникальный аромат, который одновременно кажется знакомым и ненавязчивым. Он заключен в элегантный стеклянный флакон с деревянным колпачком, что придает ему особую глубину и изысканность.","1. Вариант использования Открутите деревянную крышку. Извлеките пластиковую заглушку. Аккуратно закрутите деревянную крышку обратно. Переверните флакон на 45-60 градусов на несколько секунд плотно прижимая веревочки к поверхности крышки, чтобы ароматическая жидкость пропитала крышку (именно крышка будет отдавать аромат) Разместите автопарфюм в салоне автомобиля. Наслаждайтесь ароматом! *Если заметили, что автопарфюм перестал пахнуть, вновь переверните его на несколько секунд, плотно прижимая веревочки к деревянной поверхности. Вариант использования: Открутите деревянную крышку. Извлеките пластиковую заглушку из флакона и веревочки из деревянной крышки. Наденьте прищепку из набора на флакон. Аккуратно закрутите деревянную крышку обратно. Вставьте в образовавшиеся отверстия в крышке фибропалочки. Разместите автопарфюм в салоне автомобиля, повесив его на дифлекрот с помощью специальной прищепки. Наслаждайтесь ароматом *При применении данного варианта использования, автопарфюм расходуется быстрее, нежели в первом варианте применения.",Россия,9
162,2026-09-29T20:07:48.999686,20260929_194226_044a0214,19000302264,parfjumerija/avtoparfjum,GLOTOK,Amber and cashmere,Автопарфюм,532.0,532.0,0.0,0,5.0,https://goldapple.ru/19000302264-amber-and-cashmere/,https://goldapple.ru/parfjumerija/avtoparfjum?p=9,"Автопарфюм от GLOTOK- аксессуар для вашего автомобиля, стильный ароматизатор в машину, который украсит салон и наполнит его вашими любимыми ароматами. Парфюм раскрывается кожаными и табачными нотами, создавая ощущение легкости, подобное прикосновению к кашемировой ткани. Жидкость в банке не содержит спирта и изготовлена из отдушек произведенных во США. Диффузор можно использовать не только в машине, но и в качестве освежителя воздуха для туалета, дома, шкафа или офиса. Крышка из бука имеет пористую структуру, которая пропитывается парфюмерной композицией и источает приятный аромат, дающий эфирные масла. Наш автопарфюм— это так же праздничная упаковка, которая добавит настроения и сделает ваши подарки по-настоящему запоминающимся.","Открутите деревянную крышку, достаньте защитную пломбу. После этого закройте флакон деревянной крышкой и переверните, закрываем пальцами дырочки для отверстий. Поддержите в таком положении флакон около минуты и наслаждайтесь ароматом.",Россия,9
163,2026-09-29T20:07:56.840921,20260929_194226_044a0214,99000078611,parfjumerija/avtoparfjum,YM INTERIOR,"Pineapple, mandarin and rum",Нет категории,490.0,490.0,0.0,0,3.8,https://goldapple.ru/99000078611-pineapple-mandarin-and-rum/,https://goldapple.ru/parfjumerija/avtoparfjum?p=9,"Аромат представляет собой яркую смесь тропических фруктов и рома, переносящую на пляжи солнечной Ямайки. Содержит натуральные эфирные масла апельсина.","Для использования диффузора необходимо: Удалить защитный колпачок. Плотно завернуть деревянную крышку диффузора. Аккуратно наклонить диффузор и пропитать несколько секунд крышку. Повесить диффузор на зеркало заднего вида или солнцезащитный козырёк, оставив достаточно длины для амортизации. Переворачивать диффузор по мере необходимости.",Россия,9
164,2026-09-29T20:08:04.761477,20260929_194226_044a0214,99000034907,parfjumerija/avtoparfjum,Plamelia,set №2,Нет категории,1597.0,1597.0,0.0,0,4.0,https://goldapple.ru/99000034907-set-no2/,https://goldapple.ru/parfjumerija/avtoparfjum?p=9,"Набор состоит из трех флаконов в каждом по 26 мл. PLAMELIA CAR PERFUME. Для тех, кто понимает! Устали от примитивных и однодневных ароматизаторов? Мы предлагаем Вам нечто большее — наш легендарный парфюм Plamelia Car Perfume! Это уникальный аромат, который одновременно кажется знакомым и ненавязчивым. Он заключен в элегантный стеклянный флакон с деревянным колпачком, что придает ему особую глубину и изысканность. С Plamelia Car Perfume Вы можете контролировать интенсивность аромата по своему вкусу. В любой момент сможете освежить и усилить нежный аромат, который наполнит Ваш автомобиль ощущением счастья! Набор №2: Dark Opium, Tabacco Vanilla, Lucky Cherry.","Распылите парфюм с расстояния примерно 20 см на тканевые коврики и обивку в районе педального узла, либо ног передних или задних пассажиров. По возможности включите режим рециркуляции воздуха в салоне, чтобы аромат распространился по всему автомобилю. Перед нанесением на резиновые покрытия рекомендуется протестировать парфюм на невидимом участке, чтобы убедиться, что он не оставляет следов. Храните парфюм в вертикальном положении. Деревянная крышка открывается только вверх, не пытайтесь раскручивать распылитель во избежание откручивания и проливания жидкости.",Россия,9
165,2026-09-29T20:08:17.435908,20260929_194226_044a0214,19000216526,parfjumerija/avtoparfjum,AiryCandles,CITRUS BLISS,Автопарфюм,800.0,800.0,0.0,0,4.0,https://goldapple.ru/19000216526-citrus-bliss/,https://goldapple.ru/parfjumerija/avtoparfjum?p=9,Яркий цитрусовый аромат со свежими нотами мандарина и лайма. Красивыми аккордами в композиции раскрываются травяные ноты шалфея и горчинка базилика. AiryСandles это российский бренд ароматической продукции созданной вручную с использованием экологичных и безопасных материалов. Стильный дизайн автопарфюма подчеркнёт пространство автомобиля и наполнит мягким ароматом.,"• Открутите деревянную крышку • Извлеките пластиковую заглушку. • Аккуратно закрутите деревянную крышку обратно. • Переверните флакон на 45-60 градусов на несколько секунд плотно прижимая веревочки к поверхности крышки, чтобы ароматическая жидкость пропитала крышку (именно крышка будет отдавать аромат) • Разместите автодиффузор в салоне автомобиля. • Если заметили, что автодиффузор перестал пахнуть, вновь переверните его на несколько секунд, плотно прижимая веревочки к деревянной поверхности. • Автодиффузором также можно ароматизировать небольшие помещения, площадью до 3 м2 ЗАПРЕЩЕНО использование в пищевых целях. Только для наружного применения! Избегать проливания маслянистой жидкости. В случае попадания жидкости на любую поверхность, убрать жидкость мыльным раствором .",Россия,9
166,2026-09-29T20:08:26.570395,20260929_194226_044a0214,19000049476,parfjumerija/avtoparfjum,AROMA PRIME,№2 Peaceful,Ароматизатор для дома и автомобиля,910.0,910.0,0.0,0,3.7,https://goldapple.ru/19000049476-no2-peaceful/,https://goldapple.ru/parfjumerija/avtoparfjum?p=9,"AROMA PRIME Peaceful/Спокойствие. Яркий представитель древесных ароматов, а дерево издревле считалось символом безопасности и спокойствия. Настоящие спокойствие, как и безмятежность бытия открывается не каждому, как и это аромат, но попробовать стоит! Тишина успокаивает лучше тысячи слов. Интенсивность: Средняя. Верхние ноты: Амбринол, Амброскан, Боронал, Бузина, Ирис. Средние ноты: Амбринол, Боронал, Ирис. Базовые ноты: Амброскан, Ветивер, Ирис.","1. Открутить деревянную крышку Удалить пластиковый аппликатор из горлышка Закрутить деревянную крышку, не прилагая значительных усилий Перевернуть флакон на 1-3 секунды для пропитывания крышки Разместить вертикально в салоне автомобиля или в помещении. Рекомендации: Для поддержания аромата в автомобиле рекомендуется переворачивать флакон раз в 2-3 дня. При использовании в салоне автомобиля, шнурок желательно делать покороче.",Россия,9
167,2026-09-29T20:08:35.535985,20260929_194226_044a0214,19000005497,parfjumerija/avtoparfjum,SVEJO,№5,Парфюмированный ароматизатор,399.0,399.0,0.0,0,4.0,https://goldapple.ru/19000005497-no5/,https://goldapple.ru/parfjumerija/avtoparfjum?p=9,Парфюмированный ароматизатор SVEJO (флакон в коробке) используется для ароматизации воздуха в салоне автомобиля и помещении. Ноты аромата: удивительно свежий и легкий цитрусовый аромат сочного грейпфрута соединяется с древесными аккордами кедра и нотами розмарина. Ароматизаторы во флаконах SVEJO PREMIUM сохраняют стойкость до двух месяцев.,Извлеките ароматизатор из упаковки и поместите в удобном для вас месте. Картонные ароматизаторы можно положить на полку шкафа или в выдвижной ящик комода. Ароматизаторы во флаконе подойдут для больших помещений или салона автомобиля.,Россия,9
168,2026-09-29T20:08:44.507866,20260929_194226_044a0214,19000216525,parfjumerija/avtoparfjum,AiryCandles,PEONY,Автопарфюм,800.0,800.0,0.0,0,3.5,https://goldapple.ru/19000216525-peony/,https://goldapple.ru/parfjumerija/avtoparfjum?p=9,"Звучание пышного цветения пионов дополнено нотами кожи и замши, что позволило более глубоко раскрыть и дополнить аромат. Роскошная мягкость кожи и ветивера придает цветочному аромату роскошные древесные аккорды. AiryСandles это российский бренд ароматической продукции созданной вручную с использованием экологичных и безопасных материалов. Стильный дизайн автопарфюма подчеркнёт пространство автомобиля и наполнит мягким ароматом.","• Открутите деревянную крышку • Извлеките пластиковую заглушку. • Аккуратно закрутите деревянную крышку обратно. • Переверните флакон на 45-60 градусов на несколько секунд плотно прижимая веревочки к поверхности крышки, чтобы ароматическая жидкость пропитала крышку (именно крышка будет отдавать аромат) • Разместите автодиффузор в салоне автомобиля. • Если заметили, что автодиффузор перестал пахнуть, вновь переверните его на несколько секунд, плотно прижимая веревочки к деревянной поверхности. • Автодиффузором также можно ароматизировать небольшие помещения, площадью до 3 м2 ЗАПРЕЩЕНО использование в пищевых целях. Только для наружного применения! Избегать проливания маслянистой жидкости. В случае попадания жидкости на любую поверхность, убрать жидкость мыльным раствором .",Россия,9
169,2026-09-29T20:08:52.664864,20260929_194226_044a0214,99000114211,parfjumerija/avtoparfjum,Овсянников,Черный перец,Автопарфюм,982.0,982.0,0.0,0,0.0,https://goldapple.ru/99000114211-cernyj-perec/,https://goldapple.ru/parfjumerija/avtoparfjum?p=9,"Парфюмированный ароматизатор для автомобиля «Чёрный перец» Овсянников — в первую очередь, это аромат. «Чёрный перец» — пряный, звонкий, выразительный. Нероли, чёрный перец и амбра создают эффектный парфюмерный след, который подчёркивает стиль водителя и задаёт атмосферу всему салону. Ароматизатор справляется с нейтрализацией неприятных запахов и наполняет пространство стойким парфюмерным шлейфом. Не навязчивым, но узнаваемым — как лёгкий след любимого парфюма. Просто удалите пластиковую заглушку, закрутите деревянную крышку, переверните флакон и дайте аромату раскрыться. Регулируйте интенсивность — и управляйте настроением в поездке так же, как рулём. Элегантный акцент внутри автомобиля.","1. Найдите подходящее место в автомобиле для размещения автопарфюма. Это может быть подстаканник, вентиляционная решетка или другое удобное место, которое не отвлекает от вождения. 2. Открутите крышку и извлеките пластиковую заглушку из флакона. Закрутите деревянную крышку. 3. Переверните флакон с ароматов на некоторое время, чтобы крышка немного пропиталась ароматом. 4. Регулируйте интенсивность аромата количеством пропитки на деревянной крышке.",Россия,9
170,2026-09-29T20:09:00.695018,20260929_194226_044a0214,19000334784,parfjumerija/avtoparfjum,Trepet,sweet dream,Автомобильный парфюм,472.0,472.0,0.0,0,0.0,https://goldapple.ru/19000334784-sweet-dream/,https://goldapple.ru/parfjumerija/avtoparfjum?p=9,"Нежное, изысканное прикосновение пудры, деликатная сладость и теплота домашнего очага создают атмосферу полного равновесия. Аромат, в котором можно утопать словно в пушистом облаке и наслаждаться мягкими, волшебными нотами ванили и какао.","1. Открутите деревянную крышку. 2. Удалите пластиковый защитный колпачок. 3. Плотно прикрутите деревянную крышку обратно. 4. Аккуратно переверните флакон на 5-10 секунд, чтобы пропитать крышку ароматическим составом. 5. По мере необходимости переворачивайте флакон на 1-2 секунды.",Россия,9
171,2026-09-29T20:09:08.898046,20260929_194226_044a0214,19000005499,parfjumerija/avtoparfjum,SVEJO,№7,Парфюмированный ароматизатор,399.0,399.0,0.0,0,0.0,https://goldapple.ru/19000005499-no7/,https://goldapple.ru/parfjumerija/avtoparfjum?p=9,"Парфюмированный ароматизатор SVEJO (флакон в коробке) используется для ароматизации воздуха в салоне автомобиля и помещении. Ноты аромата: ароматная чувственная феерия создается ягодно-фруктовым взрывом из сочного манго, сливочного кокоса и сладкой малины. Ароматизаторы во флаконах SVEJO PREMIUM сохраняют стойкость до двух месяцев.",Извлеките ароматизатор из упаковки и поместите в удобном для вас месте. Картонные ароматизаторы можно положить на полку шкафа или в выдвижной ящик комода. Ароматизаторы во флаконе подойдут для больших помещений или салона автомобиля.,Россия,9
172,2026-09-29T20:09:18.578630,20260929_194226_044a0214,99000114210,parfjumerija/avtoparfjum,Овсянников,Сосновый лимонад,Автопарфюм,982.0,982.0,0.0,0,3.0,https://goldapple.ru/99000114210-sosnovyj-limonad/,https://goldapple.ru/parfjumerija/avtoparfjum?p=9,"Парфюмированный ароматизатор для автомобиля «Сосновый лимонад» Овсянников — в первую очередь, это аромат. «Сосновый лимонад» — это чистота и прохлада. Сладкий дюшес, цветы грушевого дерева, хвоя, розовый перец и мускус. Он словно открывает окно в лес, даже если вы стоите в пробке. Автопарфюм нейтрализует запахи и наполняет салон свежестью, в которой нет химии — только ассоциации с природой, воздухом и лёгкостью. Аромат держится долго и раскрывается постепенно, делая каждую поездку более комфортной. Установите флакон в удобном месте, предварительно активировав его (удалив заглушку и пропитав крышку). Регулируйте интенсивность, ориентируясь на пропитку дерева. Для тех, кто ценит не только маршрут, но и атмосферу внутри автомобиля.","1. Найдите подходящее место в автомобиле для размещения автопарфюма. Это может быть подстаканник, вентиляционная решетка или другое удобное место, которое не отвлекает от вождения. 2. Открутите крышку и извлеките пластиковую заглушку из флакона. Закрутите деревянную крышку. 3. Переверните флакон с ароматов на некоторое время, чтобы крышка немного пропиталась ароматом. 4. Регулируйте интенсивность аромата количеством пропитки на деревянной крышке.",Россия,9
173,2026-09-29T20:09:27.322393,20260929_194226_044a0214,99000149069,parfjumerija/avtoparfjum,Овсянников,Микс ароматов,Нет категории,2568.0,2568.0,0.0,0,0.0,https://goldapple.ru/99000149069-ovsannikov-miks-aromatov/,https://goldapple.ru/parfjumerija/avtoparfjum?p=9,"Набор автопарфюмов от бренда Овсянников включает три аромата, каждый из которых создает определенное настроение в салоне автомобиля. — Аромат «Тайный советник» представляет собой благородную и запоминающуюся композицию с нотами таитянской ванили, табачного листа и пряной груши. — «Черный перец» — это сдержанный и пикантный аромат, в котором сочетаются черный перец, амбра и нероли. — «Сосновый лимонад» отличается легкостью и свежестью, напоминая запах соснового бора и прохладного лимонада Дюшес. Автопарфюм помогает нейтрализовать неприятные запахи и делает каждую поездку более комфортной. состав набора — Аромат «Тайный советник», 7 мл — Аромат «Черный перец», 7 мл — Аромат «Сосновый лимонад», 7 мл","Найдите подходящее место в автомобиле для размещения автопарфюма. Это может быть подстаканник, вентиляционная решетка или другое удобное место, которое не отвлекает от вождения. Открутите крышку и извлеките пластиковую заглушку из флакона. Закрутите деревянную крышку. Переверните флакон с ароматов на некоторое время, чтобы крышка немного пропиталась ароматом. Регулируйте интенсивность аромата количеством пропитки на деревянной крышке.",Россия,9
174,2026-09-29T20:09:36.723117,20260929_194226_044a0214,19000298906,parfjumerija/avtoparfjum,Le Ali,Inspiring cherry,Нет категории,690.0,690.0,0.0,0,0.0,https://goldapple.ru/19000298906-inspiring-cherry/,https://goldapple.ru/parfjumerija/avtoparfjum?p=9,"Автопарфюм – отличный вариант ароматизации вашего автомобиля. Наполнит салон любимым ароматом, стильно дополнит его интерьер и создаст особую атмосферу. Также отлично подойдет для подарка автолюбителю. Гармоничное звучание сочетания спелых ягод дикой вишни и интересных травянистых нот, украшенное шлейфовыми амбра-мускусными нотами с тенью ванили и табака. Аромат способен скрасить серые будни, поднять настроение и вдохновить.","1. Извлеките флакон из упаковки. 2. Открутите деревянную крышку, удерживая флакон в вертикальном положении. 3. Осторожно, чтобы не пролить парфюмерную композицию, удалите пластиковую пробку-заглушку и закрутите деревянную крышку на флакон. 4. Переверните флакон на 5-6 секунд для пропитки деревянной крышки парфюмерной композицией. 5. Разместите флакон, подвесив на шнурке, в вертикальном положении на зеркале заднего вида или в другом удобном для вас месте. 6. Для усиления аромата переворачивайте флакон по мере необходимости для большей пропитки деревянной крышки флакона.",Россия,9
175,2026-09-29T20:09:45.298221,20260929_194226_044a0214,99000035072,parfjumerija/avtoparfjum,Plamelia,BOTTLED SIX,Автопарфюм,699.0,699.0,0.0,0,0.0,https://goldapple.ru/99000035072-bottled-six/,https://goldapple.ru/parfjumerija/avtoparfjum?p=9,"Устали от примитивных и однодневных ароматизаторов? Мы предлагаем Вам нечто большее — наш легендарный парфюм Plamelia Car Perfume! Это уникальный аромат, который одновременно кажется знакомым и ненавязчивым. Он заключен в элегантный стеклянный флакон с деревянным колпачком, что придает ему особую глубину и изысканность. С Plamelia Car Perfume Вы можете контролировать интенсивность аромата по своему вкусу. В любой момент сможете освежить и усилить нежный аромат, который наполнит Ваш автомобиль ощущением счастья!","Распылите парфюм с расстояния примерно 20 см на тканевые коврики и обивку в районе педального узла, либо ног передних или задних пассажиров. По возможности включите режим рециркуляции воздуха в салоне, чтобы аромат распространился по всему автомобилю. Перед нанесением на резиновые покрытия рекомендуется протестировать парфюм на невидимом участке, чтобы убедиться, что он не оставляет следов. Храните парфюм в вертикальном положении. Деревянная крышка открывается только вверх, не пытайтесь раскручивать распылитель во избежание откручивания и проливания жидкости.",Россия,9
176,2026-09-29T20:09:54.397785,20260929_194226_044a0214,19000334781,parfjumerija/avtoparfjum,Trepet,paradise coast,Автомобильный парфюм,472.0,472.0,0.0,0,0.0,https://goldapple.ru/19000334781-paradise-coast/,https://goldapple.ru/parfjumerija/avtoparfjum?p=9,"Свежий воздух, могучие скалы и морские волны. Обволакивающий, но не навязчивый аромат морской соли в сочетании с теплой, пряной нотой шалфея. Перенеситесь на дикое побережье, чтобы еще раз насладиться солеными брызгами, наполняющими воздух свежестью.","1. Открутите деревянную крышку. 2. Удалите пластиковый защитный колпачок. 3. Плотно прикрутите деревянную крышку обратно. 4. Аккуратно переверните флакон на 5-10 секунд, чтобы пропитать крышку ароматическим составом. 5. По мере необходимости переворачивайте флакон на 1-2 секунды.",Россия,9
177,2026-09-29T20:10:04.008263,20260929_194226_044a0214,19000298903,parfjumerija/avtoparfjum,Le Ali,Carica di allegria,Автопарфюм,690.0,690.0,0.0,0,0.0,https://goldapple.ru/19000298903-carica-di-allegria/,https://goldapple.ru/parfjumerija/avtoparfjum?p=9,"Автопарфюм – отличный вариант ароматизации вашего автомобиля. Наполнит салон любимым ароматом, стильно дополнит его интерьер и создаст особую атмосферу. Также отлично подойдет для подарка автолюбителю. По-настоящему цитрусовый взрыв. Аромат сицилийского апельсина способен придать в вашем пространстве ощущение необычайной свежести и легкости, а также поднять настроение и прогнать усталость.","1. Извлеките флакон из упаковки. 2. Открутите деревянную крышку, удерживая флакон в вертикальном положении. 3. Осторожно, чтобы не пролить парфюмерную композицию, удалите пластиковую пробку-заглушку и закрутите деревянную крышку на флакон. 4. Переверните флакон на 5-6 секунд для пропитки деревянной крышки парфюмерной композицией. 5. Разместите флакон, подвесив на шнурке, в вертикальном положении на зеркале заднего вида или в другом удобном для вас месте. 6. Для усиления аромата переворачивайте флакон по мере необходимости для большей пропитки деревянной крышки флакона.",Россия,9
178,2026-09-29T20:10:14.733204,20260929_194226_044a0214,99000035075,parfjumerija/avtoparfjum,Plamelia,TABACCO VANILLA,Автопарфюм,699.0,699.0,0.0,0,0.0,https://goldapple.ru/99000035075-tabacco-vanilla/,https://goldapple.ru/parfjumerija/avtoparfjum?p=9,"Устали от примитивных и однодневных ароматизаторов? Мы предлагаем Вам нечто большее — наш легендарный парфюм Plamelia Car Perfume! Это уникальный аромат, который одновременно кажется знакомым и ненавязчивым. Он заключен в элегантный стеклянный флакон с деревянным колпачком, что придает ему особую глубину и изысканность. С Plamelia Car Perfume Вы можете контролировать интенсивность аромата по своему вкусу. В любой момент сможете освежить и усилить нежный аромат, который наполнит Ваш автомобиль ощущением счастья!","Распылите парфюм с расстояния примерно 20 см на тканевые коврики и обивку в районе педального узла, либо ног передних или задних пассажиров. По возможности включите режим рециркуляции воздуха в салоне, чтобы аромат распространился по всему автомобилю. Перед нанесением на резиновые покрытия рекомендуется протестировать парфюм на невидимом участке, чтобы убедиться, что он не оставляет следов. Храните парфюм в вертикальном положении. Деревянная крышка открывается только вверх, не пытайтесь раскручивать распылитель во избежание откручивания и проливания жидкости.",Россия,9
179,2026-09-29T20:10:24.280367,20260929_194226_044a0214,99000035070,parfjumerija/avtoparfjum,Plamelia,WHITE CROCO,Автопарфюм,699.0,699.0,0.0,0,2.0,https://goldapple.ru/99000035070-white-croco/,https://goldapple.ru/parfjumerija/avtoparfjum?p=9,"Устали от примитивных и однодневных ароматизаторов? Мы предлагаем Вам нечто большее — наш легендарный парфюм Plamelia Car Perfume! Это уникальный аромат, который одновременно кажется знакомым и ненавязчивым. Он заключен в элегантный стеклянный флакон с деревянным колпачком, что придает ему особую глубину и изысканность. С Plamelia Car Perfume Вы можете контролировать интенсивность аромата по своему вкусу. В любой момент сможете освежить и усилить нежный аромат, который наполнит Ваш автомобиль ощущением счастья!","Распылите парфюм с расстояния примерно 20 см на тканевые коврики и обивку в районе педального узла, либо ног передних или задних пассажиров. По возможности включите режим рециркуляции воздуха в салоне, чтобы аромат распространился по всему автомобилю. Перед нанесением на резиновые покрытия рекомендуется протестировать парфюм на невидимом участке, чтобы убедиться, что он не оставляет следов. Храните парфюм в вертикальном положении. Деревянная крышка открывается только вверх, не пытайтесь раскручивать распылитель во избежание откручивания и проливания жидкости.",Россия,9
180,2026-09-29T20:10:33.903336,20260929_194226_044a0214,19000116811,parfjumerija/avtoparfjum,SVEJO,Perfumed fragrance №2,Парфюмированный ароматизатор,399.0,399.0,0.0,0,0.0,https://goldapple.ru/19000116811-perfumed-fragrance-no2/,https://goldapple.ru/parfjumerija/avtoparfjum?p=9,"Парфюмированный ароматизатор SVEJO (флакон в коробке) используется для ароматизации воздуха в салоне автомобиля и помещении. Ноты аромата: свежие цитрусовые аккорды сладкого апельсина открывают бодрящий и терпкий аромат, звучащий ярким сочетанием пряного черного перца и выдержанного виски. Ароматизаторы во флаконах SVEJO PREMIUM сохраняют стойкость до двух месяцев.",Для ароматизации воздуха в салоне автомобиля и помещении.,Россия,9
181,2026-09-29T20:10:56.148864,20260929_194226_044a0214,19000334787,parfjumerija/avtoparfjum,Trepet,black pepper,Автомобильный парфюм,561.0,561.0,0.0,0,0.0,https://goldapple.ru/19000334787-black-pepper/,https://goldapple.ru/parfjumerija/avtoparfjum?p=10,"Сложный аромат терпкого чёрного перца, оттененный сладкой амброй. Притягательное сочетание нот нероли, мускуса и ветивера придает этой композиции особое, завораживающее звучание.","1. Открутите деревянную крышку. 2. Удалите пластиковый защитный колпачок. 3. Плотно прикрутите деревянную крышку обратно. 4. Аккуратно переверните флакон на 5-10 секунд, чтобы пропитать крышку ароматическим составом. 5. По мере необходимости переворачивайте флакон на 1-2 секунды.",Россия,10
182,2026-09-29T20:11:05.007717,20260929_194226_044a0214,19000302273,parfjumerija/avtoparfjum,GLOTOK,Chocolate and walnut,Автопарфюм,532.0,532.0,0.0,0,0.0,https://goldapple.ru/19000302273-chocolate-and-walnut/,https://goldapple.ru/parfjumerija/avtoparfjum?p=10,"Автопарфюм от GLOTOK- аксессуар для вашего автомобиля, стильный ароматизатор в машину, который украсит салон и наполнит его вашими любимыми ароматами. В этом аромате сочетаются яркий насыщенный шоколад с нотками грецких орехов. Аромат для гурманов. Жидкость в банке не содержит спирта и изготовлена из отдушек произведенных во США. Диффузор можно использовать не только в машине, но и в качестве освежителя воздуха для туалета, дома, шкафа или офиса. Крышка из бука имеет пористую структуру, которая пропитывается парфюмерной композицией и источает приятный аромат, дающий эфирные масла. Наш автопарфюм— это так же праздничная упаковка, которая добавит настроения и сделает ваши подарки по-настоящему запоминающимся.","Открутите деревянную крышку, достаньте защитную пломбу. После этого закройте флакон деревянной крышкой и переверните, закрываем пальцами дырочки для отверстий. Поддержите в таком положении флакон около минуты и наслаждайтесь ароматом.",Россия,10
183,2026-09-29T20:11:14.129078,20260929_194226_044a0214,19000225874,parfjumerija/avtoparfjum,AERO,MONACO,Нет категории,250.0,250.0,0.0,0,0.0,https://goldapple.ru/19000225874-monaco/,https://goldapple.ru/parfjumerija/avtoparfjum?p=10,"Автопарфюм Aero в формате бустера "" MONACO "" - Это бодрящая морская свежесть, укрощенная пряностями, поражает своим характером и магнетизмом. Бустер -это специальный флакон с ароматической жидкостью,который позволяет наполнить флакон любимым ароматом бесконечное количество раз. Так же можно пропитывать и картонные ароматизаторы Aero. Он имеет удобный дозатор для заправки флакона. Так же в комплекте идет влажная салфетка.",1. Извлеките бустер из упаковки; 2. Открутите крышку Вашего ароматизатора (флакона) AERO; 3.Cнмите крышку с бустера и перелейте содержимое во флакон ароматизатора AERO; 4.Закрутите крышку флакона ароматизатора AERO и наслаждайтесь ароматом.,Россия,10
184,2026-09-29T20:11:22.790737,20260929_194226_044a0214,19000225854,parfjumerija/avtoparfjum,AERO,MONACO,Нет категории,400.0,400.0,0.0,0,0.0,https://goldapple.ru/19000225854-monaco/,https://goldapple.ru/parfjumerija/avtoparfjum?p=10,"Автопарфюм Aero "" MONACO "" - Это бодрящая морская свежесть, укрощенная пряностями, поражает своим характером и магнетизмом.  Продукция бренда AERO — это качественные и безопасные ароматы, лаконичный и стильный дизайн, собственные разработки и уникальные формулы ароматов. Флаконы изготовлены из специального утолщенного стекла, стенки и резьба усилены, для того чтобы избежать разбивание колбы. Гравировка и лейблы наносятся специальным европейским оборудованием. Крышка изготовлена из бука, который позволяет парфюму не выдыхаться от 1 месяца и более.","1. Откручиваем крышку флакона 2. Вытаскиваем пластиковую пробку 3. Закручиваем крышку флакона 4. Переворачиваем флакон на 10 секунды, чтобы крышка из бука пропиталась 5. Откручиваем крышку флакона* 6. Вставляем на место пластиковую пробку* 7. Закручиваем крышку флакона *(Пункт 5 и 6 не обязательны на усмотрение клиента).",Россия,10
185,2026-09-29T20:11:31.681518,20260929_194226_044a0214,99000116836,parfjumerija/avtoparfjum,AREA|HOME,Tobacco Vanilla,ароматизатор для авто,2030.0,2030.0,0.0,0,0.0,https://goldapple.ru/99000116836-tobacco-vanilla/,https://goldapple.ru/parfjumerija/avtoparfjum?p=10,"Стильный ароматизатор сочетает современные технологии и эстетику дизайна, обеспечивая салон вашей машины приятным ароматом и уютом на протяжении длительного времени. Ароматизатор идеально впишется в интерьер любого автомобиля благодаря минималистичному дизайну. А подарочная упаковка будет отличным дополнением. Аромат Tobacco Vanilla. Теплый, древесный аромат со средними нотами мексиканской ванили. В основе — древесные оттенки, придающие аромату глубину и элегантность. Ноты мексиканской ванили в сочетании с древесными нотами дарят ощущение умиротворения и спокойствия.","Вид крепления — для решетки вентиляции. 1. Нанесите ароматическую жидкость на вкладыш, как показано на фото. 2. Поместите вкладыш внутрь металлического держателя. 3. Закрепите ароматизатор на решетку вентиляции. 4. Для поддержания аромата в автомобиле регулярно наносите ароматическую жидкость на вкладыш.",Россия,10
186,2026-09-29T20:11:40.388172,20260929_194226_044a0214,19000334778,parfjumerija/avtoparfjum,Trepet,home spa,Автомобильный парфюм,561.0,561.0,0.0,0,0.0,https://goldapple.ru/19000334778-home-spa/,https://goldapple.ru/parfjumerija/avtoparfjum?p=10,"Создайте по-настоящему расслабляющую и умиротворяющую атмосферу во время домашних SPA-процедур. Нежный, цветочный аромат с легкими нотами жасмина, оттененный сливочно-ванильным ароматом кокоса, без сомнений подарит невероятные эмоции и приятные ощущения.","1. Открутите деревянную крышку. 2. Удалите пластиковый защитный колпачок. 3. Плотно прикрутите деревянную крышку обратно. 4. Аккуратно переверните флакон на 5-10 секунд, чтобы пропитать крышку ароматическим составом. 5. По мере необходимости переворачивайте флакон на 1-2 секунды.",Россия,10
187,2026-09-29T20:11:48.965976,20260929_194226_044a0214,19000334788,parfjumerija/avtoparfjum,Trepet,chocolate musk,Автомобильный парфюм,561.0,561.0,0.0,0,0.0,https://goldapple.ru/19000334788-chocolate-musk/,https://goldapple.ru/parfjumerija/avtoparfjum?p=10,"Утонченная нежность молочного шоколада переплетается с аппетитными нотами ванили, образуя настоящее шоколадное наслаждение. Этот изящный дуэт мягко дополняется легким звучанием белого мускуса, корицы, пряностей, сандала и амбры. По истине гурманский аромат точно не оставит никого равнодушным.","1. Открутите деревянную крышку. 2. Удалите пластиковый защитный колпачок. 3. Плотно прикрутите деревянную крышку обратно. 4. Аккуратно переверните флакон на 5-10 секунд, чтобы пропитать крышку ароматическим составом. 5. По мере необходимости переворачивайте флакон на 1-2 секунды.",Россия,10
188,2026-09-29T20:11:57.728986,20260929_194226_044a0214,19000225868,parfjumerija/avtoparfjum,AERO,BALI,Дозаправочный бустер к ароматизатору,250.0,250.0,0.0,0,0.0,https://goldapple.ru/19000225868-bali/,https://goldapple.ru/parfjumerija/avtoparfjum?p=10,"Автопарфюм Aero в формате бустера "" BALI "" - Это нежный ягодно-фруктовый микс с пленительными оттенками ананаса, маракуйи и клубнички. Бустер -это специальный флакон с ароматической жидкостью,который позволяет наполнить флакон любимым ароматом бесконечное количество раз. Так же можно пропитывать и картонные ароматизаторы Aero. Он имеет удобный дозатор для заправки флакона. Так же в комплекте идет влажная салфетка.",1. Извлеките бустер из упаковки; 2. Открутите крышку Вашего ароматизатора (флакона) AERO; 3.Cнмите крышку с бустера и перелейте содержимое во флакон ароматизатора AERO; 4.Закрутите крышку флакона ароматизатора AERO и наслаждайтесь ароматом.,Россия,10
189,2026-09-29T20:12:07.417880,20260929_194226_044a0214,19000302268,parfjumerija/avtoparfjum,GLOTOK,Oakmoss and amber,Автопарфюм,532.0,532.0,0.0,0,0.0,https://goldapple.ru/19000302268-oakmoss-and-amber/,https://goldapple.ru/parfjumerija/avtoparfjum?p=10,"Автопарфюм от GLOTOK- аксессуар для вашего автомобиля, стильный ароматизатор в машину, который украсит салон и наполнит его вашими любимыми ароматами. Аромат напоминает дорогой мужской парфюм. Жидкость в банке не содержит спирта и изготовлена из отдушек произведенных во США. Диффузор можно использовать не только в машине, но и в качестве освежителя воздуха для туалета, дома, шкафа или офиса. Крышка из бука имеет пористую структуру, которая пропитывается парфюмерной композицией и источает приятный аромат, дающий эфирные масла. Наш автопарфюм— это так же праздничная упаковка, которая добавит настроения и сделает ваши подарки по-настоящему запоминающимся.","Открутите деревянную крышку, достаньте защитную пломбу. После этого закройте флакон деревянной крышкой и переверните, закрываем пальцами дырочки для отверстий. Поддержите в таком положении флакон около минуты и наслаждайтесь ароматом.",Россия,10
190,2026-09-29T20:12:15.181836,20260929_194226_044a0214,19000334783,parfjumerija/avtoparfjum,Trepet,self-made,Автомобильный парфюм,472.0,472.0,0.0,0,0.0,https://goldapple.ru/19000334783-self-made/,https://goldapple.ru/parfjumerija/avtoparfjum?p=10,"Чувственный, дерзкий, и в то же время удивительно элегантный древесно-землистый аромат, оттененный сладкой карамелью.","1. Открутите деревянную крышку. 2. Удалите пластиковый защитный колпачок. 3. Плотно прикрутите деревянную крышку обратно. 4. Аккуратно переверните флакон на 5-10 секунд, чтобы пропитать крышку ароматическим составом. 5. По мере необходимости переворачивайте флакон на 1-2 секунды.",Россия,10
191,2026-09-29T20:12:25.468017,20260929_194226_044a0214,99000034908,parfjumerija/avtoparfjum,Plamelia,set №1,Ароматизатор в машину,1597.0,1597.0,0.0,0,3.0,https://goldapple.ru/99000034908-set-no1/,https://goldapple.ru/parfjumerija/avtoparfjum?p=10,"Набор состоит из трех флаконов в каждом по 26 мл. PLAMELIA CAR PERFUME. Для тех, кто понимает! Устали от примитивных и однодневных ароматизаторов? Мы предлагаем Вам нечто большее — наш легендарный парфюм Plamelia Car Perfume! Это уникальный аромат, который одновременно кажется знакомым и ненавязчивым. Он заключен в элегантный стеклянный флакон с деревянным колпачком, что придает ему особую глубину и изысканность. С Plamelia Car Perfume Вы можете контролировать интенсивность аромата по своему вкусу. В любой момент сможете освежить и усилить нежный аромат, который наполнит Ваш автомобиль ощущением счастья! Набор №1 BOTTLED SIX, TABACCO VANILLA, WHITE CROCO.","Распылите парфюм с расстояния примерно 20 см на тканевые коврики и обивку в районе педального узла, либо ног передних или задних пассажиров. По возможности включите режим рециркуляции воздуха в салоне, чтобы аромат распространился по всему автомобилю. Перед нанесением на резиновые покрытия рекомендуется протестировать парфюм на невидимом участке, чтобы убедиться, что он не оставляет следов. Храните парфюм в вертикальном положении. Деревянная крышка открывается только вверх, не пытайтесь раскручивать распылитель во избежание откручивания и проливания жидкости.",Россия,10
192,2026-09-29T20:12:34.132576,20260929_194226_044a0214,19000302265,parfjumerija/avtoparfjum,GLOTOK,English Garden,Автопарфюм,532.0,532.0,0.0,0,0.0,https://goldapple.ru/19000302265-english-garden/,https://goldapple.ru/parfjumerija/avtoparfjum?p=10,"Автопарфюм от GLOTOK- аксессуар для вашего автомобиля, стильный ароматизатор в машину, который украсит салон и наполнит его вашими любимыми ароматами. Он начинается с тонких нот зелени и цветов сирени, лилии, розы, жасмина и иланг-иланг. Если вы ищете красивый цветочный аромат, то это то что Вам нужно. Жидкость в банке не содержит спирта и изготовлена из отдушек произведенных во США. Диффузор можно использовать не только в машине, но и в качестве освежителя воздуха для туалета, дома, шкафа или офиса. Крышка из бука имеет пористую структуру, которая пропитывается парфюмерной композицией и источает приятный аромат, дающий эфирные масла. Наш автопарфюм— это так же праздничная упаковка, которая добавит настроения и сделает ваши подарки по-настоящему запоминающимся.","Открутите деревянную крышку, достаньте защитную пломбу. После этого закройте флакон деревянной крышкой и переверните, закрываем пальцами дырочки для отверстий. Поддержите в таком положении флакон около минуты и наслаждайтесь ароматом.",Россия,10
193,2026-09-29T20:12:42.603796,20260929_194226_044a0214,19000225853,parfjumerija/avtoparfjum,AERO,MEXICO,Нет категории,400.0,400.0,0.0,0,0.0,https://goldapple.ru/19000225853-mexico/,https://goldapple.ru/parfjumerija/avtoparfjum?p=10,"Автопарфюм Aero "" MEXICO "" - Это идеальное сочетание пряной сладости и стального характера с ноткой обжигающей сексуальности. Продукция бренда AERO — это качественные и безопасные ароматы, лаконичный и стильный дизайн, собственные разработки и уникальные формулы ароматов. Флаконы изготовлены из специального утолщенного стекла, стенки и резьба усилены, для того чтобы избежать разбивание колбы. Гравировка и лейблы наносятся специальным европейским оборудованием. Крышка изготовлена из бука, который позволяет парфюму не выдыхаться от 1 месяца и более.","1. Откручиваем крышку флакона 2. Вытаскиваем пластиковую пробку 3. Закручиваем крышку флакона 4. Переворачиваем флакон на 10 секунды, чтобы крышка из бука пропиталась 5. Откручиваем крышку флакона* 6. Вставляем на место пластиковую пробку* 7. Закручиваем крышку флакона *(Пункт 5 и 6 не обязательны на усмотрение клиента).",Россия,10
194,2026-09-29T20:12:51.948489,20260929_194226_044a0214,19000334779,parfjumerija/avtoparfjum,Trepet,luxury room,Нет категории,561.0,561.0,0.0,0,0.0,https://goldapple.ru/19000334779-luxury-room/,https://goldapple.ru/parfjumerija/avtoparfjum?p=10,"Дорогой, люксовый отель, идеально выглаженное постельное белье, охлажденное игристое, которое пузырится в бокале, шелковая ночная рубашка и вполне конкретные планы на этот вечер: смех, песни и танцы босиком.","1. Открутите деревянную крышку. 2. Удалите пластиковый защитный колпачок. 3. Плотно прикрутите деревянную крышку обратно. 4. Аккуратно переверните флакон на 5-10 секунд, чтобы пропитать крышку ароматическим составом. 5. По мере необходимости переворачивайте флакон на 1-2 секунды.",Россия,10
195,2026-09-29T20:13:01.360108,20260929_194226_044a0214,19000298904,parfjumerija/avtoparfjum,Le Ali,Coffee,Автопарфюм,690.0,690.0,0.0,0,0.0,https://goldapple.ru/19000298904-coffee/,https://goldapple.ru/parfjumerija/avtoparfjum?p=10,"Автопарфюм – отличный вариант ароматизации вашего автомобиля. Наполнит салон любимым ароматом, стильно дополнит его интерьер и создаст особую атмосферу. Также отлично подойдет для подарка автолюбителю. Аппетитная и бодрящая композиция с терпкими нотами обжаренного кофе и нотками сладости ванили. Благоприятно воздействует на человека. Тонизирует, помогает взбодриться, насыщает энергией, улучшает активность мозга Аромат позволит создать в пространстве неповторимое чувство комфорта и уюта.","1. Извлеките флакон из упаковки. 2. Открутите деревянную крышку, удерживая флакон в вертикальном положении. 3. Осторожно, чтобы не пролить парфюмерную композицию, удалите пластиковую пробку-заглушку и закрутите деревянную крышку на флакон. 4. Переверните флакон на 5-6 секунд для пропитки деревянной крышки парфюмерной композицией. 5. Разместите флакон, подвесив на шнурке, в вертикальном положении на зеркале заднего вида или в другом удобном для вас месте. 6. Для усиления аромата переворачивайте флакон по мере необходимости для большей пропитки деревянной крышки флакона.",Россия,10
196,2026-09-29T20:13:12.582743,20260929_194226_044a0214,19000225857,parfjumerija/avtoparfjum,AERO,TORONTO,Ароматизатор для автомобиля,400.0,400.0,0.0,0,0.0,https://goldapple.ru/19000225857-toronto/,https://goldapple.ru/parfjumerija/avtoparfjum?p=10,"Автопарфюм Aero "" TORONTO "" - Это сочетание холодного свежего воздуха с горного ледника с невероятной выдержкой, спокойствием и духом свободы. Продукция бренда AERO — это качественные и безопасные ароматы, лаконичный и стильный дизайн, собственные разработки и уникальные формулы ароматов. Флаконы изготовлены из специального утолщенного стекла, стенки и резьба усилены, для того чтобы избежать разбивание колбы. Гравировка и лейблы наносятся специальным европейским оборудованием. Крышка изготовлена из бука, который позволяет парфюму не выдыхаться от 1 месяца и более.","1. Откручиваем крышку флакона 2. Вытаскиваем пластиковую пробку 3. Закручиваем крышку флакона 4. Переворачиваем флакон на 10 секунды, чтобы крышка из бука пропиталась 5. Откручиваем крышку флакона* 6. Вставляем на место пластиковую пробку* 7. Закручиваем крышку флакона *(Пункт 5 и 6 не обязательны на усмотрение клиента).",Россия,10
197,2026-09-29T20:13:23.938190,20260929_194226_044a0214,19000225852,parfjumerija/avtoparfjum,AERO,LONDON,Ароматизатор для автомобиля,400.0,400.0,0.0,0,0.0,https://goldapple.ru/19000225852-london/,https://goldapple.ru/parfjumerija/avtoparfjum?p=10,"Автопарфюм Aero "" LONDON "" - Это изысканный кофейный аромат с нотками капучино и пралине, подарит Вам ощущение легкости и бодрости. Продукция бренда AERO — это качественные и безопасные ароматы, лаконичный и стильный дизайн, собственные разработки и уникальные формулы ароматов. Флаконы изготовлены из специального утолщенного стекла, стенки и резьба усилены, для того чтобы избежать разбивание колбы. Гравировка и лейблы наносятся специальным европейским оборудованием. Крышка изготовлена из бука, который позволяет парфюму не выдыхаться от 1 месяца и более.","1. Откручиваем крышку флакона 2. Вытаскиваем пластиковую пробку 3. Закручиваем крышку флакона 4. Переворачиваем флакон на 10 секунды, чтобы крышка из бука пропиталась 5. Откручиваем крышку флакона* 6. Вставляем на место пластиковую пробку* 7. Закручиваем крышку флакона *(Пункт 5 и 6 не обязательны на усмотрение клиента).",Россия,10
198,2026-09-29T20:13:33.609484,20260929_194226_044a0214,19000116830,parfjumerija/avtoparfjum,SVEJO,Perfumed fragrance №10,Парфюмированный ароматизатор,399.0,399.0,0.0,0,0.0,https://goldapple.ru/19000116830-perfumed-fragrance-no10/,https://goldapple.ru/parfjumerija/avtoparfjum?p=10,"Парфюмированный ароматизатор SVEJO PREMIUM (флакон в коробке) используется для ароматизации воздуха в салоне автомобиля и помещении. Ноты аромата: освежающий дуэт из нот зеленого лайма и просмоленной древесины белого кедра, сопровождающийся солоноватыми аккордами морских волн. Ароматизаторы во флаконах SVEJO сохраняют стойкость до двух месяцев.",Для ароматизации воздуха в салоне автомобиля и помещении.,Россия,10
199,2026-09-29T20:13:43.016336,20260929_194226_044a0214,19000334782,parfjumerija/avtoparfjum,Trepet,rendezvous with the sea,Автомобильный парфюм,561.0,561.0,0.0,0,0.0,https://goldapple.ru/19000334782-rendezvous-with-the-sea/,https://goldapple.ru/parfjumerija/avtoparfjum?p=10,"Долгожданное, чувственное и нежное свидание с морем… Утонченный и чарующий аромат, гармонично сочетающий мягкие цветочные ноты и невесомый шлейф морской соли и опьяняющей фрезии. Всё это оттеняется расслабляющей основой бобов тонка, амбры и мускуса.","1. Открутите деревянную крышку. 2. Удалите пластиковый защитный колпачок. 3. Плотно прикрутите деревянную крышку обратно. 4. Аккуратно переверните флакон на 5-10 секунд, чтобы пропитать крышку ароматическим составом. 5. По мере необходимости переворачивайте флакон на 1-2 секунды.",Россия,10
200,2026-09-29T20:13:51.655879,20260929_194226_044a0214,19000225871,parfjumerija/avtoparfjum,AERO,GOA,Дозаправочный бустер к ароматизатору,250.0,250.0,0.0,0,0.0,https://goldapple.ru/19000225871-goa/,https://goldapple.ru/parfjumerija/avtoparfjum?p=10,"Автопарфюм Aero в формате бустера "" GOA "" - Это самое сочное тропическое манго с пикантной каплей цитрусового фреша. Бустер -это специальный флакон с ароматической жидкостью,который позволяет наполнить флакон любимым ароматом бесконечное количество раз. Так же можно пропитывать и картонные ароматизаторы Aero. Он имеет удобный дозатор для заправки флакона. Так же в комплекте идет влажная салфетка.",1. Извлеките бустер из упаковки; 2. Открутите крышку Вашего ароматизатора (флакона) AERO; 3.Cнмите крышку с бустера и перелейте содержимое во флакон ароматизатора AERO; 4.Закрутите крышку флакона ароматизатора AERO и наслаждайтесь ароматом.,Россия,10
201,2026-09-29T20:14:18.591761,20260929_194226_044a0214,19000116810,parfjumerija/avtoparfjum,SVEJO,Perfumed fragrance №1,Парфюмированный ароматизатор,399.0,399.0,0.0,0,0.0,https://goldapple.ru/19000116810-perfumed-fragrance-no1/,https://goldapple.ru/parfjumerija/avtoparfjum?p=11,"Парфюмированный ароматизатор SVEJO (флакон в коробке) используется для ароматизации воздуха в салоне автомобиля и помещении. Ноты ароматов: насыщенная, роскошная цветочная композиция с нежными акцентами розы и фиалки, окутанная теплым ароматом карамели. Ароматизаторы во флаконах SVEJO PREMIUM сохраняют стойкость до двух месяцев.",Для ароматизации воздуха в салоне автомобиля и помещении.,Россия,11
202,2026-09-29T20:14:27.676285,20260929_194226_044a0214,19000225877,parfjumerija/avtoparfjum,AERO,TORONTO,Дозаправочный бустер к ароматизатору,250.0,250.0,0.0,0,0.0,https://goldapple.ru/19000225877-toronto/,https://goldapple.ru/parfjumerija/avtoparfjum?p=11,"Автопарфюм Aero в формате бустера "" TORONTO "" - Это сочетание холодного свежего воздуха с горного ледника с невероятной выдержкой, спокойствием и духом свободы. Бустер -это специальный флакон с ароматической жидкостью,который позволяет наполнить флакон любимым ароматом бесконечное количество раз. Так же можно пропитывать и картонные ароматизаторы Aero. Он имеет удобный дозатор для заправки флакона. Так же в комплекте идет влажная салфетка.",1. Извлеките бустер из упаковки; 2. Открутите крышку Вашего ароматизатора (флакона) AERO; 3.Cнмите крышку с бустера и перелейте содержимое во флакон ароматизатора AERO; 4.Закрутите крышку флакона ароматизатора AERO и наслаждайтесь ароматом.,Россия,11
203,2026-09-29T20:14:36.248629,20260929_194226_044a0214,19000302267,parfjumerija/avtoparfjum,GLOTOK,Pomegranate and currant,Нет категории,532.0,532.0,0.0,0,0.0,https://goldapple.ru/19000302267-pomegranate-and-currant/,https://goldapple.ru/parfjumerija/avtoparfjum?p=11,"Автопарфюм от GLOTOK- аксессуар для вашего автомобиля, стильный ароматизатор в машину, который украсит салон и наполнит его вашими любимыми ароматами. Яркий аромат ягод смородины и лаконичный аромат граната подарит вам летние эмоции. Жидкость в банке не содержит спирта и изготовлена из отдушек произведенных во США. Диффузор можно использовать не только в машине, но и в качестве освежителя воздуха для туалета, дома, шкафа или офиса. Крышка из бука имеет пористую структуру, которая пропитывается парфюмерной композицией и источает приятный аромат, дающий эфирные масла. Наш автопарфюм— это так же праздничная упаковка, которая добавит настроения и сделает ваши подарки по-настоящему запоминающимся.","Открутите деревянную крышку, достаньте защитную пломбу. После этого закройте флакон деревянной крышкой и переверните, закрываем пальцами дырочки для отверстий. Поддержите в таком положении флакон около минуты и наслаждайтесь ароматом.",Россия,11
204,2026-09-29T20:14:44.279676,20260929_194226_044a0214,19000334780,parfjumerija/avtoparfjum,Trepet,desert island,Нет категории,472.0,472.0,0.0,0,0.0,https://goldapple.ru/19000334780-desert-island/,https://goldapple.ru/parfjumerija/avtoparfjum?p=11,"Роскошный тропический отдых наедине с собой. Представьте теплый солнечный пляж, нежный шёпот волн и полное уединение. Это побег к себе, возможность услышать себя и свои мысли, остановиться, замедлиться. Аромат основан на древесных нотах сандалового дерева, кедра и амириса, помогающих окунуться в полное умиротворение и обрести спокойствие.","1. Открутите деревянную крышку. 2. Удалите пластиковый защитный колпачок. 3. Плотно прикрутите деревянную крышку обратно. 4. Аккуратно переверните флакон на 5-10 секунд, чтобы пропитать крышку ароматическим составом. 5. По мере необходимости переворачивайте флакон на 1-2 секунды.",Россия,11
205,2026-09-29T20:14:53.896402,20260929_194226_044a0214,19000225856,parfjumerija/avtoparfjum,AERO,TOKYO,Ароматизатор для автомобиля,400.0,400.0,0.0,0,0.0,https://goldapple.ru/19000225856-tokyo/,https://goldapple.ru/parfjumerija/avtoparfjum?p=11,"Автопарфюм Aero "" TOKYO "" - Это чудесный букет из лесных ягод и тропический фруктов подарит Вам ощущение легкости и эйфории. Продукция бренда AERO — это качественные и безопасные ароматы, лаконичный и стильный дизайн, собственные разработки и уникальные формулы ароматов. Флаконы изготовлены из специального утолщенного стекла, стенки и резьба усилены, для того чтобы избежать разбивание колбы. Гравировка и лейблы наносятся специальным европейским оборудованием. Крышка изготовлена из бука, который позволяет парфюму не выдыхаться от 1 месяца и более.","1. Откручиваем крышку флакона 2. Вытаскиваем пластиковую пробку 3. Закручиваем крышку флакона 4. Переворачиваем флакон на 10 секунды, чтобы крышка из бука пропиталась 5. Откручиваем крышку флакона* 6. Вставляем на место пластиковую пробку* 7. Закручиваем крышку флакона *(Пункт 5 и 6 не обязательны на усмотрение клиента).",Россия,11
206,2026-09-29T20:15:03.159115,20260929_194226_044a0214,19000225875,parfjumerija/avtoparfjum,AERO,MOSCOW,Дозаправочный бустер к ароматизатору,250.0,250.0,0.0,0,0.0,https://goldapple.ru/19000225875-moscow/,https://goldapple.ru/parfjumerija/avtoparfjum?p=11,"Автопарфюм Aero в формате бустера "" MOSCOW "" - Это шикарный аромат, пропитанный мякотью гуавы и груши, призывающий отдохнуть от скучной обыденности и трудовых будней. Бустер -это специальный флакон с ароматической жидкостью,который позволяет наполнить флакон любимым ароматом бесконечное количество раз. Так же можно пропитывать и картонные ароматизаторы Aero. Он имеет удобный дозатор для заправки флакона. Так же в комплекте идет влажная салфетка.",1. Извлеките бустер из упаковки; 2. Открутите крышку Вашего ароматизатора (флакона) AERO; 3.Cнмите крышку с бустера и перелейте содержимое во флакон ароматизатора AERO; 4.Закрутите крышку флакона ароматизатора AERO и наслаждайтесь ароматом.,Россия,11
207,2026-09-29T20:15:12.295692,20260929_194226_044a0214,19000225870,parfjumerija/avtoparfjum,AERO,FLORENCE,Дозаправочный бустер к ароматизатору,250.0,250.0,0.0,0,0.0,https://goldapple.ru/19000225870-florence/,https://goldapple.ru/parfjumerija/avtoparfjum?p=11,"Автопарфюм Aero в формате бустера "" FLORENCE "" - Это  прекрасное сочетание дымного жасмина с нотами бобов, тонка и какао, подарят Вам изысканность, соблазнительность и ощущение стиля. Бустер -это специальный флакон с ароматической жидкостью,который позволяет наполнить флакон любимым ароматом бесконечное количество раз. Так же можно пропитывать и картонные ароматизаторы Aero. Он имеет удобный дозатор для заправки флакона. Так же в комплекте идет влажная салфетка.",1. Извлеките бустер из упаковки; 2. Открутите крышку Вашего ароматизатора (флакона) AERO; 3.Cнмите крышку с бустера и перелейте содержимое во флакон ароматизатора AERO; 4.Закрутите крышку флакона ароматизатора AERO и наслаждайтесь ароматом.,Россия,11
208,2026-09-29T20:15:20.986350,20260929_194226_044a0214,19000334789,parfjumerija/avtoparfjum,Trepet,euphoria,Автомобильный парфюм,561.0,561.0,0.0,0,0.0,https://goldapple.ru/19000334789-euphoria/,https://goldapple.ru/parfjumerija/avtoparfjum?p=11,"Древесный амбровый аромат с теплыми, пряными нотами. Пирамида композиции сочетает в себе легкие цветочные ноты шафрана и жасмина, которые вместе создают соблазнительный, многогранный аромат.","1. Открутите деревянную крышку. 2. Удалите пластиковый защитный колпачок. 3. Плотно прикрутите деревянную крышку обратно. 4. Аккуратно переверните флакон на 5-10 секунд, чтобы пропитать крышку ароматическим составом. 5. По мере необходимости переворачивайте флакон на 1-2 секунды.",Россия,11
209,2026-09-29T20:15:29.610296,20260929_194226_044a0214,19000298908,parfjumerija/avtoparfjum,Le Ali,Profumo di mare,Автопарфюм,690.0,690.0,0.0,0,0.0,https://goldapple.ru/19000298908-profumo-di-mare/,https://goldapple.ru/parfjumerija/avtoparfjum?p=11,"Автопарфюм – отличный вариант ароматизации вашего автомобиля. Наполнит салон любимым ароматом, стильно дополнит его интерьер и создаст особую атмосферу. Также отлично подойдет для подарка автолюбителю. Невероятно притягательный аромат, сочетающий в себе соленые океанические аккорды с темным мускусом и сандаловым деревом.","1. Извлеките флакон из упаковки. 2. Открутите деревянную крышку, удерживая флакон в вертикальном положении. 3. Осторожно, чтобы не пролить парфюмерную композицию, удалите пластиковую пробку-заглушку и закрутите деревянную крышку на флакон. 4. Переверните флакон на 5-6 секунд для пропитки деревянной крышки парфюмерной композицией. 5. Разместите флакон, подвесив на шнурке, в вертикальном положении на зеркале заднего вида или в другом удобном для вас месте. 6. Для усиления аромата переворачивайте флакон по мере необходимости для большей пропитки деревянной крышки флакона.",Россия,11
210,2026-09-29T20:15:38.672375,20260929_194226_044a0214,19000225855,parfjumerija/avtoparfjum,AERO,MOSCOW,Ароматизатор для автомобиля,400.0,400.0,0.0,0,0.0,https://goldapple.ru/19000225855-moscow/,https://goldapple.ru/parfjumerija/avtoparfjum?p=11,"Автопарфюм Aero "" MOSCOW "" - Это шикарный аромат, пропитанный мякотью гуавы и груши, призывающий отдохнуть от скучной обыденности и трудовых будней. Продукция бренда AERO — это качественные и безопасные ароматы, лаконичный и стильный дизайн, собственные разработки и уникальные формулы ароматов. Флаконы изготовлены из специального утолщенного стекла, стенки и резьба усилены, для того чтобы избежать разбивание колбы. Гравировка и лейблы наносятся специальным европейским оборудованием. Крышка изготовлена из бука, который позволяет парфюму не выдыхаться от 1 месяца и более.","1. Откручиваем крышку флакона 2. Вытаскиваем пластиковую пробку 3. Закручиваем крышку флакона 4. Переворачиваем флакон на 10 секунды, чтобы крышка из бука пропиталась 5. Откручиваем крышку флакона* 6. Вставляем на место пластиковую пробку* 7. Закручиваем крышку флакона *(Пункт 5 и 6 не обязательны на усмотрение клиента).",Россия,11
211,2026-09-29T20:15:48.778367,20260929_194226_044a0214,19000116829,parfjumerija/avtoparfjum,SVEJO,Perfumed fragrance №9,Парфюмированный ароматизатор,399.0,399.0,0.0,0,0.0,https://goldapple.ru/19000116829-perfumed-fragrance-no9/,https://goldapple.ru/parfjumerija/avtoparfjum?p=11,Парфюмированный ароматизатор SVEJO (флакон в коробке) используется для ароматизации воздуха в салоне автомобиля и помещении. Ноты аромата: насыщенная и соблазнительная композиция раскрывается вкусными ароматами спелой душистой вишни и сладкого вишневого ликера с дразнящим привкусом горького миндаля. Ароматизаторы во флаконах SVEJO PREMIUM сохраняют стойкость до двух месяцев.,Для ароматизации воздуха в салоне автомобиля и помещении.,Россия,11
212,2026-09-29T20:15:57.773448,20260929_194226_044a0214,19000334777,parfjumerija/avtoparfjum,Trepet,cherry amber,Автомобильный парфюм,561.0,561.0,0.0,0,0.0,https://goldapple.ru/19000334777-cherry-amber/,https://goldapple.ru/parfjumerija/avtoparfjum?p=11,"Изысканный, утонченный и пьянящий аромат сочной вишни в сочетании с красным премиальным вином. Верхние ноты черной смородины и яблока переплетаются с базовыми нотами дуба и амбры, подчеркивая глубокий и томный аромат. Дополнительную глубину этой композиции придает мускатный орех и пачули, а ваниль мягко уравновешивает сладкое послевкусие и дарит чувство полного удовлетворения.","1. Открутите деревянную крышку. 2. Удалите пластиковый защитный колпачок. 3. Плотно прикрутите деревянную крышку обратно. 4. Аккуратно переверните флакон на 5-10 секунд, чтобы пропитать крышку ароматическим составом. 5. По мере необходимости переворачивайте флакон на 1-2 секунды.",Россия,11
213,2026-09-29T20:16:06.897427,20260929_194226_044a0214,19000225848,parfjumerija/avtoparfjum,AERO,BALI,Нет категории,400.0,400.0,0.0,0,0.0,https://goldapple.ru/19000225848-bali/,https://goldapple.ru/parfjumerija/avtoparfjum?p=11,"Автопарфюм Aero "" BALI "" - Это нежный ягодно-фруктовый микс с пленительными оттенками ананаса, маракуйи и клубнички. Продукция бренда AERO — это качественные и безопасные ароматы, лаконичный и стильный дизайн, собственные разработки и уникальные формулы ароматов. Флаконы изготовлены из специального утолщенного стекла, стенки и резьба усилены, для того чтобы избежать разбивание колбы. Гравировка и лейблы наносятся специальным европейским оборудованием. Крышка изготовлена из бука, который позволяет парфюму не выдыхаться от 1 месяца и более.","1. Откручиваем крышку флакона 2. Вытаскиваем пластиковую пробку 3. Закручиваем крышку флакона 4. Переворачиваем флакон на 10 секунды, чтобы крышка из бука пропиталась 5. Откручиваем крышку флакона* 6. Вставляем на место пластиковую пробку* 7. Закручиваем крышку флакона *(Пункт 5 и 6 не обязательны на усмотрение клиента).",Россия,11
214,2026-09-29T20:16:14.821440,20260929_194226_044a0214,19000116812,parfjumerija/avtoparfjum,SVEJO,Perfumed fragrance №3,Нет категории,399.0,399.0,0.0,0,0.0,https://goldapple.ru/19000116812-perfumed-fragrance-no3/,https://goldapple.ru/parfjumerija/avtoparfjum?p=11,Парфюмированный ароматизатор SVEJO (флакон в коробке) используется для ароматизации воздуха в салоне автомобиля и помещении. Ноты аромата: элегантный шлейф освежающего коктейля мяты и лесных ягод мягко переплетается с нежным ароматом ландыша. Ароматизаторы во флаконах SVEJO PREMIUM сохраняют стойкость до двух месяцев.,Для ароматизации воздуха в салоне автомобиля и помещении.,Россия,11
215,2026-09-29T20:16:26.507694,20260929_194226_044a0214,19000225850,parfjumerija/avtoparfjum,AERO,FLORENCE,Ароматизатор для автомобиля,400.0,400.0,0.0,0,0.0,https://goldapple.ru/19000225850-florence/,https://goldapple.ru/parfjumerija/avtoparfjum?p=11,"Автопарфюм Aero "" FLORENCE "" - Это  прекрасное сочетание дымного жасмина с нотами бобов, тонка и какао, подарят Вам изысканность, соблазнительность и ощущение стиля. Продукция бренда AERO — это качественные и безопасные ароматы, лаконичный и стильный дизайн, собственные разработки и уникальные формулы ароматов. Флаконы изготовлены из специального утолщенного стекла, стенки и резьба усилены, для того чтобы избежать разбивание колбы. Гравировка и лейблы наносятся специальным европейским оборудованием. Крышка изготовлена из бука, который позволяет парфюму не выдыхаться от 1 месяца и более.","1. Откручиваем крышку флакона 2. Вытаскиваем пластиковую пробку 3. Закручиваем крышку флакона 4. Переворачиваем флакон на 10 секунды, чтобы крышка из бука пропиталась 5. Откручиваем крышку флакона* 6. Вставляем на место пластиковую пробку* 7. Закручиваем крышку флакона *(Пункт 5 и 6 не обязательны на усмотрение клиента).",Россия,11
216,2026-09-29T20:16:36.295914,20260929_194226_044a0214,19000225872,parfjumerija/avtoparfjum,AERO,LONDON,Дозаправочный бустер к ароматизатору,250.0,250.0,0.0,0,0.0,https://goldapple.ru/19000225872-london/,https://goldapple.ru/parfjumerija/avtoparfjum?p=11,"Автопарфюм Aero в формате бустера "" LONDON "" - Это изысканный кофейный аромат с нотками капучино и пралине, подарит Вам ощущение легкости и бодрости. Бустер -это специальный флакон с ароматической жидкостью,который позволяет наполнить флакон любимым ароматом бесконечное количество раз. Так же можно пропитывать и картонные ароматизаторы Aero. Он имеет удобный дозатор для заправки флакона. Так же в комплекте идет влажная салфетка.",1. Извлеките бустер из упаковки; 2. Открутите крышку Вашего ароматизатора (флакона) AERO; 3.Cнмите крышку с бустера и перелейте содержимое во флакон ароматизатора AERO; 4.Закрутите крышку флакона ароматизатора AERO и наслаждайтесь ароматом.,Россия,11
217,2026-09-29T20:16:46.283074,20260929_194226_044a0214,19000225851,parfjumerija/avtoparfjum,AERO,GOA,Ароматизатор для автомобиля,400.0,400.0,0.0,0,0.0,https://goldapple.ru/19000225851-goa/,https://goldapple.ru/parfjumerija/avtoparfjum?p=11,"Автопарфюм Aero "" GOA "" - Это самое сочное тропическое манго с пикантной каплей цитрусового фреша. Продукция бренда AERO — это качественные и безопасные ароматы, лаконичный и стильный дизайн, собственные разработки и уникальные формулы ароматов. Флаконы изготовлены из специального утолщенного стекла, стенки и резьба усилены, для того чтобы избежать разбивание колбы. Гравировка и лейблы наносятся специальным европейским оборудованием. Крышка изготовлена из бука, который позволяет парфюму не выдыхаться от 1 месяца и более.","1. Откручиваем крышку флакона 2. Вытаскиваем пластиковую пробку 3. Закручиваем крышку флакона 4. Переворачиваем флакон на 10 секунды, чтобы крышка из бука пропиталась 5. Откручиваем крышку флакона* 6. Вставляем на место пластиковую пробку* 7. Закручиваем крышку флакона *(Пункт 5 и 6 не обязательны на усмотрение клиента).",Россия,11
218,2026-09-29T20:16:56.178612,20260929_194226_044a0214,19000225869,parfjumerija/avtoparfjum,AERO,DUBLIN,Дозаправочный бустер к ароматизатору,250.0,250.0,0.0,0,0.0,https://goldapple.ru/19000225869-dublin/,https://goldapple.ru/parfjumerija/avtoparfjum?p=11,"Автопарфюм Aero в формате бустера "" DUBLIN "" - Это современный древесно-цитрусовый аромат, наполненный  легкой свежестью. Бустер -это специальный флакон с ароматической жидкостью,который позволяет наполнить флакон любимым ароматом бесконечное количество раз. Так же можно пропитывать и картонные ароматизаторы Aero. Он имеет удобный дозатор для заправки флакона. Так же в комплекте идет влажная салфетка.",1. Извлеките бустер из упаковки; 2. Открутите крышку Вашего ароматизатора (флакона) AERO; 3.Cнмите крышку с бустера и перелейте содержимое во флакон ароматизатора AERO; 4.Закрутите крышку флакона ароматизатора AERO и наслаждайтесь ароматом.,Россия,11
219,2026-09-29T20:17:04.978356,20260929_194226_044a0214,19000225849,parfjumerija/avtoparfjum,AERO,DUBLIN,Ароматизатор для автомобиля,400.0,400.0,0.0,0,0.0,https://goldapple.ru/19000225849-dublin/,https://goldapple.ru/parfjumerija/avtoparfjum?p=11,"Автопарфюм Aero "" DUBLIN "" - Это современный древесно-цитрусовый аромат, наполненный  легкой свежестью. Продукция бренда AERO — это качественные и безопасные ароматы, лаконичный и стильный дизайн, собственные разработки и уникальные формулы ароматов. Флаконы изготовлены из специального утолщенного стекла, стенки и резьба усилены, для того чтобы избежать разбивание колбы. Гравировка и лейблы наносятся специальным европейским оборудованием. Крышка изготовлена из бука, который позволяет парфюму не выдыхаться от 1 месяца и более.","1. Откручиваем крышку флакона 2. Вытаскиваем пластиковую пробку 3. Закручиваем крышку флакона 4. Переворачиваем флакон на 10 секунды, чтобы крышка из бука пропиталась 5. Откручиваем крышку флакона* 6. Вставляем на место пластиковую пробку* 7. Закручиваем крышку флакона *(Пункт 5 и 6 не обязательны на усмотрение клиента).",Россия,11
220,2026-09-29T20:17:14.015563,20260929_194226_044a0214,19000298907,parfjumerija/avtoparfjum,Le Ali,Nobile e status,Автопарфюм,690.0,690.0,0.0,0,0.0,https://goldapple.ru/19000298907-nobile-e-status/,https://goldapple.ru/parfjumerija/avtoparfjum?p=11,"Автопарфюм – отличный вариант ароматизации вашего автомобиля. Наполнит салон любимым ароматом, стильно дополнит его интерьер и создаст особую атмосферу. Также отлично подойдет для подарка автолюбителю. Многослойный брутальный аромат природных материалов (кожи и древесины). Создает ощущение тепла и уюта. Не оставит равнодушным никого.","1. Извлеките флакон из упаковки. 2. Открутите деревянную крышку, удерживая флакон в вертикальном положении. 3. Осторожно, чтобы не пролить парфюмерную композицию, удалите пластиковую пробку-заглушку и закрутите деревянную крышку на флакон. 4. Переверните флакон на 5-6 секунд для пропитки деревянной крышки парфюмерной композицией. 5. Разместите флакон, подвесив на шнурке, в вертикальном положении на зеркале заднего вида или в другом удобном для вас месте. 6. Для усиления аромата переворачивайте флакон по мере необходимости для большей пропитки деревянной крышки флакона.",Россия,11
221,2026-09-29T20:17:38.803702,20260929_194226_044a0214,19000116813,parfjumerija/avtoparfjum,SVEJO,Perfumed fragrance №6,Парфюмированный ароматизатор,399.0,399.0,0.0,0,0.0,https://goldapple.ru/19000116813-perfumed-fragrance-no6/,https://goldapple.ru/parfjumerija/avtoparfjum?p=12,"Парфюмированный ароматизатор SVEJO (флакон в коробке) используется для ароматизации воздуха в салоне автомобиля и помещении. Ноты аромата: чувственный и яркий ансамбль, образованный нотками спелого персика и сладостным теплым ароматом ванили, пленит интригующим дерзким аккордом розового перца. Ароматизаторы во флаконах SVEJO PREMIUM сохраняют стойкость до двух месяцев.",Для ароматизации воздуха в салоне автомобиля и помещении.,Россия,12
