id,created_at,session_id,item_id,category,brand,name,product_type,old_price_rub,current_price_rub,discount,in_stock,rating,url,catalog_page_url,description,usage,country_of_origin,page_number
1,2026-10-01T08:07:36.390191,20261001_080712_1756e2c0,26140100002,parfjumerija/nishevaja-parfjumerija,FRANCK BOCLET,CHYPRE,Парфюмерная вода,12720.0,12720.0,0.0,1,4.9,https://goldapple.ru/26140100002-chypre/,https://goldapple.ru/parfjumerija/nishevaja-parfjumerija,"Chypre заявлен как композиция, заставляющая сердце ускорять биение. Настолько чувственный аромат с пикантными вкраплениями, подчеркивающий привлекательность своего обладателя, не может оставить равнодушной ни одну женщину.
В верхних нотах Chypre от Franck Boclet угадываются кардамон, флердоранж и бергамот. Сердце раскрывается аккордами туберозы, бензоина, жасмина и розы. База из мотивов пачули, мускуса, амбры и сандалового дерева завершает ансамбль.",Не указано,Франция,1
2,2026-10-01T08:07:45.839733,20261001_080712_1756e2c0,19000406805,parfjumerija/nishevaja-parfjumerija,Zielinski & Rozen,"Amberwood, Vanilla, Davana",Духи концентрированные,2790.0,2790.0,0.0,1,4.9,https://goldapple.ru/19000406805-amberwood-vanilla-davana/,https://goldapple.ru/parfjumerija/nishevaja-parfjumerija,"Аромат категории унисекс. Долго сохраняется на коже, оставляя легкий шлейф.",Спрей. Распылять на кожу с расстояния 30 см. Для усиления стойкости аромата наносить на разогретое или влажное тело.,Россия,1
3,2026-10-01T08:07:55.181330,20261001_080712_1756e2c0,19000474607,parfjumerija/nishevaja-parfjumerija,Dolce & Gabbana,MY DEVOTION INTENSE,Нет категории,14130.0,14130.0,0.0,1,4.8,https://goldapple.ru/19000474607-my-devotion/,https://goldapple.ru/parfjumerija/nishevaja-parfjumerija,"Утонченная парфюмерная композиция MY DEVOTION, посвященная преданности и подлинным чувствам, встречает мягкой и элегантной нотой цветка груши, переплетающейся с ярким звучанием черной смородины. В сердце чарующего аромата DOLCE & GABBANA распускается нежный пион, который раскрывает разные грани: и нежную цветочную сладость, и свежие зеленые акценты. Плавно на первый план выходят теплые и чувственные оттенки мадагаскарской ванили, оставляющей выразительный и элегантный шлейф.",Распылите на кожу с небольшого расстояния.,Италия,1
4,2026-10-01T08:08:03.357457,20261001_080712_1756e2c0,19000190234,parfjumerija/nishevaja-parfjumerija,FRANCK BOCLET,Chameleon,Нет категории,19125.0,19125.0,0.0,1,5.0,https://goldapple.ru/19000190234-chameleon/,https://goldapple.ru/parfjumerija/nishevaja-parfjumerija,"Один день белый, другой день черный, один день праздничный, другой день будничный , один день традиционный, другой день рок –н-ролл , один день сексуальный… Вы больше не будете сводиться к одному стилю, потому что настоящий стиль это бегство к одному стилю». Я хамелеон, и я ношу Хамелеон! Хамелеон, по прозвищу Франка Бокле, — увлекательный и гипнотический аромат, похожий на хамелеона окрашенного в яркие цвета : гесперидными, такими как бергамот, грейпфрут и мандарин, сердце- раскрывает опьяняющую туберозу среди букета из абсолю розы и абсолю жасмина. Затем древесная нота фантастического сандала в сочетании с миндалем и мускусом меняет аромат в захватывающую гармонию. Хамелеон пробуждает множество желаний!",Не указано,Франция,1
5,2026-10-01T08:08:11.176372,20261001_080712_1756e2c0,19000004549,parfjumerija/nishevaja-parfjumerija,Zielinski & Rozen,Black Vanilla,Духи концентрированные,2790.0,2790.0,0.0,1,4.8,https://goldapple.ru/19000004549-perfume-vanilla-blend/,https://goldapple.ru/parfjumerija/nishevaja-parfjumerija,"Я хочу, чтобы парфюм трогал до глубины души, говорил о личности и отражал ее уникальность. Эрез Розен Замысловатая ольфакторная книга, сюжет которой раскрывается новыми гранями на каждом человеке. Необычные сочетания нот и оригинальное построение аккордов подчеркивают индивидуальность и раскрывают суть ярче любых слов. Все ароматы Zielinski&Rozen категории унисекс. Ароматы продукции Zielinski&Rozen изменили свое наименование без изменения состава.",Наносите парфюм по обе стороны плеч или распылите впереди себя и войдите в «облако» аромата.,Россия,1
6,2026-10-01T08:08:20.202880,20261001_080712_1756e2c0,19000328571,parfjumerija/nishevaja-parfjumerija,Histoires de Parfums,This is not a blue bottle,Парфюмерная вода,18905.0,18905.0,0.0,1,5.0,https://goldapple.ru/19000328571-this-is-not-a-blue-bottle/,https://goldapple.ru/parfjumerija/nishevaja-parfjumerija,"This is not a blue bottle 1/.7 напоминает сияние солнечной синевы. Это солнечный удар, большая удача, счастливая полоса! Это солнечный луч, сияющая радость, очаровывающая каждое мгновение. Тепло кокоса и розы колеблется между сандалом и белым мускусом. Яркий экстаз. И вдруг горизонт, окаймленный Озоновыми оттенками, загорается в проявлении радости… Тихое сияние Розового перца согревает наше существо, добавляя отпечаток счастья из Кокоса и Розы в великую книгу воспоминаний. В белых объятиях ландыша и франжипани мы находим покой под самым благоприятным покровительством. Царственное сияние, бесконечное чудо, солнечный луч, мягкий, как поцелуй сандала и белого мускуса. Пылкая эмоция ласкающего ванильно-эфирного тепла. Сердца открываются, души расцветают, опьяненные светом, в минуту нежной страсти.","Распыляйте с расстояния 20-25 см. Не наносите на одежду, не используйте при нахождении на солнце.",Франция,1
7,2026-10-01T08:08:29.810767,20261001_080712_1756e2c0,19000004553,parfjumerija/nishevaja-parfjumerija,Zielinski & Rozen,"Black Pepper, Vetiver, Neroli, Amber",Духи концентрированные,2092.0,2092.0,0.0,1,4.8,https://goldapple.ru/19000004553-black-pepper-amber-neroli/,https://goldapple.ru/parfjumerija/nishevaja-parfjumerija,"Я хочу, чтобы парфюм трогал до глубины души, говорил о личности и отражал ее уникальность. Эрез Розен Замысловатая ольфакторная книга, сюжет которой раскрывается новыми гранями на каждом человеке. Необычные сочетания нот и оригинальное построение аккордов подчеркивают индивидуальность и раскрывают суть ярче любых слов. Все ароматы Zielinski&Rozen категории унисекс. У данного продукта меняется название аромата. Актуальное название : Black Pepper, Vetiver, Neroli, Amber.",Наносите парфюм по обе стороны плеч или распылите впереди себя и войдите в «облако» аромата.,Россия,1
8,2026-10-01T08:08:38.771053,20261001_080712_1756e2c0,19000334597,parfjumerija/nishevaja-parfjumerija,L'atelier parfum,WOODYLICIOUS,Парфюмерная вода,3403.0,3403.0,0.0,1,4.7,https://goldapple.ru/19000334597-woodylicious/,https://goldapple.ru/parfjumerija/nishevaja-parfjumerija,"Главный аккорд, вокруг которого строится аромат L'ATELIER PARFUM — мускус, помогающий исследовать бесконечный мир чувственности. Гурманская композиция позволяет сказать сладкому «да». Теплый пачули и сливочное сандаловое дерево сочетаются с изысканным глазированным каштаном, слегка пропитанным ромом. Древесный и притягательный мускус окутывает изысканностью.","Распылите на пульсирующие зоны, такие как запястья, шея, за ушами и внутренняя сторона локтя. Избегайте контакта с одеждой, чтобы сохранить качество аромата.",Франция,1
9,2026-10-01T08:08:47.684849,20261001_080712_1756e2c0,83080200002,parfjumerija/nishevaja-parfjumerija,The House of Oud,Cypress Shade,Нет категории,19844.0,19844.0,0.0,1,4.0,https://goldapple.ru/83080200002-cypress-shade/,https://goldapple.ru/parfjumerija/nishevaja-parfjumerija,"Тень, брошенная ветвями кипарисового дерева, дарит чувство умиротворения и облегчает душу. Возвышенный, романтический символ вечной женской красоты. Тончайшая палитра оттенков отражает бесконечную красоту природы в золотом сиянии. Время уверенно стремится вперед, замедляя шаг лишь в тени стройных кипарисов, чтобы окончательно забыться в объятиях природы.",Нанести на пульсирующие точки,Франция,1
10,2026-10-01T08:08:57.097541,20261001_080712_1756e2c0,19760320068,parfjumerija/nishevaja-parfjumerija,Kilian Paris,Angels' Share,Парфюмерная вода,31680.0,31680.0,0.0,1,4.9,https://goldapple.ru/19760320068-angel-s-share/,https://goldapple.ru/parfjumerija/nishevaja-parfjumerija,"Источник вдохновения Килиана Хеннесси. Представляя новую коллекцию ароматов, Килиан Хеннесси как потомок знаменитой французской династии производителей коньяка отдает дань уважения своему наследию и любимым крепким напиткам, которые сопровождают долгие вечеринки до самого рассвета. Angels’ Share — это первый аромат Killian, созданный в сотрудничестве французским парфюмером Бенуа Лапуза, и, пожалуй, самый личный на данный момент аромат для Килиана, ведь основатель бренда представляет восьмое поколение династии Хеннесси, прославившейся своими достижениями в коньячном искусстве. Название Angels’ Share — это глубокая отсылка к воспоминаниям Килиана Хеннесси о самом загадочном феномене в коньячном деле - «доле ангелов». Аромат. Angels’ Share содержит коньячную эссенцию, которая получена из самого напитка и придает ему натуральный карамельный цвет. Вслед за этой верхней нотой начинает звучать абсолют дубовых бочек, эссенция корицы и абсолют бобов тонка. Стойкие акценты сандала, пралине и ванили образуют неповторимый изысканный шлейф, достойный истинных ангелов. Флаконы ароматов коллекции THE LIQUORS похожи на хрустальные бокалы эпохи ар-деко и вызывают ассоциации с интерьерами фешенебельных баров. Пополняемый флакон искусно изготовлен из стекла с узором. Геометрические линии складываются в один из самых выразительных символов парфюмерного дома - букву ""К"". На крышке выгравированы те же узоры, в качестве материала выбрана смола, обладающая такой же текстурой и прозрачностью, что и стекло флаконов. При этом она прочнее стекла, что делает ее долговечной. Название аромата нанесено методом трафаретной печати на металлическую пластину в форме ромба. Эти детали являются гарантией роскоши продуктов KILIAN PARIS, а настоящая роскошь не эфемерна, а существует вне времени. Поэтому флаконы коллекции можно пополнять бесконечное число раз.","Нанесите аромат на запястья, шею и точки пульса на очищенную и увлажненную кожу, чтобы он раскрылся от тепла тела и остался с вами до самого вечера. Не растирайте.",Франция,1
11,2026-10-01T08:09:05.630480,20261001_080712_1756e2c0,19000305207,parfjumerija/nishevaja-parfjumerija,Marc-Antoine Barrois,TILIA,Парфюмерная вода,13775.0,13775.0,0.0,1,4.8,https://goldapple.ru/19000305207-tilia/,https://goldapple.ru/parfjumerija/nishevaja-parfjumerija,"Знаете этот тихий момент перед закатом, когда золотой свет льется сквозь липы, и все кажется тихим? Вот как ощущается парфюмерная вода Tilia на вашей коже. Не громкий и не броский. Нежно окутывает вас — успокаивающий, знакомый, но не поддающийся описанию. Как воспоминание, которое помните только вы. Аромат, созданный не для того, чтобы впечатлять, а чтобы принадлежать только вам. Аромат Tilia раскрывается как легкий бриз. Открывается зеленой сладостью липового цвета и кистью свежих листьев. В сердце сливочный жасмин и пчелиный воск смешиваются в теплоте, гладкости и тишине. Затем медленно оседает в базе из мягкой светлой древесины, мускуса и нотки сена. Идеально подходит для весенних утр или медленных летних вечеров — когда день принадлежит вам.","Распылите аромат на кожу, область груди, за ушами, на запястьях, затылке, по линии роста волос и на внутренней стороне коленей. СОВЕТЫ: Распылите на волосы с такого же расстояния для тонкого и стойкого шлейфа. Наносите на одежду с расстояния для более длительного звучания аромата.",Франция,1
12,2026-10-01T08:09:14.004670,20261001_080712_1756e2c0,19000200195,parfjumerija/nishevaja-parfjumerija,Neydo,Where love belongs 22.07,Парфюмерная вода,5715.0,5715.0,0.0,1,4.6,https://goldapple.ru/19000200195-where-love-belongs-22-07/,https://goldapple.ru/parfjumerija/nishevaja-parfjumerija,"Аромат Where Love Belongs – это сон Андреа о взаимопонимании, родстве душ, уюте и тишине. Загородный дом в Провансе, чистота и свежесть раннего утра, солнечные лучи на белоснежных простынях, легкое колыхание штор и бесконечная ЛЮБОВЬ, которую никто не в силах потревожить. Аромат-нежность, где ноты мандарина, бергамота, красных ягод и иланг-иланга чудесно переплетаются с запахом ландышей и апельсинов. Andrea, 22.07 Открываю глаза и не могу сообразить, где нахожусь. Похоже, что в загородном доме: интерьер в стиле прованс, льняные шторы тихо колышет ветер, мягкий утренний свет струится через полуоткрытое окно, за которым чувствуется летний простор. По белоснежной простыне скользят волнообразные тени, отчего она напоминает ручей. Провожу рукой по кровати. Другая сторона еще теплая. Я зарываюсь носом в подушку и вдыхаю знакомый запах – мне становится легко и свободно. Я абсолютно счастлива! На тумбочке – мои любимые книги, над головой кружит вентилятор из живых ландышей, с каждым оборотом все больше и больше наполняя комнату нежным прохладным ароматом. Я слышу шум льющейся воды. Подхожу к ванной, трогаю ручку, но дверь заперта. И тут я внезапно оказываюсь за большим деревянным столом, стоящим прямо на цветущем лугу! Я любуюсь полевыми цветами и пью апельсиновый сок из стакана, который наполняется сам собой. От удовольствия закрываю глаза. Но звук тихо поворачивающейся ручки возвращает меня в комнату. Дверь в ванную наконец открывается. Мое сердце замирает, потому что сейчас я увижу… свою настоящую любовь! Страна происхождения товара может отличаться (Республика Корея/Франция).","Распылите на пульсирующие зоны: запястья, шею, за ушами и внутреннюю сторону локтя. Избегайте контакта с одеждой. Для повышения стойкости рекомендуем наносить на хорошо увлажненную кожу.",Франция,1
13,2026-10-01T08:09:22.343663,20261001_080712_1756e2c0,19000406806,parfjumerija/nishevaja-parfjumerija,Zielinski & Rozen,"Amberwood, Vanilla, Davana",Духи концентрированные,7990.0,7990.0,0.0,1,4.9,https://goldapple.ru/19000406806-amberwood-vanilla-davana/,https://goldapple.ru/parfjumerija/nishevaja-parfjumerija,"Аромат категории унисекс. Долго сохраняется на коже, оставляя легкий шлейф.",Спрей. Распылять на кожу с расстояния 30 см. Для усиления стойкости аромата наносить на разогретое или влажное тело.,Россия,1
14,2026-10-01T08:09:32.069636,20261001_080712_1756e2c0,19000303224,parfjumerija/nishevaja-parfjumerija,VOSKANIAN PARFUMS,Lonicera de nuit,Нет категории,17005.0,17005.0,0.0,1,5.0,https://goldapple.ru/19000303224-lonicera-de-nuit/,https://goldapple.ru/parfjumerija/nishevaja-parfjumerija,"Очень реалистичный аромат жимолости, обогащенный абсолютом жасмина, гармонирующий с водянистым ландышем и округленный элегантным мускусом, содержит также зеленые и древесные грани, создающие впечатление ночного куста жимолости после дождя.","Распыляйте с расстояния 20-25 см. Не наносите на одежду, не используйте при нахождении на солнце.",Армения,1
15,2026-10-01T08:09:40.450216,20261001_080712_1756e2c0,19000120827,parfjumerija/nishevaja-parfjumerija,Filippo Sorcinelli,Reliqvia,Духи,23655.0,23655.0,0.0,1,4.9,https://goldapple.ru/19000120827-reliqvia/,https://goldapple.ru/parfjumerija/nishevaja-parfjumerija,"“Reliquia” происходит от латинского глагола “relinquo”, что означает «я ухожу». Латинский термин “reliquiae” и греческое “λείψανα” обычно понимается как «то, что осталось», имея в виду человеческое тело или его часть. Новый аромат от Филиппо Сорчинелли вернулся в Сенигаллию после парфюма-трибьюта Марио Джакомелли Io non ho mani che mi accarezzino il volto, чтобы описать необычайное место с богатой историей и большим количеством произведений искусства под надежной охраной важных реликвий Страстей Христовых – Церкви Святого Креста, считающейся одной из жемчужин итальянского барокко. Это молельня, построенная в 1608 году Братством Таинства и Святого Креста, действующим до сих пор (Филиппо является его частью, занимая должности органиста и художественного руководителя). Reliqvia говорит о стенах, покрытых золоченым деревом, тонко украшенных резьбой и барельефами; об окуренных фимиамом ступенях к главному алтарю, подобному золотой вышивке. Внутри него хранится статуя мертвого Христа – деревянное произведение XVII века, которое можно увидеть лишь раз в год. Но он также хочет синестетически обрамить алтарь работой Федерико Бароччи «Перенос Христа к гробу» – одной из самых красивых картин художника из Урбино, выполненной в 1582 году. Reliqvia - это гвоздь Страстей, слоистый и торфяной ладан темных и священных лет.",По мере необходимости,Италия,1
16,2026-10-01T08:09:49.558986,20261001_080712_1756e2c0,26142600002,parfjumerija/nishevaja-parfjumerija,FRANCK BOCLET,LAVENDER,Парфюмерная вода,6808.0,6808.0,0.0,1,4.7,https://goldapple.ru/26142600002-lavender/,https://goldapple.ru/parfjumerija/nishevaja-parfjumerija,"Lavender Franck Boclet - сильный очаровательный аромат для него! Аромат семейства ароматический, древесный. Верхние ноты: тмин, кумкват, бергамот. Ноты сердца: лаванда, яблоко, полынь, корица.",Не указано,Франция,1
17,2026-10-01T08:09:58.189481,20261001_080712_1756e2c0,2617700002,parfjumerija/nishevaja-parfjumerija,MONTALE,Arabians Tonka,Парфюмерная вода,7094.0,7094.0,0.0,1,4.9,https://goldapple.ru/2617700002-arabians-tonka/,https://goldapple.ru/parfjumerija/nishevaja-parfjumerija,"Arabians Tonka предназначен для любителей редких парфюмерных композиций, вариация аромата Arabians, посвященного Арабским скакунам. Загадочный узор из пряностей грациозно переплетается с чарующим звучанием Розы, Бобов Тонка и Бергамота. Аромат демонстрирует свой анималистический, необузданный нрав аккордами Уда, Амбры и Мускуса. Дерзкое, колоритное звучание с легким намеком на женственность.",Не указано,Франция,1
18,2026-10-01T08:10:08.506358,20261001_080712_1756e2c0,19000331477,parfjumerija/nishevaja-parfjumerija,Stereotype,Sago,Парфюмерная вода,8010.0,8010.0,0.0,1,4.5,https://goldapple.ru/19000331477-sago/,https://goldapple.ru/parfjumerija/nishevaja-parfjumerija,"SAĜO. Смотри глубже. Чувствуй тоньше. Всё началось с чистого листа. Пустого, бесконечно открытого. Он ждал смыслов, но они не приходили сразу. Были вопросы, сомнения, поиск. Но постепенно появились линии. Связи. Ответы. Всё началось с чистого листа… Но теперь ты видишь суть. Ты не боишься смотреть вглубь. Ты принимаешь разные точки зрения, исследуешь их, собираешь свою картину мира, кусочек за кусочком. Твоя сила — в знании. В интуиции. В глубоком понимании того, что скрыто за поверхностью. SAĜO — поглощающий и медитативный. Медовая амбра согревает, создавая ощущение мягкого пледа на плечах, а влажный мох приносит прохладное дыхание леса после дождя. Игра контрастов — как в глубоких размышлениях. Аромат на коже станет проводником в мир тонких ощущений и осознанности. *Saĝo (sah-joe) - на языке эсперанто означает «мудрость». FLOW, UNFRAME, SAĜO, BRACE — как и люди, ароматы первой коллекции STEREOTYPE похожи, но несравнимы. Они принадлежат одной «ароматной вселенной» — мускусной, древесной, амбровой, пряной — но звучат по-разному. Они говорят на одном языке, но разными голосами. И каждый находит среди них тот аромат, что звучит в унисон с его внутренним миром. Парфюмер: Bertrand Duchaufour.",только для наружного применения.,Франция,1
19,2026-10-01T08:10:17.085319,20261001_080712_1756e2c0,19000152730,parfjumerija/nishevaja-parfjumerija,Zielinski & Rozen,"Pink Pepper, Elemi, Cinnamon, Leather",Духи концентрированные,2371.0,2371.0,0.0,1,4.8,https://goldapple.ru/19000152730-pink-pepper-elemi-cinnamon-leather/,https://goldapple.ru/parfjumerija/nishevaja-parfjumerija,"Я хочу, чтобы парфюм трогал до глубины души, говорил о личности и отражал ее уникальность. Эрез Розен Замысловатая ольфакторная книга, сюжет которой раскрывается новыми гранями на каждом человеке. Необычные сочетания нот и оригинальное построение аккордов подчеркивают индивидуальность и раскрывают суть ярче любых слов. Все ароматы Zielinski&Rozen категории унисекс.",Наносите парфюм по обе стороны плеч или распылите впереди себя и войдите в «облако» аромата.,Россия,1
20,2026-10-01T08:10:25.947188,20261001_080712_1756e2c0,19000327394,parfjumerija/nishevaja-parfjumerija,Parfums de Marly,Valaya,Парфюмерная вода,23800.0,23800.0,0.0,1,4.9,https://goldapple.ru/19000327394-valaya/,https://goldapple.ru/parfjumerija/nishevaja-parfjumerija,"Сияющая аура и в то же время непроницаемая мягкость. Valaya, новый аромат, представленный Parfums de Marly, раскрывает аромат кожи, покрытой хлопковой вуалью, чтобы передать силу женственности. За границами искусственности и показной роскоши, Valaya пробуждает интимные ощущения, универсальные эмоции, глубокий вдох сознания. Его формула передает текстуру кожи, запах свежего хлопка и сияние женщины в полном расцвете сил. Valaya состоит из минималистичного, прозрачного букета из цветка апельсина и мандарина, успокаивающей ноты par excellence. Эти ингредиенты дополнены эликсиром с нотой мускуса и благородной древесиной и ванилью. Этот мускусно-древесно-цветочный аромат объединяет в себе синергию природных материалов и инновационных молекул. Чувственная основа формулы Valaya - Ambrofix, молекула, которая при контакте с кожей постепенно передает теплые грани амбры.",Для наружного применения.,Франция,1
21,2026-10-01T08:10:49.792630,20261001_080712_1756e2c0,19000303223,parfjumerija/nishevaja-parfjumerija,VOSKANIAN PARFUMS,Iris Boise,Парфюмерная вода,19855.0,19855.0,0.0,1,5.0,https://goldapple.ru/19000303223-iris-boise/,https://goldapple.ru/parfjumerija/nishevaja-parfjumerija?p=2,"Богатая и элегантная формула моно-ириса с морковными гранями, фиалковыми нотами и древесно-амбровым аккордом, состоящим из ветивера, кедра, пачули, мускуса и амбры.","Распыляйте с расстояния 20-25 см. Не наносите на одежду, не используйте при нахождении на солнце.",Армения,2
22,2026-10-01T08:10:59.125298,20261001_080712_1756e2c0,19000439441,parfjumerija/nishevaja-parfjumerija,Neydo,BLOND REDHEAD 16.11,парфюмерная вода,1980.0,1980.0,0.0,1,4.7,https://goldapple.ru/19000439441-neydo/,https://goldapple.ru/parfjumerija/nishevaja-parfjumerija?p=2,"Сон Антуана о необыкновенной встрече в парижской кондитерской, наполненной запахом фруктов, ванили и шоколада с легкими нотами специй и дерева. Капля риска, щепотка уверенности в себе – и вуаля! – аромат-предсказание готов. Свежие цветочные ноты роз и фрезий, дополненные нюансами сухофруктов и земли… Этот сон точно сбудется! Antoine, 16.11 Ну вот и всё – последний клубничный макарун нашел свое место. Витрина, над которой я тружусь с самого утра, наконец-то оформлена. Пора и передохнуть. Но не успеваю даже присесть, как в кондитерскую входит ОНА. Настоящая француженка – небрежная прическа, волосы цвета клубничный блонд, в одной руке букет фрезий, в другой – пакеты с покупками. Такими женщинами я восхищаюсь издалека. Вблизи же впадаю в ступор, меня буквально парализует. А ОНА бродит по кондитерской, и к нашему привычному запаху ванили вдруг добавляется аромат сухофруктов и теплой земли. «Excusez-moi», – указывает ОНА на торт с начинкой из инжира и розовых лепестков. Как зомби снимаю стеклянный клош, и воздух наполняется сладким ароматом. «Délicieuse», – шепчет ОНА. Какой у нее бархатный волнующий голос! Скажи еще что-нибудь, ну пожалуйста… Торт вырывается из моих рук, кувыркается и падает, взрываясь сливочным кремом. Бах! Цветки фрезий разбросаны по полу. Ее волосы в креме, крем на моей щеке. Я смущен, нужно как-то извиниться, но не могу! И вдруг… ОНА начинает хохотать. Я тоже. Протягиваю руку, чтобы смахнуть крошки с ее шелковой блузки. Какое декольте! Она шепчет: «Délicieuse… Délici… deli…» – «De-di-di» – настойчиво звонит будильник. Просыпаюсь, облизывая сухие губы. Как же не вовремя!","Распылите на пульсирующие зоны: запястья, шею, за ушами и внутреннюю сторону локтя. Избегайте контакта с одеждой. Для повышения стойкости рекомендуем наносить на хорошо увлажненную кожу.",Франция,2
23,2026-10-01T08:11:07.554186,20261001_080712_1756e2c0,19760337211,parfjumerija/nishevaja-parfjumerija,ESSENTIAL PARFUMS PARIS,BOIS IMPERIAL by Quentin Bisch,Нет категории,2466.0,2466.0,0.0,1,4.8,https://goldapple.ru/19760337211-bois-imperial-by-quentin-bisch/,https://goldapple.ru/parfjumerija/nishevaja-parfjumerija?p=2,"Парфюмер – Quentin Bisch. «Центром созданного мной аромата стала необыкновенная и редкая нота – акигалавуд. Эта уникальная древесная нота, украшенная свежими специями, играет на контрастах». Чувственный и свежий аромат ESSENTIAL PARFUMS с древесными, пряными и зелеными аккордами дополняют насыщенный гаитянский ветивер, пачули и нота Ambrofix со стойким звучанием амбры. Свежие листья базилика сочетаются с игривым ароматом перца Тимут, который раскрывает не только острую грань, но и свежую ноту, напоминающую грейпфрут. В составе парфюмерной воды – 93% натуральных ингредиентов. Создатели ароматов ESSENTIAL PARFUMS выбирают натуральные, экологически чистые материалы и стремятся снизить воздействие на окружающую среду.. Обращаем внимание, флакон аромата может отличаться от фото в интернет-магазине. Товар может быть представлен с колпачком или без него.",Не указано,Франция,2
24,2026-10-01T08:11:15.987538,20261001_080712_1756e2c0,19000228178,parfjumerija/nishevaja-parfjumerija,Kilian Paris,Eau De Parfum Smoking Hot,Нет категории,5964.0,5964.0,0.0,1,4.9,https://goldapple.ru/19000228178-smoking-hot/,https://goldapple.ru/parfjumerija/nishevaja-parfjumerija?p=2,"Источник вдохновения Килиана Хеннесси. Ночью есть только одно правило: быть Smoking Hot. Сладостный оттенок табака для кальяна и выдержанный коньяк вдохновили Килиана создать настоящий дерзкий аромат: Smoking Hot. Название имеет двоякий смысл: огонь и дым зажженого табака, окутывающая чувственная аура - устоять невозможно. Это ощущается кожей, и от этого кружится голова. Нет никаких правил.
Аромат открывается запретным плодом: яблочный табак для кальяна и масло корицы придают аромату пряный, теплый оттенок. Кентуккийский табак высшего качества, высушенный на огне, полученный из настоящих табачных листьев и с допустимым в парфюмерии содержанием никотина, идеально сочетается с оттенком дубового мха. Эссенция бурбонской ванили и орканокс: фирменное сочетание KILIAN PARIS, всегда напоминающее о коньячных погребах, благодаря которому древесная чувственность аромата сохраняется гораздо сильнее и дольше
Ноты аромата: яблочный табак, корица, абсолю табака, дубовый мох, эссенция бурбонской ванили, орканокс.
Категория ароматов: дымные. Дымные в прямом или переносном смысле ароматы KILIAN PARIS содержат классические ноты бахура, ладана и табака.
Парфюмер: Матьё Нардэн
Логотип на флаконе может быть представлен как в белом, так и в черном цвете.","Нанесите аромат на запястья, шею и точки пульса, чтобы он раскрылся от тепла тела и остался с вами до самого вечера.",Франция,2
25,2026-10-01T08:11:24.494068,20261001_080712_1756e2c0,83800100005,parfjumerija/nishevaja-parfjumerija,ESSENTIAL PARFUMS PARIS,MON VETIVER,Парфюмерная вода,2466.0,2466.0,0.0,1,4.5,https://goldapple.ru/83800100005-mon-vetiver/,https://goldapple.ru/parfjumerija/nishevaja-parfjumerija?p=2,"Парфюмер – Bruno Jovanovic. «Я представил себе парфюмерную композицию на основе нот ветивера и джина, отражающую современную элегантность. Это аромат с характером, выраженном в древесных нотах». Mon Vetiver – это воплощение современной элегантности. Композиция, способная удивлять, создана на основе гаитянского ветивера. Неожиданная нота джина подчёркивает приятную свежесть мексиканского лайма и можжевельника. Лаванда и горечавка пробуждают интерес, который усиливают загадочные пачули из Индонезии и ноты кашмерана. Создатели парфюмерной воды ESSENTIAL PARFUMS выбирают натуральные, экологически чистые материалы и стремятся снизить воздействие на окружающую среду. Компания гарантирует бережное отношение к местным экосистемам и улучшает жизнь фермерских общин Гаити, культивирующих ветивер. . Обращаем внимание, флакон аромата может отличаться от фото в интернет-магазине. Товар может быть представлен с колпачком или без него.",Не указано,Франция,2
26,2026-10-01T08:11:34.827738,20261001_080712_1756e2c0,19000105760,parfjumerija/nishevaja-parfjumerija,CASAMORATI,Casa Futura,Парфюмерная вода,28611.0,28611.0,0.0,1,5.0,https://goldapple.ru/19000105760-casa-futura/,https://goldapple.ru/parfjumerija/nishevaja-parfjumerija?p=2,"Футуризм – это направление в искусстве, которое зародилось в Италии в начале 20-го века и приобрело особую популярность в период между 1908 и 1944 годами. Основная цель данного направления заключалась в том, чтобы передать динамику и энергию современного мира в художественной форме. Футуристы фокусировались на последних разработках в науке и философии, но особенно их привлекали авиация и кинематограф.",Не указано,Италия,2
27,2026-10-01T08:11:43.271677,20261001_080712_1756e2c0,19000120388,parfjumerija/nishevaja-parfjumerija,MILLER ET BERTAUX,Aymara,Парфюмерная вода,11781.0,11781.0,0.0,1,5.0,https://goldapple.ru/19000120388-aymara/,https://goldapple.ru/parfjumerija/nishevaja-parfjumerija?p=2,"Aymara – это четвертый аромат коллекции , вышедший вслед за композициями menta y menta, pimiento +++ и malagasy. aymara – это ароматное путешествие в высокогорье Боливии, где мы встречаем местных аборигенов – индейцев аймара, которые живут в высокогорных районах у озера Титикака. Этот древесно-пряный аромат строится вокруг священного дерева Пало Санто, которое индейцы аймара используют в качестве благовоний во время медитаций и духовных практик. Считается, что дым Пало Санто  очищает ауру и энергетическое поле человека, расслабляет и наполняет позитивом. Ароматное путешествие в высокогорье Боливии.",Укутайтесь в облако любимой композиции с самого утра.,Франция,2
28,2026-10-01T08:11:52.692469,20261001_080712_1756e2c0,19000148365,parfjumerija/nishevaja-parfjumerija,ESSENTIAL PARFUMS PARIS,Nice Bergamote,Рефил парфюмерной воды,8550.0,8550.0,0.0,1,4.6,https://goldapple.ru/19000148365-nice-bergamote/,https://goldapple.ru/parfjumerija/nishevaja-parfjumerija?p=2,"Рефил для пополняемого флакона парфюмерной воды ESSENTIAL PARFUMS PARIS ""NICE BERGAMOTE by Antoine Maisondieu"". Парфюмер – Antoine Maisondieu. «Я посвятил этот аромат аристократической красоте калабрийского бергамота. Лепестки жасмина и древесные ноты сделали эту красоту ещё более возвышенной, а бобы тонка смягчили парфюмерную композицию». Nice Bergamote – это игривый и солнечный аромат. Натуральный бергамот из Калабрии поражает яркостью, словно вспышка, и переплетается с цветочным аккордом, объединившим ноты иланг-иланга с Коморских островов, лепестков розы и жасмина. Изысканный кедр формирует тёплую базу, смягченную бобами тонка из Венесуэлы. Создатели парфюмерной воды ESSENTIAL PARFUMS выбирают натуральные, экологически чистые материалы и стремятся снизить воздействие на окружающую среду. Компания участвует в программе посадки деревьев на Коморских островах, где получает иланг-иланг, а в Венесуэле, поставляющей бобы тонка, соблюдает соглашение о защите местной фауны и поддерживает местные общины. Сделать парфюмерию еще более экологичной и безопасной для окружающей среды позволяет формат рефила, благодаря которому основной флакон парфюмерной воды становится подходящим для многоразового использования. Флакон рефила создан из алюминия, подходящего для переработки.",Откройте оригинальный пополняемый флакон парфюмерной воды и наполните его из рефила. Только для наружного применения.,Франция,2
29,2026-10-01T08:12:02.297364,20261001_080712_1756e2c0,26142800001,parfjumerija/nishevaja-parfjumerija,FRANCK BOCLET,COCAINE,Духи,19125.0,19125.0,0.0,1,4.7,https://goldapple.ru/26142800001-cocaine/,https://goldapple.ru/parfjumerija/nishevaja-parfjumerija?p=2,"Cocaine Franck Boclet — как в тексте популярной поп-рок композиции Эрика Клэптона: ""Если ты хочешь оторваться, ты должен взять его с собой"". Название аромата, по замыслу парфюмера, символизирует, что он полностью захватывает вас. Верхние ноты: розовые ягоды, горький апельсин, табак, карамель. Ноты сердца: орхидея, лилия, тубероза. Базовые ноты: пачули, ваниль, тиаре. Одновременно яркий и цветочно-восточный характер аромата. Осторожно, вызывает привыкание!",Не указано,Франция,2
30,2026-10-01T08:12:11.175744,20261001_080712_1756e2c0,90151200002,parfjumerija/nishevaja-parfjumerija,Zielinski & Rozen,"Black Pepper, Vetiver, Neroli, Amber",Духи концентрированные,7990.0,7990.0,0.0,1,4.8,https://goldapple.ru/90151200002-black-pepper-amber-neroli/,https://goldapple.ru/parfjumerija/nishevaja-parfjumerija?p=2,"Я хочу, чтобы парфюм трогал до глубины души, говорил о личности и отражал ее уникальность. Эрез Розен Замысловатая ольфакторная книга, сюжет которой раскрывается новыми гранями на каждом человеке. Необычные сочетания нот и оригинальное построение аккордов подчеркивают индивидуальность и раскрывают суть ярче любых слов. Все ароматы Zielinski&Rozen категории унисекс. Ароматы продукции Zielinski&Rozen изменили свое наименование без изменения состава.",Наносите парфюм по обе стороны плеч или распылите впереди себя и войдите в «облако» аромата.,Россия,2
31,2026-10-01T08:12:19.587476,20261001_080712_1756e2c0,26801200001,parfjumerija/nishevaja-parfjumerija,Maison Francis Kurkdjian,Oud satin mood,Парфюмерная вода,29500.0,29500.0,0.0,1,4.9,https://goldapple.ru/26801200001-oud-satin-mood/,https://goldapple.ru/parfjumerija/nishevaja-parfjumerija?p=2,"Новая интерпретация удового дерева, редкого и драгоценного материала, парфюмерная вода OUD satin mood от Maison Francis Kurkdjian отражает желание создателя добавить в повседневную  жизнь мерцающую грань. Окутайте себя в древесно-амбровую вуаль, чтобы приостановить время и потерять себя в глубине настоящего здесь и сейчас. Изысканные тона аккорда фиалки плавно перетекают в звучание удового дерева, склоняющегося перед насыщенностью аромата Дамасской розы, чтобы затем слиться с насыщенным ванильно-амбровым аккордом. Драгоценный  аромат OUD satin mood подобен струящейся ткани, нежно покрывающей кожу.","Нанести аромат на запястья, шею и точки пульса.",Франция,2
32,2026-10-01T08:12:27.856864,20261001_080712_1756e2c0,19000012428,parfjumerija/nishevaja-parfjumerija,MILLER ET BERTAUX,Study #17,Парфюмерная вода,11781.0,11781.0,0.0,1,4.5,https://goldapple.ru/19000012428-study-17/,https://goldapple.ru/parfjumerija/nishevaja-parfjumerija?p=2,"Аромат словно прогулка вдоль французского побережья Средиземного моря. Ольфакторное признание в любви природе. Здесь тепло солнечных лучей, свежесть морского бриза, прохлада дождя, влажное звучание листьев, цветов, по которым течет дождевая вода, и оттенок мха, покрывающего деревья.",Не указано,Франция,2
33,2026-10-01T08:12:35.592557,20261001_080712_1756e2c0,19000455529,parfjumerija/nishevaja-parfjumerija,ESSENTIAL PARFUMS PARIS,THE MUSC by Calice Becker,Нет категории,13347.0,13347.0,0.0,1,4.3,https://goldapple.ru/19000455529-the-musc-by-calice-becker/,https://goldapple.ru/parfjumerija/nishevaja-parfjumerija?p=2,"Парфюмер – Calice Becker. «В этой чрезвычайно концентрированной версии THE MUSC я представила себе глубоко чувственные объятия. Это квинтэссенция желания». Более пряная, амбровая и дерзкая композиция ESSENTIAL PARFUMS демонстрирует ноктюрновую сторону и насыщенность благодаря усиленной концентрации. Мускус воспламеняется при соприкосновении со жгучими специями. Его шлейф становится более животным, усиливаясь чрезмерной дозой компонента Ambrofix. Нежность мускуса становится более смелой, кутаясь в тенистых завитках сандалового дерева и ветивера. В составе парфюмерного экстракта – 76% натуральных ингредиентов. Создатели ароматов ESSENTIAL PARFUMS выбирают натуральные, экологически чистые материалы и стремятся снизить воздействие на окружающую среду.","перед использованием встряхнуть. Распылить мист на кожу и волосы на расстоянии 20 см, избегая попадания в глаза.",Франция,2
34,2026-10-01T08:12:45.000582,20261001_080712_1756e2c0,19000145610,parfjumerija/nishevaja-parfjumerija,MEMO Paris,Madurai,Нет категории,27967.0,27967.0,0.0,1,4.9,https://goldapple.ru/19000145610-madurai/,https://goldapple.ru/parfjumerija/nishevaja-parfjumerija?p=2,"Совершите путешествие в священный город Мадурай с парфюмированной водой Madurai от Memo Paris. Этот чарующий аромат отражает суть богатого наследия Индии, раскрываясь яркими нотами итальянского бергамота и золотистой теплотой эссенции куркумы, напоминая о шумных рынках специй. В основе аромата лежит роскошный букет из абсолю индийского жасмина самбак и египетского жасмина, переплетенный со сливочным очарованием индийской туберозы и сочной сладостью персика, напоминающий аромат цветочных гирлянд, украшающих храмы. Композиция изящно завершается мягкими древесными тонами австралийского сандала и тонким замшевым аккордом, которые создают безмятежное и стойкое послевкусие. Парфюмированная вода Madurai - это гармоничное сочетание, воспевающее красоту и загадочность Индии, что делает ее прекрасным выбором для тех, кто ищет аромат, который был бы одновременно экзотическим и успокаивающим.","Распылите на пульсирующие зоны, такие как запястья, шея, за ушами и внутренняя сторона локтя. Избегайте контакта с одеждой, чтобы сохранить качество аромата.",Франция,2
35,2026-10-01T08:12:53.308582,20261001_080712_1756e2c0,19000019544,parfjumerija/nishevaja-parfjumerija,Zielinski & Rozen,"Peach, Passion fruit, Musk",Духи концентрированные,2790.0,2790.0,0.0,1,4.7,https://goldapple.ru/19000019544-peach-passion-fruit-musk/,https://goldapple.ru/parfjumerija/nishevaja-parfjumerija?p=2,"Я хочу, чтобы парфюм трогал до глубины души, говорил о личности и отражал ее уникальность. Эрез Розен Замысловатая ольфакторная книга, сюжет которой раскрывается новыми гранями на каждом человеке. Необычные сочетания нот и оригинальное построение аккордов подчеркивают индивидуальность и раскрывают суть ярче любых слов. Все ароматы Zielinski&Rozen категории унисекс.",Наносите парфюм по обе стороны плеч или распылите впереди себя и войдите в «облако» аромата.,Россия,2
36,2026-10-01T08:13:03.457512,20261001_080712_1756e2c0,19000476232,parfjumerija/nishevaja-parfjumerija,ESSENTIAL PARFUMS PARIS,NICE BERGAMOTE by Antoine Maisondieu,Парфюмерный экстракт,13347.0,13347.0,0.0,1,4.3,https://goldapple.ru/19000476232-nice-bergamote-by-antoine-maisondieu/,https://goldapple.ru/parfjumerija/nishevaja-parfjumerija?p=2,"Парфюмер – Antoine Maisondieu. «Создавая эту интенсивно концентрированную вариацию NICE BERGAMOTE, я стремился передать самую суть летней ночи в Средиземноморье». Более наркотическая, сладковатая и опьяняющая композиция раскрывает ноктюрновую сторону, демонстрируя насыщенность благодаря усиленной концентрации. Калабрийский бергамот переплетается со сладостью горького апельсина. Солнечное сердце аромата пленяет, наполняясь фруктовым шепотом жасмина самбак. В базе томно звучит кедр, окутанный пачули и карамелизированным мускусом. Летний нектар опьяняет и притягивает, как кожа, покрытая сладкими поцелуями. В составе парфюмерного экстракта – 74% натуральных ингредиентов. Создатели ароматов ESSENTIAL PARFUMS выбирают натуральные, экологически чистые материалы и стремятся снизить воздействие на окружающую среду.","перед использованием встряхнуть. Распылить мист на кожу и волосы на расстоянии 20 см, избегая попадания в глаза.",Франция,2
37,2026-10-01T08:13:12.196347,20261001_080712_1756e2c0,19000343862,parfjumerija/nishevaja-parfjumerija,ATKINSONS,Shine Despite Everything,Духи,27810.0,27810.0,0.0,1,4.8,https://goldapple.ru/19000343862-shine-despite-everything/,https://goldapple.ru/parfjumerija/nishevaja-parfjumerija?p=2,"Изысканный и вдохновляющий аромат ATKINSONS посвящен Саре Бернар – легендарной актрисе и мировой знаменитости XX века. Название Shine Despite Everything в переводе означает «сияй несмотря ни на что» и отсылает к жизненному девизу Сары. Этот лозунг, ставший отражением её силы, жизнелюбия и смелости, послужил источником вдохновения при создании яркой, насыщенной композиции, объединившей ценные натуральные ингредиенты и инновационные компоненты. Главные роли в этой парфюмерной истории играют три роскошных, соблазнительных аккорда. Аккорд пламени, представляющий жгучее трио ладана, перца и куркумы, отражает яркую индивидуальность и смелость Сары Бернар. Оригинальный аккорд авангарда, в котором гармонируют чувственный ирис, цветочное звучание и теплый, притягательный союз карамели и амбры, передает эклектизм и артистизм актрисы. Привлекательный сценический образ мировой звезды воплощен в аккорде харизмы – завораживающем сочетании кумарина, ванили и акигалавуда. Shine Despite Everything – это призыв, доносящийся из прошлого и влекущий в светлое будущее. Пожелание уверенно идти вперед, жить полной жизнью, без страха стремиться к признанию. И всегда с сияющими глазами! Уникальный флакон, изготовленный во Флоренции, украшен изысканным медальоном, отсылающим к неповторимому образу легендарной актрисы и к дизайну оригинальных, созданных специально для Сары косметических продуктов. Парфюмер – Хорди Фернандез.",Только для наружного применения.,Италия,2
38,2026-10-01T08:13:20.157669,20261001_080712_1756e2c0,19000439444,parfjumerija/nishevaja-parfjumerija,Neydo,FIERY FIG 24.05,парфюмерная вода,1980.0,1980.0,0.0,1,4.6,https://goldapple.ru/19000439444-neydo/,https://goldapple.ru/parfjumerija/nishevaja-parfjumerija?p=2,"Аромат Fiery Fig 24.05 — сон Мии, в котором летний день наполнен ароматом разогретых солнцем плодов и листьев инжира, а люди наслаждаются сливочными коктейлями и кружатся в беспечном танце под звуки гитары. Аромат-мелодия с нежным инжирно-молочным аккордом, свежими нотами травы и благородного кедра. Mia, 24.05 Мы трясёмся в пикапе по грунтовой дороге, оставляя за собой клубы пыли. Вокруг только раскалённые знойным солнцем поля, уходящие за горизонт. Мы подъезжаем к ферме, где воздух пропитан сладким ароматом инжира и сочной зеленью фиговых деревьев. Меня встречают, будто мы знакомы много лет. Стоят массивные столы из полированного кедра, заваленные спелым инжиром и влажными хрустящими листьями всех оттенков зелёного. Я хватаю самые спелые плоды и откусываю от них прохладную сладкую мякоть. Закрываю глаза от восторга: как это вкусно! Чья-то рука касается моего плеча и увлекает меня за собой. И вот мы уже бежим прочь. Перед нами извилистая дорога на холм, засаженная вдоль фиговыми деревьями. Оттуда доносится смех и музыка. Горизонт вспыхивает красным закатом, и мы уже в центре весёлой толпы. Все одеты в удивительные костюмы, а их лица расписаны яркими красками. Люди смеются, пьют ароматные коктейли с кокосовым молоком и инжиром, танцуя без остановки. Музыкант быстро и непринужденно перебирает пальцами струны гитары. И хотя я впервые слышу эту мелодию, мне кажется… я её знаю! Мы кружимся в танце всё быстрее, быстрее, быстрее! Пока всё не сливается в единый цветной круговорот…","Распылите на пульсирующие зоны: запястья, шею, за ушами и внутреннюю сторону локтя. Избегайте контакта с одеждой. Для повышения стойкости рекомендуем наносить на хорошо увлажненную кожу.",Франция,2
39,2026-10-01T08:13:28.160861,20261001_080712_1756e2c0,19000201893,parfjumerija/nishevaja-parfjumerija,Pantheon Roma,RAFFAELLO,Духи,13000.0,13000.0,0.0,1,4.0,https://goldapple.ru/19000201893-raffaello/,https://goldapple.ru/parfjumerija/nishevaja-parfjumerija?p=2,"Он очень утонченный и эклектичный гений, в то же время сильный и конкретный. Профиль художника, сделавшего элегантность отличительной чертой своей работы. Изящество его штриха оставило неизгладимый след в истории искусства. Рафаэль —привлекательный, элегантный и страстный мужчина, полностью проживший свою историю любви. Обработка аромата проходит на двух уровнях: дистиллят чистого большого абсента и смесь перца, кожи, тикового дерева и бобов тонка. На первом уровне художник и его вибрация (абсент), на втором рассказывается вместо энергии (кожа, перец, тик и бобы тонка), с фоновым запахом, напоминающим цветные пигмент","Наносить на неповрежденные участки кожи, волос и одежду",Италия,2
40,2026-10-01T08:13:38.418847,20261001_080712_1756e2c0,19000052224,parfjumerija/nishevaja-parfjumerija,RicHarD maison de parfum,White Chocola,парфюмерная вода,13515.0,13515.0,0.0,1,4.8,https://goldapple.ru/19000052224-white-chocola/,https://goldapple.ru/parfjumerija/nishevaja-parfjumerija?p=2,"White Chocola от Ricard — это настоящее удовольствие для любителей шоколада. Погружение в сладкую бездну с наслаждением от легкого вкуса пряностей и тонкого аромата сладкой ванили. Необычное сочетание ароматов будет удивлять своим настроением. Сладкие ноты белого шоколада в сочетании с теплотой ванили делают аромат поистине воздушным и легким. Этот коктейль завершают цветочные и фруктовые аккорды, добавляя ему особую изысканность и многогранность.","Распылите на пульсирующие зоны: запястья, шею, за ушами и внутреннюю сторону локтя. Избегайте контакта с одеждой. Для повышения стойкости рекомендуем наносить на хорошо увлажненную кожу.",Оаэ,2
41,2026-10-01T08:14:05.608092,20261001_080712_1756e2c0,19000289036,parfjumerija/nishevaja-parfjumerija,Kilian Paris,Angels' Share,Парфюмерная вода,6390.0,6390.0,0.0,1,4.8,https://goldapple.ru/19000289036-angels-share/,https://goldapple.ru/parfjumerija/nishevaja-parfjumerija?p=3,"Описание продукта. Источник вдохновения Килиана Хеннесси. Представляя новую коллекцию ароматов, Килиан Хеннесси как потомок знаменитой французской династии производителей коньяка отдает дань уважения своему наследию и любимым крепким напиткам, которые сопровождают долгие вечеринки до самого рассвета. Angels’ Share — это первый аромат Killian, созданный в сотрудничестве французским парфюмером Бенуа Лапуза, и, пожалуй, самый личный на данный момент аромат для Килиана, ведь основатель бренда представляет восьмое поколение династии Хеннесси, прославившейся своими достижениями в коньячном искусстве. Название Angels’ Share — это глубокая отсылка к воспоминаниям Килиана Хеннесси о самом загадочном феномене в коньячном деле - «доле ангелов». Аромат. Angels’ Share содержит коньячную эссенцию, которая получена из самого напитка и придает ему натуральный карамельный цвет. Вслед за этой верхней нотой начинает звучать абсолют дубовых бочек, эссенция корицы и абсолют бобов тонка. Стойкие акценты сандала, пралине и ванили образуют неповторимый изысканный шлейф, достойный истинных ангелов. Парфюмер: Бенуа Лапуза.","Нанесите аромат на запястья, шею и точки пульса на очищенную и увлажненную кожу, чтобы он раскрылся от тепла тела и остался с вами до самого вечера. Не растирайте.",Франция,3
42,2026-10-01T08:14:17.272091,20261001_080712_1756e2c0,19000399144,parfjumerija/nishevaja-parfjumerija,MAISON NOIR,ALTER EGO,Парфюмерная вода,18905.0,18905.0,0.0,1,5.0,https://goldapple.ru/19000399144-alter-ego-786/,https://goldapple.ru/parfjumerija/nishevaja-parfjumerija?p=3,"Восстановите связь с другой вашей стороной и выведите ее из тени. Тот, кто имеет смелость прокладывать новые пути, говорит то, что никогда не было сказано, и делает то, что никогда не совершалось. Копченый уд, окрашенный малиновым ликером. Пикантные фруктовые грани малинового ликера сочетаются с пряным теплом корицы и ярким шафраном.","Распыляйте с расстояния 20-25 см. Не наносите на одежду, не используйте при нахождении на солнце.",Франция,3
43,2026-10-01T08:14:24.712293,20261001_080712_1756e2c0,26142100001,parfjumerija/nishevaja-parfjumerija,FRANCK BOCLET,HEROES,Нет категории,18572.0,18572.0,0.0,1,5.0,https://goldapple.ru/26142100001-heroes/,https://goldapple.ru/parfjumerija/nishevaja-parfjumerija?p=3,"Heroes Franck Boclet- музыкальная гармония с коктейлем из ароматических, древесных, цветочных и восточных звучаний. Верхние ноты: бергамот, полынь, гальбанум, сочный кокос. Ноты сердца: герань, иланг- иланг,гелиотроп, пачули, сандаловое дерево, ветивер, кваяковое дерево, кедр. Основа: амбра с оттенком ванили, мох и бобы тонка.",Не указано,Франция,3
44,2026-10-01T08:14:36.396692,20261001_080712_1756e2c0,19000060263,parfjumerija/nishevaja-parfjumerija,Zielinski & Rozen,apple & lotus,Нет категории,2371.0,2371.0,0.0,1,4.7,https://goldapple.ru/19000060263-apple-lotus/,https://goldapple.ru/parfjumerija/nishevaja-parfjumerija?p=3,"Я хочу, чтобы парфюм трогал до глубины души, говорил о личности и отражал ее уникальность. Эрез Розен Замысловатая ольфакторная книга, сюжет которой раскрывается новыми гранями на каждом человеке. Необычные сочетания нот и оригинальное построение аккордов подчеркивают индивидуальность и раскрывают суть ярче любых слов. Все ароматы Zielinski&Rozen категории унисекс.",Наносите парфюм по обе стороны плеч или распылите впереди себя и войдите в «облако» аромата.,Россия,3
45,2026-10-01T08:14:45.847167,20261001_080712_1756e2c0,19000009370,parfjumerija/nishevaja-parfjumerija,L'atelier parfum,VERTE EUPHORIE,Парфюмерная вода,7853.0,7853.0,0.0,1,4.5,https://goldapple.ru/19000009370-verte-euphorie/,https://goldapple.ru/parfjumerija/nishevaja-parfjumerija?p=3,"Игривый и бодрящий аромат VERTE EUPHORIE от L’ATELIER PARFUM воплощает очарование беззаботности. В этом удивительном коктейле сочетаются свежесть цитрусов, зеленые ноты моркови и нежность мускуса. Весёлая и яркая, словно взрыв искреннего и радостного смеха, композиция раскрывает богатство гесперидных нот благодаря красному апельсину, грейпфруту и петитгрейну. Эту искрящуюся парфюмерную эйфорию дополняют цветочная нота горечавки и древесная нота кедра. Парфюмер – Alexis Dadier. Верхние ноты – красный апельсин, грейпфрут, петитгрейн Ноты сердца – горечавка, морковь Базовые ноты – мускус, белый кедр",Не указано,Франция,3
46,2026-10-01T08:14:55.270249,20261001_080712_1756e2c0,19000247241,parfjumerija/nishevaja-parfjumerija,Mancera,Amore Caffe,Парфюмерная вода,11302.0,11302.0,0.0,1,4.8,https://goldapple.ru/19000247241-amore-caffe/,https://goldapple.ru/parfjumerija/nishevaja-parfjumerija?p=3,"Все и даже больше.
В аромате Amoré café есть абсолютно все для наслаждения. Он окутывает чувственной, округлой полнотой ощущений, и все ингредиенты в нем на своем месте. Будьте готовы к контрастам — внезапной смене горечи черного кофе роскошной сладостью взбитых сливок. Впечатление дополняет 
оттенок ликера амаретто и печенья спекулос — и все это на золотом фоне амбры, ванили и коричневого сахара. Вот оно, истинное удовольствие",Нанести на пульсирующие точки.,Франция,3
47,2026-10-01T08:15:05.630364,20261001_080712_1756e2c0,19000323006,parfjumerija/nishevaja-parfjumerija,J.F. Schwarzlose Berlin,ETRANGO,Парфюмерная вода,4275.0,4275.0,0.0,1,4.5,https://goldapple.ru/19000323006-etrango/,https://goldapple.ru/parfjumerija/nishevaja-parfjumerija?p=3,"Etrango — ваш билет для путешествия в царство фантазии. 11-й аромат от J.F. Schwarzlose Berlin уверенно пульсирует и представляет собой сложное творение: раскованно экзотичное и в то же время бесстыдно дерзкое —совсем как город Берлин. Пачули, древесный мох и танго киприола перед дамасской розой и арабским жасмином манят вас в свет мегаполиса. Etrango объединяет французское слово ""étrange"" («странный, неизвестный») и английское слово ""strange"" в страстном танце. Элегантные, загадочные ароматы на грани соблазна и деликатности; парфюм пробуждает тягу к неизведанному и необыкновенному. Знаменитый парфюмерный дом из Берлина J.F. Schwarzlose новым ароматом Etrango переписывает захватывающую главу своей истории. В 1929 году был выпущен оригинальный аромат Etrango с оранжево-золотой этикеткой, на которой был изображен стилизованный силуэт мегаполиса. Описание парфюма звучало как «аромат фантазии» — инновационный, мощный и вневременный. Создавая новый ETRANGO, дизайнер Луц Херрманн черпал вдохновение в исторической упаковке и придумал образ, который воплощает уверенность в себе, элегантность и городскую классику.","Распыляйте с расстояния 20-25 см. Не наносите на одежду, не используйте при нахождении на солнце.",Германия,3
48,2026-10-01T08:15:13.614950,20261001_080712_1756e2c0,19000220508,parfjumerija/nishevaja-parfjumerija,Mind Games,LIONORA,Парфюмерный экстракт,25972.0,25972.0,0.0,1,4.6,https://goldapple.ru/19000220508-lionora/,https://goldapple.ru/parfjumerija/nishevaja-parfjumerija?p=3,"Коллекция soulmate воплощает силу и единство пешек, коллективную уверенность и стремление поддерживать друг друга. По характеру пешка — решительная, амбициозная и бесстрашная фигура. Каждый аромат продуман, чтобы вы могли носить его самостоятельно или наслаивать с другими, создавая неповторимую композицию. Дизайн флаконов изящен, современен и сдержан — тонкие детали намекают на защитный слой брони. Разожгите страсть и откройте в себе лучшее с soulmate. Lionora прославляет соблазнительное очарование грации, красоты и мудрости. Сочные ноты фруктов и цветов утопают в медовых, животных нотах османтуса, прежде чем раствориться в мягких и сливочных нотах сандалового дерева. Композиция запечатляет страсть и романтику влюбленности, а также неоспоримую силу настоящей любви.",Распылите на кожу с расстояния 20-30 см.,Сша,3
49,2026-10-01T08:15:21.951974,20261001_080712_1756e2c0,19000376247,parfjumerija/nishevaja-parfjumerija,Kilian Paris,Angels' Share Paradis,Парфюмерный экстракт,42210.0,42210.0,0.0,1,4.9,https://goldapple.ru/19000376247-angels-share-paradis/,https://goldapple.ru/parfjumerija/nishevaja-parfjumerija?p=3,"Источник вдохновения Килиана Хеннесси. Представляя новую коллекцию ароматов, Килиан Хеннесси, как потомок знаменитой французской династии производителей коньяка, отдаёт дань уважения своему наследию и любимым крепким напиткам, которые сопровождают долгие вечеринки до самого рассвета. Будучи потомком знаменитой французской семьи, занимавшейся производством коньяка, Килиан имел возможность оценить вкус лучшего коньяка в мире — Hennessy Paradis — в самой подходящей для этого обстановке. Чтобы воспроизвести в аромате эмоции от дегустации Hennessy Paradis, Килиан Хеннесси добавил болгарскую розу, малину и сандаловое дерево, доведя до предела ключевые ингредиенты — бобы тонка и дуб. Angels’ Share Paradis — аромат с самой высокой парфюмерной концентрацией, когда-либо созданный брендом Kilian Paris. В процессе выдержки часть алкоголя испаряется из дубовых бочек. Этот процесс называется «доля ангела» — часть, которую словно отдают богам. Angels’ Share Paradis — это почти совершенство, которым наслаждаются ангелы в раю. Крышка флакона произведена из натурального дерева и выполнена в стиле, напоминающем о роскошных дубовых бочках для коньяка. Ноты аромата: малина, коньяк, сандаловое дерево, абсолют бобов тонка. Парфюмер: Бенуа Лапуза. Флаконы ароматов коллекции THE LIQUORS похожи на хрустальные бокалы эпохи ар-деко и вызывают ассоциации с интерьерами фешенебельных баров. Пополняемый флакон искусно изготовлен из стекла с узором. Геометрические линии складываются в один из самых выразительных символов парфюмерного дома — букву «К». На крышке выгравированы те же узоры, а в качестве материала выбрана смола, обладающая такой же текстурой и прозрачностью, что и стекло флаконов. При этом она прочнее стекла, что делает её долговечной. Название аромата нанесено методом трафаретной печати на металлическую пластину в форме ромба. Эти детали являются гарантией роскоши продуктов KILIAN PARIS, а настоящая роскошь не эфемерна, а существует вне времени. Поэтому флаконы коллекции можно пополнять бесконечное число раз.","Нанесите аромат на запястья, шею и точки пульса на очищенную и увлажненную кожу, чтобы он раскрылся от тепла тела и остался с вами до самого вечера. Не растирайте.",Франция,3
50,2026-10-01T08:15:31.691587,20261001_080712_1756e2c0,19000440474,parfjumerija/nishevaja-parfjumerija,Stereotype,SAĜO,Парфюмерная вода,2430.0,2430.0,0.0,1,4.7,https://goldapple.ru/19000440474-stereotype-sago/,https://goldapple.ru/parfjumerija/nishevaja-parfjumerija?p=3,"SAĜO. Смотри глубже. Чувствуй тоньше. Всё началось с чистого листа. Пустого, бесконечно открытого. Он ждал смыслов, но они не приходили сразу. Были вопросы, сомнения, поиск. Но постепенно появились линии. Связи. Ответы. Всё началось с чистого листа… Но теперь ты видишь суть. Ты не боишься смотреть вглубь. Ты принимаешь разные точки зрения, исследуешь их, собираешь свою картину мира, кусочек за кусочком. Твоя сила — в знании. В интуиции. В глубоком понимании того, что скрыто за поверхностью. SAĜO — поглощающий и медитативный. Медовая амбра согревает, создавая ощущение мягкого пледа на плечах, а влажный мох приносит прохладное дыхание леса после дождя. Игра контрастов — как в глубоких размышлениях. Аромат на коже станет проводником в мир тонких ощущений и осознанности. *Saĝo (sah-joe) - на языке эсперанто означает «мудрость». FLOW, UNFRAME, SAĜO, BRACE — как и люди, ароматы первой коллекции STEREOTYPE похожи, но несравнимы. Они принадлежат одной «ароматной вселенной» — мускусной, древесной, амбровой, пряной, — но звучат по-разному. Они говорят на одном языке, но разными голосами. И каждый находит среди них тот аромат, что звучит в унисон с его внутренним миром. Парфюмер: Bertrand Duchaufour.",Не указано,Франция,3
51,2026-10-01T08:15:41.016841,20261001_080712_1756e2c0,19000152729,parfjumerija/nishevaja-parfjumerija,Zielinski & Rozen,"Pink Pepper, Elemi, Cinnamon, Leather",Духи концентрированные,7990.0,7990.0,0.0,1,4.9,https://goldapple.ru/19000152729-pink-pepper-elemi-cinnamon-leather/,https://goldapple.ru/parfjumerija/nishevaja-parfjumerija?p=3,"Я хочу, чтобы парфюм трогал до глубины души, говорил о личности и отражал ее уникальность. Эрез Розен Замысловатая ольфакторная книга, сюжет которой раскрывается новыми гранями на каждом человеке. Необычные сочетания нот и оригинальное построение аккордов подчеркивают индивидуальность и раскрывают суть ярче любых слов. Все ароматы Zielinski&Rozen категории унисекс.",Наносите парфюм по обе стороны плеч или распылите впереди себя и войдите в «облако» аромата.,Россия,3
52,2026-10-01T08:15:48.773191,20261001_080712_1756e2c0,19000059086,parfjumerija/nishevaja-parfjumerija,OJAR,Mahrajan Absolute,духи масляные,7840.0,7840.0,0.0,1,4.0,https://goldapple.ru/19000059086-mahrajan-absolute/,https://goldapple.ru/parfjumerija/nishevaja-parfjumerija?p=3,"Махраджан.
Роза на рассвете, лепестки, покрытые утренней росой и окутанные кашмиром и мускусом. Абсолю – это концентрированный экстракт драгоценных натуральных компонентов. Достаточно всего нескольких капель, чтобы аромат держался в течение всего дня. Абсолю можно наносить разными способами с помощью инновационной двойной крышки, в которую встроены стеклянный аппликатор и ролик. Чтобы использовать ролик, открутите верхнюю часть крышки. Переверните флакон и круговыми движениями нанесите тонкий слой аромата. Для более насыщенного эффекта открутите нижнюю часть крышки и нанесите масло с помощью стеклянного аппликатора.",Не указано,Франция,3
53,2026-10-01T08:15:56.205918,20261001_080712_1756e2c0,19760305891,parfjumerija/nishevaja-parfjumerija,Vilhelm Parfumerie,BODY PAINT,Нет категории,14437.0,14437.0,0.0,1,4.9,https://goldapple.ru/19760305891-body-paint/,https://goldapple.ru/parfjumerija/nishevaja-parfjumerija?p=3,"Париж. 1988 год. Тайное женское общество. «Танец» Анри Матисса. Ритуальные танцы, таинственный шепот, экстаз разгоряченных тел. Сводящий с ума контрастный коктейль ледяного сока груши и огненного перца чили. Коктейль, пробуждающий чувства!",Не указано,Франция,3
54,2026-10-01T08:16:03.705434,20261001_080712_1756e2c0,19760303657,parfjumerija/nishevaja-parfjumerija,Maison Francis Kurkdjian,Gentle Fluidity Silver,Нет категории,14800.0,14800.0,0.0,1,4.9,https://goldapple.ru/19760303657-gentle-fluidity-silver/,https://goldapple.ru/parfjumerija/nishevaja-parfjumerija?p=3,"Одинаковые ноты, две индивидуальности. В парфюмерной воде Gentle fluidity Silver Maison Francis Kurkdjian преобладают мускатный орех и амбровое дерево, создавая комфортный и яркий шлейф. Эссенция ягод можжевельника открывает ультра-свежую и ароматическую верхнюю ноту, похожую на знаменитый коктейль gin fizz, сбалансированную сухими пряными нотами и нежными нотами мускатного ореха. Альтернативно мягкие и обволакивающие, мощные и сухие грани амбрового дерева появляются на заднем плане. Ароматическая древесная парфюмерная вода Gentle fluidity Silver свободная и комфортная, глубоко меняющаяся.","Нанести аромат на запястья, шею и точки пульса.",Франция,3
55,2026-10-01T08:16:12.533668,20261001_080712_1756e2c0,19000232221,parfjumerija/nishevaja-parfjumerija,ESSENTIAL PARFUMS PARIS,Patchouli mania refillable,Парфюмерная вода,10053.0,10053.0,0.0,1,4.5,https://goldapple.ru/19000232221-patchouli-mania/,https://goldapple.ru/parfjumerija/nishevaja-parfjumerija?p=3,"Парфюмер — Фабрис Пеллегрин. «Я представлял себе чувственный пачули, одновременно глубокий, таинственный и вызывающий привыкание. В композиции есть баланс между насыщенностью пачули и пудровой сладостью какао». PATCHOULI MANIA — роскошное сочетание гурманских и пленительных нот, которое построено вокруг пачули. Нота лесного ореха точно воспроизводит сам вкус, а его обжаренные грани соединяются с горьковато-сладким какао и пряным кориандром. Индийская давана придает аромату теплоту и бархатистость. Абсолют какао, произведенный в Кот-д'Ивуар, раскрывается глубокой и изысканной нотой темного шоколада, одновременно пудрового и горького, с древесными нотами. Эссенция гаитянского ветивера подчеркивает благородность и элегантность композиции. Создатели парфюмерной воды ESSENTIAL PARFUMS выбирают натуральные, экологически чистые материалы и стремятся снизить воздействие на окружающую среду. Компания использует эссенцию пачули из Индонезии, чтобы поддерживать устойчивое развитие, местное население и методы ведения восстановительного сельского хозяйства. Флакон парфюмерной воды подходит для многоразового использования, и его можно пополнять из рефила. В интернет-магазине представлен актуальный дизайн продукта. Обращаем внимание, возможно поступление товара в старом дизайне.","1. Снимите крышку с флакона, открутите и вытащите помпу. 2. Прикрутите рефил до конца. Пополнение прекращается автоматически. 3. Прикрутите помпу обратно на флакон и наденьте крышку",Франция,3
56,2026-10-01T08:16:20.008467,20261001_080712_1756e2c0,90151200005,parfjumerija/nishevaja-parfjumerija,Zielinski & Rozen,Black Vanilla,Духи концентрированные,7990.0,7990.0,0.0,1,4.8,https://goldapple.ru/90151200005-vanilla-blend/,https://goldapple.ru/parfjumerija/nishevaja-parfjumerija?p=3,"Zielinski & Rozen Black Vanilla — концентрированные духи с глубоким, тёплым и притягательным звучанием ванили без приторности. Замысловатая ольфакторная книга, сюжет которой раскрывается новыми гранями на каждом человеке. Необычные сочетания нот и оригинальное построение аккордов подчеркивают индивидуальность и раскрывают суть ярче любых слов. Унисекс-композиция звучит уверенно, эффектно и идеально подойдет на прохладное время года. Ароматы продукции Zielinski&Rozen изменили свое наименование без изменения состава.","Наносите духи на чистую сухую кожу после душа или ухода. Распылите парфюм по обе стороны плеч или впереди себя и войдите в «облако» аромата. Используйте 1–3 распыления, чтобы аромат звучал мягко и не перегружал.",Россия,3
57,2026-10-01T08:16:27.860214,20261001_080712_1756e2c0,83800100006,parfjumerija/nishevaja-parfjumerija,ESSENTIAL PARFUMS PARIS,DIVINE VANILLE,Парфюмерная вода,2466.0,2466.0,0.0,1,4.6,https://goldapple.ru/83800100006-divine-vanille/,https://goldapple.ru/parfjumerija/nishevaja-parfjumerija?p=3,"Парфюмер – Olivier Pescheux. «Этот аромат – посвящение мадагаскарской ванили. Я люблю его за глубину, элегантность и притягательность. Мне хотелось раскрыть мягкие, пряные и чувственные грани композиции, наполненной тайной и призывающей оставаться собой». Divine Vanille – таинственный, глубокий и соблазнительный аромат… Устоять невозможно. Нежная нота ванили словно вызывает зависимость, её притягательность усиливают бобы тонка и бензоин. Сочетание корицы и чувственного османтуса раскрывает яркую и неожиданную грань аромата, пробуждающую ассоциации с сухофруктами и табаком. Пачули и древесная нота кедра гармонируют с нежным мускусом. Создатели парфюмерной воды ESSENTIAL PARFUMS выбирают натуральные, экологически чистые материалы и стремятся снизить воздействие на окружающую среду. Кроме того, импорт ванили из Мадагаскара позволяет развивать местную инфраструктуру, образование и здравоохранение, а также продовольственную безопасность. . Обращаем внимание, флакон аромата может отличаться от фото в интернет-магазине. Товар может быть представлен с колпачком или без него.",Не указано,Франция,3
58,2026-10-01T08:16:35.309366,20261001_080712_1756e2c0,19000201653,parfjumerija/nishevaja-parfjumerija,Zielinski & Rozen,"Lavender, Vanilla, Amber, Musk",Духи концентрированные,7990.0,7990.0,0.0,1,4.9,https://goldapple.ru/19000201653-lavender-vanilla-amber-musk/,https://goldapple.ru/parfjumerija/nishevaja-parfjumerija?p=3,"Аромат категории унисекс. Долго сохраняется на коже, оставляя легкий шлейф.",Спрей. Распылить на кожу с расстояния 30 см. Для усиления стойкости аромата наносить на разогретое или влажное тело.,Россия,3
59,2026-10-01T08:16:42.927004,20261001_080712_1756e2c0,19000382669,parfjumerija/nishevaja-parfjumerija,BornToStandOut,NAKED LAUNDRY,Парфюмерная вода,18905.0,18905.0,0.0,1,5.0,https://goldapple.ru/19000382669-naked-laundry/,https://goldapple.ru/parfjumerija/nishevaja-parfjumerija?p=3,"Декадентское переосмысление винтажного шарма. Альдегиды и мимоза встречаются с теплой кожей и животными инстинктами. Еще никогда чистота не пахла так грязно. Дерзкая интерпретация ретро духов, в основе которой лежит обольстительный дуэт чистого и грязного.","Распыляйте с расстояния 20-25 см. Не наносите на одежду, не используйте при нахождении на солнце.",Республика корея,3
60,2026-10-01T08:16:50.216233,20261001_080712_1756e2c0,19000334592,parfjumerija/nishevaja-parfjumerija,L'atelier parfum,CARNAL BLISS,Парфюмерная вода,11343.0,11343.0,0.0,1,4.6,https://goldapple.ru/19000334592-carnal-bliss/,https://goldapple.ru/parfjumerija/nishevaja-parfjumerija?p=3,"Главный аккорд, вокруг которого строится аромат L'ATELIER PARFUM — мускус, помогающий исследовать бесконечный мир чувственности. Словно шелк на коже, композиция воплощает невинную безмятежность. Ощущение льна и альдегида напоминает о чистоте после стирального порошка и кондиционера для белья. Аккорды кожи, гелиотропа, пшеницы и ириса в сочетании с сандалом создают успокаивающий, теплый и «молочный» эффект. Мускус оставляет волшебный шлейф, который переносит в мир безупречной белизны. Парфюмер – Serge De Oliveira.","Распылите на пульсирующие зоны, такие как запястья, шея, за ушами и внутренняя сторона локтя. Избегайте контакта с одеждой, чтобы сохранить качество аромата.",Франция,3
61,2026-10-01T08:17:11.338936,20261001_080712_1756e2c0,19000152455,parfjumerija/nishevaja-parfjumerija,Mancera,Tonka Cola,Парфюмерная вода,11302.0,11302.0,0.0,1,4.8,https://goldapple.ru/19000152455-tonka-cola/,https://goldapple.ru/parfjumerija/nishevaja-parfjumerija?p=4,"Аромат вдохновлен американской поп-культурой, увлекательными историями о древних караванах, о путешественниках и торговцах экзотическими орехами кола. Композиция переносит нас из современных шумных мегаполисов на теплые равнины закатных империй, где воздух наполнен бодрящим ароматом орехов кола и пьянящими оттенками бобов тонка. Аромат Tonka Cola мгновенно очаровывает своим сладостным и притягательным, современным и элегантным звучанием. Tonka Cola – это жар тропической любви, тепло солнечных лучей, свежесть колы с лаймом и льдом и пьянящее звучание пряного рома.","Парфюмерную воду следует наносить с расстояния 10-15 см на тепловые точки: под коленями, область живота, запястья, сгибы локтей, район солнечного сплетения, точки за ушами, основание шеи со стороны спины, затылок. Как правило на одну точку достаточно один раз нажать на спрей. Растирать парфюмерную воду не рекомендуется, так как это может нарушить правильный процесс раскрытия композиции. Для повышения стойкости рекомендуем наносить на хорошо увлажненную кожу, комбинируя с кремом, молочком или маслом для тела.",Франция,4
62,2026-10-01T08:17:18.588611,20261001_080712_1756e2c0,19000004546,parfjumerija/nishevaja-parfjumerija,Zielinski & Rozen,Oakmoss & Amber,Духи концентрированные,2790.0,2790.0,0.0,1,4.8,https://goldapple.ru/19000004546-oakmoss-amber/,https://goldapple.ru/parfjumerija/nishevaja-parfjumerija?p=4,"Я хочу, чтобы парфюм трогал до глубины души, говорил о личности и отражал ее уникальность. Эрез Розен Замысловатая ольфакторная книга, сюжет которой раскрывается новыми гранями на каждом человеке. Необычные сочетания нот и оригинальное построение аккордов подчеркивают индивидуальность и раскрывают суть ярче любых слов. Все ароматы Zielinski&Rozen категории унисекс.",Наносите парфюм по обе стороны плеч или распылите впереди себя и войдите в «облако» аромата.,Россия,4
63,2026-10-01T08:17:27.665817,20261001_080712_1756e2c0,26143000001,parfjumerija/nishevaja-parfjumerija,FRANCK BOCLET,YLANG YLANG,Нет категории,9472.0,9472.0,0.0,1,4.8,https://goldapple.ru/26143000001-ylang-ylang/,https://goldapple.ru/parfjumerija/nishevaja-parfjumerija?p=4,"Яркий  цветочный аромат благоухает свежими цитрусовыми с острыми травянистыми нотами бергамота и божественным дымно-ароматическим акцентом драгоценного ладана. Оригинальная тенденция совмещения ароматов продолжается чувственными восточными нотами иланг-иланга с роскошным букетом цветочных нот и деликатно перекликается с насыщенным древесным шлейфовым оттенком мускуса,  благородной амбры, влажно-древесными полутонами ветивера и сладкой вкусной карамелью.
Аромат Ylang Ylang подчеркнет сексуальность и соблазнительное обаяние вашей натуры, удивляя при этом неординарным букетом и завесой таинственности.",Не указано,Франция,4
64,2026-10-01T08:17:36.392515,20261001_080712_1756e2c0,19000005046,parfjumerija/nishevaja-parfjumerija,Loewe,Aire Sutileza,Нет категории,13120.0,13120.0,0.0,1,4.8,https://goldapple.ru/19000005046-aire-sutileza/,https://goldapple.ru/parfjumerija/nishevaja-parfjumerija?p=4,"Туалетная вода LOEWE Aire Sutileza — пленительный женский аромат, вдохновлённый чистотой и свежестью воздуха самой природы.  Легкая и воздушная композиция дарит ощущение гармонии, спокойствия и безмятежности. Аромат раскрывается нотами груши, ландыша и жасмина. Верхние ноты груши придают композиции сочную фруктовую сладость, а сердце из ландыша и жасмина наполняет ее нежным цветочным звучанием. Туалетная вода LOEWE Aire Sutileza является частью коллекции Landscape и заключена в полупрозрачный стеклянный флакон нежного зеленого оттенка, напоминающего цвет молодой листвы. Лаконичный дизайн, вдохновленный природой, воплощает простоту и изящество. Откройте для себя туалетную воду LOEWE Aire Sutileza — аромат, передающий ощущение чистого, нетронутого воздуха. Его свежие цветочные ноты перенесут вас в мир природной гармонии, наполняя каждый день легкостью и вдохновением.","Небольшое количество нанести на тело, избегая попадания в глаза.",Испания,4
65,2026-10-01T08:17:43.557137,20261001_080712_1756e2c0,36050300003,parfjumerija/nishevaja-parfjumerija,CASAMORATI,Dama Bianca,Парфюмерная вода,28611.0,28611.0,0.0,1,4.7,https://goldapple.ru/36050300003-dama-bianca/,https://goldapple.ru/parfjumerija/nishevaja-parfjumerija?p=4,"Аромат посвящен современной женщине, изысканной и элегантной. Композиция открывается нотами лайма и китайского кумквата. В мягком и нежном сердце – флорентийский ирис и египетский жасмин. Сливочные базовые ноты обволакивают теплым мускусом, ванилью и индонезийским сандаловым деревом.",Нанести на пульсирующие точки.,Италия,4
66,2026-10-01T08:17:50.704492,20261001_080712_1756e2c0,19000360656,parfjumerija/nishevaja-parfjumerija,Vilhelm Parfumerie,Chimilka,Парфюмерная вода,24750.0,24750.0,0.0,1,4.8,https://goldapple.ru/19000360656-chimilka/,https://goldapple.ru/parfjumerija/nishevaja-parfjumerija?p=4,"Какая женщина идет по жизни рядом с героем? Жена, мать, возлюбленная? Кем она хочет быть? Парфюмерный дом Vilhelm Parfumerie представляет вам образ женщины, словно сотканной из огня. Аромат Chimilka — это баланс между долгом и желаниями, неприступностью и страстью. Это ода всем женщинам, которые в стремлении выразить свой внутренний пыл готовы выйти за рамки своей женственности. Насыщенный, вольный, притягательный… Аромат Chimilka создан для той, что способна вести за собой и вдохновлять на подвиги. Это не просто женственность, это воплощение истинной свободы. Источник могущества. Стремление к свободе. Увлекательные события прошлого.",Нанести на пульсирующие точки.,Франция,4
67,2026-10-01T08:18:00.816566,20261001_080712_1756e2c0,19000283183,parfjumerija/nishevaja-parfjumerija,ESSENTIAL PARFUMS PARIS,Bois imperial,Парфюмированный крем для рук,2160.0,2160.0,0.0,1,4.6,https://goldapple.ru/19000283183-bois-imperial/,https://goldapple.ru/parfjumerija/nishevaja-parfjumerija?p=4,Увлажняющий крем для рук в алюминиевой упаковке оставляет на коже аромат BOIS IMPERIAL by Quentin Bisch. Содержит не менее 97% ингредиентов натурального происхождения.,Нанесите крем на кожу рук аккуратными массирующими движениями.,Франция,4
68,2026-10-01T08:18:10.506884,20261001_080712_1756e2c0,90150600001,parfjumerija/nishevaja-parfjumerija,Zielinski & Rozen,"Black Pepper, Vetiver, Neroli, Amber",Парфюмированный крем для рук,1690.0,1690.0,0.0,1,4.8,https://goldapple.ru/90150600001-black-pepper-amber-neroli/,https://goldapple.ru/parfjumerija/nishevaja-parfjumerija?p=4,"Питательный крем для рук бережно восстанавливает и смягчает кожу, помогая ей оставаться гладкой, нежной и ухоженной в любое время года. Масло сладкого миндаля придает коже мягкость, а пчелиный воск помогает защитить её от внешних факторов и надолго сохранить ощущение увлажнённости. Благодаря легкой текстуре средство быстро впитывается, оставляя на коже яркий шлейф любимого аромата. Свежие ноты нероли, терпкий чёрный перец, дымный ветивер, тёплая амбра, смола элеми и хвойные оттенки кедра создают смелое, запоминающееся звучание, которое остаётся на коже мягким шлейфом. Удобный формат позволяет всегда держать крем под рукой — в сумке, в кармане или в поездке. Ароматы продукции Zielinski&Rozen изменили свое наименование без изменения состава.","Возьмите немного крема, нанесите на ладони и равномерно распределите по чистой коже рук. Используйте в течение дня по мере необходимости.",Израиль,4
69,2026-10-01T08:18:19.343514,20261001_080712_1756e2c0,19000413546,parfjumerija/nishevaja-parfjumerija,M.INT,Moon glade,Парфюмерная вода,18675.0,18675.0,0.0,1,0.0,https://goldapple.ru/19000413546-moon-glade/,https://goldapple.ru/parfjumerija/nishevaja-parfjumerija?p=4,"Возвышенная музыка аромата состоит не из нот, а из таинственного света, разливающегося по морской глади, который напоминает аккорды пьесы «Лунный свет» Клода Дебюсси Парфюмер Крис Морис.","Распылите на пульсирующие зоны: запястья, шею, за ушами и внутреннюю сторону локтя. Избегайте контакта с одеждой. Для повышения стойкости рекомендуем наносить на хорошо увлажненную кожу.",Франция,4
70,2026-10-01T08:18:27.648086,20261001_080712_1756e2c0,19000439440,parfjumerija/nishevaja-parfjumerija,Neydo,WOOD HAZE 01.11,парфюмерная вода,1980.0,1980.0,0.0,1,4.6,https://goldapple.ru/19000439440-neydo/,https://goldapple.ru/parfjumerija/nishevaja-parfjumerija?p=4,"Сон Селин перенесет вас в мастерскую, где пахнет мореным деревом и старыми книгами. Ноты шафрана и мяты будоражат романтические воспоминания и наполняют теплом и творческой энергией. Аромат-вдохновение, благодаря которому так легко влюбиться или… создать шедевр! Celine, 01.11 Я стою на балконе и в задумчивости что-то вырезаю. Это как бездумно рисовать в блокноте, болтая по телефону, только вожу я не ручкой по бумаге, а ножом по дереву. Профессиональное. В доме напротив на точно таком же балконе мужчина поглощен чтением. Он не обращает на меня никакого внимания, поэтому я могу спокойно его рассмотреть. Черты его лица, наклон головы, движение рук кажутся мне знакомыми. Когда он переворачивает очередную страницу, я слышу шелест бумаги и чувствую запах старой книги. В балконном проеме появляется босоногая женщина, ветер играет ее длинными волосами, а воздух наполняется ароматом янтаря, нагретого солнцем. Женщина протягивает мужчине чашку и нежно его целует. Когда он делает глоток, я ощущаю на губах вкус шафрана и мяты. Кинолентой мелькают страницы из дневника памяти. Я вспомнила! Мы познакомились лет пять назад на улице, где он продавал свои стихи, отпечатанные на пишущей машинке. Помню наш первый поцелуй, как убегали от дождя на Бали и как, встав на одно колено, он преподнес мне шкатулку сандалового дерева… Вдруг я оказываюсь за его спиной. Опускаю взгляд и вижу свои босые ноги. В моих руках его портрет, вырезанный на дереве.","Распылите на пульсирующие зоны: запястья, шею, за ушами и внутреннюю сторону локтя. Избегайте контакта с одеждой. Для повышения стойкости рекомендуем наносить на хорошо увлажненную кожу.",Франция,4
71,2026-10-01T08:18:35.144083,20261001_080712_1756e2c0,19000277681,parfjumerija/nishevaja-parfjumerija,Maison Francis Kurkdjian,Grand Soir,Парфюмерная вода,14800.0,14800.0,0.0,1,4.9,https://goldapple.ru/19000277681-grand-soir/,https://goldapple.ru/parfjumerija/nishevaja-parfjumerija?p=4,"Город Огней, теплый, сияющий и романтичный. Вы надеваете роскошный вечерний наряд, готовясь открыть для себя богатство великолепного Парижского вечера. Небо усыпано миллионами звезд, воздух пронизан затянувшимся ощущением таинственности. Чарующий, соблазнительный и непреодолимо экстравагантный. В то время как Petit Matin вдохновлен ощущением утра, Grand Soir обещает ночь, которую вы никогда не забудете.","Нанести аромат на запястья, шею и точки пульса.",Франция,4
72,2026-10-01T08:18:44.773676,20261001_080712_1756e2c0,19000012427,parfjumerija/nishevaja-parfjumerija,MILLER ET BERTAUX,Shanti Shanti,Парфюмерная вода,11781.0,11781.0,0.0,1,5.0,https://goldapple.ru/19000012427-shanti-shanti/,https://goldapple.ru/parfjumerija/nishevaja-parfjumerija?p=4,"Shanti с индийского языка переводится как ""мир"". Шанти - так в философии буддизма и индуизма называется особое состояние покоя, умиротворения, созерцания, гармонии. В буддизме это состояние так же называют 
нирваной. Эта композиция создается так, чтобы дарить вам ощущение спокойствия, наслаждения, нирваны.",Не указано,Франция,4
73,2026-10-01T08:18:54.074009,20261001_080712_1756e2c0,19000274980,parfjumerija/nishevaja-parfjumerija,HFC,DEVIL'S INTRIGUE,Нет категории,10125.0,10125.0,0.0,1,4.9,https://goldapple.ru/19000274980-devil-s-intrigue/,https://goldapple.ru/parfjumerija/nishevaja-parfjumerija?p=4,"Культовые ароматы HFC Paris доступны в форме средств по уходу за кожей. Роскошный крем для тела "" Devil's Intrigue"". Его богатая бархатистая текстура, питательная формула и фирменный аромат придадут вашей коже сияние, ощущение мягкости и глубокого увлажнения. Обеспечьте своей коже максимальный уход, которого она заслуживает. Попробуйте исключительный крем для тела "" Devil's Intrigue "" от HFC Paris. Крем для тела Devil’s Intrigue представлен в изящной декоративной упаковке, украшенной изысканной иллюстрацией, доставляющей истинное эстетическое наслаждение. Легкий и воздушный лосьон для тела обеспечит вашей коже необходимый уход, не только даря ей глубокое увлажнение и мягкость в течение 24 часов, но и окутывая ее нежной вуалью изысканного аромата.",Наносить на очищенную кожу.,Франция,4
74,2026-10-01T08:19:04.715498,20261001_080712_1756e2c0,19000009357,parfjumerija/nishevaja-parfjumerija,L'atelier parfum,COEUR DE PÉTALES,Нет категории,11343.0,11343.0,0.0,1,4.6,https://goldapple.ru/19000009357-coeur-de-petales/,https://goldapple.ru/parfjumerija/nishevaja-parfjumerija?p=4,"Игривый, чувственный аромат COEUR DE PÉTALES от L’ATELIER PARFUM – пышный и красочный букет, в котором собрали пион, жасмин и ландыш. Изящная и воздушная композиция играет с контрастами: нежные цветы гармонично сочетаются с острым сычуаньским перцем, сочная и яркая нота личи усиливает звучание изысканной розы. Многогранный и при этом лёгкий аромат отражает радость жизни и биение сердца, ритм которого ускоряется или замедляется в зависимости от эмоций. Парфюмер – Dorothee Piot.","Распылите на пульсирующие зоны, такие как запястья, шея, за ушами и внутренняя сторона локтя. Избегайте контакта с одеждой, чтобы сохранить качество аромата.",Франция,4
75,2026-10-01T08:19:15.140158,20261001_080712_1756e2c0,19000406807,parfjumerija/nishevaja-parfjumerija,Zielinski & Rozen,"Amberwood, Vanilla, Davana",Мыло для тела,890.0,890.0,0.0,1,4.9,https://goldapple.ru/19000406807-amberwood-vanilla-davana/,https://goldapple.ru/parfjumerija/nishevaja-parfjumerija?p=4,"Бережно и эффективно очищает кожу, сохраняя ее мягкость. Подходит для ежедневного использования для рук и тела.","Вспеньте мыло ладонями, затем тщательно смойте теплой водой.",Россия,4
76,2026-10-01T08:19:23.881428,20261001_080712_1756e2c0,19000011142,parfjumerija/nishevaja-parfjumerija,MAISON REBATCHI,Bois d'Enfants,Парфюмерная вода,16830.0,16830.0,0.0,1,4.0,https://goldapple.ru/19000011142-bois-d-enfants/,https://goldapple.ru/parfjumerija/nishevaja-parfjumerija?p=4,"Это воспоминание о прогулках по Вандее, через леса Saint-Hilaire-de-Riez. В тени деревьев, островато-соленый, свежий аромат эссенции розового перца, акцентированный каплей розового масла, смешивается с темным оттенком абсолю Майской розы. С порывом ветра становится слышна нота фрезии, сливающаяся с бергамотом. Ирис подчеркивает древесную ноту приморских сосен, раскачиваемых бризом, наполненных прогретым на солнце нектаром и придает аромату ноты ладана и елового бальзама. Карин Шевалье",Не указано,Франция,4
77,2026-10-01T08:19:34.687553,20261001_080712_1756e2c0,19000186475,parfjumerija/nishevaja-parfjumerija,L'atelier parfum,Hot splash,Парфюмерная вода,7853.0,7853.0,0.0,1,4.7,https://goldapple.ru/19000186475-hot-splash/,https://goldapple.ru/parfjumerija/nishevaja-parfjumerija?p=4,"Яркий аромат L’ATELIER PARFUM, посвященный красоте и силе природы, воплощает энергию морских волн и согревающего солнца. Эта парфюмерная композиция – мощный энергетический коктейль из нот освежающего лимона и солнечного иланг-иланга. Аккорд лимонного дерева, распространенного в регионе Средиземноморья, в сочетании с нотами зеленых листьев, сочных плодов и цветов апельсина передает атмосферу лета и пляжа с горячим песком, морскими брызгами и легким прохладным ветерком. Парфюмер – Karine Vinchon.",Только для наружного применения.,Франция,4
78,2026-10-01T08:19:43.923282,20261001_080712_1756e2c0,19000017117,parfjumerija/nishevaja-parfjumerija,Loewe,SOLO ELLA,Туалетная вода,13120.0,13120.0,0.0,1,4.8,https://goldapple.ru/19000017117-solo-ella/,https://goldapple.ru/parfjumerija/nishevaja-parfjumerija?p=4,"Туалетная вода LOEWE Solo Ella принадлежит к фруктово-цветочному гурманскому семейству. Ноты питайи и маракуйи сочетаются со сладкими аккордами пралине, ванили и сахарной ваты, создавая гармоничное и стойкое звучание. Женские ароматы LOEWE Solo, вдохновлённые умиротворением, наступающим после долгих солнечных дней, воплощают состояние созерцания и покоя. Эта концепция раскрывается в их выверенных и стойких ароматических композициях, построенных на четырёх контрастных аккордах. Являясь частью коллекции LOEWE Landscape, аромат раскрывает глубину и многогранность природы благодаря сочетанию нот ванили, сандалового дерева и амбры, создавая яркую эмоциональную связь с окружающим миром. Ароматы LOEWE Solo Ella представлены в фирменной упаковке Дома с изображением Centaurea ruthenica работы Карла Блоссфельдта и в культовом флаконе прямоугольной формы, выполненном  в насыщенном оранжевом оттенке.","Небольшое количество нанести на тело, избегая попадания в глаза.",Испания,4
79,2026-10-01T08:19:54.755357,20261001_080712_1756e2c0,19760305899,parfjumerija/nishevaja-parfjumerija,Vilhelm Parfumerie,Morning chess,Парфюмерная вода,14437.0,14437.0,0.0,1,4.8,https://goldapple.ru/19760305899-morning-chess/,https://goldapple.ru/parfjumerija/nishevaja-parfjumerija?p=4,"Ясное беззаботное утро в загородном доме, битва за шахматной доской – воспоминания Яна о летних каникулах, проведенных у дедушки. Сочная летняя зелень на шведском морском побережье, легкие оттенки свежескошенной травы, которые теплым летним днём напоминают о контрастной свежести зимнего воздуха. Партия в шахматы за аккордами бергамота и пачули.",Не указано,Франция,4
80,2026-10-01T08:20:05.488464,20261001_080712_1756e2c0,19000440472,parfjumerija/nishevaja-parfjumerija,Stereotype,BRACE,Парфюмерная вода,2160.0,2160.0,0.0,1,4.6,https://goldapple.ru/19000440472-stereotype-brace/,https://goldapple.ru/parfjumerija/nishevaja-parfjumerija?p=4,"BRACE. Твёрдо. Уверенно. Без сомнений. Всё началось с неуверенности. С тихого голоса, с робких шагов, с попыток найти свою опору. Но затем пришло осознание: сила уже здесь. Внутри. Она всегда была с тобой. Всё началось с неуверенности… Но теперь ты знаешь, что сила внутри тебя. Ты не ищешь подтверждений извне. Ты знаешь, кто ты. Ты чувствуешь себя спокойно, потому что твоя уверенность — не напускная, а настоящая. Она не требует доказательств, но вдохновляет других. BRACE — аромат внутренней силы. Глубокий, древесный, терпкий. Его стержень — тик и сандал, словно гладкая, отполированная временем древесина. Словно невидимая опора, постепенно раскрываясь, становится частью вас, давая ощущение силы, которая идёт изнутри. FLOW, UNFRAME, SAĜO, BRACE — как и люди, ароматы первой коллекции STEREOTYPE похожи, но несравнимы. Они принадлежат одной «ароматной вселенной» — мускусной, древесной, амбровой, пряной — но звучат по-разному. Они говорят на одном языке, но разными голосами. И каждый находит среди них тот аромат, что звучит в унисон с его внутренним миром. Парфюмер: Olaf Larsen.","Распылите на пульсирующие зоны: запястья, шею, за ушами и внутреннюю сторону локтя. Избегайте контакта с одеждой. Для повышения стойкости рекомендуем наносить на хорошо увлажненную кожу.",Франция,4
81,2026-10-01T08:20:37.577976,20261001_080712_1756e2c0,19000034442,parfjumerija/nishevaja-parfjumerija,CASAMORATI,Italica,Парфюмерная вода,12809.0,12809.0,0.0,1,4.8,https://goldapple.ru/19000034442-italica/,https://goldapple.ru/parfjumerija/nishevaja-parfjumerija?p=5,"Italica – пьянящий аромат с истинно итальянским шармом, столь характерным для коллекции Casamorati. Изначально созданный в честь Дня Святого Валентина, аромат стал настоящим подарком для истинных романтиков, для тех, кто любит любить! Тёплая и насыщенная композиция Italica раскрывается оттенками взбитых сливок из миндаля и молочных нот, приправленных чарующим шафраном. Сладкое как поцелуй сердце аромата создано из нот бурбонской ванили и шаловливых ирисок, перед ним невозможно устоять! А шарм и глубину создают ноты сандала и белого мускуса в классической базе. Флакон и упаковка созданы из перерабатываемых материалов и сохраняют традиционные для Casamorati черты стиля Либерти – итальянского модерна. Пьянящий аромат для всех, кто любит любить!","Парфюмерную воду следует наносить с расстояния 10-15 см. на тепловые точки: под коленями, область живота, запястья, сгибы локтей, район солнечного сплетения, точки за ушами, основание шеи со стороны спины, затылок. Как правило на одну точку достаточно один раз нажать на спрей. Растирать парфюмерную воду не рекомендуется, так как это может нарушить правильный процесс раскрытия композиции. Для повышения стойкости рекомендуем наносить на хорошо увлажненную кожу, комбинируя с кремом, молочком или маслом для тела.",Италия,5
82,2026-10-01T08:20:46.876916,20261001_080712_1756e2c0,19000413565,parfjumerija/nishevaja-parfjumerija,M.INT,Winged heart,Парфюмерная вода,18675.0,18675.0,0.0,1,5.0,https://goldapple.ru/19000413565-winged-heart/,https://goldapple.ru/parfjumerija/nishevaja-parfjumerija?p=5,"То, что именуется ""крыльями"", человек может получить благодаря второй половинке, благодаря успеху, которого он достиг целенаправленным и усердным трудом, благодаря творческим достижениям и спортивным победам. А еще он может получить это благодаря аромату WINGED HEART (""Окрыленное сердце""), который мистическим образом вселяет надежду, уверенность и позитив. Парфюмер: Christian Rostain","Нанести на тело, избегая попадания в глаза.",Франция,5
83,2026-10-01T08:20:55.298244,20261001_080712_1756e2c0,19000253160,parfjumerija/nishevaja-parfjumerija,L'atelier parfum,Tobacco Volute,Нет категории,8289.0,8289.0,0.0,1,4.8,https://goldapple.ru/19000253160-tobacco-volute/,https://goldapple.ru/parfjumerija/nishevaja-parfjumerija?p=5,"Притягательный аромат L’ATELIER PARFUM окружает завораживающей дымкой с нотами табака, смягченными чувственной, сладкой ванилью и бобами тонка, которые делают композицию сбалансированной и добавляют легкий оттенок миндаля. Парфюмерная вода TOBACCO VOLUTE, напоминающая о моментах, посвященных человеком самому себе, и о маленьких удовольствиях, воплощает аромат деревянной коробки с лучшими сигарами, в которых помимо насыщенных табачных листьев ощущаются медовые ноты, теплый аккорд пшеницы и сена, а также лёгкая сладость. Парфюмер - ALEXIS DADIER. **пришел товар в другом дизайне? ** Бренд обновил дизайн упаковки, поэтому продукт в заказе может отличаться от фото на сайте.","Распылите на пульсирующие зоны, такие как запястья, шея, за ушами и внутренняя сторона локтя. Избегайте контакта с одеждой, чтобы сохранить качество аромата.",Франция,5
84,2026-10-01T08:21:04.731438,20261001_080712_1756e2c0,19000412459,parfjumerija/nishevaja-parfjumerija,Al-Jazeera Perfumes,380,Нет категории,12928.0,12928.0,0.0,1,5.0,https://goldapple.ru/19000412459-380/,https://goldapple.ru/parfjumerija/nishevaja-parfjumerija?p=5,"Al Jazeera Perfumes — роскошь и элегантность в каждом аромате. Основанная в 1998 году, компания быстро завоевала признание, расширившись до 60 филиалов по всему миру, включая бутик на Елисейских полях в Париже. Мы предлагаем премиальные духи в изысканной упаковке, используя оригинальные ароматы от ведущих французских производителей. Наша коллекция объединяет восточные традиции и западную утонченность, удовлетворяя самым взыскательным вкусам. Каждый флакон Al Jazeera Perfumes — это произведение искусства, созданное для тех, кто ценит индивидуальность и исключительный опыт дарения. Аромат 380, где элегантность встречается со спокойствием в пленительной гармонии. Он открывается нежными нотами розы, которые приглашают чувства принять красоту жизни. Богатый ладан сплетает духовную глубину, в то время как пачули добавляют таинственный штрих, который возвышает опыт. Мандарин входит как освежающий бриз, привнося жизненную силу и радость, приглашая вас танцевать под солнцем. Аромат 380 — это больше, чем просто запах; это опыт, который ощущается и проживается, оставляя неизгладимое впечатление в памяти. Наслаждайтесь магией 380 и позвольте каждому моменту превратиться в празднование красоты жизни. Получите свой сейчас и окунитесь в путешествие за пределами воображения Парфюмер: Бруно Йованович","Наносить на неповрежденные участки кожи, волос и одежду.",Франция,5
85,2026-10-01T08:21:13.921189,20261001_080712_1756e2c0,19000148354,parfjumerija/nishevaja-parfjumerija,ESSENTIAL PARFUMS PARIS,DIVINE VANILLE refillable,Парфюмерная вода,7819.0,7819.0,0.0,1,4.5,https://goldapple.ru/19000148354-divine-vanille/,https://goldapple.ru/parfjumerija/nishevaja-parfjumerija?p=5,"Парфюмер – Olivier Pescheux. «Этот аромат – посвящение мадагаскарской ванили. Я люблю его за глубину, элегантность и притягательность. Мне хотелось раскрыть мягкие, пряные и чувственные грани композиции, наполненной тайной и призывающей оставаться собой». Divine Vanille – таинственный, глубокий и соблазнительный аромат… Устоять невозможно. Нежная нота ванили словно вызывает зависимость, её притягательность усиливают бобы тонка и бензоин. Сочетание корицы и чувственного османтуса раскрывает яркую и неожиданную грань аромата, пробуждающую ассоциации с сухофруктами и табаком. Пачули и древесная нота кедра гармонируют с нежным мускусом. Создатели парфюмерной воды ESSENTIAL PARFUMS выбирают натуральные, экологически чистые материалы и стремятся снизить воздействие на окружающую среду. Кроме того, импорт ванили из Мадагаскара позволяет развивать местную инфраструктуру, образование и здравоохранение, а также продовольственную безопасность. Флакон парфюмерной воды подходит для многоразового использования, и его можно пополнять из рефила. В интернет-магазине представлен актуальный дизайн продукта. Обращаем внимание, возможно поступление товара в старом дизайне.","1. Снимите крышку с флакона, открутите и вытащите помпу. 2. Прикрутите рефил до конца. Пополнение прекращается автоматически. 3. Прикрутите помпу обратно на флакон и наденьте крышку",Франция,5
86,2026-10-01T08:21:20.777723,20261001_080712_1756e2c0,19000004547,parfjumerija/nishevaja-parfjumerija,Zielinski & Rozen,"Tobacco, Cedarwood, Pepper",Духи концентрированные,2371.0,2371.0,0.0,1,4.8,https://goldapple.ru/19000004547-fiction/,https://goldapple.ru/parfjumerija/nishevaja-parfjumerija?p=5,"Я хочу, чтобы парфюм трогал до глубины души, говорил о личности и отражал ее уникальность. Эрез Розен Замысловатая ольфакторная книга, сюжет которой раскрывается новыми гранями на каждом человеке. Необычные сочетания нот и оригинальное построение аккордов подчеркивают индивидуальность и раскрывают суть ярче любых слов. br> Бренд Zielinski & Rozen изменил название аромата. Новое наименование духов Fiction — Tobacco, Cedarwood, Pepper. Если вам пришел аромат с прежним названием, не переживайте, мы уже обновляем товары на складах, скоро во всех заказах этот товар будет с новым наименованием.",Наносите парфюм по обе стороны плеч или распылите впереди себя и войдите в «облако» аромата.,Россия,5
87,2026-10-01T08:21:28.342298,20261001_080712_1756e2c0,26775000002,parfjumerija/nishevaja-parfjumerija,Mancera,RED TOBACCO,Парфюмерная вода,12375.0,12375.0,0.0,1,4.8,https://goldapple.ru/26775000002-red-tobacco/,https://goldapple.ru/parfjumerija/nishevaja-parfjumerija?p=5,"Красный — цвет страсти! Он очаровывает и пьянит, его тепло наполнено спокойной уверенностью и силой. Амели и Пьер Мансера выбрали для его воплощения ароматную смесь кубинского табака и карибских пряностей, создав парфюмерный пейзаж вечернего неба окрашенного в бордовые оттенки лучами заходящего в карибское море солнца.",Не указано,Франция,5
88,2026-10-01T08:21:36.063738,20261001_080712_1756e2c0,19760343572,parfjumerija/nishevaja-parfjumerija,Zielinski & Rozen,"Black Pepper, Vetiver, Neroli, Amber",Твердое мыло в алюминиевой мыльнице,1590.0,1590.0,0.0,1,4.9,https://goldapple.ru/19760343572-black-pepper-amber-neroli/,https://goldapple.ru/parfjumerija/nishevaja-parfjumerija?p=5,"Ароматное мыло — беспроигрышный подарок по любому поводу и любому человеку: в том числе, самому себе. В составе — только натуральные ингредиенты, которые мягко и эффективно очищают кожу от загрязнений и не оставляют ощущения сухости после мытья. Подходит для ежедневного мытья рук и тела, а компактную металлическую мыльницу удобно брать с собой в путешествия. Также твердое мыло можно использовать как саше: если положить его в шкаф с одеждой, гардероб наполнится любимым ароматом. Ароматы продукции Zielinski&Rozen изменили свое наименование без изменения состава.",Храните мыло в гардеробе в качестве саше или используйте по прямому назначению: вспеньте в руках и смойте водой.,Россия,5
89,2026-10-01T08:21:44.322669,20261001_080712_1756e2c0,83800100002,parfjumerija/nishevaja-parfjumerija,ESSENTIAL PARFUMS PARIS,NICE BERGAMOTE,Парфюмерная вода,2466.0,2466.0,0.0,1,4.6,https://goldapple.ru/83800100002-aris-nice-bergamote/,https://goldapple.ru/parfjumerija/nishevaja-parfjumerija?p=5,"Парфюмер – Antoine Maisondieu: «Я посвятил этот аромат аристократической красоте калабрийского бергамота. Лепестки жасмина и древесные ноты сделали эту красоту ещё более возвышенной, а бобы тонка смягчили парфюмерную композицию». Nice Bergamote – это игривый и солнечный аромат. Натуральный бергамот из Калабрии поражает яркостью, словно вспышка, и переплетается с цветочным аккордом, объединившим ноты иланг-иланга с Коморских островов, лепестков розы и жасмина. Изысканный кедр формирует тёплую базу, смягченную бобами тонка из Венесуэлы. Создатели парфюмерной воды ESSENTIAL PARFUMS выбирают натуральные, экологически чистые материалы и стремятся снизить воздействие на окружающую среду. Компания участвует в программе посадки деревьев на Коморских островах, где получает иланг-иланг, а в Венесуэле, поставляющей бобы тонка, соблюдает соглашение о защите местной фауны и поддерживает местные общины. Обращаем внимание, флакон аромата может отличаться от фото в интернет-магазине. Товар может быть представлен с колпачком или без него.","Распылите на пульсирующие зоны: запястья, шею, за ушами и внутреннюю сторону локтя. Избегайте контакта с одеждой.",Франция,5
90,2026-10-01T08:21:51.835924,20261001_080712_1756e2c0,19000343863,parfjumerija/nishevaja-parfjumerija,ATKINSONS,Born for Eternity,Духи,27810.0,27810.0,0.0,1,4.8,https://goldapple.ru/19000343863-born-for-eternity/,https://goldapple.ru/parfjumerija/nishevaja-parfjumerija?p=5,"Экзотическая и роскошная парфюмерная композиция ATKINSONS воплощает величие фараона Тутанхамона и богатство культуры Древнего Египта. Аромат напоминает о яркой странице истории, когда в 1922 году британский археолог Говард Картер обнаружил гробницу Тутанхамона, и миру открылись удивительные сокровища. В честь этого открытия в 1925 году парфюмерный дом ATKINSONS выпустил серию ароматов, посвященных Египту и восточным легендам. Сегодня ATKINSONS возвращается к культовому наследию бренда и выпускает новый аромат, напоминающий о глубине египетской истории и мифологии. Смелый, насыщенный и изысканный аромат Born for Eternity отражает стремление к величию и красоте, желанию оставить след в вечности и обрести бессмертие. Магия композиции складывается из трех основных аккордов. Аккорд власти передает могущество фараона благодаря сочетанию нот ценного шафрана, пряного кориандра и таинственного дымчатого ладана. Аккорд абсолютной роскоши, посвященный великолепному убранству гробницы Тутанхамона, объединяет выразительное звучание герани и глубокую, насыщенную ноту уда, смягченную притягательными сливочными акцентами пралине. Аккорд вечности, ставший одой наследию легендарного правителя, раскрывает интенсивную ноту кожи, окутанную теплой древесно-амбровой вуалью. Уникальный и изысканный флакон с золотистыми и лазурными элементами украшен круглым медальоном, напоминающем о древних артефактах и узорах из египетского и ближневосточного искусства. Цвета оформления отсылают к знаменитой золотой маске фараона Тутанхамона. Парфюмер – Хорди Фернандез.",Только для наружного применения.,Италия,5
91,2026-10-01T08:22:00.256823,20261001_080712_1756e2c0,19000312617,parfjumerija/nishevaja-parfjumerija,Noise,RUNNER’S HIGH,Парфюмерная вода,6930.0,6930.0,0.0,1,4.7,https://goldapple.ru/19000312617-runner-s-high/,https://goldapple.ru/parfjumerija/nishevaja-parfjumerija?p=5,"Утренний ритм города, где шум превращается в музыку. 6:30 утра, город еще не проснулся. Пар поднимается над асфальтом, солнечные блики бегут по мокрым улицам. Ты в движении – только ты и твои кроссовки. Каждый шаг выбивает ритм, наполненный эндорфинами, сквозь зелёную глубину деревьев. Последние неоновые аккорды синтезатора из 80-х затихают в наушниках, трек заканчивается. И в этой короткой тишине вспышка: пение птиц, далёкий гудок машины, чистый звон велосипедного колокольчика. Сигналы. Для всех и ни для кого. Я здесь. Эти улицы – мои. Парфюмер: Mark Buxton. Первые ноты аромата стартуют с прохлады мяты и зелёной горечи гальбанума, словно глоток холодного воздуха на утреннем забеге. Вдох — и внутри откликается терпкий мускатный орех с кориандром, горячий ритм тела встречает свежесть улицы. Дальше древесный пульс: влажный пачули, прохладный спил кедра, тёмная плотность ветивера. Всё складывается в саундтрек пробежки: город ещё полусонный, парк пахнет листвой и влажным асфальтом, а каждое дыхание становится музыкой. Это момент, когда шум города и биение сердца совпадают в одном ритме.","Распылите на пульсирующие зоны: запястья, шею, за ушами и внутреннюю сторону локтя. Избегайте контакта с одеждой. Для повышения стойкости рекомендуем наносить на хорошо увлажненную кожу.",Франция,5
92,2026-10-01T08:22:07.724973,20261001_080712_1756e2c0,19000365674,parfjumerija/nishevaja-parfjumerija,Etat Libre d’Orange,NOEL AU BALCON,Парфюмерная вода,15105.0,15105.0,0.0,1,5.0,https://goldapple.ru/19000365674-noel-au-balcon/,https://goldapple.ru/parfjumerija/nishevaja-parfjumerija?p=5,"Эта девушка – подарок для умного мужчины. Небесная легкость в декабре… Сладкие медовые ноты ложатся на ванильно-мандариновый аккорд, жизнь сразу становится такой же пленительной, как полнота ее декольте. Мягко и тепло, и мир начинает кружиться, как диско-шар, чудо из чудес. Красный перец смешивается с цветком калинджи в детонирующем коктейле ароматов. Горячие красные губы украшают улыбку экстраверта. Захватывает дух! Слегка мускусный, солнечный аккорд базы говорит о лучезарном тепле ее кожи под смеющимся горлом. Она зовет своего полуночного мужчину, того, кто похитит ее под рождественской елкой. И кто ревниво, будто ребенок, потащит ее в свою комнату как самый дорогой подарок.","Распылите на пульсирующие зоны: запястья, шею, за ушами и внутреннюю сторону локтя. Избегайте контакта с одеждой. Для повышения стойкости рекомендуем наносить на хорошо увлажненную кожу.",Франция,5
93,2026-10-01T08:22:15.087540,20261001_080712_1756e2c0,19000186469,parfjumerija/nishevaja-parfjumerija,L'atelier parfum,Cypress shadow,Нет категории,7853.0,7853.0,0.0,1,4.7,https://goldapple.ru/19000186469-cypress-shadow/,https://goldapple.ru/parfjumerija/nishevaja-parfjumerija?p=5,"Свежий аромат L’ATELIER PARFUM передает наслаждение долгожданной прохладой и безмятежным отдыхом в тени вечнозеленого дерева. Сочетание элегантного зеленого аккорда, свежести бергамота и пряной ноты розового перца напоминает об атмосфере солнечной Тосканы. В ароматное путешествие на средиземноморскую виллу увлекает хвойный аккорд кипариса и можжевельника. Успокаивающая, безмятежная композиция дарит ощущение благополучия и эстетического удовольствия. Парфюмер – Alexis Dadier.",Только для наружного применения.,Франция,5
94,2026-10-01T08:22:22.581441,20261001_080712_1756e2c0,19000052218,parfjumerija/nishevaja-parfjumerija,RicHarD maison de parfum,Dirty mango,Нет категории,13515.0,13515.0,0.0,1,4.8,https://goldapple.ru/19000052218-dirty-mango/,https://goldapple.ru/parfjumerija/nishevaja-parfjumerija?p=5,"Взрывной микс из тропических фруктов переносит нас на песчаный пляж… Здесь, лежа в гамаке среди пальм, можно насладиться коктейлем «Манго дайкири», смотря на тлеющий закат.
Здесь можно забыть обо всем.
Здесь можно играть по своим правилам,
Играть грязно.","Распылите на пульсирующие зоны: запястья, шею, за ушами и внутреннюю сторону локтя. Избегайте контакта с одеждой. Для повышения стойкости рекомендуем наносить на хорошо увлажненную кожу.",Оаэ,5
95,2026-10-01T08:22:30.530204,20261001_080712_1756e2c0,19000215154,parfjumerija/nishevaja-parfjumerija,FRANCK BOCLET,ADDICTION,Парфюмерная вода,4350.0,4350.0,0.0,1,2.0,https://goldapple.ru/19000215154-addiction/,https://goldapple.ru/parfjumerija/nishevaja-parfjumerija?p=5,"Franck Boclet Addiction — искушающий и гламурный женский цветочно-пряный аромат с нотками душистой сочной зелени, выпущенный в 2021 году французским домом моды Franck Boclet. Неординарный парфюм идеально отражает концепцию бренда и станет прекрасным дополнением к образу современной дерзкой и самодостаточной женщины. В верхнем аккорде парфюм Addiction дарит цитрусовую свежесть бергамота, ледяное дыхание душистой мяты, запах сочных листьев гальбанума и травянистую пряность базилика. После очень свежего и ароматного начала сердце композиции пылает пьянящей туберозой, окутанной нотами жасмина, иланг-иланга и флердоранжа. Наконец в финальном аккорде Franck Boclet Addiction древесные ноты сандала и кедра, пряные оттенки перуанского бальзама, волнующий мускус и утонченная ваниль придают аромату особу глубину и чувственность звучания.",Не указано,Франция,5
96,2026-10-01T08:22:38.783517,20261001_080712_1756e2c0,19000431987,parfjumerija/nishevaja-parfjumerija,BornToStandOut,NANATOPIA,Парфюмерная вода,26505.0,26505.0,0.0,1,5.0,https://goldapple.ru/19000431987-nanatopia/,https://goldapple.ru/parfjumerija/nishevaja-parfjumerija?p=5,"«Иногда можно немного почудить. Не относитесь к жизни слишком серьезно». Спелые бананы, обмакнутые в растопленную карамель, дополненные коктейлем из мускатного ореха, корицы и ромового ликера, придающих игривый и плотский оттенок. Глубокий и соблазнительный, киприол сочетается с чувственным шлейфом орканокса. Аппетитный парфюм NANATOPIA – это лакомство, которого всегда мало.","Распыляйте с расстояния 20-25 см. Не наносите на одежду, не используйте при нахождении на солнце.",Республика корея,5
97,2026-10-01T08:22:47.647108,20261001_080712_1756e2c0,19760314264,parfjumerija/nishevaja-parfjumerija,Zielinski & Rozen,"Tobacco, Cedarwood, Pepper",Гель для душа,2590.0,2590.0,0.0,1,4.9,https://goldapple.ru/19760314264-fiction/,https://goldapple.ru/parfjumerija/nishevaja-parfjumerija?p=5,"Уход, ароматерапия и признание в любви в одном флаконе. Бодрящий аромат способствует пробуждению, натуральные масла увлажняют кожу и питают, а мягкая пена позволяет по-настоящему насладиться редкими минутами наедине с собой. Ароматы продукции Zielinski&Rozen изменили свое наименование без изменения состава.","Нанесите небольшое количество геля на влажную кожу, вспеньте руками или с помощью мочалки, а затем смойте.",Израиль,5
98,2026-10-01T08:22:55.357473,20261001_080712_1756e2c0,19000011565,parfjumerija/nishevaja-parfjumerija,VERSACE ATELIER,ATELIER VERSACE GINGEMBRE PETILLANT,Парфюмерная вода,27075.0,27075.0,0.0,1,4.8,https://goldapple.ru/19000011565-atelier-versace-gingembre-petillant/,https://goldapple.ru/parfjumerija/nishevaja-parfjumerija?p=5,"Искрящаяся и чувственная композиция GINGEMBRE PETILLANT из коллекции ATELIER VERSACE построена на ярких контрастах. Насыщенное звучание лаосского красного имбиря и корицы смягчают нежные ноты белых цветов. Пряную мускусную композицию дополняет сладкий аккорд пралине, окутанный теплой дымкой ванили. На создание композиции вдохновила традиционная ближневосточная парфюмерия, её тонкости и уникальный характер. Парфюмер – Хорди Фернандез.",Не указано,Италия,5
99,2026-10-01T08:23:03.823602,20261001_080712_1756e2c0,19000334590,parfjumerija/nishevaja-parfjumerija,L'atelier parfum,Peartopia,Парфюмерная вода,4363.0,4363.0,0.0,1,4.6,https://goldapple.ru/19000334590-peartopia/,https://goldapple.ru/parfjumerija/nishevaja-parfjumerija?p=5,"Главный аккорд, вокруг которого строится аромат L'ATELIER PARFUM — мускус, помогающий исследовать бесконечный мир чувственности. Композиция передает ощущение, которое испытываешь, когда наслаждаешься слегка хрустящей грушей: это одновременно и нежность, и свежесть, и утешение. Нота сочной и сладкой груши соединяется с яркой магнолией и обволакивающим белым мускусом. Парфюмер – Sidonie Lancesseur.",Только для наружного применения.,Франция,5
100,2026-10-01T08:23:11.899644,20261001_080712_1756e2c0,19000084114,parfjumerija/nishevaja-parfjumerija,Zielinski & Rozen,"Cedarwood, Neroli, Amber",ДУХИ КОНЦЕНТРИРОВАННЫЕ,2790.0,2790.0,0.0,1,4.8,https://goldapple.ru/19000084114-cedar-sandalwood-amber-patchouli/,https://goldapple.ru/parfjumerija/nishevaja-parfjumerija?p=5,"Я хочу, чтобы парфюм трогал до глубины души, говорил о личности и отражал ее уникальность. Эрез Розен Замысловатая ольфакторная книга, сюжет которой раскрывается новыми гранями на каждом человеке. Необычные сочетания нот и оригинальное построение аккордов подчеркивают индивидуальность и раскрывают суть ярче любых слов. Все ароматы Zielinski&Rozen категории унисекс.",Наносите парфюм по обе стороны плеч или распылите впереди себя и войдите в «облако» аромата.,Россия,5
101,2026-10-01T08:23:34.026926,20261001_080712_1756e2c0,19000344547,parfjumerija/nishevaja-parfjumerija,VCANTO,Brun,Духи,26006.0,26006.0,0.0,1,5.0,https://goldapple.ru/19000344547-brun/,https://goldapple.ru/parfjumerija/nishevaja-parfjumerija?p=6,"Brun посвящен легендарному архитектору Филиппо Брунеллески, одному из самых знаменитых персонажей эпохи Возрождения. Он заслуженно считается основоположником архитектуры Ренессанса, как в связи с проектом по сооружению большого купола Флорентийского собора, так и в силу того, что он первым открыл геометрические законы перспективы, чрезвычайно важные для создания архитектурного проекта. Brun - аромат, посвященный этому великому человеку и отражающий его сильный и импульсивный характер, смесь гениальности и дерзости. Именно это ощущается с первых нот, которые открываются взрывным и смелым букетом из нот серой амбры и мускатного шалфея, окутанных гипнотическим благоуханием гелиотропа и мускуса. В сердце снова слышится обольстительное звучание серой амбры, в окружении пьянящих цветов иланг-иланг из Таиланда, магнолии и жасмина. База характеризуется силой камбоджийского уда, контрастирующего с изысканной сладостью сандала и пачули, смягченных нотами ванили и мускуса.",Средство предназначено для наружного применения с целью придания приятного аромата. Нанести аромат на кожу.,Италия,6
102,2026-10-01T08:23:40.961010,20261001_080712_1756e2c0,19000125957,parfjumerija/nishevaja-parfjumerija,State Of Mind,L'Ame Slave,Парфюмерная вода,3084.0,3084.0,0.0,1,4.6,https://goldapple.ru/19000125957-l-ame-slave/,https://goldapple.ru/parfjumerija/nishevaja-parfjumerija?p=6,"Мобильная версия спрея создана, чтобы любимый аромат всегда был под рукой! Древесный аромат L'Ame Slave – это воплощение таинственной, независимой и спонтанной славянской души. Глубокая композиция создана на основе нот бергамота и гевеи, к которым присоединяются василёк, степные травы, кедр и серёжки березы. Вдохновением для создания аромата стал Второй концерт для фортепиано с оркестром Сергея Рахманинова. Контрастный и чувственный L'Ame Slave потрясает и позволяет сердцу править, руководить разумом.",Только для наружного применения.,Франция,6
103,2026-10-01T08:23:50.969507,20261001_080712_1756e2c0,19000318985,parfjumerija/nishevaja-parfjumerija,Initio Parfums Prives,ATOMIC ROSE,Нет категории,32300.0,32300.0,0.0,1,5.0,https://goldapple.ru/19000318985-atomic-rose/,https://goldapple.ru/parfjumerija/nishevaja-parfjumerija?p=6,"Carnal коллекция. Бескомпромиссные, смелые ароматы с использованием самого высококачественного сырья, откровенных, провокационных нот и мощных, волнующих аккордов. Atomic rose . Эйфория чувств. Сексуальная Роза, полностью обнаженная, укутанная в вуаль из жасмина и ванили, настолько желанная и лишенная табу, что заставляет вас краснеть, прежде чем потерять голову, давая вам силы идти еще дальше.",Не указано,Франция,6
104,2026-10-01T08:23:59.894287,20261001_080712_1756e2c0,83730200005,parfjumerija/nishevaja-parfjumerija,Moresque,Ubar 1992,Нет категории,13530.0,13530.0,0.0,1,4.3,https://goldapple.ru/83730200005-ubar-1992/,https://goldapple.ru/parfjumerija/nishevaja-parfjumerija?p=6,"Мистический аромат Убара, легендарного арабского города. 500 лет назад здесь сходились все торговые пути Персидского залива, а сам город называли Пряной Столицей. В сердце композиции UBAR 1992 – коктейль из самых ярких ароматных смол и специй.",Не указано,Франция,6
105,2026-10-01T08:24:07.735299,20261001_080712_1756e2c0,19000522124,parfjumerija/nishevaja-parfjumerija,L'atelier parfum,VETIVER ROYAL,парфюмерная вода,3403.0,3403.0,0.0,1,5.0,https://goldapple.ru/19000522124-l-atelier-parfum/,https://goldapple.ru/parfjumerija/nishevaja-parfjumerija?p=6,"Аромат L'ATELIER PARFUM — шепот силы, в котором кроется неотразимое очарование. Такие теплые искрящиеся специи, как кардамон, элеми и чили, подчеркивают яркие грани кедрового дерева, пачули, ветивера и сандала. Это сочетание окутывает композицию золотистым сиянием. Ладан добавляет нотку одухотворенности, чтобы сделать аромат по-королевски обаятельным. Парфюмер — Karine Vinchon.","Распылите на пульсирующие зоны: запястья, шею, за ушами и внутреннюю сторону локтя. Избегайте контакта с одеждой. Для повышения стойкости рекомендуем наносить на хорошо увлажненную кожу.",Франция,6
106,2026-10-01T08:24:16.381657,20261001_080712_1756e2c0,19000019534,parfjumerija/nishevaja-parfjumerija,Zielinski & Rozen,"Peach, Passion fruit, Musk",Духи концентрированные,7990.0,7990.0,0.0,1,4.8,https://goldapple.ru/19000019534-peach-passion-fruit-musk/,https://goldapple.ru/parfjumerija/nishevaja-parfjumerija?p=6,"Я хочу, чтобы парфюм трогал до глубины души, говорил о личности и отражал ее уникальность. Эрез Розен Замысловатая ольфакторная книга, сюжет которой раскрывается новыми гранями на каждом человеке. Необычные сочетания нот и оригинальное построение аккордов подчеркивают индивидуальность и раскрывают суть ярче любых слов. Все ароматы Zielinski&Rozen категории унисекс.",Наносите парфюм по обе стороны плеч или распылите впереди себя и войдите в «облако» аромата.,Россия,6
107,2026-10-01T08:24:23.682757,20261001_080712_1756e2c0,82081500001,parfjumerija/nishevaja-parfjumerija,MEMO Paris,African Leather,Парфюмерная вода,27967.0,27967.0,0.0,1,4.9,https://goldapple.ru/82081500001-african-leather/,https://goldapple.ru/parfjumerija/nishevaja-parfjumerija?p=6,"Отправьтесь в ольфакторное сафари с парфюмерной водой African Leather Eau de Parfum от Memo Paris — ароматом, воплощающим необузданный дух африканской саванны. Путешествие начинается с яркого аккорда кардамона и шафрана, передающего тепло залитых солнцем просторов. По мере раскрытия в композиции появляется изящная цветочная нота герани, придающая аромату утончённость. В сердце раскрывается насыщенный кожаный аккорд, искусно переплетённый с землистыми оттенками кумина и пачули, создающими живописный образ дикой природы и духа приключений. Тонкие штрихи ветивера и мускуса добавляют глубину и стойкость, оставляя аромат на коже как дорогую память о путешествии по Африке. Аромат African Leather — больше, чем парфюм; это приглашение прикоснуться к первозданной красоте и завораживающему очарованию Африки, оставляя неизгладимый след в ваших чувствах.","Распылите на пульсирующие зоны, такие как запястья, шея, за ушами и внутренняя сторона локтя. Избегайте контакта с одеждой, чтобы сохранить качество аромата.",Франция,6
108,2026-10-01T08:24:31.998162,20261001_080712_1756e2c0,90150100002,parfjumerija/nishevaja-parfjumerija,Zielinski & Rozen,"Black Pepper, Vetiver, Neroli, Amber",Гель для душа,2590.0,2590.0,0.0,1,4.8,https://goldapple.ru/90150100002-black-pepper-amber-neroli/,https://goldapple.ru/parfjumerija/nishevaja-parfjumerija?p=6,"Уход, ароматерапия и признание в любви в одном флаконе. Бодрящий аромат способствует пробуждению, натуральные масла увлажняют кожу и питают, а мягкая пена позволяет по-настоящему насладиться редкими минутами наедине с собой. Ароматы продукции Zielinski&Rozen изменили свое наименование без изменения состава.","1. Используйте гель для душа для очищения кожи всего тела. Нанесите небольшое количество геля на влажную кожу, вспеньте руками или с помощью мочалки, избегая попадания в глаза. 3. После вспенивания тщательно смойте гель водой. Гель совместим с другими средствами ухода, подходит для всех типов кожи и увлажняет кожу благодаря натуральным маслам в составе.",Израиль,6
109,2026-10-01T08:24:39.120180,20261001_080712_1756e2c0,19000522118,parfjumerija/nishevaja-parfjumerija,L'atelier parfum,TRIPLE BLACK VANILLA,парфюмерная вода,3403.0,3403.0,0.0,1,3.7,https://goldapple.ru/19000522118-l-atelier-parfum/,https://goldapple.ru/parfjumerija/nishevaja-parfjumerija?p=6,"Аромат L'ATELIER PARFUM — переход от уверенности к власти. Он уводит в тень прежде, чем вы успеваете это осознать. По коже пробегает дрожь силы. Глубокая, чувственная и притягательная композиция строится вокруг соблазнительной ноты ванили, которая главенствует над ночью. Пока темный ром опьяняет, черный перец искрится на обнаженной коже. Каждый вздох привлекает внимание, а каждая нота этого аромата манит за собой или заставляет сдаться. Парфюмер — Clément Marx.","Распылите на пульсирующие зоны: запястья, шею, за ушами и внутреннюю сторону локтя. Избегайте контакта с одеждой. Для повышения стойкости рекомендуем наносить на хорошо увлажненную кожу.",Франция,6
110,2026-10-01T08:24:46.392307,20261001_080712_1756e2c0,19000235935,parfjumerija/nishevaja-parfjumerija,Amouage,Guidance,Парфюмерная вода,47767.0,47767.0,0.0,1,4.8,https://goldapple.ru/19000235935-guidance/,https://goldapple.ru/parfjumerija/nishevaja-parfjumerija?p=6,"НЕЖНАЯ СИЛА ЖЕНСТВЕННОСТИ Башня из слоновой кости, окутанная редкими облаками… Из нежного грушевого тумана, манящего аромата миндального молочка и жемчужной росы ладана складывается образ уютного убежища. Шепот принцессы зовет вас в глубь пышного сада, где цветы османтуса разливают свой пьянящий абрикосовый аромат. В центре сада поблескивает фонтан, его мраморная чаша усыпана алыми розами, чей чувственный аромат встречается с кожаными оттенками шафрана, рассыпанного на полу. Сквозь завесу знойного жасмина идет женщина, и с ней приходит аромат темной ванили и сандалового дерева с нотами кожи, амбровые оттенки лабданума и вкрадчивые ноты королевской амбры. «Кто вы?» — спрашивает она. Вас заметили. Аромат GUIDANCE — непривычная интерпретация триады Amouage, состоящей из розы, ладана и амбры, — звучит как поэма, ощущается как объятья, воспринимается как мудрое изречение.","Парфюмерную воду следует наносить с расстояния 10-15 см. на тепловые точки: под коленями, область живота, запястья, сгибы локтей, район солнечного сплетения, точки за ушами, основание шеи со стороны спины, затылок. Как правило на одну точку достаточно один раз нажать на спрей. Растирать парфюмерную воду не рекомендуется, так как это может нарушить правильный процесс раскрытия композиции. Для повышения стойкости рекомендуем наносить на хорошо увлажненную кожу, комбинируя с кремом, молочком или маслом для тела.",Оаэ,6
111,2026-10-01T08:24:54.822765,20261001_080712_1756e2c0,26771500001,parfjumerija/nishevaja-parfjumerija,Mancera,WIND WOOD,Парфюмерная вода,9570.0,9570.0,0.0,1,4.9,https://goldapple.ru/26771500001-wind-wood/,https://goldapple.ru/parfjumerija/nishevaja-parfjumerija?p=6,"Духи Wind Wood  прекрасно подходят как мужчинам, так и женщинам. Композиция создана под впечатлением от путешевствия по Антильским островам. Роскошные морские лагуны, удивительный тропический лес, много солнечного света и легкое дуновение ветра, смешивающего вместе эти изумительные краски - вот то немногое, что постарался передать Пьер Мансера в представленном парфюме Mancera Wind  Wood.",Не указано,Франция,6
112,2026-10-01T08:25:02.386559,20261001_080712_1756e2c0,19000012422,parfjumerija/nishevaja-parfjumerija,MILLER ET BERTAUX,L'Eau de Parfum #1,Парфюмерная вода,11781.0,11781.0,0.0,1,3.7,https://goldapple.ru/19000012422-l-eau-de-parfum-1/,https://goldapple.ru/parfjumerija/nishevaja-parfjumerija?p=6,"Ароматная атмосфера огромного американского кедрового леса. Звучание чистого кедра в дикой природе. Таинственный полумрак, солнечные лучи, пробивающиеся сквозь кедровые ветви, и свежий ветер, доносящий аромат хвои, американских озер и влажной земли.",Не указано,Франция,6
113,2026-10-01T08:25:10.632884,20261001_080712_1756e2c0,26140100001,parfjumerija/nishevaja-parfjumerija,FRANCK BOCLET,AMBRE,Нет категории,11792.0,11792.0,0.0,1,4.6,https://goldapple.ru/26140100001-ambre/,https://goldapple.ru/parfjumerija/nishevaja-parfjumerija?p=6,"Это французский флер, который отличает особая чувственность, отраженная в ворохе пряных и специевых мотивов. К ним добавляется переливчатая сладость ванильного толка, привносящая в парфюм не только облачную теплоту, но и такие характеристики, как утонченность и изысканность. Невероятно мягкий парфюм будет греть вас глубокой осенью и зимой, а также дарить хорошее настроение дождливую летнюю погоду. Вы будете чувствовать неизбежную гармонию, распространяемую мотивами орегано, иланг-иланга, ванили, жасмина, смолы и пачули.",Не указано,Франция,6
114,2026-10-01T08:25:18.874411,20261001_080712_1756e2c0,19000169991,parfjumerija/nishevaja-parfjumerija,Zielinski & Rozen,"Apple, Lotus",Нет категории,7990.0,7990.0,0.0,1,4.8,https://goldapple.ru/19000169991-apple-lotus/,https://goldapple.ru/parfjumerija/nishevaja-parfjumerija?p=6,"Я хочу, чтобы парфюм трогал до глубины души, говорил о личности и отражал ее уникальность. Эрез Розен Замысловатая ольфакторная книга, сюжет которой раскрывается новыми гранями на каждом человеке. Необычные сочетания нот и оригинальное построение аккордов подчеркивают индивидуальность и раскрывают суть ярче любых слов. Все ароматы Zielinski&Rozen категории унисекс.",Наносите парфюм по обе стороны плеч или распылите впереди себя и войдите в «облако» аромата.,Россия,6
115,2026-10-01T08:25:28.644494,20261001_080712_1756e2c0,19760305893,parfjumerija/nishevaja-parfjumerija,Vilhelm Parfumerie,DEAR POLLY,Парфюмерная вода,14437.0,14437.0,0.0,1,4.8,https://goldapple.ru/19760305893-dear-polly/,https://goldapple.ru/parfjumerija/nishevaja-parfjumerija?p=6,"Расстояние ничего не значит для любящих сердец. Аромат черного чая, заваренного именно так, как она любит, утренние солнечные лучи, медленно рассеивающие темноту ночи, которая всё еще держит вас в своих объятиях. Черный цейлонский чай наполняет теплом, а чувственный мускус медленно тает на коже.",Не указано,Франция,6
116,2026-10-01T08:25:36.649530,20261001_080712_1756e2c0,19000125954,parfjumerija/nishevaja-parfjumerija,State Of Mind,Voluptuous Seductio,Парфюмерная вода,5139.0,5139.0,0.0,1,4.4,https://goldapple.ru/19000125954-voluptuous-seductio/,https://goldapple.ru/parfjumerija/nishevaja-parfjumerija?p=6,"Мобильная версия спрея создана, чтобы любимый аромат всегда был под рукой! Роскошный цветочный аромат – это уникальный пышный букет благородных нот. Он собран из тёплого ройбуша и лилии, насыщенной розы и шиповника. Древесные базовые ноты сандала и кедра усиливают глубокий чарующий шлейф. Лучезарный, эмоциональный, чувственный аромат намекает на утонченное соблазнение.",Только для наружного применения.,Франция,6
117,2026-10-01T08:25:46.156312,20261001_080712_1756e2c0,26774100003,parfjumerija/nishevaja-parfjumerija,Mancera,COCO VANILLE,Парфюмерная вода,14602.0,14602.0,0.0,1,4.8,https://goldapple.ru/26774100003-coco-vanille/,https://goldapple.ru/parfjumerija/nishevaja-parfjumerija?p=6,"Одна из самых ярких композиций гурманских путешествий в которой впервые необычное молочное звучание кокоса и соблазнительной ванили встречаются с букетом солнечного иланг-иланга, таитянской гардении и божественного египетского жасмина. Благородное звучание древесины сандала и гуаяка слегка улавливают мягкое и чувственное очарование стручка ванили с о. Мадагаскар и белоснежного мускуса.",Не указано,Франция,6
118,2026-10-01T08:25:55.252749,20261001_080712_1756e2c0,99000037525,parfjumerija/nishevaja-parfjumerija,OLFATTOLOGY,MAHARLOO,Парфюмерная вода,17600.0,17600.0,0.0,1,5.0,https://goldapple.ru/99000037525-maharloo/,https://goldapple.ru/parfjumerija/nishevaja-parfjumerija?p=6,"Розовая магия озера Махарлоу вдохновляет на создание аромата такого же насыщенного, как и его цветные воды. Безошибочно узнаваемый, сладостный аккорд вишни в сочетании с пряной корицей, сливой и лакрицей.","Распылите с расстояния 20–25 см, избегая попадания на одежду.",Италия,6
119,2026-10-01T08:26:04.230417,20261001_080712_1756e2c0,19000220506,parfjumerija/nishevaja-parfjumerija,Mind Games,SANS VOIR,Парфюмерный экстракт,25972.0,25972.0,0.0,1,4.9,https://goldapple.ru/19000220506-sans-voir/,https://goldapple.ru/parfjumerija/nishevaja-parfjumerija?p=6,"Коллекция soulmate воплощает силу и единство пешек, коллективную уверенность и стремление поддерживать друг друга. По характеру пешка — решительная, амбициозная и бесстрашная фигура. Каждый аромат продуман, чтобы вы могли носить его самостоятельно или наслаивать с другими, создавая неповторимую композицию. Дизайн флаконов изящен, современен и сдержан — тонкие детали намекают на защитный слой брони. Разожгите страсть и откройте в себе лучшее с soulmate. В симфонии контрастов sans voir ведет вас по прибрежной мечте с нюансами морской соли, грейпфрута и жасмина, окутанных каскадом кипариса и фрезии. Пока развивается ольфакторное повествование, ваше внутреннее видение пробуждается с мистической розой и пало санто, открывая возможности, которые были скрыты всего несколько мгновений назад.",Распылите на кожу с расстояния 20-30 см.,Сша,6
120,2026-10-01T08:26:12.252500,20261001_080712_1756e2c0,19760314266,parfjumerija/nishevaja-parfjumerija,Zielinski & Rozen,"Tobacco, Cedarwood, Pepper",Духи концентрированные,7990.0,7990.0,0.0,1,4.8,https://goldapple.ru/19760314266-fiction/,https://goldapple.ru/parfjumerija/nishevaja-parfjumerija?p=6,"Я хочу, чтобы парфюм трогал до глубины души, говорил о личности и отражал ее уникальность. Эрез Розен Замысловатая ольфакторная книга, сюжет которой раскрывается новыми гранями на каждом человеке. Необычные сочетания нот и оригинальное построение аккордов подчеркивают индивидуальность и раскрывают суть ярче любых слов. Все ароматы Zielinski&Rozen категории унисекс. Ароматы продукции Zielinski&Rozen изменили свое наименование без изменения состава.",Наносите парфюм по обе стороны плеч или распылите впереди себя и войдите в «облако» аромата.,Россия,6
121,2026-10-01T08:26:35.192854,20261001_080712_1756e2c0,26144500001,parfjumerija/nishevaja-parfjumerija,FRANCK BOCLET,WOODSTOCK,Духи,18572.0,18572.0,0.0,1,4.9,https://goldapple.ru/26144500001-woodstock/,https://goldapple.ru/parfjumerija/nishevaja-parfjumerija?p=7,"Аромат дерзко и ярко стартует свежим цитрусовым дыханием лайма, апельсина и бергамота, которые соединяются в «сердце» композиции с изящными оттенками полевых цветов, нежного утонченного османтуса и чувственного иланг-иланга, вкусными сладкими фруктовыми нотами сухофруктов, абрикоса и ягод боярышника. Восточно-древесный элегантный шлейф аромата мягко звучит смолистыми хвойными оттенками кедра и сливочного сандала, пряными нотами магического пачули и пудровой соблазнительной ванили.",Не указано,Франция,7
122,2026-10-01T08:26:43.293047,20261001_080712_1756e2c0,19000391662,parfjumerija/nishevaja-parfjumerija,Neydo,Chasing light 19.10,Парфюмерная вода,5080.0,5080.0,0.0,1,4.7,https://goldapple.ru/19000391662-chasing-light-19-10/,https://goldapple.ru/parfjumerija/nishevaja-parfjumerija?p=7,"Аромат Chasing Light 19.09 — сон Питера о погоне за солнечным светом. Комната дышит теплом, в воздухе — прозрачная свежесть бергамота и нежная ваниль. Лёгкий шлейф орхидей сменяется мягкой амброй, мускусом и сладостью, похожей на золотой песок в лучах. Это аромат-свет, в котором хочется остаться. Piter, 19.10. Я оказываюсь в комнате, залитой мягким солнечным светом. Стены здесь дышат теплом — едва заметно, словно живые. Воздух пробуждает чувство уюта: он лёгкий, прозрачный, наполненный оттенками ванили и цитрусовой свежести. Под ногами поскрипывает деревянный пол — будто приглашает идти дальше. В углу — старинное, изысканное зеркало. В нём отражается девушка с сияющими волосами и неуловимой улыбкой. Я приближаюсь, но она исчезает, оставляя после себя лишь лёгкий шлейф орхидей, мягко оседающих на пол. Я тянусь к одному лепестку — и внезапно земля уходит из-под ног. Я утопаю в море света и песка, а песчинки сверкают в лучах, пока я проваливаюсь, словно невесомый. Она снова появляется и ускользает, как солнечный луч. «Поймай меня!» — кричит она. Я бросаюсь вперёд, но вместо её руки попадаю в жаркие объятия света. Всё исчезает. Я просыпаюсь с колотящимся сердцем и ощущением, будто воздух всё ещё мерцает ванилью.","Распылите на пульсирующие зоны: запястья, шею, за ушами и внутреннюю сторону локтя. Избегайте контакта с одеждой. Для повышения стойкости рекомендуем наносить на хорошо увлажненную кожу.",Франция,7
123,2026-10-01T08:26:52.406753,20261001_080712_1756e2c0,19000399138,parfjumerija/nishevaja-parfjumerija,MAISON NOIR,VOLANTIS,Нет категории,18905.0,18905.0,0.0,1,4.5,https://goldapple.ru/19000399138-volantis-685/,https://goldapple.ru/parfjumerija/nishevaja-parfjumerija?p=7,"Вы выходите сквозь красный занавес жизни в центр внимания и заявляете: «Вот и я!» Вы оставляете свой след в мире и заставляете мир жаждать большего. Богатый, теплый и пряный шафран празднует рассвет ночи. Светящееся сердце, состоящее из жасмина и ириса, возвещает о восходящем дне. Наконец, пралине формирует древесную базу вместе с корой кедра и амброксом.","Распыляйте с расстояния 20-25 см. Не наносите на одежду, не используйте при нахождении на солнце.",Франция,7
124,2026-10-01T08:27:02.244135,20261001_080712_1756e2c0,19000215723,parfjumerija/nishevaja-parfjumerija,Parfums de Marly,ALTHAIR,Нет категории,29250.0,29250.0,0.0,1,4.8,https://goldapple.ru/19000215723-althair/,https://goldapple.ru/parfjumerija/nishevaja-parfjumerija?p=7,"Ярко выраженный контраст между теплыми ингредиентами и ощущением свежести, взаимодействие родства и несходства, сочетание традиционных для высокой парфюмерии нот и новейших молекул: Althaïr культивирует одновременно самобытность и утонченную роскошь.",для наружного применения,Франция,7
125,2026-10-01T08:27:12.130799,20261001_080712_1756e2c0,19000312615,parfjumerija/nishevaja-parfjumerija,Noise,SILENT CONVERSATION,Парфюмерная вода,8910.0,8910.0,0.0,1,4.1,https://goldapple.ru/19000312615-silent-conversation/,https://goldapple.ru/parfjumerija/nishevaja-parfjumerija?p=7,"Золотое мгновение гармонии, где поёт тишина. Это будто возвращение в мгновение полной согласованности – время, когда всё совпало. Мурашки по коже звучат, как поющий гул, просящий прикосновения. Искрящееся напряжение между вами, почти осязаемое. Вспышка и ты уже знаешь: вы на одной волне, до конца ваших дней, хотя только что встретились. Это тот самый блаженный момент, когда слова не нужны, потому что всё уже ясно. Всё так, как должно быть. Парфюмер: Géraldine Igenesta. В начале — тонкая искра бергамота и розового перца: они вспыхивают, как крошечные огоньки в темноте, и тут же растворяются в мягкой дымке альдегидов. Воздух наполняется ощущением чистоты, будто вы вошли в комнату, где только что открыли окно. Сердце аромата звучит приглушённо — роза и белые цветы здесь словно говорят шёпотом. Их дыхание сухое, чуть пыльное, с лёгкой горчинкой трав и оттенком нагретых солнцем лепестков. Это роза, которая не раскрыта в букете, а хранилась между страниц книги. Гладкие мускусы и сандал, на которых аромат словно оседает. Они дают ощущение тёплой кожи, дыхания рядом, едва уловимого тепла чужого присутствия. Прозрачность древесных аккордов наполняет композицию воздухом, а их упругость создаёт невидимый каркас, подобный натянутой струне.","Распылите на пульсирующие зоны: запястья, шею, за ушами и внутреннюю сторону локтя. Избегайте контакта с одеждой. Для повышения стойкости рекомендуем наносить на хорошо увлажненную кожу.",Франция,7
126,2026-10-01T08:27:22.047254,20261001_080712_1756e2c0,90151100001,parfjumerija/nishevaja-parfjumerija,Zielinski & Rozen,"Black Pepper, Vetiver, Neroli, Amber",Парфюмированное твердое мыло,890.0,890.0,0.0,1,4.8,https://goldapple.ru/90151100001-black-pepper-amber-neroli/,https://goldapple.ru/parfjumerija/nishevaja-parfjumerija?p=7,"Твердое мыло Zielinski & Rozen превращает обычное очищение в эстетичный и ароматный ритуал. При контакте с водой оно дает легкую, кремообразную пену, мягко и эффективно удаляет загрязнения и при этом не пересушивает кожу. Мыло отлично держит форму, не размокает и не оставляет следов на раковине или мыльнице. Свежие ноты нероли, терпкий черный перец, дымный ветивер, теплая амбра, смола элеми и хвойные оттенки кедра создают глубокую композицию, которая оставляет выразительный шлейф на коже. Подходит для ежедневного мытья рук и тела, даря коже чистоту, комфорт и ощущение особенного ухода. Ароматы продукции Zielinski & Rozen изменили свое наименование без изменения состава.",Вспеньте мыло в руках. Тщательно смойте теплой водой.,Россия,7
127,2026-10-01T08:27:30.310446,20261001_080712_1756e2c0,19000522122,parfjumerija/nishevaja-parfjumerija,L'atelier parfum,VANILLA BLUSH,парфюмерная вода,7853.0,7853.0,0.0,1,5.0,https://goldapple.ru/19000522122-l-atelier-parfum/,https://goldapple.ru/parfjumerija/nishevaja-parfjumerija?p=7,"Аромат L'ATELIER PARFUM — нежное сияние, которое оставляет румянец. Напоминание о мгновении, когда солнце касается щек, а по коже пробегает легкая дрожь. Композиция строится вокруг главной ноты ванили, которая не остается застенчивой, а волнует, согревает и заставляет краснеть без предупреждения. Тающая, чувственная ваниль вплетена в сливочно-кокосовые лепестки и иланг-иланг, который обволакивает каждый изгиб, словно в танце. Каждый вдох вызывает трепет, а каждое прикосновение ощущается солнечным бликом на коже. Парфюмер —  Jérôme Épinette.","Распылите на пульсирующие зоны: запястья, шею, за ушами и внутреннюю сторону локтя. Избегайте контакта с одеждой. Для повышения стойкости рекомендуем наносить на хорошо увлажненную кожу.",Франция,7
128,2026-10-01T08:27:39.923104,20261001_080712_1756e2c0,83730600001,parfjumerija/nishevaja-parfjumerija,Moresque,Al Andalus,парфюмерная вода,25525.0,25525.0,0.0,1,5.0,https://goldapple.ru/83730600001-al-andalus/,https://goldapple.ru/parfjumerija/nishevaja-parfjumerija?p=7,"Андалусия: юг Испании, Средиземное море, следы арабско-исламской цивилизации. Трио шафрана, чёрного перца и имбиря дополняет джакартский уд – всё вместе складывается в глубокую многогранную композицию с сильными и чувственными аккордами гаитянского ветивера и французского лабданума",Не указано,Италия,7
129,2026-10-01T08:27:48.497909,20261001_080712_1756e2c0,19760331238,parfjumerija/nishevaja-parfjumerija,Zielinski & Rozen,Oakmoss & Amber,Духи концентрированные,7990.0,7990.0,0.0,1,4.9,https://goldapple.ru/19760331238-oakmoss-amber/,https://goldapple.ru/parfjumerija/nishevaja-parfjumerija?p=7,"Я хочу, чтобы парфюм трогал до глубины души, говорил о личности и отражал ее уникальность. Эрез Розен Замысловатая ольфакторная книга, сюжет которой раскрывается новыми гранями на каждом человеке. Необычные сочетания нот и оригинальное построение аккордов подчеркивают индивидуальность и раскрывают суть ярче любых слов. Все ароматы Zielinski&Rozen категории унисекс.",Наносите парфюм по обе стороны плеч или распылите впереди себя и войдите в «облако» аромата.,Россия,7
130,2026-10-01T08:27:56.868168,20261001_080712_1756e2c0,19000009353,parfjumerija/nishevaja-parfjumerija,L'atelier parfum,EXQUISE TENTATION,Парфюмерная вода,3403.0,3403.0,0.0,1,4.7,https://goldapple.ru/19000009353-exquise-tentation/,https://goldapple.ru/parfjumerija/nishevaja-parfjumerija?p=7,"Чувственный, притягательный и сладкий аромат EXQUISE TENTATION от L’ATELIER PARFUM приглашает в путешествие, которое начинается с ярких нот черной смородины, розового перца и бергамота. Гурманская нота ванили, миндаль и пралине погружают в приятную сладость, перед которой невозможно устоять. Шипровый аккорд, в котором гармонично звучат пачули, и цветочные ноты розы, ириса, фрезии и ландыша придают элегантность чувственной композиции, способной вызвать зависимость. Парфюмер – Dorothee Piot.","Распылите на пульсирующие зоны, такие как запястья, шея, за ушами и внутренняя сторона локтя. Избегайте контакта с одеждой, чтобы сохранить качество аромата.",Франция,7
131,2026-10-01T08:28:07.774223,20261001_080712_1756e2c0,19760305902,parfjumerija/nishevaja-parfjumerija,Vilhelm Parfumerie,ROOM SERVICE,Парфюмерная вода,14437.0,14437.0,0.0,1,4.8,https://goldapple.ru/19760305902-room-service/,https://goldapple.ru/parfjumerija/nishevaja-parfjumerija?p=7,"«В твоём сердце так много вещей, о которых ты никогда не расскажешь другому человеку»,- сказала Грета Гарбо. Прославленная своими восторженными поклонниками, коварная обольстительница на сцене, Грета Гарбо держала свои мысли и сердце закрытыми от публики. Одна в своём номере отеля, облачённая в струящийся атлас, она отстранялась от окружающего мира. Room service - это тщательно подобранная композиция, в которой преобладают ноты фиалки, розовой орхидеи и зелёного бамбука. Свежий мандариновый нектар прекрасно сочетается с изысканностью сандалового дерева.",Не указано,Франция,7
132,2026-10-01T08:28:17.071302,20261001_080712_1756e2c0,19000222825,parfjumerija/nishevaja-parfjumerija,CHOPARD,Sparkling love,Парфюмерная вода,8958.0,8958.0,0.0,1,4.7,https://goldapple.ru/19000222825-sparkling-love/,https://goldapple.ru/parfjumerija/nishevaja-parfjumerija?p=7,"Изысканный и элегантный, словно белое платье, аромат Chopard – парфюмерное отражение ослепительного мерцания и блеска бриллиантов. Ноты белых цветов, одновременно нежные и роскошные, превращают композицию в оду женственности. Ключевая нота – многогранный жасмин самбак, символизирующий любовь и красоту. Идеальной парой для жасмина становится тубероза, украшающая женственный, чарующий шлейф. Парфюмер – Dora Baghriche.",Только для наружного применения.,Италия,7
133,2026-10-01T08:28:26.449788,20261001_080712_1756e2c0,19000059346,parfjumerija/nishevaja-parfjumerija,Xerjoff,JTC Torino21,Нет категории,20663.0,20663.0,0.0,1,4.9,https://goldapple.ru/19000059346-jtc-torino21/,https://goldapple.ru/parfjumerija/nishevaja-parfjumerija?p=7,"TORINO21 – бодрящий, наполненный энергией аромат, созданный в честь престижной коллаборации между парфюмерным домом Xerjoff, городом Турин и Ассоциацией теннисистов-профессионалов.  **Это собрание символических для Турина нот: свежести горных долин с холодом кассии и лавандина, зеленых берегов быстрых рек со свежестью мяты и базилика, изысканных парков и садов старинных замков с цитрусом и жасмином. Аромат создан как сувенир и награда лучшему из лучших, истинному победителю, с каждым нажатием на спрей возвращающим к моменту триумфа!  * Изысканный аромат TORINO21 сочетает в себе свежесть мяты и базилика с пикантностью тимьяна и розмарина. Свежие цитрусовые оттенки вербены и лимона наполняют аромат энергией и сочным звучанием. Бодрящая и энергичная композиция, элегантность которой придает жасмин и черная смородина, а мускус и лаванда окутывают вас чувственной вуалью. ***",Нанести на пульсирующие точки,Италия,7
134,2026-10-01T08:28:37.138722,20261001_080712_1756e2c0,19000048604,parfjumerija/nishevaja-parfjumerija,NŌSE perfumes,WHITE TEA,Нет категории,14900.0,14900.0,0.0,1,4.3,https://goldapple.ru/19000048604-white-tea/,https://goldapple.ru/parfjumerija/nishevaja-parfjumerija?p=7,"В сезон сбора белого чая в Китае цветут фруктовые сады. Они граничат с чайными плантациями. Аромат цветов оседает на серебристых ворсинках первых чайных листиков, что придает напитку характерный цветочный вкус. Женственный аромат объединяет нежность белых цветов жасмина самбак и туберозы, терпкость белого чая и мягкий пудровый аккорд со слегка сливочным звучанием.","распылить на кожу, волосы или одежду",Россия,7
135,2026-10-01T08:28:45.845791,20261001_080712_1756e2c0,26301400002,parfjumerija/nishevaja-parfjumerija,Jardin de Parfums,UNIQUE LOVE LETTER,Парфюмерная вода,12285.0,12285.0,0.0,1,4.4,https://goldapple.ru/26301400002-unique-love-letter/,https://goldapple.ru/parfjumerija/nishevaja-parfjumerija?p=7,"Очень личный, ностальгический и романтичный аромат дарит непередаваемое ощущение щемящего чувства находки старинного любовного послания, которое долгое время хранили, но не вытаскивали из ящика письменного стола. Аромат открывается богатыми начальными фруктовыми оттенками терпковато-вяжущих ягод черной смородины, душистого спелого сладкого персика и хрустящего сочного яблока, освежающего цитрусового аккорда лимона и нежного пряного розового перца. «Сердце» парфюмерной композиции звучит страстным сочетанием экзотического молочного-сливочного кокоса и цветочного дуэта насыщенной туберозы и белого чувственного иланг-иланга. Шлейф аромата Love Letter наполнен восточным дыханием пряной магической пачули, теплого мускуса и тонкого освежающего запаха драгоценной амбры.",Не указано,Великобритания,7
136,2026-10-01T08:28:55.984133,20261001_080712_1756e2c0,19760310037,parfjumerija/nishevaja-parfjumerija,State Of Mind,Spontaneous Generosity,Парфюмерная вода,7358.0,7358.0,0.0,1,4.9,https://goldapple.ru/19760310037-spontaneous-generosity/,https://goldapple.ru/parfjumerija/nishevaja-parfjumerija?p=7,"Обволакивающий Spontaneous Generosity отражает скромность и поиск истинного счастья, светлого, словно встреча с ангелом-хранителем. В звучании этого восточного гурманского аромата слышны роза, инжир, чёрный чай ассам, бензоин, перуанский бальзам и сандал. Ярко выделяются кумарин, бобы тонка и карамель. Мягкий аромат напоминает об удовольствии спонтанной щедрости.",Не указано,Франция,7
137,2026-10-01T08:29:06.630140,20261001_080712_1756e2c0,19760314277,parfjumerija/nishevaja-parfjumerija,Zielinski & Rozen,"Tobacco, Cedarwood, Pepper",Мыло твердое,890.0,890.0,0.0,1,4.8,https://goldapple.ru/19760314277-fiction/,https://goldapple.ru/parfjumerija/nishevaja-parfjumerija?p=7,"Твердое мыло никогда не выйдет из моды, ведь тактильные ощущения — самое приятное, что можно испытывать. А положив кусочек мыла в гардероб одежда будет всегда пропитана любимым ароматом. Мыло имеет уникальную базу, создающую ощущение крема. От него не остаются мыльные следы на раковине или мыльнице. В составе только натуральные ингредиенты. Твердое мыло мягко и эффективно очищает кожу от жира и других видов загрязнений. Гигиеническое мыло Zielinski & Rozen подходит для ежедневного умывания лица, мытья рук и тела. Ароматы продукции Zielinski&Rozen изменили свое наименование без изменения состава.",Вспенить мыло в руках. Тщательно смыть теплой водой.,Россия,7
138,2026-10-01T08:29:15.937072,20261001_080712_1756e2c0,19000017108,parfjumerija/nishevaja-parfjumerija,Loewe,SOLO ELLA,Парфюмерная вода,13740.0,13740.0,0.0,1,4.8,https://goldapple.ru/19000017108-solo-ella/,https://goldapple.ru/parfjumerija/nishevaja-parfjumerija?p=7,"Парфюмерная вода LOEWE Solo Ella  — свежий фруктово-цветочный аромат, в котором красное яблоко, нероли, персик, амбра, белые древесные ноты и зеленый чай образуют изысканную, женственную композицию. Ноты персика, груши и теплой амбры придают аромату сладкое, но в то же время многогранное и динамичное звучание, раскрывающееся от первых до базовых нот. Ключевые ингредиенты, такие как жасмин самбак и горький апельсин, придают композиции глубину и выразительность, а зеленый чай добавляет освежающий акцент, делая аромат гармоничным и уместным в любой ситуации. LOEWE Solo Ella входит в коллекцию LOEWE Landscape, вдохновлённую безмятежностью заката, и дарит неповторимый ольфакторный опыт. Аромат  представлен в полупрозрачном стеклянном флаконе насыщенного оранжевого оттенка, отражающего яркий характер композиции. Фирменную монохромную упаковку украшает фотография Centaurea ruthenica работы Карла Блоссфельдта. LOEWE Perfumes приглашает в мультисенсорное путешествие, раскрывающее дух природы через  единство аромата и цвета.","Небольшое количество нанести на тело, избегая попадания в глаза.",Испания,7
139,2026-10-01T08:29:25.493346,20261001_080712_1756e2c0,19000310676,parfjumerija/nishevaja-parfjumerija,ESSENTIAL PARFUMS PARIS,Neroli botanica,Парфюмерная вода,10053.0,10053.0,0.0,1,4.6,https://goldapple.ru/19000310676-neroli-botanica/,https://goldapple.ru/parfjumerija/nishevaja-parfjumerija?p=7,"Парфюмер — Anne Flipo. «Я представляла себе чувственный флердоранж, который хочется вдыхать снова и снова… В сочетании с пряностями и чарующим сердцем аромата из жасмина и нероли, его мощный шлейф переходит в гипнотическую древесную базу из сандала и ветивера». NEROLI BOTANICA — новый взгляд на одни из самых знаковых цветов в парфюмерии. Пряный и яркий аромат раскрывается нотами листьев куркумы и имбиря, усиленный дуэтом розового и черного перцев. Великолепно дополненный нероли и жасмином самбак, флердоранж раскрывает всю свою цветочную силу. Его «солнечные» и чувственные оттенки сочетаются с зелеными и бархатисто-древесными нотами ветивера и сандалового дерева в базе композиции. Создатели парфюмерной воды ESSENTIAL PARFUMS выбирают натуральные, экологически чистые материалы и стремятся снизить воздействие на окружающую среду. Компания использует эссенцию нероли, воду флердоранж и абсолют флердоранжа из Туниса, чтобы поддерживать устойчивое развитие, местное население и методы ведения восстановительного сельского хозяйства. Флакон парфюмерной воды подходит для многоразового использования, и его можно пополнять из рефила. В интернет-магазине представлен актуальный дизайн продукта. Обращаем внимание, возможно поступление товара в старом дизайне.","1. Снимите крышку с флакона, открутите и вытащите помпу. 2. Прикрутите рефил до конца. Пополнение прекращается автоматически. 3. Прикрутите помпу обратно на флакон и наденьте крышку",Франция,7
140,2026-10-01T08:29:34.005157,20261001_080712_1756e2c0,19000412466,parfjumerija/nishevaja-parfjumerija,Al-Jazeera Perfumes,Elegant,Парфюмерная вода,14917.0,14917.0,0.0,1,3.3,https://goldapple.ru/19000412466-elegant/,https://goldapple.ru/parfjumerija/nishevaja-parfjumerija?p=7,"Al Jazeera Perfumes — роскошь и элегантность в каждом аромате. Основанная в 1998 году, компания быстро завоевала признание, расширившись до 60 филиалов по всему миру, включая бутик на Елисейских полях в Париже. Мы предлагаем премиальные духи в изысканной упаковке, используя оригинальные ароматы от ведущих французских производителей. Наша коллекция объединяет восточные традиции и западную утонченность, удовлетворяя самым взыскательным вкусам. Elegant, аромат, который переносит нас в завораживающее путешествие по пышным садам. Этот аромат открывается освежающими нотами мандарина, словно лучи солнца, пробивающиеся сквозь листья, наполняя вас жизненной силой и энергией. Чарующий аромат пленительной розы переплетается с нежными цветами фиалки, создавая смесь романтики и таинственности, словно танец цветов и ароматов. Ощущение углубляется по мере появления пачули, добавляя нотку сложности и интриги, усиливая вашу привлекательность. С каждым вдохом аромат достигает кульминации в теплых объятиях амбры, оставляя мягкий, незабываемый след в вашей памяти. Парфюмер : Доминик Ропион","Наносить на неповрежденные участки кожи, волос и одежду.",Франция,7
141,2026-10-01T08:29:58.758681,20261001_080712_1756e2c0,19000118993,parfjumerija/nishevaja-parfjumerija,Kilian Paris,Princess,Парфюмерная вода,14490.0,14490.0,0.0,1,4.7,https://goldapple.ru/19000118993-princess/,https://goldapple.ru/parfjumerija/nishevaja-parfjumerija?p=8,"Источник вдохновения Килиана Хеннесси. MY KIND OF LOVE - коллекция восхитительных французских ароматов. «Я хотел, чтобы ароматам этой коллекции была свойственна многослойность аккордов и нот, которой знамениты мои работы, но при этом композиции были построены вокруг основного ингредиента — необычного, удивляющего и сразу узнаваемого.» - Килиан Хеннесси. Аромат. I DON'T NEED A PRINCE BY MY SIDE TO BE A PRINCESS. «Я хотел создать аромат для страстных женщин, который усилил бы их чары. Одновременно изысканный и смелый, PRINCESS подобен глотку зеленого чая матча с долькой имбиря, добавляющей дерзкой пряности.» — Килиан Хеннесси. Прекрасный принц, помни, принцессы не сидят дома в ожидании твоего звонка. Парфюмер: Онорин Блан",Не указано,Франция,8
142,2026-10-01T08:30:09.408786,20261001_080712_1756e2c0,26144300001,parfjumerija/nishevaja-parfjumerija,FRANCK BOCLET,VINYL,Парфюмерная вода,21003.0,21003.0,0.0,1,4.7,https://goldapple.ru/26144300001-vinyl/,https://goldapple.ru/parfjumerija/nishevaja-parfjumerija?p=8,"Неординарный и провокационный аромат навевает особенное настроение и предназначен для людей новой генерации, того особого поколения, перед которым открываются горизонты. Яркими, свежими цитрусовыми аккордами лимона, мандарина и сладкого пряно-острого акцента виски с кока-колой открывается аромат, гармонично сочетаясь в средних нотах пирамиды композиции с острым страстным аккордом виски, сладостным цветочно-ванильным запахом гелиотропа, пряным оттенком эфирного запаха листьев пачули и специевым акцентом гвоздики. Красивый элегантный шлейф аромата волнует восточными пряными нотами пачули, нежной пудровой ванилью, дымными акцентами табака, смолистыми оттенками янтаря и сливочно-хвойными аккордами древесины кедра.",Не указано,Франция,8
143,2026-10-01T08:30:16.821499,20261001_080712_1756e2c0,19000072554,parfjumerija/nishevaja-parfjumerija,SIR PARFUMER,MOUNTAIN AIR,Нет категории,7650.0,7650.0,0.0,1,4.3,https://goldapple.ru/19000072554-mountain-air/,https://goldapple.ru/parfjumerija/nishevaja-parfjumerija?p=8,"Горы всегда привлекают человека своей красотой и величием. Созданные самой природой, они захватывают дух , наполняя нашу грудь чистейшим воздухом, который так приятно вдыхать. Горный воздух чист и наполнен ароматами целебных трав, цветов и деревьев. В нем нет пыли, промышленной копоти и выхлопных газов. Им дышится легко и кажется, что никогда не сможешь надышаться.",нанести на кожу,Франция,8
144,2026-10-01T08:30:25.948276,20261001_080712_1756e2c0,19000044721,parfjumerija/nishevaja-parfjumerija,MEMO Paris,Iberian Leather,Нет категории,27967.0,27967.0,0.0,1,5.0,https://goldapple.ru/19000044721-iberian-leather/,https://goldapple.ru/parfjumerija/nishevaja-parfjumerija?p=8,"Отправляйтесь в чувственное путешествие по Пиренейскому полуострову с парфюмированной водой Memo Paris Iberian Leather. Этот густой и дымный аромат открывается чарующим сочетанием герани, розмарина, кориандра и бергамота, напоминая о ароматических пейзажах региона. По мере раскрытия аромата раскрывается богатое цветочное сердце с нотами шафрана, гвоздики, ириса, корицы, османтуса, розы, жасмина и ландыша, которые придают ему глубину и сложность. Основу композиции составляют ноты кожи, уда, пачули, ветивера, дубового мха, сандалового дерева, кедра, бальзамической пихты, амбры, мускуса и ванили, которые создают теплое и стойкое послевкусие, надолго остающееся на коже. Иберийская кожа - это больше, чем аромат; это обонятельный гобелен, который отражает суть иберийского духа, предлагая одновременно смелый и утонченный аромат. ОН идеально подходит для тех, кто ищет уникальный и элегантный аромат, выходящий за рамки обыденности.","Распылите на пульсирующие зоны, такие как запястья, шея, за ушами и внутренняя сторона локтя. Избегайте контакта с одеждой, чтобы сохранить качество аромата.",Франция,8
145,2026-10-01T08:30:33.502953,20261001_080712_1756e2c0,19000440471,parfjumerija/nishevaja-parfjumerija,Stereotype,FLOW,Парфюмерная вода,2430.0,2430.0,0.0,1,4.7,https://goldapple.ru/19000440471-stereotype-flow/,https://goldapple.ru/parfjumerija/nishevaja-parfjumerija?p=8,"FLOW. Вдохни. Почувствуй. Плыви. Всё началось с хаоса. Мир был необузданным, формы резкими, а пространство — плотным и непроходимым. Пока не появился поток. Он обволакивал, сглаживал, растворял границы. Он протекал легко, естественно, уверенно. Всё началось с хаоса… Но теперь ты знаешь, куда стремится твой поток. Ты знаешь, что самое важное — не сопротивляться, а двигаться в ритме с миром. Ты принимаешь перемены, находя в них гармонию. Ты не бежишь сквозь преграды, а обходишь их, как поток, мягко прокладывая свой путь. FLOW - не про громкость, а про ощущение. Мускусный, пушистый, с едва уловимой звонкостью трав. Ощущение свежести, мягкости, комфорта, словно идеальное касание, невесомое, но оставляющее след. FLOW меняется вместе с вами, подстраиваясь под тепло вашей кожи, создавая ощущение чистоты, свободы и движения. FLOW, UNFRAME, SAĜO, BRACE — как и люди, ароматы первой коллекции STEREOTYPE похожи, но несравнимы. Они принадлежат одной «ароматной вселенной» — мускусной, древесной, амбровой, пряной — но звучат по-разному. Они говорят на одном языке, но разными голосами. И каждый находит среди них тот аромат, что звучит в унисон с его внутренним миром. Парфюмер: Lucas Sieuzac.",Не указано,Франция,8
146,2026-10-01T08:30:42.661712,20261001_080712_1756e2c0,26730700001,parfjumerija/nishevaja-parfjumerija,Byredo,Blanche,Парфюмерная вода,20295.0,20295.0,0.0,1,4.7,https://goldapple.ru/26730700001-blanche/,https://goldapple.ru/parfjumerija/nishevaja-parfjumerija?p=8,"Аромат посвящен возлюбленной. Символ чистоты и возвышенности. Blanche также передает  понимание Беном Горхемом классической красоты. Аромат чистоты – простой по структуре, но экстремальный по характеру. Композиция:  белая роза, розовый перец, альдегид, фиалка, нероли, пион, белое дерево, сандал, мускус.",Не указано,Испания,8
147,2026-10-01T08:30:52.116503,20261001_080712_1756e2c0,19000455284,parfjumerija/nishevaja-parfjumerija,Kilian Paris,Angels share on the rocks,Парфюмерная вода,31680.0,31680.0,0.0,1,4.9,https://goldapple.ru/19000455284-angels-share-on-the-rocks/,https://goldapple.ru/parfjumerija/nishevaja-parfjumerija?p=8,"Совершенный баланс ледяной свежести и соблазнительной насыщенности. Новый способ поддаться искушению. Вдохновлённый наследием Килиана Хеннесси, Angels’ Share on the Rocks заново переосмысливает изысканность аромата Angels’ Share. Эксклюзивный ледяной аккорд On the Rocks, отличительная визитная карточка Kilian Paris, превращает композицию в искрящийся коктейль из бергамота, грейпфрута и альдегидов, даря кристальную прохладу этому роскошному эликсиру. Ослепительная свежесть постепенно раскрывается тёплой глубиной коньячной эссенции, обогащённой смолой мирры и абсолютом бобов тонка, словно морозное сияние встречается с мягким янтарным очарованием. Мастерство Kilian Paris в каждой детали: флакон коллекции The Liquors предстает в ледяном облике, напоминая охлажденный коньячный бокал.","Нанесите аромат на запястья, шею и точки пульса на очищенную и увлажненную кожу, чтобы он раскрылся от тепла тела и остался с вами до самого вечера. Не растирайте.",Франция,8
148,2026-10-01T08:31:00.346763,20261001_080712_1756e2c0,19000007927,parfjumerija/nishevaja-parfjumerija,Roja Parfums,Scandal for her,Парфюмерная вода,30360.0,30360.0,0.0,1,3.0,https://goldapple.ru/19000007927-scandal-for-her/,https://goldapple.ru/parfjumerija/nishevaja-parfjumerija?p=8,"«Скандал кружит головы и раскрывает секреты. Нет больше барьеров и ограничений. Получите максимум удовольствия от бури эмоций. Scandal, никогда не ускользающий от всеобщего внимания, открывается цитрусовыми нотами лимона и бергамота, которые предвосхищают головокружительную триаду кремово-белых цветов. Сердце аромата соткано из пьянящих мотивов туберозы, гардении и жасмина, а едва уловимые ноты сандалового дерева, ириса и мускуса создают мягкую и чувственную основу, на которую падают манящие белые лепестки. Но будьте осторожны: едва почувствовав этот дерзкий букет, никто не устоит перед соблазном заговорить с вами», — Роже Дав.",Не указано,Сша,8
149,2026-10-01T08:31:09.214374,20261001_080712_1756e2c0,19760301713,parfjumerija/nishevaja-parfjumerija,Zielinski & Rozen,"Cedarwood, Neroli, Amber",Духи концентрированные,7990.0,7990.0,0.0,1,4.9,https://goldapple.ru/19760301713-cedarwood-sandalwood-amber-patchouli/,https://goldapple.ru/parfjumerija/nishevaja-parfjumerija?p=8,"Я хочу, чтобы парфюм трогал до глубины души, говорил о личности и отражал ее уникальность. Эрез Розен Замысловатая ольфакторная книга, сюжет которой раскрывается новыми гранями на каждом человеке. Необычные сочетания нот и оригинальное построение аккордов подчеркивают индивидуальность и раскрывают суть ярче любых слов. Все ароматы Zielinski&Rozen категории унисекс. Ароматы продукции Zielinski&Rozen изменили свое наименование без изменения состава.",Наносите парфюм по обе стороны плеч или распылите впереди себя и войдите в «облако» аромата.,Россия,8
150,2026-10-01T08:31:17.662918,20261001_080712_1756e2c0,19000148358,parfjumerija/nishevaja-parfjumerija,ESSENTIAL PARFUMS PARIS,ORANGE X SANTAL refillable,Парфюмерная вода,7819.0,7819.0,0.0,1,4.3,https://goldapple.ru/19000148358-orange-x-santal/,https://goldapple.ru/parfjumerija/nishevaja-parfjumerija?p=8,"Парфюмер – Natalie Gracia Cetto. «Я представила себе свежий и чувственный аромат, в котором искристые и сочные ноты горького апельсина из Италии играют с великолепным, нежным сандалом из Австралии». Orange X Santal – это светлый, радостный и чувственный аромат. Ноты горького апельсина и сандалового дерева, излучающие тепло и свет, переносят вас на побережье Италии. Сочная мякоть цитруса и лёгкая горечь его кожуры создают идеальную гармонию, которую дополняет зеленая нота базилика из Египта. Французский дубовый мох формирует шипровый аккорд, а кипарис из Франции и австралийский сандал закрепляют светлые верхние ноты. Создатели парфюмерной воды ESSENTIAL PARFUMS выбирают натуральные, экологически чистые материалы. Для производства Orange X Santal используется масло сандала, полученное в Западной Австралии. Это позволяет обеспечить постоянный доход для местных общин и стабильные поставки ценного ингредиента. Флакон парфюмерной воды подходит для многоразового использования, и его можно пополнять из рефила. В интернет-магазине представлен актуальный дизайн продукта. Обращаем внимание, возможно поступление товара в старом дизайне.","1. Снимите крышку с флакона, открутите и вытащите помпу. 2. Прикрутите рефил до конца. Пополнение прекращается автоматически. 3. Прикрутите помпу обратно на флакон и наденьте крышку",Франция,8
151,2026-10-01T08:31:26.731237,20261001_080712_1756e2c0,19760327536,parfjumerija/nishevaja-parfjumerija,VERSACE ATELIER,ATELIER VANILLE ROUGE,Парфюмерная вода,31407.0,31407.0,0.0,1,4.9,https://goldapple.ru/19760327536-atelier-vanille-rouge/,https://goldapple.ru/parfjumerija/nishevaja-parfjumerija?p=8,"В основе глубокого и насыщенного аромата VANILLE ROUGE – пленительная мадагаскарская ваниль с нежным оттенком пралине. Её волнующая сладость, окруженная пудровыми мускусными нотами, манит, пробуждает приятные воспоминания и возвращает в беззаботное и наполненное радостью детство. Неожиданный цветочный аккорд турецкой розы с растительной пряной нотой делает аромат ATELIER VERSACE привлекательным и соблазнительным. Парфюмер – Хорди Фернандез.",Не указано,Италия,8
152,2026-10-01T08:31:35.523587,20261001_080712_1756e2c0,19000201974,parfjumerija/nishevaja-parfjumerija,Kilian Paris,Smoking Hot,Парфюмерная вода,32580.0,32580.0,0.0,1,4.8,https://goldapple.ru/19000201974-smoking-hot/,https://goldapple.ru/parfjumerija/nishevaja-parfjumerija?p=8,"Источник вдохновения Килиана Хеннесси. Ночью есть только одно правило: быть Smoking Hot. Сладостный оттенок табака для кальяна и выдержанный коньяк вдохновили Килиана создать настоящий дерзкий аромат: Smoking Hot. Название имеет двоякий смысл: огонь и дым зажжённого табака, окутывающая чувственная аура - устоять невозможно. Это ощущается кожей, и от этого кружится голова. Нет никаких правил. Аромат открывается запретным плодом: яблочный табак для кальяна и масло корицы придают аромату пряный, теплый оттенок. Кентуккийский табак высшего качества, высушенный на огне, полученный из настоящих табачных листьев и с допустимым в парфюмерии содержанием никотина, идеально сочетается с оттенком дубового мха. Эссенция бурбонской ванили и орканокс: фирменное сочетание KILIAN PARIS, всегда напоминающее о коньячных погребах, благодаря которому древесная чувственность аромата сохраняется гораздо сильнее и дольше SMOKING HOT принадлежит к категории дымных ароматов KILIAN PARIS. Каждый пополняемый флакон KILIAN PARIS — это произведение искусства высочайшего качества, созданное с особым вниманием к деталям. Флаконы дымных ароматов покрыты черным лаком и украшены гравировкой с изображением щита Ахиллеса. Как говорит Килиан Хеннесси: «Аромат — это не только оружие соблазнения, но и ваша защита». Серебристая металлическая пластина, на которой вручную выгравировано название аромата, делает флакон еще более утонченным. Внимание к деталям является гарантией роскоши бренда KILIAN PARIS, а как известно, настоящая роскошь не эфемерна — она длится всю жизнь. Именно поэтому флакон этого неповторимого аромата предполагает многоразовое использование.","Нанесите аромат на запястья, шею и точки пульса, чтобы он раскрылся от тепла тела и остался с вами до самого вечера.",Франция,8
153,2026-10-01T08:31:44.444812,20261001_080712_1756e2c0,19000355258,parfjumerija/nishevaja-parfjumerija,Hormone Paris,This is Not Endorphin,Нет категории,22130.0,22130.0,0.0,1,4.8,https://goldapple.ru/19000355258-endorphin/,https://goldapple.ru/parfjumerija/nishevaja-parfjumerija?p=8,"Аромат посвящен ощущениям чистой радости и эйфории, которые может вызывать гормон эндорфин. Погрузиться в удовольствие помогают ноты сочной груши и элеми, приправленные ярким акцентом черного и розового перца. Воодушевляющее сочетание роскошного шафрана, чувственной серой амбры и нежной ноты маршмеллоу словно пробуждает позитивную энергию. Деликатная сладость ванили в сочетании с нотами жимолости, кедра и амброксана гармонично дополняет волнующий и вдохновляющий на свершения профиль парфюмерной композиции.","Нанесите 1–2 распыления аромата на запястья, шею и точки пульса. Не растирайте — это может изменить звучание композиции. Позвольте аромату раскрыться естественно.",Франция,8
154,2026-10-01T08:31:52.706551,20261001_080712_1756e2c0,19000139497,parfjumerija/nishevaja-parfjumerija,TALBOT RUNHOF,Purple Velvet,Нет категории,12750.0,12750.0,0.0,1,4.0,https://goldapple.ru/19000139497-purple-velvet/,https://goldapple.ru/parfjumerija/nishevaja-parfjumerija?p=8,"Тот самый миг, когда красная ковровая дорожка принадлежит тебе и только тебе; ты буквально купаешься в теплом свете обожающей тебя камеры, кружишься в светящемся платье; момент, когда ты создаешь идеальный образ, оставаясь при этом самой собой. К аромату подойдет наряд: чувственный и невозмутимый; мерцающий бархат, изысканно драпированный будто стильный комбинезон; акцент на оригинальные плечи, узкую талию и длинный ноги.","Распылить на тело, избегая попадания в глаза",Германия,8
155,2026-10-01T08:32:00.270589,20261001_080712_1756e2c0,19000522123,parfjumerija/nishevaja-parfjumerija,L'atelier parfum,VETIVER royal,парфюмерная вода,11343.0,11343.0,0.0,1,0.0,https://goldapple.ru/19000522123-l-atelier-parfum/,https://goldapple.ru/parfjumerija/nishevaja-parfjumerija?p=8,"Аромат L'ATELIER PARFUM — шепот силы, в котором кроется неотразимое очарование. Такие теплые искрящиеся специи, как кардамон, элеми и чили, подчеркивают яркие грани кедрового дерева, пачули, ветивера и сандала. Это сочетание окутывает композицию золотистым сиянием. Ладан добавляет нотку одухотворенности, чтобы сделать аромат по-королевски обаятельным. Парфюмер — Karine Vinchon.","Распылите на пульсирующие зоны: запястья, шею, за ушами и внутреннюю сторону локтя. Избегайте контакта с одеждой. Для повышения стойкости рекомендуем наносить на хорошо увлажненную кожу.",Франция,8
156,2026-10-01T08:32:09.448921,20261001_080712_1756e2c0,19000180353,parfjumerija/nishevaja-parfjumerija,Zielinski & Rozen,"Grapefruit, Patchouli, White Rose",Духи концентрированные,7990.0,7990.0,0.0,1,4.8,https://goldapple.ru/19000180353-grapefruit-patchouli-white-rose/,https://goldapple.ru/parfjumerija/nishevaja-parfjumerija?p=8,"Я хочу, чтобы парфюм трогал до глубины души, говорил о личности и отражал ее уникальность. Эрез Розен Замысловатая ольфакторная книга, сюжет которой раскрывается новыми гранями на каждом человеке. Необычные сочетания нот и оригинальное построение аккордов подчеркивают индивидуальность и раскрывают суть ярче любых слов. Все ароматы Zielinski&Rozen категории унисекс.",Наносите парфюм по обе стороны плеч или распылите впереди себя и войдите в «облако» аромата.,Россия,8
157,2026-10-01T08:32:20.163395,20261001_080712_1756e2c0,19000019545,parfjumerija/nishevaja-parfjumerija,Zielinski & Rozen,"Lavender, Vanilla, Amber, Musk",Духи концентрированные,2790.0,2790.0,0.0,1,4.8,https://goldapple.ru/19000019545-lavender-vanilla-amber-musk/,https://goldapple.ru/parfjumerija/nishevaja-parfjumerija?p=8,"Я хочу, чтобы парфюм трогал до глубины души, говорил о личности и отражал ее уникальность. Эрез Розен Замысловатая ольфакторная книга, сюжет которой раскрывается новыми гранями на каждом человеке. Необычные сочетания нот и оригинальное построение аккордов подчеркивают индивидуальность и раскрывают суть ярче любых слов. Все ароматы Zielinski&Rozen категории унисекс.",Наносите парфюм по обе стороны плеч или распылите впереди себя и войдите в «облако» аромата.,Россия,8
158,2026-10-01T08:32:28.607296,20261001_080712_1756e2c0,19000238637,parfjumerija/nishevaja-parfjumerija,Comptoir Sud Pacifique,Кристалл Мускуса,Парфюмированная вода,15580.0,15580.0,0.0,1,4.0,https://goldapple.ru/19000238637-kristall-muskusa/,https://goldapple.ru/parfjumerija/nishevaja-parfjumerija?p=8,"В парфюмерии именно сырье и его нежные ноты пробуждают чувства и дарят каждому утонченному обонянию искусство путешествовать… Парфюмерная вода Musc Crystal - это нежная и мечтательная интерпретация белого мускуса, пересмотренная и усиленная нежной чистотой и интенсивной глубиной. Белый мускус сублимирован букетом белых цветов и листьев фиалки. Подобно сладкому сну, он приглашает Вас сбежать и вызвать в воображении полупрозрачный мир, где все - чистота, интенсивность и нежность. Завершают композицию белый мускус и жасмин, дополненные нежным пудровым мускусом. Базовые ноты аромата - бобы Тонка и кашмеран - придают композиции теплый оттенок.",Только для наружного применения.,Франция,8
159,2026-10-01T08:32:37.947965,20261001_080712_1756e2c0,19760310034,parfjumerija/nishevaja-parfjumerija,State Of Mind,Secret of Success,Парфюмерная вода,7358.0,7358.0,0.0,1,4.7,https://goldapple.ru/19760310034-secret-of-success/,https://goldapple.ru/parfjumerija/nishevaja-parfjumerija?p=8,"Фруктовый аромат Secret of Success воплощает дух личных достижений, успех и достоинство. Он играет одновременно на тёплых нотах корицы и кардамона и на холодной, свежей ноте грейпфрута. Secret of Success дерзко противопоставляет чувственность иланг-иланга и мужественность розмарина и уда, но при этом остаётся гармоничным. Смелый аромат способен привлечь в жизнь удачу, ведь судьба благоволит храбрым. Верхние ноты: чай сенча, грейпфрут, корица Ноты сердца: иланг-иланг, розмарин Базовые ноты: уд, ваниль, кардамон",Не указано,Франция,8
160,2026-10-01T08:32:46.811630,20261001_080712_1756e2c0,83290100015,parfjumerija/nishevaja-parfjumerija,CHOPARD,Oud Malaki,Парфюмерная вода,12476.0,12476.0,0.0,1,4.8,https://goldapple.ru/83290100015-oud-malaki/,https://goldapple.ru/parfjumerija/nishevaja-parfjumerija?p=8,"Содержащий богатые оттенки кожи, амбры и дыма, уд является драгоценным ингредиентом, который привлекал людей на протяжении тысячелетий. Аромат Oud Malaki от Chopard – это непревзойденное сочетание Востока и Запада. Этот соблазнительный, янтарного цвета аромат открывается яркими верхними нотами, за которыми следует взрыв грейпфрута, лаванды и травяной полыни. Завершают аромат аккорды табака и пряностей, придающие чувственные оттенки, переносящие в арабскую ночь.",Только для наружного применения.,Италия,8
161,2026-10-01T08:33:12.603721,20261001_080712_1756e2c0,19000522108,parfjumerija/nishevaja-parfjumerija,L'atelier parfum,RED HOT VANILLA,парфюмерная вода,11343.0,11343.0,0.0,1,5.0,https://goldapple.ru/19000522108-l-atelier-parfum/,https://goldapple.ru/parfjumerija/nishevaja-parfjumerija?p=9,"Аромат L'ATELIER PARFUM — страсть и дерзость, которая разжигает удовольствие вплоть до запретного. Это момент, когда наслаждение становится непреодолимым, а кожа загорается без предупреждения. Композиция строится вокруг главной ноты ванили, которая не остается робкой, а зажигает, бросает вызов и заигрывает с запретным. Ваниль становится ещё более провокационной благодаря сочетанию амбры и шафрана, вызывая трепет. Каждая нота отражает жгучее желание: дерзкий смех в ночи, дрожь соблазна, перед которым невозможно устоять, и дыхание огня на коже. Парфюмер — Rémi Bernier.","Распылите на пульсирующие зоны: запястья, шею, за ушами и внутреннюю сторону локтя. Избегайте контакта с одеждой. Для повышения стойкости рекомендуем наносить на хорошо увлажненную кожу.",Франция,9
162,2026-10-01T08:33:20.752753,20261001_080712_1756e2c0,19000382664,parfjumerija/nishevaja-parfjumerija,BornToStandOut,FILTHY MUSK,Парфюмерная вода,26505.0,26505.0,0.0,1,4.8,https://goldapple.ru/19000382664-filthy-musk/,https://goldapple.ru/parfjumerija/nishevaja-parfjumerija?p=9,"Забудьте о чистоте, вежливости и невинности. Этот мускус, не приглаженный, грубый и необузданный. Это телесный аромат жаркой ночи. Мускус, который остается на простынях еще долго после того, как влюбленные расстались.","Распыляйте с расстояния 20-25 см. Не наносите на одежду, не используйте при нахождении на солнце.",Республика корея,9
163,2026-10-01T08:33:30.124099,20261001_080712_1756e2c0,26140100008,parfjumerija/nishevaja-parfjumerija,FRANCK BOCLET,TOBACCO,Нет категории,12720.0,12720.0,0.0,1,4.7,https://goldapple.ru/26140100008-tobacco/,https://goldapple.ru/parfjumerija/nishevaja-parfjumerija?p=9,"Tоbacco Franck Boclet - притягательный аромат для нее и для него. Семейство древесный, гурманский и восточный. Верхние ноты: имбирь, табак, слива. Ноты сердца: гвоздика, бобы тонка, кедр.",Не указано,Франция,9
164,2026-10-01T08:33:38.955318,20261001_080712_1756e2c0,83290100014,parfjumerija/nishevaja-parfjumerija,CHOPARD,Miel D'arabie,Нет категории,22152.0,22152.0,0.0,1,4.8,https://goldapple.ru/83290100014-miel-d-arabie/,https://goldapple.ru/parfjumerija/nishevaja-parfjumerija?p=9,"Глубокий и таинственный восточный аромат подойдет и для мужчин, и для женщин. В нем гармонично сочетаются свежие и пряные ноты. Композиция открывается теплым медовым аккордом, сбалансированным ярким аккордом специй. В сердце звучит сочный акцент плодов граната, переходящий в чувственный изысканный шлейф. В нем слышны оттенки пачули и ладана, дополненные изысканным древесным отзвуком кипариса.",Только для наружного применения.,Италия,9
165,2026-10-01T08:33:48.061182,20261001_080712_1756e2c0,19000125949,parfjumerija/nishevaja-parfjumerija,State Of Mind,Modern Nomad,Парфюмерная вода,4320.0,4320.0,0.0,1,4.2,https://goldapple.ru/19000125949-modern-nomad/,https://goldapple.ru/parfjumerija/nishevaja-parfjumerija?p=9,"Древесно-кожаный аромат Modern Nomad воскрешает воспоминания о беззаботных и приятных путешествиях. Гармония дымных нот японского жареного чая ходжича и амбры, тонкое сочетание пачули и уда, чувственность кожи и ванили – аромат раскрывается, заставляя забыть о времени. Modern Nomad станет идеальным спутником для путешествия по жизни. Кожаная куртка, кашемировый шарф и необычный чарующий шлейф – таким может быть современный кочевник, всегда готовый к увлекательным переменам.",Только для наружного применения.,Франция,9
166,2026-10-01T08:33:57.541891,20261001_080712_1756e2c0,19000324116,parfjumerija/nishevaja-parfjumerija,Jo Malone London,Wood Sage & Sea Salt,Гель-скраб для душа,5250.0,5250.0,0.0,1,5.0,https://goldapple.ru/19000324116-wood-sage-sea-salt/,https://goldapple.ru/parfjumerija/nishevaja-parfjumerija?p=9,"Гель-скраб для душа с обволакивающим ароматом Wood Sage & Sea Salt бережно очищает и подготавливает кожу к последующему уходу, оставляя на ней деликатный шлейф. Чувственная свежесть спелой груши в букете белых фрезий, украшенная амброй, пачули и древесным оттенком. Формула, обогащенная маслом жожоба, касторового семени и мелкодисперсным порошком стебля бамбука смягчает и полирует кожу. Философия сочетания ароматов: Все ароматы и текстуры Jo Malone London можно использовать самостоятельно и в сочетании с другими, создавая уникальные композиции. Чтобы придать аромату свежих акцентов и создать более яркий образ сочетайте Wood Sage & Sea Salt с сочным ароматом ягод ежевики - Blackberry & Bay. Чтобы придать аромату теплых оттенков и создать более чувственный образ сочетайте Wood Sage & Sea Salt с дурманящим ароматом африканской мирры - Myrrh & Tonka.",Нанесите небольшое количество средства массирующими движениями на влажную кожу и тщательно смойте водой. Подходит для ежедневного использования.,Великобритания,9
167,2026-10-01T08:34:06.605135,20261001_080712_1756e2c0,19000334588,parfjumerija/nishevaja-parfjumerija,L'atelier parfum,BERRY SHIVER,Парфюмерная вода,3403.0,3403.0,0.0,1,4.3,https://goldapple.ru/19000334588-berry-shiver/,https://goldapple.ru/parfjumerija/nishevaja-parfjumerija?p=9,"Главный аккорд, вокруг которого строится аромат L'ATELIER PARFUM — мускус, помогающий исследовать бесконечный мир чувственности. Композиция, словно взрыв радости, раскрывает вашу игривую и яркую сторону, погружает в мягкость нежных цветов и уют шелковистого мускуса. Хрустящие лесные ягоды оттеняют ноты розы и жасмина. Парфюмер – Karine Vinchon.","Распылите на пульсирующие зоны, такие как запястья, шея, за ушами и внутренняя сторона локтя. Избегайте контакта с одеждой, чтобы сохранить качество аромата.",Франция,9
168,2026-10-01T08:34:14.606638,20261001_080712_1756e2c0,19000399147,parfjumerija/nishevaja-parfjumerija,MAISON NOIR,SOMNIA,Парфюмерная вода,18905.0,18905.0,0.0,1,0.0,https://goldapple.ru/19000399147-somnia-517/,https://goldapple.ru/parfjumerija/nishevaja-parfjumerija?p=9,"Вы едины с нашей планетой и питаетесь ее энергией, черпая вдохновение из ее природной красоты. Ваши корни глубоко прорастают в землю и насыщают вас для осуществления самых смелых желаний.
Теплый, таинственный и роскошный, Somnia вызывает в памяти богатство ванили. 
Его глубокий и интенсивный шлейф с акцентами черной амбры и кашемирового дерева контрастирует с солнечной цветочной нотой плюмерии, которая придает этому аромату тон загадочности и оригинальности.","Распыляйте с расстояния 20-25 см. Не наносите на одежду, не используйте при нахождении на солнце.",Франция,9
169,2026-10-01T08:34:26.070746,20261001_080712_1756e2c0,19760314552,parfjumerija/nishevaja-parfjumerija,Maison Francis Kurkdjian,l'Homme À la rose,Парфюмерная вода,26500.0,26500.0,0.0,1,4.9,https://goldapple.ru/19760314552-l-homme-a-la-rose/,https://goldapple.ru/parfjumerija/nishevaja-parfjumerija?p=9,"L'Homme À la rose переводится как «роза для мужчин», представляя этот уникальный (и неповторимый) аромат розы, созданный Франсисом Кюркджяном с целью дать мужчинам возможность узнать по-новому аромат розы. Этот современный аромат открывается нотами грейпфрута,амбрового дерева и розы Сентифолии, которые вместе превращаются в яркий аромат - тот, который определяет современную мужественность.","Нанести аромат на запястья, шею и точки пульса.",Франция,9
170,2026-10-01T08:34:34.518874,20261001_080712_1756e2c0,19000522111,parfjumerija/nishevaja-parfjumerija,L'atelier parfum,SAKURA KISS,парфюмерная вода,11343.0,11343.0,0.0,1,0.0,https://goldapple.ru/19000522111-l-atelier-parfum/,https://goldapple.ru/parfjumerija/nishevaja-parfjumerija?p=9,"Аромат L'ATELIER PARFUM — сияние тысячи поцелуев из лепестков, вихрь нежного и воздушного цветения. Тот самый незабываемый момент, когда город превращается в сад, а каждый вздох ощущается как прилив весны. Цветочные лепестки кружатся в воздухе, касаясь кожи, в самом сердце Токио. Над крышами домов распускаются сакуры, их розовые лепестки развеваются на городском ветру. Нота яркой вишни пробуждает чувства, а нежный мускус окутывает каждое дуновение шлейфа своей притягательной мягкостью. Парфюмер — Serge De Oliveira.","Распылите на пульсирующие зоны: запястья, шею, за ушами и внутреннюю сторону локтя. Избегайте контакта с одеждой. Для повышения стойкости рекомендуем наносить на хорошо увлажненную кожу.",Франция,9
171,2026-10-01T08:34:43.776327,20261001_080712_1756e2c0,83430100019,parfjumerija/nishevaja-parfjumerija,Vilhelm Parfumerie,Mango skin,Парфюмерная вода,20625.0,20625.0,0.0,1,4.7,https://goldapple.ru/83430100019-mango-skin/,https://goldapple.ru/parfjumerija/nishevaja-parfjumerija?p=9,"Эта композиция – средоточие удовольствий! Во вкусе манго для меня есть все: флирт, любовь, игра, солнце, радость и, главное, ощущение бесконечного счастья. Я задумал создать аромат, который стал бы источником удовольствия для каждого, кто нанесет его на кожу или просто от кого-нибудь услышит.",Не указано,Франция,9
172,2026-10-01T08:34:52.528455,20261001_080712_1756e2c0,19000257641,parfjumerija/nishevaja-parfjumerija,Nobile 1942,La danza delle libellule,Парфюмерная вода,14191.0,14191.0,0.0,1,4.7,https://goldapple.ru/19000257641-la-danza-delle-libellule/,https://goldapple.ru/parfjumerija/nishevaja-parfjumerija?p=9,"Парфюмерная вода LA DANZA DELLE LIBELLULE, созданная по принципам ароматерапии для расслабления в самые трудные дни, дарит улыбку и ощущение беззаботности. Название аромата NOBILE 1942 вдохновлено «Танцем стрекоз», итальянской опереттой Франца Легара. Композиция, построенная вокруг жизнерадостных нот красного яблока, корицы и ванили, привносит всю легкость, необходимую для успокоения даже самых беспокойных сердец.",Распылять на кожу с расстояния 20-30 см.,Италия,9
173,2026-10-01T08:35:01.409958,20261001_080712_1756e2c0,19760305901,parfjumerija/nishevaja-parfjumerija,Vilhelm Parfumerie,POETS OF BERLIN,Нет категории,14437.0,14437.0,0.0,1,4.8,https://goldapple.ru/19760305901-poets-of-berlin/,https://goldapple.ru/parfjumerija/nishevaja-parfjumerija?p=9,"Poets Of Berlin вдохновлен поэзией Дэвида Боуи и посвящен самому плодотворному периоду его творчества , который пришелся на годы его жизни в Берлине. Именно здесь Дэвид создал новую гармонию музыкального искусства. Его дни проходили в тихих, увитых плющом кафе, а ночи в утопающих в табачном дыму барах, среди гениальных и безумных поэтов и музыкантов.",Не указано,Франция,9
174,2026-10-01T08:35:10.206266,20261001_080712_1756e2c0,19000120795,parfjumerija/nishevaja-parfjumerija,J.F. Schwarzlose Berlin,ALTRUIST,Нет категории,4275.0,4275.0,0.0,1,0.0,https://goldapple.ru/19000120795-altruist/,https://goldapple.ru/parfjumerija/nishevaja-parfjumerija?p=9,"Аромат ""Altruist"" был создан совместно с немецким художником Paul DeFlorian. Его работа ""My Mobile is on Vibrate But He Never Calls Me Back"" вдохновила парфюмера на создание аромата, который точно передает цвета и настроение картины. Изначально ""Altruist"" вышел лимитированной партией, но после массы восторженных отзывов J.F. Schwarzlose добавили его в основную парфюмерную линию.
Чистый древесный аромат со специями и яркими нотами цитруса и сочного имбиря напоминает освежающий лимонад в жаркий летний день.",по мере необходимости,Германия,9
175,2026-10-01T08:35:19.873283,20261001_080712_1756e2c0,19000186473,parfjumerija/nishevaja-parfjumerija,L'atelier parfum,Green crush,Парфюмерная вода,3403.0,3403.0,0.0,1,4.4,https://goldapple.ru/19000186473-green-crush/,https://goldapple.ru/parfjumerija/nishevaja-parfjumerija?p=9,"Насыщенный зеленый аромат L’ATELIER PARFUM заряжает энергией и заставляет желать большего. Яркая смесь измельченных листьев и трав, дополненная благородным звучанием кедра и обволакивающей нежностью мускуса, окутывает бодрящей свежестью. Натуральная композиция передает природный, интенсивный аромат листвы, растертой в ладонях, а искрящаяся нота цитрона усиливает свежее звучание мяты, базилика и вербены. Парфюмер – Sidonie Lancesseur.",Только для наружного применения.,Франция,9
176,2026-10-01T08:35:28.246216,20261001_080712_1756e2c0,19000327871,parfjumerija/nishevaja-parfjumerija,FRANCK BOCLET,Madness,Парфюмерный экстракт,19125.0,19125.0,0.0,1,4.8,https://goldapple.ru/19000327871-madness/,https://goldapple.ru/parfjumerija/nishevaja-parfjumerija?p=9,"Совершенно сумасшедший, восточный аромат, вдохновленный знаменитой английской поп-группой Madness конца 70-х. Мадлен де Пруст для Франка, который в молодости бешено танцевал танец СКА под музыку «На шаг позади». Аромат Madness одновременно гурманский и сильный. Он подчеркивает ноту уда, смягченную нотами кокоса, кокосового молока и ванили. Базовая нота древесная и восточная, с нотами пачули, сандала и амбры. Madness — опьяняющий, завораживающий и тонкий, раскрывающий совершенно захватывающий шлейф.","Наносить на неповрежденные участки кожи, волос и одежду.",Франция,9
177,2026-10-01T08:35:36.879643,20261001_080712_1756e2c0,19000283182,parfjumerija/nishevaja-parfjumerija,ESSENTIAL PARFUMS PARIS,Rose magnetic,Парфюмированный крем для рук,2160.0,2160.0,0.0,1,4.6,https://goldapple.ru/19000283182-rose-magnetic/,https://goldapple.ru/parfjumerija/nishevaja-parfjumerija?p=9,Увлажняющий крем для рук в алюминиевой упаковке оставляет на коже аромат ROSE MAGNETIC by Sophie Labbé. Содержит не менее 97% ингредиентов натурального происхождения.,Нанесите крем на кожу рук аккуратными массирующими движениями.,Франция,9
178,2026-10-01T08:35:44.571099,20261001_080712_1756e2c0,19000298139,parfjumerija/nishevaja-parfjumerija,Birkholz,Royal Amber,Парфюмерная вода,25319.0,25319.0,0.0,1,4.9,https://goldapple.ru/19000298139-royal-amber/,https://goldapple.ru/parfjumerija/nishevaja-parfjumerija?p=9,"Захватывающая, элегантная парфюмерная вода BIRKHOLZ — величественное творение, которое словно сияет посреди склонов английского высокогорья, кажущихся бесконечными. Аромат дарит яркие, практически королевские ольфакторные ощущения благодаря сливочным нотам абрикоса, имбиря и розы. Элегантные аккорды пралине, сандалового дерева и пачули завершают эту классическую, вневременную композицию.",Только для наружного применения.,Германия,9
179,2026-10-01T08:35:53.245991,20261001_080712_1756e2c0,19000380094,parfjumerija/nishevaja-parfjumerija,Ormonde Jayne,Tolu,Духи,29733.0,29733.0,0.0,1,0.0,https://goldapple.ru/19000380094-tolu/,https://goldapple.ru/parfjumerija/nishevaja-parfjumerija?p=9,"Толуанский бальзам - перуанское смолистое дерево. Аромат – сокровище, роскошное бархатное звучание чистой смолы ""тулуанского бальзама"" отправит вас в чувственное путешествие по Востоку. В сердце аромата - кружево золотого ладана и амбры в пьянящей огранке цветов апельсина и шалфея, а интенсивные цитрусовые ноты объединяют в гармонию роскошную композицию.","Духи следует наносить в небольшом количестве, близко к коже (1-2 см), на тепловые точки: под коленями, область живота, запястья, сгибы локтей, район солнечного сплетения, точки за ушами, основание шеи со стороны спины, затылок. Как правило на одну точку достаточно несколько капель. Растирать духи не рекомендуется, так как это может нарушить правильный процесс раскрытия композиции. Для повышения стойкости рекомендуем наносить на хорошо увлажненную кожу, комбинируя с кремом, молочком или маслом для тела.",Великобритания,9
180,2026-10-01T08:36:00.557450,20261001_080712_1756e2c0,19000125257,parfjumerija/nishevaja-parfjumerija,Marc-Antoine Barrois,Ganymede,Парфюмерная вода,22325.0,22325.0,0.0,1,4.7,https://goldapple.ru/19000125257-ganymede/,https://goldapple.ru/parfjumerija/nishevaja-parfjumerija?p=9,"Аромат онейрической реальности. Для нового опуса не изменился ни дуэт, ни творческий осмос между Марком-Антуаном Барруа и Квентином Бишем, но пункт назначения находится в другом месте. Создавая элегантную и неожиданную гармонию вокруг квартета из мандарина, фиалки, бессмертника и замши, два коллеги-художника мечтали о новой планете: Ганимед, скалистый спутник Юпитера, открытый в 1610 году Галилеем, сияет и покрыт солеными океанами. Свое название он получил из греческой мифологии: юноша Ганимед был похищен богами, которые были настолько очарованы его красотой, что даровали ему бессмертие. Созданный парфюмером Квентином Бишем, в Ganymede снова используются замшево-кожаные ноты, которые сделали B683 прекрасной классикой. Однако на этот раз художники освободились от традиционных кодов, чтобы увести нас куда-то еще, к блестящей и плавной элегантности. Кожаные ноты становятся мягче, приобретая легкость и нежность при соприкосновении с ароматом фиалки. Запах мандарина приносит живость и кислую сущность, придавая аромату структуру. Противостоя ему, бессмертник является его контрапунктом и поднимает ароматическую гармонию своим двойственным ароматом, то минеральным, то соленым. Вся композиция играет контрастами и противопоставлениями.",Не указано,Франция,9
181,2026-10-01T08:36:25.405435,20261001_080712_1756e2c0,26830100002,parfjumerija/nishevaja-parfjumerija,Mark Buxton,Black Angel,Духи,13437.0,13437.0,0.0,1,4.5,https://goldapple.ru/26830100002-black-angel/,https://goldapple.ru/parfjumerija/nishevaja-parfjumerija?p=10,"Неожиданная встреча в ночном клубе Нью-Йорка. Женщина, одетая в чёрное платье, но излучающая свет, словно ангел… Аромат Black Angel воплощает её грацию и безупречную красоту. Это гармония противоположностей: легкие и женственные ноты имбиря и жасмина контрастируют с тёмной чувственностью стиракса и амбры. База аромата – стиракс, амбра и пачули. Композицию открывают искрящиеся ноты имбиря и мандарина, а в сердце аромата проявляется женственность жасмина и корня ириса. Её подчеркивает пряный имбирный оттенок, который делает аромат более загадочным. Верхние ноты: мандарин, имбирь Ноты сердца: жасмин, корень ириса Базовые ноты: стиракс, пачули, амбра",Не указано,Франция,10
182,2026-10-01T08:36:34.768315,20261001_080712_1756e2c0,19000167823,parfjumerija/nishevaja-parfjumerija,Givenchy,IRRESISTIBLE,Дымка для волос,6710.0,6710.0,0.0,1,4.9,https://goldapple.ru/19000167823-irresistible/,https://goldapple.ru/parfjumerija/nishevaja-parfjumerija?p=10,"Парфюмированная спрей-дымка для волос Irresistible усиливает шлейф любимого аромата Irresistible от Givenchy. Композиция представляет собой красочный дуэт роскошной розы и светлого дерева. В начале аромат раскрывается фруктовыми сочными гранями, подчеркнутыми нотами груши, амбретты и пудровым ирисом. Это великолепное цветочно-фруктовое сочетание объединяется с едва уловимой нотой мускуса и аккордами янтарного дерева. Эта комплементарная версия аромата делает волосы мягкими и блестящими, продлевая их сияние. В линию Irresistible также входят парфюмированное масло для душа и увлажняющее молочко для тела.",Распылить на волосы небольшое количество средства с расстояния 20-30 см.,Франция,10
183,2026-10-01T08:36:44.276715,20261001_080712_1756e2c0,19000314068,parfjumerija/nishevaja-parfjumerija,12 Parfumeurs Francais,Марли-Ле-Руа,Нет категории,26400.0,26400.0,0.0,1,5.0,https://goldapple.ru/19000314068-marli-le-rua/,https://goldapple.ru/parfjumerija/nishevaja-parfjumerija?p=10,"Великолепный Марли-ле-Руа — небольшой королевский городок в регионе Иль-де-Франс. Сказочный район славится своим легендарным парком, прогулочным музеем, а также макетом замка, где жила королевская семья Людовика XIV. Прогуливаясь по тропинкам Марли-ле-Руа, легко окунуться в историю — живо разыгрывается ваше воображение, вдохновленное изумрудными прудами, извилистыми тропинками парка, величественными статуями и копиями знаменитых лошадей Марли. Сегодня город с богатым культурным наследием полон жизни, бурлит культурными событиями, привлекает единомышленников своей сильной энергетикой. Именно таким и стал одноименный парфюм – живым и энергетически сильным. Аромат раскрывается свежестью морского бриза, сладостью ванили и мускуса. В центре ноты арабского жасмина, иланг-иланга, мандарина и зеленого чая. Обилие редких растений королевского парка чувствуется в балансе аккордов бергамота, кардамона и лимона. Этот аромат полон жизни и горит искрами самых сильных эмоций!","Наносить на неповрежденные участки кожи, волос и одежду.",Франция,10
184,2026-10-01T08:36:52.555293,20261001_080712_1756e2c0,19000125951,parfjumerija/nishevaja-parfjumerija,State Of Mind,Sense of Humor,Нет категории,3701.0,3701.0,0.0,1,4.5,https://goldapple.ru/19000125951-sense-of-humor/,https://goldapple.ru/parfjumerija/nishevaja-parfjumerija?p=10,"Мобильная версия спрея создана, чтобы любимый аромат всегда был под рукой! Зеленый цитрусовый аромат – это эйфорическое сочетание яркости и экзотики. Игривое и весёлое зелье открывается неожиданными нотами мате и чая дарджилинг в сочетании с листьями чёрной смородины и кинзы. Аромат переходит в свежую гармонию солнечного цитрона, мандарина и персика, дополненную тёплыми нотами кедра и мускуса.",Только для наружного применения.,Франция,10
185,2026-10-01T08:37:03.453737,20261001_080712_1756e2c0,19000120857,parfjumerija/nishevaja-parfjumerija,Byredo,Eyes Closed,Парфюмерная вода,20295.0,20295.0,0.0,1,4.9,https://goldapple.ru/19000120857-eyes-closed/,https://goldapple.ru/parfjumerija/nishevaja-parfjumerija?p=10,"Eyes Closed: Любовь есть любовь, и ей неведомы границы. Глаза закрываются, когда соприкасаются губы. Что происходит тогда? Мы «отключаем» один из органов чувств, чтобы другой воспринимал острее. Воображение отправляется в полет, и все ощущения становятся ярче, словно появляется новый способ видеть. Любовь есть любовь, и ей неведомы границы. Словно влюбленные, сплетаются в объятиях пачули и папирус, имбирь и масло фиалкового корня. Засахаренные специи, корица и кардамон с их теплотой, нежностью и мягкостью воплощают вкус идеального поцелуя. Ароматный опыт, объединяющий чувства. Невидимый и незабываемый. Он может преодолеть любое расстояние и вновь вернуть ощущение единения душ, почти физическое удовольствие от объятий. Это настоящее волшебство, пронзающее время и пространство.","Парфюмерную воду следует наносить с расстояния 10-15 см. на тепловые точки: под коленями, область живота, запястья, сгибы локтей, район солнечного сплетения, точки за ушами, основание шеи со стороны спины, затылок. Как правило на одну точку достаточно один раз нажать на спрей. Растирать парфюмерную воду не рекомендуется, так как это может нарушить правильный процесс раскрытия композиции. Для повышения стойкости рекомендуем наносить на хорошо увлажненную кожу, комбинируя с кремом, молочком или маслом для тела.",Франция,10
186,2026-10-01T08:37:12.722869,20261001_080712_1756e2c0,19000130591,parfjumerija/nishevaja-parfjumerija,Flame moscow,Marie,Соль для ванны,370.0,370.0,0.0,1,4.9,https://goldapple.ru/19000130591-marie/,https://goldapple.ru/parfjumerija/nishevaja-parfjumerija?p=10,"Земляные и бальзамические ноты сосны, лесной хвои и мускуса балансируют с яркими лимонными и мятными акцентами. Сандал и кедр добавляют теплоты и близости. Этот аромат напоминает старого хорошего друга: он утонченный, но по-семейному близкий. Верхние ноты: Сосновая хвоя, мята Средние ноты: Кипарис, лимон Базовые ноты: Мох, мускус, сандаловое дерево, кедр Морская соль Северного и Средиземного морей пропитана ароматическими маслами. Смесь способствует ароматерапии, а также общему расслаблению и восстановлению, поддержанию тонуса и уменьшению напряжения в мышцах.","Наполните не менее половины ванной, рас- творите содержимое в горячей воде и дайте настояться 5 минут, затем разбавьте воду до комфортной температуры при необходимости. Пакетика хватает на 1-2 применения. Будьте осторожны! После использования поверхность ванны может быть чуть более скользкой, чем обычно.",Россия,10
187,2026-10-01T08:37:20.728654,20261001_080712_1756e2c0,19000180345,parfjumerija/nishevaja-parfjumerija,Zielinski & Rozen,"Grapefruit, Basil, Petitgrain",Духи концентрированные,2790.0,2790.0,0.0,1,4.7,https://goldapple.ru/19000180345-grapefruit-basil-petitgrain/,https://goldapple.ru/parfjumerija/nishevaja-parfjumerija?p=10,"Я хочу, чтобы парфюм трогал до глубины души, говорил о личности и отражал ее уникальность. Эрез Розен Замысловатая ольфакторная книга, сюжет которой раскрывается новыми гранями на каждом человеке. Необычные сочетания нот и оригинальное построение аккордов подчеркивают индивидуальность и раскрывают суть ярче любых слов. Все ароматы Zielinski&Rozen категории унисекс.",Наносите парфюм по обе стороны плеч или распылите впереди себя и войдите в «облако» аромата.,Россия,10
188,2026-10-01T08:37:29.164938,20261001_080712_1756e2c0,36050300011,parfjumerija/nishevaja-parfjumerija,CASAMORATI,Mefisto Gentiluomo,Парфюмерная вода,28611.0,28611.0,0.0,1,0.0,https://goldapple.ru/36050300011-mefisto-gentiluomo/,https://goldapple.ru/parfjumerija/nishevaja-parfjumerija?p=10,"Безупречная мужская композиция от Casamorati – воплощение идеального стиля. Встреча калабрийского лимона грейпфрута и бергамота продолжается знакомством с мужественным сердцем и многогранным финишем из нот сандала, кедра, амбры и мускуса.",Не указано,Италия,10
189,2026-10-01T08:37:40.253613,20261001_080712_1756e2c0,19000200198,parfjumerija/nishevaja-parfjumerija,Neydo,Wood haze 01.11,Парфюмерная вода,4445.0,4445.0,0.0,1,4.6,https://goldapple.ru/19000200198-wood-haze-01-11/,https://goldapple.ru/parfjumerija/nishevaja-parfjumerija?p=10,"Сон Селин перенесет вас в мастерскую, где пахнет мореным деревом и старыми книгами. Ноты шафрана и мяты будоражат романтические воспоминания и наполняют теплом и творческой энергией. Аромат-вдохновение, благодаря которому так легко влюбиться или… создать шедевр! Celine, 01.11 Я стою на балконе и в задумчивости что-то вырезаю. Это как бездумно рисовать в блокноте, болтая по телефону, только вожу я не ручкой по бумаге, а ножом по дереву. Профессиональное. В доме напротив на точно таком же балконе мужчина поглощен чтением. Он не обращает на меня никакого внимания, поэтому я могу спокойно его рассмотреть. Черты его лица, наклон головы, движение рук кажутся мне знакомыми. Когда он переворачивает очередную страницу, я слышу шелест бумаги и чувствую запах старой книги. В балконном проеме появляется босоногая женщина, ветер играет ее длинными волосами, а воздух наполняется ароматом янтаря, нагретого солнцем. Женщина протягивает мужчине чашку и нежно его целует. Когда он делает глоток, я ощущаю на губах вкус шафрана и мяты. Кинолентой мелькают страницы из дневника памяти. Я вспомнила! Мы познакомились лет пять назад на улице, где он продавал свои стихи, отпечатанные на пишущей машинке. Помню наш первый поцелуй, как убегали от дождя на Бали и как, встав на одно колено, он преподнес мне шкатулку сандалового дерева… Вдруг я оказываюсь за его спиной. Опускаю взгляд и вижу свои босые ноги. В моих руках его портрет, вырезанный на дереве. Страна происхождения товара может отличаться (Республика Корея/Франция).","Распылите на пульсирующие зоны: запястья, шею, за ушами и внутреннюю сторону локтя. Избегайте контакта с одеждой. Для повышения стойкости рекомендуем наносить на хорошо увлажненную кожу.",Франция,10
190,2026-10-01T08:37:48.499809,20261001_080712_1756e2c0,19000522109,parfjumerija/nishevaja-parfjumerija,L'atelier parfum,RED HOT VANILLA,парфюмерная вода,3403.0,3403.0,0.0,1,5.0,https://goldapple.ru/19000522109-l-atelier-parfum/,https://goldapple.ru/parfjumerija/nishevaja-parfjumerija?p=10,"Аромат L'ATELIER PARFUM — страсть и дерзость, которая разжигает удовольствие вплоть до запретного. Это момент, когда наслаждение становится непреодолимым, а кожа загорается без предупреждения. Композиция строится вокруг главной ноты ванили, которая не остается робкой, а зажигает, бросает вызов и заигрывает с запретным. Ваниль становится ещё более провокационной благодаря сочетанию амбры и шафрана, вызывая трепет. Каждая нота отражает жгучее желание: дерзкий смех в ночи, дрожь соблазна, перед которым невозможно устоять, и дыхание огня на коже. Парфюмер — Rémi Bernier.","Распылите на пульсирующие зоны: запястья, шею, за ушами и внутреннюю сторону локтя. Избегайте контакта с одеждой. Для повышения стойкости рекомендуем наносить на хорошо увлажненную кожу.",Франция,10
191,2026-10-01T08:37:57.048943,20261001_080712_1756e2c0,26142300002,parfjumerija/nishevaja-parfjumerija,FRANCK BOCLET,CASHMERE,Парфюмерная вода,12720.0,12720.0,0.0,1,4.6,https://goldapple.ru/26142300002-cashmere/,https://goldapple.ru/parfjumerija/nishevaja-parfjumerija?p=10,"Cashmere Franck Boclet - элегантный и обаятельный аромат для нее и для него.  Семейство : пряно-амбровый, древесный. Верхние ноты: грейпфрут, кубеба. Ноты сердца: гвоздика, корица, кожа.",Не указано,Франция,10
192,2026-10-01T08:38:05.913175,20261001_080712_1756e2c0,19000437007,parfjumerija/nishevaja-parfjumerija,MATIERE PREMIERE,Neroli Oranger,Лосьон для тела и рук,8505.0,8505.0,0.0,1,0.0,https://goldapple.ru/19000437007-neroli-oranger/,https://goldapple.ru/parfjumerija/nishevaja-parfjumerija?p=10,"Лосьон для рук и тела NEROLI ORANGER. Легко впитывающийся, этот лосьон для рук и тела оставляет кожу шелковисто-мягкой и благоухает свежими и чистыми нотами цветов апельсина Neroli Oranger от MATIERE PREMIERE.","Нанести небольшое количество лосьона на кожу, избегая попадания в глаза.",Франция,10
193,2026-10-01T08:38:16.307016,20261001_080712_1756e2c0,19000084089,parfjumerija/nishevaja-parfjumerija,Zielinski & Rozen,"oakmoss, amber",Нет категории,2590.0,2590.0,0.0,1,4.8,https://goldapple.ru/19000084089-oakmoss-amber/,https://goldapple.ru/parfjumerija/nishevaja-parfjumerija?p=10,"Уход, ароматерапия и признание в любви в одном флаконе. Бодрящий аромат способствует пробуждению, натуральные масла увлажняют кожу и питают, а мягкая пена позволяет по-настоящему насладиться редкими минутами наедине с собой.","Нанесите небольшое количество геля на влажную кожу, вспеньте руками или с помощью мочалки, а затем смойте.",Израиль,10
194,2026-10-01T08:38:25.188214,20261001_080712_1756e2c0,19000277682,parfjumerija/nishevaja-parfjumerija,Maison Francis Kurkdjian,Petit Matin,Нет категории,14800.0,14800.0,0.0,1,4.9,https://goldapple.ru/19000277682-petit-matin/,https://goldapple.ru/parfjumerija/nishevaja-parfjumerija?p=10,"На рассвете в Париже насладитесь восхитительной свежестью утра и почувствуйте заново красоту жизни. Парфюмерная вода Petit Matin - это как прогулка по пустым улицам и аркадам Парижа в раннем утреннем свете. Этот цитрусово-цветочный аромат наполняет сияющей жизненной энергией литцея кубеба и лимона, цветочной сладостью лаванды и боярышника, перед тем как погрузить в лабиринт мускусно-амбровых нот. Ворвитесь в захватывающий день с Petit Matin, яркой и сияющей парфюмерной водой.","Нанести аромат на запястья, шею и точки пульса.",Франция,10
195,2026-10-01T08:38:36.690232,20261001_080712_1756e2c0,19000180346,parfjumerija/nishevaja-parfjumerija,Zielinski & Rozen,"Grapefruit, Basil, Petitgrain",Духи концентрированные,7990.0,7990.0,0.0,1,4.9,https://goldapple.ru/19000180346-grapefruit-basil-petitgrain/,https://goldapple.ru/parfjumerija/nishevaja-parfjumerija?p=10,"Я хочу, чтобы парфюм трогал до глубины души, говорил о личности и отражал ее уникальность. Эрез Розен Замысловатая ольфакторная книга, сюжет которой раскрывается новыми гранями на каждом человеке. Необычные сочетания нот и оригинальное построение аккордов подчеркивают индивидуальность и раскрывают суть ярче любых слов. Все ароматы Zielinski&Rozen категории унисекс.",Наносите парфюм по обе стороны плеч или распылите впереди себя и войдите в «облако» аромата.,Россия,10
196,2026-10-01T08:38:45.976571,20261001_080712_1756e2c0,19000413558,parfjumerija/nishevaja-parfjumerija,M.INT,Spring spirit,Парфюмерная вода,18675.0,18675.0,0.0,1,0.0,https://goldapple.ru/19000413558-spring-spirit/,https://goldapple.ru/parfjumerija/nishevaja-parfjumerija?p=10,"Представляем ""Spring Spirit"" — восхитительное творение знаменитого парфюмера Криса Мауриса (Chris Maurice). Этот аромат воплощает сущность весны, где главная нота цветков липы переплетается с нежным медовым оттенком. Верхние ноты липового цвета, свежей травы, бергамота и лимона пробуждают яркую свежесть весеннего утра. В сердце раскрывается гармоничная комбинация фиалки, розы, гелиотропа и меда, создавая романтичную и вдохновляющую атмосферу. Базовые ноты пачули и мускуса придают аромату глубину и тепло, идеально завершая композицию. ""Spring Spirit"" — это ода обновлению и радости, идеально подходящая для тех, кто ценит яркую энергетику весны.","Нанести на тело, избегая попадания в глаза.",Франция,10
197,2026-10-01T08:38:56.435282,20261001_080712_1756e2c0,19000412458,parfjumerija/nishevaja-parfjumerija,Al-Jazeera Perfumes,18K,Парфюмерная вода,12928.0,12928.0,0.0,1,0.0,https://goldapple.ru/19000412458-18k/,https://goldapple.ru/parfjumerija/nishevaja-parfjumerija?p=10,"Al Jazeera Perfumes — роскошь и элегантность в каждом аромате. Основанная в 1998 году, компания быстро завоевала признание, расширившись до 60 филиалов по всему миру, включая бутик на Елисейских полях в Париже. Мы предлагаем премиальные духи в изысканной упаковке, используя оригинальные ароматы от ведущих французских производителей. Наша коллекция объединяет восточные традиции и западную утонченность, удовлетворяя самым взыскательным вкусам. Каждый флакон Al Jazeera Perfumes — это произведение искусства, созданное для тех, кто ценит индивидуальность и исключительный опыт дарения. 18K — это уникальный обонятельный опыт, воплощающий волнение и совершенство. Этот аромат демонстрирует пленительный аромат мускуса в паре с теплыми объятиями агарового дерева, предлагая ощущение роскоши и элегантности. Он открывается верхними нотами мускуса и фиолетовых роз, обеспечивая освежающее и соблазнительное вступление. В его сердце пачули добавляют глубину и очарование композиции. База сочетает масло агарового дерева с насыщенным ароматом розы, создавая теплое и изысканное завершение. Почувствуйте роскошь и очарование 18K и откройте для себя суть отличия в каждом распылении. Парфюмер: Лора Дж. Б. Вера","Наносить на неповрежденные участки кожи, волос и одежду.",Франция,10
198,2026-10-01T08:39:05.954408,20261001_080712_1756e2c0,19000166817,parfjumerija/nishevaja-parfjumerija,Mind Games,As-suli's Diamond,Парфюмерный экстракт,27369.0,27369.0,0.0,1,4.1,https://goldapple.ru/19000166817-as-suli-s-diamond/,https://goldapple.ru/parfjumerija/nishevaja-parfjumerija?p=10,"Бриллиант ас-Сули — загадочный этюд великого шахматиста, сочетание мастерства и ума, безупречное наследие. Отправьтесь в древнее и мистическое время, окутанное интенсивным, чувственным и дымным ароматом. Ноты восточных фруктов и цветов витают над смолистым лесом и ладаном. Исследуйте разум, чувства, силу духа с MIND GAMES и погрузитесь в стратегически идеальные композиции.",Распылите на кожу с расстояния 20-30 см.,Сша,10
199,2026-10-01T08:39:14.761146,20261001_080712_1756e2c0,19000200194,parfjumerija/nishevaja-parfjumerija,Neydo,Berry craving 23.06,Парфюмерная вода,5080.0,5080.0,0.0,1,4.6,https://goldapple.ru/19000200194-berry-craving-23-06/,https://goldapple.ru/parfjumerija/nishevaja-parfjumerija?p=10,"Аромат Berry Craving вдохновлен сном Элис, точнее, ее воспоминаниями о детстве и летних днях, когда в таинственном саду цветут маки размером с арбуз, розы и магнолии, волшебные коты исполняют желания, а с кухни доносится аромат ягодного варенья. Аромат-счастье с нотами нежных цветов, спелых фруктов и восточных пряностей. С ним так легко повернуть время вспять и вернуться в самое беззаботное время. Alice, 23.06: «Я на пороге дома своего детства. Яркий полдень. Красивый тенистый сад теряется где-то за горизонтом. В траве распустились гигантские алые маки размером… с арбуз! Пурпурные цветы магнолии качает ветер. Солнечные лучи пробираются через оконные проемы, игра теней создает иллюзию оживших витражей. Мама на кухне варит варенье, которое булькает в медном тазу. Все пространство наполняется густым ягодным ароматом. Я хочу это попробовать! Но мама говорит, что варенье должно остыть». И, чтобы скоротать время, я направляюсь в сад пускать мыльные пузыри. В переливающейся радужной сфере замечаю чей-то силуэт – позади меня на солнце греется кот. Он громко мурлычет, требуя, чтобы его погладили. Провожу рукой по шелковистой шерсти. Еще и еще. И каждый раз, когда я это делаю, у меня в руке появляется моя любимая игрушка! Только не останавливаться! Гладить и гладить… Но мама зовет меня к столу, и я просыпаюсь». Страна происхождения товара может отличаться (Республика Корея/Франция).","Распылите на пульсирующие зоны: запястья, шею, за ушами и внутреннюю сторону локтя. Избегайте контакта с одеждой. Для повышения стойкости рекомендуется наносить на хорошо увлажненную кожу.",Франция,10
200,2026-10-01T08:39:24.827031,20261001_080712_1756e2c0,19000203048,parfjumerija/nishevaja-parfjumerija,EX NIHILO,BLUE TALISMAN,Парфюмерная вода,36550.0,36550.0,0.0,1,4.7,https://goldapple.ru/19000203048-blue-talisman/,https://goldapple.ru/parfjumerija/nishevaja-parfjumerija?p=10,"Созданный как гипнотическая драгоценность, BLUE 
TALISMAN воплощает в себе лучшее ноу-хау EX 
NIHILO в виде ольфакторного твореня.
Передовой аромат, символизирующий бесконечную 
духовную энергию, выраженную тонкой свежестью 
груши и бергамота, смягченной абстрактными 
мускусными и амбровыми нотами.
Это творение воплощает авангардный и 
неповторимый дух Дома в завораживающих и 
многочисленных гранях.",Для наружного применения.,Франция,10
201,2026-10-01T08:39:55.970796,20261001_080712_1756e2c0,26140100012,parfjumerija/nishevaja-parfjumerija,FRANCK BOCLET,VANILLE,Парфюмерная вода,12720.0,12720.0,0.0,1,4.7,https://goldapple.ru/26140100012-vanille/,https://goldapple.ru/parfjumerija/nishevaja-parfjumerija?p=11,"Vanille Franck Boclet - сверкающий и солнечный аромат для нее и для него. Принадлежит к семейству: фруктовый, гурманский, восточный. Ноты: лайм, грейпфрут, кардамон. Ноты сердца: имбирь, карамель, прозрачные цветы.",Не указано,Франция,11
202,2026-10-01T08:40:05.346551,20261001_080712_1756e2c0,19000422482,parfjumerija/nishevaja-parfjumerija,MATIERE PREMIERE,Encens Suave,Гель для душа,7065.0,7065.0,0.0,1,0.0,https://goldapple.ru/19000422482-encens-suave/,https://goldapple.ru/parfjumerija/nishevaja-parfjumerija?p=11,"Ощутите густую пену, которую легко смыть. Она оставит вашу кожу чистой, мягкой и благоухающей с притягательными нотами ладана, кофе и ванили Encens Suave.","Нанести небольшое колличество геля на влажную уожу, вспенить, смыть водой, избегая попадания в глаза",Франция,11
203,2026-10-01T08:40:16.368688,20261001_080712_1756e2c0,19000215156,parfjumerija/nishevaja-parfjumerija,FRANCK BOCLET,NIRVANA,Нет категории,4350.0,4350.0,0.0,1,4.3,https://goldapple.ru/19000215156-nirvana/,https://goldapple.ru/parfjumerija/nishevaja-parfjumerija?p=11,"Ноты цитрусовых проникают в сердце, чтобы освежить ночь. Затем щедрые фруктовые ноты, переплетаются с жасмином, создавая приятное состояние, являющееся результатом удовлетворения потребностей тела и душевного спокойствия. Наконец, ощущение сладострастия, приходящее через древесные, мягкие и сладкие ноты с прикосновением животных, наполняет ваш разум высочайшим счастьем.","Наносить на неповрежденные участки кожи, волос и одежду.",Франция,11
204,2026-10-01T08:40:26.828196,20261001_080712_1756e2c0,19000191224,parfjumerija/nishevaja-parfjumerija,Mark Buxton,Why not a cologne,Нет категории,6612.0,6612.0,0.0,1,4.5,https://goldapple.ru/19000191224-why-not-a-cologne/,https://goldapple.ru/parfjumerija/nishevaja-parfjumerija?p=11,"Сбалансированный и оригинальный аромат Mark Buxton, украшенный яркими нотами красного яблока, магнолии и сочного ананаса, погружает в гармонию взрывных фруктовых и нежных цветочных аккордов. Современная древесная база объединяет ноту тикового дерева и смелый акцент кожи. Парфюмер – Марк Бакстон.",Только для наружного применения.,Франция,11
205,2026-10-01T08:40:36.207852,20261001_080712_1756e2c0,19000281746,parfjumerija/nishevaja-parfjumerija,Filippo Sorcinelli,ne il giorno ne l'ora,Духи,23655.0,23655.0,0.0,1,4.9,https://goldapple.ru/19000281746-ne-il-giorno-ne-l-ora/,https://goldapple.ru/parfjumerija/nishevaja-parfjumerija?p=11,"Двенадцатый аромат коллекции UNUM создан, чтобы противостоять самой обостренной эмоции: страху. Почти по традиции, отправной точкой, вдохновившей на парфюм, является отрывок из Евангелия от Матфея, притчи о десяти девах. Эта история, которая также дала название аромату, рассказывает о десяти женщинах, которые предусмотрительно экономят масло, чтобы зажечь свои лампады в ожидании прибытия жениха. Мы знаем, что из десяти только пятеро, которых называют очень мудрыми, участвуют в свадьбе; остальные, отправившись за маслом для своих ламп, обнаруживают, что дверь для них закрыта. «Господи, открой нам», — просят они, придя, на что получают ответ: «Истинно говорю тебе: я тебя не знаю». Мы также знаем – ожидая прибытия жениха они уснули, но готовы были проснуться и радоваться: «Итак, бодрствуйте, потому что вы не знаете ни дня, ни часа», читаем у Матфея.","Распыляйте с расстояния 20-25 см. Не наносите на одежду, не используйте при нахождении на солнце.",Италия,11
206,2026-10-01T08:40:47.267290,20261001_080712_1756e2c0,19000021505,parfjumerija/nishevaja-parfjumerija,Zielinski & Rozen,"Black Pepper, Vetiver, Neroli, Amber",Духи концентрированные,12990.0,12990.0,0.0,1,4.9,https://goldapple.ru/19000021505-black-pepper-amber-neroli/,https://goldapple.ru/parfjumerija/nishevaja-parfjumerija?p=11,"Я хочу, чтобы парфюм трогал до глубины души, говорил о личности и отражал ее уникальность. Эрез Розен Замысловатая ольфакторная книга, сюжет которой раскрывается новыми гранями на каждом человеке. Необычные сочетания нот и оригинальное построение аккордов подчеркивают индивидуальность и раскрывают суть ярче любых слов. Все ароматы Zielinski&Rozen категории унисекс. У данного продукта меняется название аромата. Актуальное название : Black Pepper, Vetiver, Neroli, Amber.",Наносите парфюм по обе стороны плеч или распылите впереди себя и войдите в «облако» аромата.,Россия,11
207,2026-10-01T08:40:57.301360,20261001_080712_1756e2c0,90151200006,parfjumerija/nishevaja-parfjumerija,Zielinski & Rozen,Orange & Jasmine,Духи концентрированные,7990.0,7990.0,0.0,1,4.8,https://goldapple.ru/90151200006-orange-jasmine-vanilla/,https://goldapple.ru/parfjumerija/nishevaja-parfjumerija?p=11,"Я хочу, чтобы парфюм трогал до глубины души, говорил о личности и отражал ее уникальность. Эрез Розен Замысловатая ольфакторная книга, сюжет которой раскрывается новыми гранями на каждом человеке. Необычные сочетания нот и оригинальное построение аккордов подчеркивают индивидуальность и раскрывают суть ярче любых слов. Все ароматы Zielinski&Rozen категории унисекс.",Наносите парфюм по обе стороны плеч или распылите впереди себя и войдите в «облако» аромата.,Россия,11
208,2026-10-01T08:41:05.523144,20261001_080712_1756e2c0,19000399044,parfjumerija/nishevaja-parfjumerija,Juliette Has A Gun,Miami Shake,Парфюмерная вода,9112.0,9112.0,0.0,1,4.8,https://goldapple.ru/19000399044-miami-shake/,https://goldapple.ru/parfjumerija/nishevaja-parfjumerija?p=11,"Лучший способ устоять перед искушением – это поддаться ему, сказал бы Оскар Уайльд. С его гурманским фруктовым запахом лесной земляники, лежащим на подушке из сладострастных сливочных нот и соблазнительной ванили, Miami Shake является идеальным ароматным лакомством, которым стоит побаловать себя. Съедобный и игривый, показной и причудливый, этот аромат заключает в себе атмосферу Майами, где слишком много — это искусство. Дух изобилия, такой же захватывающий, как сахар.",Нанести на пульсирующие точки.,Франция,11
209,2026-10-01T08:41:16.002076,20261001_080712_1756e2c0,19000470516,parfjumerija/nishevaja-parfjumerija,Laurent Mazzone,Neroli,Парфюмерная вода,13600.0,13600.0,0.0,1,0.0,https://goldapple.ru/19000470516-neroli/,https://goldapple.ru/parfjumerija/nishevaja-parfjumerija?p=11,"Мелодия, которая звучит на гранях мягкой свежести нероли и завораживающих медовых нот абсолю апельсинового цвета. Яркие акцентные всполохи чёрной смородины и ангелики в верхних нотах помогают аромату раскрыть свою сияющую и сладострастную сторону. Вожделенное удовольствие и соблазнительный шлейф оставляют за собой ноты персикового нектара и мускуса.",Только для наружного применения.,Франция,11
210,2026-10-01T08:41:28.196968,20261001_080712_1756e2c0,19000331476,parfjumerija/nishevaja-parfjumerija,Stereotype,Unframe,Парфюмерная вода,6230.0,6230.0,0.0,1,4.6,https://goldapple.ru/19000331476-unframe/,https://goldapple.ru/parfjumerija/nishevaja-parfjumerija?p=11,"UNFRAME. Громче. Ярче. Свободнее. Всё началось с невидимых стен. Они сковывали, ограничивали, диктовали правила. Но внутри уже разгоралось пламя. Оно требовало простора, требовало звучать. Всё началось с невидимых стен… Но теперь ты знаешь, что границ не существует. Ты — человек, который не боится быть “слишком”. Слишком громким, слишком страстным, слишком живым. Ты раздвигаешь рамки. Ты создаёшь свои правила. Ты вдохновляешь. UNFRAME — дерзкий, необузданный, харизматичный. Бархатный мускус в нём сплетается с сухими специями, создавая ощущение жара, свободы, движения. Раскрываясь на коже, становится её продолжением. Он подстраивается под ваш ритм, добавляя уверенности, но не подавляя, а лишь напоминая: звучать на полную — это ваша природа. FLOW, UNFRAME, SAĜO, BRACE — как и люди, ароматы первой коллекции STEREOTYPE похожи, но несравнимы. Они принадлежат одной «ароматной вселенной» — мускусной, древесной, амбровой, пряной — но звучат по-разному. Они говорят на одном языке, но разными голосами. И каждый находит среди них тот аромат, что звучит в унисон с его внутренним миром. Парфюмер: Angéline Leporini-Poubeau.",только для наружного применения.,Франция,11
211,2026-10-01T08:41:37.304744,20261001_080712_1756e2c0,19000200196,parfjumerija/nishevaja-parfjumerija,Neydo,Far very far 18.08,Парфюмерная вода,5715.0,5715.0,0.0,1,4.4,https://goldapple.ru/19000200196-far-very-far-18-08/,https://goldapple.ru/parfjumerija/nishevaja-parfjumerija?p=11,"Аромат Far Very Far вдохновлен сном Поля о необыкновенном пляже, где океан и небо меняются местами, где только бесконечный пляж и шум прибоя. Аромат-бриз с нотами жасмина и пиона освежает и расслабляет, а цедровый акцент с травяным нюансом бодрит и заряжает энергией. Смело ныряйте в него, чтобы отдохнуть от шума и суеты городской жизни. Paul, 18.08 Остров. Пляж. Я лежу на песке и смотрю вверх. Надо мной нависает искрящийся синевой бескрайний океан. Одна за одной с шумом перекатываются волны. Протягиваю руку вверх, океан опускается ниже, и пальцы легко погружаются в голубую прохладу. Чувствую запах моря и соленый привкус на языке. И тут яркий блик вдалеке привлекает мое внимание. Встаю. Океан поднимается вместе со мной. Прикладываю ладонь козырьком ко лбу и щурюсь на солнце, стараясь рассмотреть, что же там такое. На воде покачивается легкая прозрачная лодка из плексигласа. Но на борту никого нет. Я совершенно один. Неожиданно замечаю на песке тень лимонного дерева. Осматриваюсь по сторонам – деревьев нет вообще! И уж точно никаких плодов поблизости. Но терпкий аромат цедры пропитывает воздух. Он буквально струится по моим венам! На адреналине вхожу в свежую прохладную тень невидимого дерева. Вдыхаю полной грудью и понимаю, что не хочу возвращаться в свой привычный мир, где всему есть объяснение! Срываюсь с места и бегу, набирая скорость, чтобы оттолкнуться и нырнуть в океан надо мной. Но чем выше я прыгаю, тем выше поднимется океан – и я каждый раз оказываюсь на песке. Страна происхождения товара может отличаться (Республика Корея/Франция).","Распылите на пульсирующие зоны: запястья, шею, за ушами и внутреннюю сторону локтя. Избегайте контакта с одеждой. Для повышения стойкости рекомендуем наносить на хорошо увлажненную кожу.",Франция,11
212,2026-10-01T08:41:46.919360,20261001_080712_1756e2c0,19000322298,parfjumerija/nishevaja-parfjumerija,Zielinski & Rozen,"Pink Pepper, Elemi, Cinnamon, Leather",Гель для душа,1790.0,1790.0,0.0,1,4.9,https://goldapple.ru/19000322298-pink-pepper-elemi-cinnamon-leather/,https://goldapple.ru/parfjumerija/nishevaja-parfjumerija?p=11,"Эффективно очищает кожу, обогащает её витаминами, нормализует гидробаланс, восстанавливает тонус и жизненные силы. Подходит для ухода за кожей любого типа.","Небольшое количество геля нанести на влажную кожу, вспенить и тщательно смыть водой. Хранить в сухом, защищенном от света и недоступном для детей месте при температуре от +5 °С до +25 °С.",Израиль,11
213,2026-10-01T08:41:56.659531,20261001_080712_1756e2c0,19000459515,parfjumerija/nishevaja-parfjumerija,Juliette Has A Gun,Powder love,Нет категории,8992.0,8992.0,0.0,1,4.8,https://goldapple.ru/19000459515-powder-love/,https://goldapple.ru/parfjumerija/nishevaja-parfjumerija?p=11,"Шлейф Powder Love витает в воздухе, превращаясь в облака сахарной ваты, плывущие по небу пастельных оттенков. Он раскрывается цветами апельсинового дерева и нежного маршмеллоу. Соприкасаясь с оттенком засахаренного миндаля, кожа словно тает от наслаждения. Волнующая алхимия, в которой пудровый мускус становится теплым воспоминанием. А что, если это был не просто сон?..",Нанести на пульсирующие точки.,Франция,11
214,2026-10-01T08:42:06.587162,20261001_080712_1756e2c0,90150300002,parfjumerija/nishevaja-parfjumerija,Zielinski & Rozen,"Black Pepper, Vetiver, Neroli, Amber",Нет категории,2390.0,2390.0,0.0,1,4.8,https://goldapple.ru/90150300002-black-pepper-amber-neroli/,https://goldapple.ru/parfjumerija/nishevaja-parfjumerija?p=11,"Эффективно очищает от всех видов загрязнений и подходит для ежедневного использования: средство содержит увлажняющие и смягчающие натуральные масла. Приятный бонус — ароматный шлейф, остающийся на коже несколько часов. Ароматы продукции Zielinski&Rozen изменили свое наименование без изменения состава.","Нажмите на дозатор, вспеньте мыло в руках и затем смойте водой.",Израиль,11
215,2026-10-01T08:42:15.807641,20261001_080712_1756e2c0,99000034331,parfjumerija/nishevaja-parfjumerija,BOIS 1920,ASTRATTO,Парфюмерная вода,20700.0,20700.0,0.0,1,0.0,https://goldapple.ru/99000034331-astratto/,https://goldapple.ru/parfjumerija/nishevaja-parfjumerija?p=11,"Абстрактный, гурманский Astratto – это пьянящий эликсир, дыхание которого завораживает, расширяя границы обонятельного опыта. Отчетливо ощутимые ликерно-джемовые, карамельно-амбровые тона аромата возносят над обыденностью, создавая атмосферу изысканного праздника, который всегда с нами.","Распылите с расстояния 20–25 см, избегая попадания на одежду.",Италия,11
216,2026-10-01T08:42:27.393069,20261001_080712_1756e2c0,19000334595,parfjumerija/nishevaja-parfjumerija,L'atelier parfum,WOODYLICIOUS,Парфюмерная вода,11343.0,11343.0,0.0,1,4.7,https://goldapple.ru/19000334595-woodylicious/,https://goldapple.ru/parfjumerija/nishevaja-parfjumerija?p=11,"Главный аккорд, вокруг которого строится аромат L'ATELIER PARFUM — мускус, помогающий исследовать бесконечный мир чувственности. Гурманская композиция позволяет сказать сладкому «да». Теплый пачули и сливочное сандаловое дерево сочетаются с изысканным глазированным каштаном, слегка пропитанным ромом. Древесный и притягательный мускус окутывает изысканностью.","Распылите на пульсирующие зоны, такие как запястья, шея, за ушами и внутренняя сторона локтя. Избегайте контакта с одеждой, чтобы сохранить качество аромата.",Франция,11
217,2026-10-01T08:42:36.992589,20261001_080712_1756e2c0,26830400003,parfjumerija/nishevaja-parfjumerija,Mark Buxton,Dreaming with Ghosts,Духи,13437.0,13437.0,0.0,1,4.8,https://goldapple.ru/26830400003-dreaming-with-ghosts/,https://goldapple.ru/parfjumerija/nishevaja-parfjumerija?p=11,"Фантазия об особенной нежности. В поисках неожиданной красоты, потерянной в тёмном мире… Она ускользает, словно изменчивый, неуловимый фантом. Dreaming with Ghosts – это путешествие между сном и реальностью. Бодрящая айва сочетается со светлыми нотами ванили и ветивера, окутанными ароматом кожи. Основная идея – отражение нежности. Ваниль в сочетании с кожей и ветивером раскрывает мягкую чувственность, которую подчеркивают яркие цветочные ноты пиона и бархатцев. Из сна в реальность возвращает яркий фруктовый аккорд айвы, напоминающий сочетание груши и яблока. Верхние ноты: бархатцы, айва Ноты сердца: пион, кожа Базовые ноты: ветивер, ваниль",Не указано,Франция,11
218,2026-10-01T08:42:48.885237,20261001_080712_1756e2c0,99000034270,parfjumerija/nishevaja-parfjumerija,BOIS 1920,ORO ROSA,Парфюмерная вода,26450.0,26450.0,0.0,1,0.0,https://goldapple.ru/99000034270-oro-rosa/,https://goldapple.ru/parfjumerija/nishevaja-parfjumerija?p=11,"Современная парфюмерная классика, воплощающая образ чувственной женственности в аромате с сочным аккордом экзотических фруктов, ярким сиянием Королевы-розы, и нежными касаниями ванили.","Распылите с расстояния 20–25 см, избегая попадания на одежду.",Италия,11
219,2026-10-01T08:42:58.617488,20261001_080712_1756e2c0,19000200199,parfjumerija/nishevaja-parfjumerija,Neydo,Blond redhead 16.11,Парфюмерная вода,5715.0,5715.0,0.0,1,4.7,https://goldapple.ru/19000200199-blond-redhead-16-11/,https://goldapple.ru/parfjumerija/nishevaja-parfjumerija?p=11,"Сон Антуана о необыкновенной встрече в парижской кондитерской, наполненной запахом фруктов, ванили и шоколада с легкими нотами специй и дерева. Капля риска, щепотка уверенности в себе – и вуаля! – аромат-предсказание готов. Свежие цветочные ноты роз и фрезий, дополненные нюансами сухофруктов и земли… Этот сон точно сбудется! Antoine, 16.11 Ну вот и все – последний клубничный макарун нашел свое место. Витрина, над которой я тружусь с самого утра, наконец-то оформлена. Пора и передохнуть. Но не успеваю даже присесть, как в кондитерскую входит ОНА. Настоящая француженка – небрежная прическа, волосы цвета клубничный блонд, в одной руке букет фрезий, в другой – пакеты с покупками. Такими женщинами я восхищаюсь издалека. Вблизи же впадаю в ступор, меня буквально парализует. А ОНА бродит по кондитерской, и к нашему привычному запаху ванили вдруг добавляется аромат сухофруктов и теплой земли. «Excusez-moi», – указывает ОНА на торт с начинкой из инжира и розовых лепестков. Как зомби снимаю стеклянный клош, и воздух наполняется сладким ароматом. «Délicieuse», – шепчет ОНА. Какой у нее бархатный волнующий голос! Скажи еще что-нибудь, ну пожалуйста… Торт вырывается из моих рук, кувыркается и падает, взрываясь сливочным кремом. Бах! Цветки фрезий разбросаны по полу. Ее волосы в креме, крем на моей щеке. Я смущен, нужно как-то извиниться, но не могу! И вдруг… ОНА начинает хохотать. Я тоже. Протягиваю руку, чтобы смахнуть крошки с ее шелковой блузки. Какое декольте! Она шепчет: «Délicieuse… Délici… deli…» – «De-di-di» – настойчиво звонит будильник. Просыпаюсь, облизывая сухие губы. Как же не вовремя! Страна происхождения товара может отличаться (Республика Корея/Франция).","Распылите на пульсирующие зоны: запястья, шею, за ушами и внутреннюю сторону локтя. Избегайте контакта с одеждой. Для повышения стойкости рекомендуем наносить на хорошо увлажненную кожу.",Франция,11
220,2026-10-01T08:43:09.002945,20261001_080712_1756e2c0,19760305905,parfjumerija/nishevaja-parfjumerija,Vilhelm Parfumerie,THE OUD AFFAIR,Парфюмерная вода,14437.0,14437.0,0.0,1,4.9,https://goldapple.ru/19760305905-the-oud-affair/,https://goldapple.ru/parfjumerija/nishevaja-parfjumerija?p=11,"THE OUD AFFAIR – это новый упоительный аромат в коллекции Vilhelm Parfumerie, вдохновлённый бурным романом между актрисой Эвой Гарнер и знаменитым тореадором Луисом Мигелем Домингин. Однажды Домингин сказал о своей любимой: “Она была самой прекрасной и самой опасной. Я как- будто держал в клетке свирепого волка. ” THE OUD AFFAIR охватывает все взлёты и падения этого головокружительного любовного романа, где не ослабевала нежная сладость и драматический накал страстей. Необычный аккорд дикого мёда и имбирного масла в верхних нотах дополняют оттенки табачных листьев на основе из аккордов дерева Агар и чёрных стручков ванили. THE OUD AFFAIR – это результат многолетних трудов основателя Vilhelm Parfumerie Яна Альгрена. “Удовые ароматы великолепны, но с ними тяжело и проблематично работать»,- сказал Ян. “Дерево Агар - удовый компонент в этом аромате, раскрывает здесь свою анималистичную сторону, и это делают его необычайно привлекательным”. Чтобы смягчить интенсивность дерева Агар, Альгрен добавляет в композицию ароматный дикий мёд. В итоге ароматная интрига получилась такой же яркой, как эта любовная история.",Не указано,Франция,11
221,2026-10-01T08:44:01.229044,20261001_080712_1756e2c0,26775900002,parfjumerija/nishevaja-parfjumerija,Mancera,INSTANT CRUSH,Парфюмерная вода,11302.0,11302.0,0.0,1,4.7,https://goldapple.ru/26775900002-instant-crush/,https://goldapple.ru/parfjumerija/nishevaja-parfjumerija?p=12,"Любовная история раскрывается сверкающим бергамотом и мандарином из Сицилии, проскальзывая сквозь обжигающие объятья шафрана и зажигающего имбиря. 
В сердце аромата нежная и кроткая роза из Марокко, страстным танцем она уступает трон соблазнения чувственному египетскому жасмину. Поцелуй роскошной амбровой древесины смягчает дерзкий дуэт лавра и пачули из Индонезии. 
В завершающем аккорде сливочное звучание майсурского сандала, укутанного гурманским оттенком стручков ванили из Мадагаскара, с глубоким шлейфом роскошного мха и чувственного мускуса.",Нанести на пульсирующие точки.,Франция,12
222,2026-10-01T08:44:10.646717,20261001_080712_1756e2c0,19000442444,parfjumerija/nishevaja-parfjumerija,ATKINSONS,Platinum Blend,Духи,27810.0,27810.0,0.0,1,5.0,https://goldapple.ru/19000442444-platinum-blend/,https://goldapple.ru/parfjumerija/nishevaja-parfjumerija?p=12,"Насыщенный аромат ATKINSONS – это изысканная парфюмерная ода эпохе двадцатых годов прошлого века. Чарующее творение, созданное искусным парфюмером на основе лучших масел в исключительной концентрации, дарит впечатляющий ольфакторный опыт. Композиция погружает в атмосферу Лондона 1920-х, в сияющий мир «яркой молодежи», британских аристократов и светских львиц. Утонченные девушки блистали в обществе, посещая популярные места и наслаждаясь свободой послевоенного периода, и демонстрировали эффектные наряды и лучшие украшения. Платина и бриллианты – символ их роскоши и свободы. Эта искрящаяся и радостная атмосфера отражена как в оформлении флакона, так и в самом аромате. Ценная, утонченная и завораживающе прохладная, как сама платина, композиция воплощает блеск, шик и элегантность. Ледяное прикосновение платины передает необычная свежая и кристальная нота Belanis с акцентами аниса и белых цветов и намеками на пряное звучание шафрана и бальзамическую грань опопонакса. Её окутывает аккорд масла бей, который добавляет немного тепла и мягкости. Деликатный союз гелиотропа и сандала словно создает ощущение шелка на коже. Насыщенная цветочная элегантность гелиотропа идеально сочетается с теплой древесной глубиной сандала, погружая в мягкие объятия аромата. Притягательный дуэт лабданума и бобов тонка дарит ощущение комфорта и оставляет элегантный, роскошный шлейф. Каждый флакон с изящной серебряной отделкой – это искусное, уникальное творение, умело украшенное флорентийскими мастерами. Парфюмер – Pierre Guéros.","Нанесите небольшое количество на пульсирующие зоны, такие как запястья, шея, за ушами и внутренняя сторона локтя. Не наносите на одежду, чтобы избежать пятен.",Италия,12
223,2026-10-01T08:44:18.100407,20261001_080712_1756e2c0,19000382667,parfjumerija/nishevaja-parfjumerija,BornToStandOut,L'ANIMAL,Нет категории,26505.0,26505.0,0.0,1,0.0,https://goldapple.ru/19000382667-l-animal/,https://goldapple.ru/parfjumerija/nishevaja-parfjumerija?p=12,"L’ANIMAL — это исследование наших первобытных инстинктов, ольфакторное путешествие в дикую чащу человеческих желаний, облаченное в изысканную, но провокационную форму.","Распыляйте с расстояния 20-25 см. Не наносите на одежду, не используйте при нахождении на солнце.",Республика корея,12
224,2026-10-01T08:44:25.862739,20261001_080712_1756e2c0,19000148359,parfjumerija/nishevaja-parfjumerija,ESSENTIAL PARFUMS PARIS,ROSE MAGNETIC refillable,Нет категории,10053.0,10053.0,0.0,1,4.6,https://goldapple.ru/19000148359-rose-magnetic/,https://goldapple.ru/parfjumerija/nishevaja-parfjumerija?p=12,"Парфюмер – Sophie Labbé. «Я представляла дуэт эфирного масла розы и абсолюта турецкой розы. Сочетание, дополненное тонкой и чарующей базовой нотой мускуса, отражает многогранность и чувственность легендарного цветка». В игривом, пленительном и современном аромате Rose Magnetic отражены все грани самого чувственного из цветов. С его яркой женственностью контрастируют ноты грейпфрута и свежей мяты. Личи, кедр, мускус и ваниль усиливают гипнотическую притягательность композиции, основа которой – турецкая роза. Создатели парфюмерной воды ESSENTIAL PARFUMS выбирают натуральные, экологически чистые материалы и стремятся снизить воздействие на окружающую среду. Компания улучшает условия выращивания роз в Турции и помогает местным общинам получать более высокий и стабильный доход. Флакон парфюмерной воды подходит для многоразового использования, и его можно пополнять из рефила. В интернет-магазине представлен актуальный дизайн продукта. Обращаем внимание, возможно поступление товара в старом дизайне.","1. Снимите крышку с флакона, открутите и вытащите помпу. 2. Прикрутите рефил до конца. Пополнение прекращается автоматически. 3. Прикрутите помпу обратно на флакон и наденьте крышку",Франция,12
225,2026-10-01T08:44:35.395427,20261001_080712_1756e2c0,19000467325,parfjumerija/nishevaja-parfjumerija,Zielinski & Rozen,"Vetiver, Lemon",Парфюмированный лосьон для рук и тела,1100.0,1100.0,0.0,1,5.0,https://goldapple.ru/19000467325-vetiver-lemon/,https://goldapple.ru/parfjumerija/nishevaja-parfjumerija?p=12,"Имеет легкую текстуру, увлажняет и питает кожу. Подходит для всех типов кожи.",Нанесите на сухую или влажную кожу легкими массирующими движениями до полного впитывания.,Израиль,12
226,2026-10-01T08:44:49.145707,20261001_080712_1756e2c0,19000186470,parfjumerija/nishevaja-parfjumerija,L'atelier parfum,Cypress shadow,Парфюмерная вода,3403.0,3403.0,0.0,1,4.8,https://goldapple.ru/19000186470-cypress-shadow/,https://goldapple.ru/parfjumerija/nishevaja-parfjumerija?p=12,"Свежий аромат L’ATELIER PARFUM передает наслаждение долгожданной прохладой и безмятежным отдыхом в тени вечнозеленого дерева. Сочетание элегантного зеленого аккорда, свежести бергамота и пряной ноты розового перца напоминает об атмосфере солнечной Тосканы. В ароматное путешествие на средиземноморскую виллу увлекает хвойный аккорд кипариса и можжевельника. Успокаивающая, безмятежная композиция дарит ощущение благополучия и эстетического удовольствия. Парфюмер – Alexis Dadier.",Только для наружного применения.,Франция,12
227,2026-10-01T08:44:58.969198,20261001_080712_1756e2c0,19760305900,parfjumerija/nishevaja-parfjumerija,Vilhelm Parfumerie,OPUS KORE,Парфюмерная вода,14437.0,14437.0,0.0,1,4.7,https://goldapple.ru/19760305900-opus-kore/,https://goldapple.ru/parfjumerija/nishevaja-parfjumerija?p=12,"В греческой мифологии, Кора, или как чаще её называют, Персефона – богиня, которую ассоциируют с весной, цветением и плодородием. Ароматная ода весне, цветущим садам, солнцу и музыке цветов.
Прекрасное звучание жизни в самом чувственном и ярком аромате. Яркий солнечный аромат.",Не указано,Франция,12
228,2026-10-01T08:45:10.229379,20261001_080712_1756e2c0,19000283181,parfjumerija/nishevaja-parfjumerija,ESSENTIAL PARFUMS PARIS,Nice bergamote,Парфюмированный крем для рук,2160.0,2160.0,0.0,1,4.6,https://goldapple.ru/19000283181-nice-bergamote/,https://goldapple.ru/parfjumerija/nishevaja-parfjumerija?p=12,Увлажняющий крем для рук в алюминиевой упаковке оставляет на коже аромат NICE BERGAMOTE by Antoine Maisondieu. Содержит не менее 97% ингредиентов натурального происхождения.,Нанесите крем на кожу рук аккуратными массирующими движениями.,Франция,12
229,2026-10-01T08:45:19.476347,20261001_080712_1756e2c0,19000102342,parfjumerija/nishevaja-parfjumerija,Ramon Monegal,Faïsa,парфюмерная вода,16848.0,16848.0,0.0,1,0.0,https://goldapple.ru/19000102342-faisa/,https://goldapple.ru/parfjumerija/nishevaja-parfjumerija?p=12,"Весенний аромат, который воспевает тепло солнца. Сам Рамон Монегаль родился в Испании, а в этом регионе солнце играет совершенно важную и особенную роль. Его тепло и свет наполняют жизнью и вызывают улыбку. После зимы солнце вновь обнимает своим теплом поля и сады, вдыхая жизнь и сок в созревающие фрукты.
Faisa -это ода солнцу. Это хвалебная песня его возвращению после зимы. Теперь мы снова ощущаем ласковое тепло на своем лице и можем наслаждаться им еще почти полгода. Солнце является не только источником тепла, но и проводником радости и жизни. Оно также важно, как еда и воздух. Новый парфюм символизирует эту значимость планетарного масштаба и передает сияние, ослепляющую красоту, величие и тепло этой Звезды.",Не указано,Испания,12
230,2026-10-01T08:45:27.884229,20261001_080712_1756e2c0,19000005508,parfjumerija/nishevaja-parfjumerija,Korloff Paris,Korlove,Парфюмерная вода,5056.0,5056.0,0.0,1,4.9,https://goldapple.ru/19000005508-korlove/,https://goldapple.ru/parfjumerija/nishevaja-parfjumerija?p=12,"Ко Дню святого Валентина французский ювелирный дом Korloff представляет парфюмерную оду любви в красном флаконе - аромат, названный в честь их коллекции украшений. Парфюм, имя которого составлено из названия бренда и слова 'любовь', вдохновлён яркими эмоциями и ""приправлен рок-мантичными нотками"".
Korlove открывается комбинацией гелиотропа и солнечных цветов. В сердце аромата доминируют лимонные и зеленоватые ландыши, подслащенные сочным апельсином и акцентированные сливочной нотой белого дерева. База придаёт композиции гурманский оттенок благодаря аккорду мусса, смешанному с мускусом и ванилью.",Не указано,Франция,12
231,2026-10-01T08:45:36.419257,20261001_080712_1756e2c0,19000418580,parfjumerija/nishevaja-parfjumerija,L'atelier parfum,Green crush,Парфюмированный мист для волос и тела,3744.0,3744.0,0.0,1,4.3,https://goldapple.ru/19000418580-green-crush/,https://goldapple.ru/parfjumerija/nishevaja-parfjumerija?p=12,"Насыщенная зеленая композиция в мисте для волос и тела GREEN CRUSH от L’ATELIER PARFUM, словно мохито на закате, заряжает энергией и заставляет желать большего. Яркая смесь измельченных трав в сочетании с кедром и мускусом создают ощущение бодрящей свежести. Парфюмер – Sidonie Lancesseur. Ключевые ноты: мята, базилик, белый кедр.",Распылите на волосы и тело.,Франция,12
232,2026-10-01T08:45:45.181641,20261001_080712_1756e2c0,26776100002,parfjumerija/nishevaja-parfjumerija,Mancera,AMBER FEVER,Парфюмерная вода,11302.0,11302.0,0.0,1,4.8,https://goldapple.ru/26776100002-amber-fever/,https://goldapple.ru/parfjumerija/nishevaja-parfjumerija?p=12,"То самое ощущение, когда чувства наполняют тебя словно хрупкий сосуд, готовый расколоться, когда в голове водоворот мыслей, и ты не можешь остановиться на одной, когда при одном воспоминании появляются бабочки в животе и во всей вселенной существует один аромат, единственный, для вас двоих. Это и есть любовная лихорадка, сладостное помутнение Amber Fever. Янтарный амбровый аромат, его тепло – словно вторая кожа, его сияние – холодный блеск звезд. Ароматная драгоценность, он способен стать единственным украшением женщины в ночи. Аккорд виски, бобы тонка, фундук в карамели, лепестки розы, роскошный мох, белый мускус, амбра.",Не указано,Франция,12
233,2026-10-01T08:45:54.443607,20261001_080712_1756e2c0,19000522121,parfjumerija/nishevaja-parfjumerija,L'atelier parfum,VANILLA BLUSH,Нет категории,3403.0,3403.0,0.0,1,4.3,https://goldapple.ru/19000522121-l-atelier-parfum/,https://goldapple.ru/parfjumerija/nishevaja-parfjumerija?p=12,"Аромат L'ATELIER PARFUM — нежное сияние, которое оставляет румянец. Напоминание о мгновении, когда солнце касается щек, а по коже пробегает легкая дрожь. Композиция строится вокруг главной ноты ванили, которая не остается застенчивой, а волнует, согревает и заставляет краснеть без предупреждения. Тающая, чувственная ваниль вплетена в сливочно-кокосовые лепестки и иланг-иланг, который обволакивает каждый изгиб, словно в танце. Каждый вдох вызывает трепет, а каждое прикосновение ощущается солнечным бликом на коже. Парфюмер —  Jérôme Épinette.","Распылите на пульсирующие зоны: запястья, шею, за ушами и внутреннюю сторону локтя. Избегайте контакта с одеждой. Для повышения стойкости рекомендуем наносить на хорошо увлажненную кожу.",Франция,12
234,2026-10-01T08:46:03.474366,20261001_080712_1756e2c0,26774200002,parfjumerija/nishevaja-parfjumerija,Mancera,HOLIDAYS,Нет категории,9570.0,9570.0,0.0,1,4.8,https://goldapple.ru/26774200002-holidays/,https://goldapple.ru/parfjumerija/nishevaja-parfjumerija?p=12,"Что может быть лучше чем путешествие на Кипр где калабрийский искрящийся бергамот в дуэте с танцующим кокосом приобретают прохладу морского бриза таитянской гардении и солнечного иланг-иланга, а молочный аккорд майсурского сандала и кокетливой ванили с Мадагаскара попадут в чувственные объятья белого мускуса.",Не указано,Франция,12
235,2026-10-01T08:46:12.747622,20261001_080712_1756e2c0,19000200197,parfjumerija/nishevaja-parfjumerija,Neydo,Mossland 12.09,Парфюмерная вода,5715.0,5715.0,0.0,1,4.5,https://goldapple.ru/19000200197-mossland-12-09/,https://goldapple.ru/parfjumerija/nishevaja-parfjumerija?p=12,"Сон Роберто о затерявшемся в заколдованных лесах страннике. Его окружают огромные кедры и кипарисы, воздух хрустально чист, а солнечные лучи, пронизывающие густую чащу, указывают путь. Аромат-приключение, в котором запах можжевельника и ветивера оттеняют цветочные ноты гвоздики и пряных специй. Roberto, 12.09 В ушах свистит ветер, кожу обжигает холод. Да ладно! Я лечу?! И… абсолютно голый? От неожиданности и смущения перехватывает дыхание, но мысль работает четко. Нужно собраться, сконцентрироваться, приземлиться. Стремительно несусь через облака: одно, второе, третье, – и вдруг все замедляется. Бешеный стук сердца успокаивается, я почти теряю сознание. Окончательно провалиться в темноту не дает шорох листвы. Очнувшись, понимаю, что уже планирую над тропическим лесом. Уфф! Опускаюсь на землю. Осматриваюсь. Надо мной высоченные белые кедры и кипарисы. Перевожу дыхание. Как же хорошо стоять ногами на земле! Но мне холодно, нужно найти хоть что-то, чем можно прикрыться. Иду. Лес. Запахи. Вдруг – поляна, покрытая серебристым мхом, мягким и теплым. Срываю покров и заворачиваюсь в него, как в мантию. Мне тепло, и я чувствую, что я принц этой чащи! Скручиваю себе подобие короны из можжевельника и ветивера. Пью нектар цветов, взлетаю на любое дерево. Я эльф? Не знаю, но теперь это мой дом. Не будите меня! Страна происхождения товара может отличаться (Республика Корея/Франция).","Распылите на пульсирующие зоны: запястья, шею, за ушами и внутреннюю сторону локтя. Избегайте контакта с одеждой. Для повышения стойкости рекомендуем наносить на хорошо увлажненную кожу.",Франция,12
236,2026-10-01T08:46:20.617005,20261001_080712_1756e2c0,99000034272,parfjumerija/nishevaja-parfjumerija,BOIS 1920,ORO NERO,Парфюмерная вода,41400.0,41400.0,0.0,1,0.0,https://goldapple.ru/99000034272-oro-nero/,https://goldapple.ru/parfjumerija/nishevaja-parfjumerija?p=12,"Сильный и мягкий, яркий и утонченный, характерный, смелый и сдержанный одновременно, Oro Nero ""играет"" на контрастах. Жаркое дыхание шафрана и охлажадющая свежесть бергамота, мягкий сливочный сандал и колкая гвоздика, грубая кожа и бархатистая ваниль воплощают единство, гармонию и уникальную красоту звучания ярко-контрастных ароматов.","Распылите с расстояния 20–25 см, избегая попадания на одежду.",Италия,12
237,2026-10-01T08:46:29.074540,20261001_080712_1756e2c0,26721600002,parfjumerija/nishevaja-parfjumerija,Kilian Paris,Rolling in love,Парфюмерная вода,32580.0,32580.0,0.0,1,4.9,https://goldapple.ru/26721600002-rolling-in-love/,https://goldapple.ru/parfjumerija/nishevaja-parfjumerija?p=12,"ROLLING IN LOVE — это мускусный аромат, сидящий близко к коже и посвященный чувству влюбленности без памяти. При совместной работе с Паскалем Горином (Pascal Gaurin) Килиан Хеннесси использовал совершенно иной подход к сочетанию нот, видоизменяя свой стиль. ROLLING IN LOVE более прямолинеен и менее многогранен, чем предыдущие ароматы. Он почти монохромен и посвящен одной единственной эмоции. Действительно, ему хотелось сделать ROLLING IN LOVE «белым» ароматом, накладывая различные текстуры на базу из шлейфа с нотами семян амбретты, миндального молока, ириса, фрезии и мускуса. Аромат окутывает влюбленных, словно накрывая их нежной вуалью с нотами абсолюта семян амбретты и аккордом миндального молока. Роскошный аккорд с притягательными чувственными средними нотами конкрета ириса и фрезии заставляют пережить настоящий экстаз. Абсолют бобов тонка, чистый экстракт ванили и абсолют туберозы легко ложатся на кожу в сопровождении незабываемых нот мускуса, переплетающихся со сладкими нотами, в которых уже не различить ни начала, ни конца. Бренд официально переводит аромат «Rolling In Love By Kilian» из красного флакона в культовый белый флакон Kilian Paris. Новые белые флаконы содержат тот же аромат, что и красные. Это решение является исключительно переупаковкой продукта и не влияет на его формулу.",Не указано,Франция,12
238,2026-10-01T08:46:38.556621,20261001_080712_1756e2c0,19000186471,parfjumerija/nishevaja-parfjumerija,L'atelier parfum,Green crush,Парфюмерная вода,11343.0,11343.0,0.0,1,4.5,https://goldapple.ru/19000186471-green-crush/,https://goldapple.ru/parfjumerija/nishevaja-parfjumerija?p=12,"Насыщенный зеленый аромат L’ATELIER PARFUM заряжает энергией и заставляет желать большего. Яркая смесь измельченных листьев и трав, дополненная благородным звучанием кедра и обволакивающей нежностью мускуса, окутывает бодрящей свежестью. Натуральная композиция передает природный, интенсивный аромат листвы, растертой в ладонях, а искрящаяся нота цитрона усиливает свежее звучание мяты, базилика и вербены. Парфюмер – Sidonie Lancesseur.",Только для наружного применения.,Франция,12
239,2026-10-01T08:46:45.975304,20261001_080712_1756e2c0,19000225097,parfjumerija/nishevaja-parfjumerija,Byredo,Animalique,Парфюмерная вода,20295.0,20295.0,0.0,1,4.9,https://goldapple.ru/19000225097/,https://goldapple.ru/parfjumerija/nishevaja-parfjumerija?p=12,"Человек способен быть многоликим. Каждый из нас сочетает в себе множество тайных и явных «я»: Animalique — это аромат для всех наших субличностей, посвященный свободе перевоплощения. Этот ослепительно многослойный аромат постепенно трансформируется, переходя от сверкающих цитрусовых верхних нот к теплым, чувственным цветочным оттенкам, а затем окончательно и бесповоротно погружает вас в животную атмосферу нот замши, амбры и листьев табака. Он помогает нам разглядеть в себе внутреннего дикого зверя и как бы подключает нас к источнику первозданных эмоций, общему для всего человечества: он разблокирует первобытные инстинкты. И тогда разрушаются комплексы, реальность и фантазии сливаются воедино, и из этого синтеза в нас рождается восхитительное и незнакомое мифическое существо.",Нанести на пульсирующие точки,Франция,12
240,2026-10-01T08:46:55.047874,20261001_080712_1756e2c0,19000014638,parfjumerija/nishevaja-parfjumerija,Kilian Paris,Apple Brandy On The Rocks,Парфюмерная вода,31680.0,31680.0,0.0,1,4.7,https://goldapple.ru/19000014638-apple-brandy-on-the-rocks/,https://goldapple.ru/parfjumerija/nishevaja-parfjumerija?p=12,"Источник вдохновения Килиана Хеннесси. KILIAN PARIS, черпая вдохновение в атмосфере Нью-Йорка, представляет свое новое дополнение к коллекции ароматов The Liquors — Apple Brandy – On the Rocks, незаменимый элемент предстоящих вечеринок. Apple Brandy, New York изначально был создан совместно с парфюмером Сидони Лансессер 8 лет тому назад по случаю открытия флагманского бутика KILIAN PARIS в Нью-Йорке. Аромат. Легендарный аромат вернулся, сохранив в себе оригинальную эссенцию яблочного дистиллята, дополненную на этот раз уникальным штрихом в виде фирменного аккорда «on the rocks» парфюмерного дома KILIAN PARIS, порождающего чувство леденящего наслаждения. Яркий и волнующий аккорд из смеси бергамота, ананаса и кардамона освежает оригинальный вариант, привнося в него новое современное звучание. Флаконы ароматов коллекции THE LIQUORS похожи на хрустальные бокалы эпохи ар-деко и вызывают ассоциации с интерьерами фешенебельных баров. Пополняемый флакон искусно изготовлен из стекла с узором. Геометрические линии складываются в один из самых выразительных символов парфюмерного дома - букву ""К"". На крышке выгравивораны те же узоры, в качестве материала выбрана смола, обладающая такой же текстурой и прозрачностью, что и стекло флаконов. При этом она прочнее стекла, что делает ее долговечной. Название аромата нанесено методом трафаретной печати на металлическую пластину в форме ромба. Эти детали являются гарантией роскоши продуктов KILIAN PARIS, а настоящая роскошь не эфемерна, а существует вне времени. Поэтому флаконы коллекции можно пополнять бесконечное число раз.","Нанесите аромат на запястья, шею и точки пульса на очищенную и увлажненную кожу, чтобы он раскрылся от тепла тела и остался с вами до самого вечера. Не растирайте.",Франция,12
241,2026-10-01T08:47:20.223469,20261001_080712_1756e2c0,19000501716,parfjumerija/nishevaja-parfjumerija,Vilhelm Parfumerie,Dear Lord,Парфюмерная вода,14437.0,14437.0,0.0,1,4.9,https://goldapple.ru/19000501716-vilhelm-parfumerie-dear-lord/,https://goldapple.ru/parfjumerija/nishevaja-parfjumerija?p=13,"Встречайте новый аромат Vilhelm Parfumerie — Dear Lord. Аромат звучит как ответ на любовное письмо, как невидимая нить, соединяющая два сердца. Если легендарный аромат Dear Polly воплощает нежность, то Dear Lord раскрывает иную грань близости — притяжение, сдержанность и благородство. Изысканный союз бергамота, пало санто и сандала придаёт композиции свежесть, глубину и утонченное звучание. Как чистота жеста и свежесть мысли, легкая горечь папируса в сердце сплетается с яркой чувственностью сандала. Тёмная древесная ваниль в базовых нотах оттеняется соблазнительной экзотикой пало-санто, завершая полный красоты и благородства образ.",Нанести на пульсирующие точки.,Франция,13
242,2026-10-01T08:47:28.116082,20261001_080712_1756e2c0,19000365677,parfjumerija/nishevaja-parfjumerija,Histoires de Parfums,This is not a blue bottle 1/.6,Парфюмерная вода,18905.0,18905.0,0.0,1,4.5,https://goldapple.ru/19000365677-this-is-not-a-blue-bottle-1-6/,https://goldapple.ru/parfjumerija/nishevaja-parfjumerija?p=13,"Аромат 1/.6 продолжает серию this is not a blue bottle пробуждением самой непередаваемой и могущественной энергии из всех: Любви. Парфюм вдохновлен любовной поэмой «Земля голубая, будто апельсин» (""The Earth is Blue Like an Orange""), написанной Полем Элюаром для Галы, которая стала возлюбленной Сальвадора Дали. 1/.6 использует сюрреалистический подход, чтобы нарисовать картину легкого и счастливого чувства. Начинаясь с искрящихся цитрусовых нот, аромат вызывает образ неувядающей любви, в то время как сердце духов из оттенков белых цветов апельсина и жасмина намекает на ее чистоту. Сочный пыл апельсина, который вы откусываете, тела, обвитые белыми цветами и мускусами, 1/.6 – аромат страсти, которая проливает свет на день, пробуждает ваши чувства и открывает мир возможностей.","Распыляйте с расстояния 20-25 см. Не наносите на одежду, не используйте при нахождении на солнце.",Франция,13
243,2026-10-01T08:47:35.906547,20261001_080712_1756e2c0,19000148357,parfjumerija/nishevaja-parfjumerija,ESSENTIAL PARFUMS PARIS,Nice bergamote refillable,Нет категории,10053.0,10053.0,0.0,1,4.5,https://goldapple.ru/19000148357-nice-bergamote-by-antoine-maisondieu/,https://goldapple.ru/parfjumerija/nishevaja-parfjumerija?p=13,"Парфюмер – Antoine Maisondieu. «Я посвятил этот аромат аристократической красоте калабрийского бергамота. Лепестки жасмина и древесные ноты сделали эту красоту ещё более возвышенной, а бобы тонка смягчили парфюмерную композицию». Nice Bergamote – это игривый и солнечный аромат. Натуральный бергамот из Калабрии поражает яркостью, словно вспышка, и переплетается с цветочным аккордом, объединившим ноты иланг-иланга с Коморских островов, лепестков розы и жасмина. Изысканный кедр формирует тёплую базу, смягченную бобами тонка из Венесуэлы. Создатели парфюмерной воды ESSENTIAL PARFUMS выбирают натуральные, экологически чистые материалы и стремятся снизить воздействие на окружающую среду. Компания участвует в программе посадки деревьев на Коморских островах, где получает иланг-иланг, а в Венесуэле, поставляющей бобы тонка, соблюдает соглашение о защите местной фауны и поддерживает местные общины. Флакон парфюмерной воды подходит для многоразового использования, и его можно пополнять из рефила. В интернет-магазине представлен актуальный дизайн продукта. Обращаем внимание, возможно поступление товара в старом дизайне.","1. Снимите крышку с флакона, открутите и вытащите помпу. 2. Прикрутите рефил до конца. Пополнение прекращается автоматически. 3. Прикрутите помпу обратно на флакон и наденьте крышку",Франция,13
244,2026-10-01T08:47:46.121607,20261001_080712_1756e2c0,26830800001,parfjumerija/nishevaja-parfjumerija,Mark Buxton,A day in my life,Нет категории,14600.0,14600.0,0.0,1,4.7,https://goldapple.ru/26830800001-a-day-in-my-life/,https://goldapple.ru/parfjumerija/nishevaja-parfjumerija?p=13,"Идеальный момент, чтобы создать свою розу! Королева цветов… Не обычная роза, а роза из космоса, уникальная, сложная, удивительная, современная, чувственная и глубокая. Хорошо знакомый цветок, показанный в новом контексте.  Вечная роза – для вас! A day in my life – исполнение мечты о создании безупречной розы, попытка бережно выбрать и объединить тонкости и лучшие черты цветка с неповторимым ароматом. Верхние ноты: розовый перец, мандарин, масло розы Ноты сердца: элеми, ландыш, абсолют розы Базовые ноты: абсолют цистуса, пачули, сандал, роза",Не указано,Франция,13
245,2026-10-01T08:47:54.540404,20261001_080712_1756e2c0,26550200008,parfjumerija/nishevaja-parfjumerija,Etat Libre d’Orange,HERMANN A MES COTES ME PARAISSAIT UNE OMBRE,Парфюмерная вода,15105.0,15105.0,0.0,1,4.8,https://goldapple.ru/26550200008-hermann-a-mes-cotes-me-paraissait-une-ombre/,https://goldapple.ru/parfjumerija/nishevaja-parfjumerija?p=13,"Кто едет рядом с тобой в лесу самой темной ночью? В поэме Виктора Гюго «À quoi songeaient les deux cavaliers dans la forêt» (О чем два всадника думали в лесу), рассказчик говорит: «Герман казался мне тенью». У всех нас есть тень, даже ночью в темном лесу. Вы можете звать свою тень другим именем: ваш невидимый друг. Ваша совесть, ваша душа, может быть, даже ваше второе я. У вашей тени может быть имя, например, Герман. Или вашей тенью могут быть ваши духи. Это ваш спутник. Вы можете спорить со своим спутником, вы можете соперничать со своим спутником, вы можете испытать границы своих собственных принципов. Вы можете обсуждать самые тонкие аспекты бытия. Но вы не можете лишиться этого спутника. Это ваша альтернативная личность. Вы идете по жизни и обдумываете значение этого, вы задаете вопросы, на которые нет ответа. Когда неопределенность будет переполнять вас, посмотрите на свою тень. Возможно, вы получите ответ. Возможно нет. Но, по крайней мере, у вас будет интересный разговор.","Распылите на пульсирующие зоны: запястья, шею, за ушами и внутреннюю сторону локтя. Избегайте контакта с одеждой. Для повышения стойкости рекомендуем наносить на хорошо увлажненную кожу.",Франция,13
246,2026-10-01T08:48:02.336554,20261001_080712_1756e2c0,19000336553,parfjumerija/nishevaja-parfjumerija,RicHarD maison de parfum,CHAMPAGNE KISS,Парфюмерная вода,13515.0,13515.0,0.0,1,4.8,https://goldapple.ru/19000336553-champagne-kiss/,https://goldapple.ru/parfjumerija/nishevaja-parfjumerija?p=13,"Champagne Kiss — воплощение первого поцелуя, нежного, чувственного и незабываемого. Запах свежего шампанского смешивается с нотами сладких ягод, созвучными с аккордами цветущих садов, создавая атмосферу влюбленности и волнения. Аромат возбуждения, страсти и нежности, оставляющий незабываемые воспоминания о ваших романтических моментах.","Распылите на пульсирующие зоны: запястья, шею, за ушами и внутреннюю сторону локтя. Избегайте контакта с одеждой. Для повышения стойкости рекомендуем наносить на хорошо увлажненную кожу.",Оаэ,13
247,2026-10-01T08:48:11.305308,20261001_080712_1756e2c0,99000034328,parfjumerija/nishevaja-parfjumerija,BOIS 1920,Oro 1920,Парфюмерная вода,26450.0,26450.0,0.0,1,0.0,https://goldapple.ru/99000034328-oro-1920/,https://goldapple.ru/parfjumerija/nishevaja-parfjumerija?p=13,"Изысканный, эксклюзивный золотой флакон заключает в себе драгоценный эликсир, покоряющим своим сложносочинённым и интеллектуальным звучанием. Всего несколько капель аромата, нанесенные на пульсирующие точки, творят чудеса, наделяя правом царить и властвовать в мире роскоши.","Распылите с расстояния 20–25 см, избегая попадания на одежду.",Италия,13
248,2026-10-01T08:48:19.790052,20261001_080712_1756e2c0,19000259588,parfjumerija/nishevaja-parfjumerija,Zielinski & Rozen,"Neroli, Patchouli, Honey, Amber",Духи концентрированные,2371.0,2371.0,0.0,1,4.7,https://goldapple.ru/19000259588-neroli-patchouli-honey-amber/,https://goldapple.ru/parfjumerija/nishevaja-parfjumerija?p=13,"Аромат категории унисекс. Долго сохраняется на коже, оставляя легкий шлейф.",Спрей. Распылять на кожу с расстояния 30 см. Для усиления стойкости аромата наносить на разогретое или влажное тело.,Россия,13
249,2026-10-01T08:48:29.466684,20261001_080712_1756e2c0,26800600002,parfjumerija/nishevaja-parfjumerija,Maison Francis Kurkdjian,Amyris Homme,Туалетная вода,21400.0,21400.0,0.0,1,4.9,https://goldapple.ru/26800600002-amyris-homme/,https://goldapple.ru/parfjumerija/nishevaja-parfjumerija?p=13,"Туалетная вода для мужчин Amyris - это мужской взгляд на блестящую пару парфюмерных экстрактов амириса и ириса. Одновременно свежий и древесный, этот аромат погружает вас в вихрь ароматов с нотами мандарина и розмарина, согретых аккордом абсолю из бобов тонка.  Туалетная вода Amyris для мужчин -это захватывающий и искрящийся аромат.","Нанести аромат на запястья, шею и точки пульса.",Франция,13
250,2026-10-01T08:48:39.804156,20261001_080712_1756e2c0,19000148353,parfjumerija/nishevaja-parfjumerija,ESSENTIAL PARFUMS PARIS,BOIS IMPERIAL refillable,Парфюмерная вода,10053.0,10053.0,0.0,1,4.8,https://goldapple.ru/19000148353-bois-imperial-by-quentin-bisch/,https://goldapple.ru/parfjumerija/nishevaja-parfjumerija?p=13,"Парфюмер – Quentin Bisch. «Центром созданного мной аромата стала необыкновенная и редкая нота – акигалавуд. Эта уникальная древесная нота, украшенная свежими специями, играет на контрастах». Чувственный и свежий аромат ESSENTIAL PARFUMS с древесными, пряными и зелеными аккордами дополняют насыщенный гаитянский ветивер, пачули и нота Ambrofix со стойким звучанием амбры. Свежие листья базилика сочетаются с игривым ароматом перца Тимут, который раскрывает не только острую грань, но и свежую ноту, напоминающую грейпфрут. В составе парфюмерной воды – 93% натуральных ингредиентов. Создатели ароматов ESSENTIAL PARFUMS выбирают натуральные, экологически чистые материалы и стремятся снизить воздействие на окружающую среду. Флакон парфюмерной воды подходит для многоразового использования, и его можно пополнять из рефила. В интернет-магазине представлен актуальный дизайн продукта. Обращаем внимание, возможно поступление товара в старом дизайне.",Только для наружного применения.,Франция,13
251,2026-10-01T08:48:48.788869,20261001_080712_1756e2c0,27381300009,parfjumerija/nishevaja-parfjumerija,Xerjoff,Erba Pura,Парфюмерная вода,15510.0,15510.0,0.0,1,4.7,https://goldapple.ru/27381300009-erba-pura/,https://goldapple.ru/parfjumerija/nishevaja-parfjumerija?p=13,"Сердце аромата содержат уникальную молекулу, получаемую из редкого индийского растения. Благодаря особому методу получения, который в Индии называется “Pura”, эта фруктово-цветочная композиция имеет бархатистый шлейф и феноменальную стойкость.",Нанести на пульсирующие точки,Франция,13
252,2026-10-01T08:48:57.607672,20261001_080712_1756e2c0,19000333247,parfjumerija/nishevaja-parfjumerija,Comptoir Sud Pacifique,Lime Tropical,Туалетная вода,11636.0,11636.0,0.0,1,4.3,https://goldapple.ru/19000333247-lime-tropical/,https://goldapple.ru/parfjumerija/nishevaja-parfjumerija?p=13,"На окраине острова в Южной части Тихого океана лимонная роща источает свои чарующие ароматы среди пышных джунглей. Туалетная вода Lime Tropical из коллекции Jardins Pop представляет аромат, ольфакторная композиция которого раскрывается зелеными нотами цитрусовых, древесины, специй и ароматических трав. Пикантная живость цитрусовых с лаймом в качестве основной ноты, сопровождаемая оттенками цитрона и цедры грейпфрута, сочетается с ароматическими эссенциями вербены и эстрагона и пряной свежестью кардамона. В базе древесные нюансы кедра и гваякового дерева сливаются с дубовым мхом, оставляя элегантный и мощный шлейф.",Только для наружного применения.,Франция,13
253,2026-10-01T08:49:07.736857,20261001_080712_1756e2c0,19000180347,parfjumerija/nishevaja-parfjumerija,Zielinski & Rozen,"Grapefruit, Patchouli, White Rose",Нет категории,2790.0,2790.0,0.0,1,4.7,https://goldapple.ru/19000180347-grapefruit-patchouli-white-rose/,https://goldapple.ru/parfjumerija/nishevaja-parfjumerija?p=13,"Я хочу, чтобы парфюм трогал до глубины души, говорил о личности и отражал ее уникальность. Эрез Розен Замысловатая ольфакторная книга, сюжет которой раскрывается новыми гранями на каждом человеке. Необычные сочетания нот и оригинальное построение аккордов подчеркивают индивидуальность и раскрывают суть ярче любых слов. Все ароматы Zielinski&Rozen категории унисекс.",Наносите парфюм по обе стороны плеч или распылите впереди себя и войдите в «облако» аромата.,Россия,13
254,2026-10-01T08:49:16.322474,20261001_080712_1756e2c0,26550200022,parfjumerija/nishevaja-parfjumerija,Etat Libre d’Orange,EXPERIMENTUM CRUCIS,Нет категории,22705.0,22705.0,0.0,1,5.0,https://goldapple.ru/26550200022-experimentum-crucis/,https://goldapple.ru/parfjumerija/nishevaja-parfjumerija?p=13,"По легенде, закон всемирного тяготения был открыт, когда яблоко упало на голову Ньютона. Но что, если представить другую сцену — Ньютон дремлет под розовым кустом, и вместо яблока на его голову падает ароматный бутон. Почувствовал бы он его? Уткнулся бы лицом в самое сердце цветка? И как бы это повлияло на его теорию? Этот шипровый аромат очень точен и прямолинеен. Вдохновленный ключевым опытом Ньютона, EXPERIMENTUM CRUCIS внезапно сваливается на вас и никогда не покидает. Акигалавуд, пачули и розы в меду.","Распылите на пульсирующие зоны: запястья, шею, за ушами и внутреннюю сторону локтя. Избегайте контакта с одеждой. Для повышения стойкости рекомендуем наносить на хорошо увлажненную кожу.",Франция,13
255,2026-10-01T08:49:25.343618,20261001_080712_1756e2c0,19000092358,parfjumerija/nishevaja-parfjumerija,ESSENTIAL PARFUMS PARIS,BOIS IMPERIAL by Quentin Bisch,Парфюмированное жидкое мыло для рук и тела,3087.0,3087.0,0.0,1,4.4,https://goldapple.ru/19000092358-bois-imperial-by-quentin-bisch/,https://goldapple.ru/parfjumerija/nishevaja-parfjumerija?p=13,"Парфюмированное жидкое мыло ESSENTIAL PARFUMS PARIS мягко очищает руки и кожу тела, оставляя изысканный аромат. Средство с растительным глицерином питает кожу и не вызывает сухости после очищения. Экологичная и мягкая формула, подходящая даже для чувствительной кожи, на 98% состоит из натуральных ингредиентов. Центром парфюмерной композиции стала необыкновенная и редкая нота – акигалавуд. Чувственный и свежий аромат с древесными, пряными и зелеными аккордами дополняют насыщенный гаитянский ветивер, пачули и нота Ambrofix со стойким звучанием амбры.","нанесите на влажную кожу рук, вспеньте, затем смойте водой. Используйте в качестве геля для душа для очищения кожи тела.",Франция,13
256,2026-10-01T08:49:32.935475,20261001_080712_1756e2c0,19000258943,parfjumerija/nishevaja-parfjumerija,VCANTO,B.B.,Духи,26006.0,26006.0,0.0,1,0.0,https://goldapple.ru/19000258943-b-b/,https://goldapple.ru/parfjumerija/nishevaja-parfjumerija?p=13,"Парфюмерное творение В.В. вдохновлено поэтом, художником-эклектиком и меценатом Басинио Базини. Великий правитель замка Градара, Сигизмондо Пандольфо Малатеста, был также почитателем новой культуры, щедро заказывал многих художников, требуя взамен безоговорочной поддержки власти. Можно определить это новое искусство как предшественника современных средств массовой информации, а Басино первым авторитетом мнений. B.B. открывается искрящимся восторгом ценных цитрусовых Италии из бергамота, горького апельсина и лимона, в окружении волнующего аромата болгарской розы. Начальные ноты соблазнительно звучат на фоне специй и цветов-афродизиаков, где можно ощутить силу розового перца и египетского тмина, окутанного эротически вдохновляющей вуалью филиппинского иланг-иланга, белого лотоса с Канарских островов и свежестью лаванды. В шлейфе преобладают австралийский сандал и береза из итальянского региона Романья в окружении таинственной смеси мирры, дубового мха и мускуса.",Средство предназначено для наружного применения с целью придания приятного аромата. Нанести аромат на кожу.,Италия,13
257,2026-10-01T08:49:43.258584,20261001_080712_1756e2c0,19000345270,parfjumerija/nishevaja-parfjumerija,Zielinski & Rozen,Powder,Твердое мыло,890.0,890.0,0.0,1,4.9,https://goldapple.ru/19000345270-powder/,https://goldapple.ru/parfjumerija/nishevaja-parfjumerija?p=13,"Мягко и эффективно очищает кожу от жира и других видов загрязнений. Подходит для ежедневного умывания, мытья рук и тела.",Вспенить мыло в руках. Тщательно смыть теплой водой. Хранить в сухом месте при комнатной температуре.,Россия,13
258,2026-10-01T08:49:52.127586,20261001_080712_1756e2c0,19000148355,parfjumerija/nishevaja-parfjumerija,ESSENTIAL PARFUMS PARIS,FIG INFUSION refillable,Парфюмерная вода,10053.0,10053.0,0.0,1,4.5,https://goldapple.ru/19000148355-fig-infusion/,https://goldapple.ru/parfjumerija/nishevaja-parfjumerija?p=13,"Парфюмер – Nathalie Lorson. «Я представляла себе искрящийся и светлый аромат, посвященный удовольствиям и радостям жизни. Мне хотелось создать композицию, которая вызовет ассоциации с послеобеденным отдыхом в уютном фруктовом саду и сладкой дремой в тени смоковницы». Успокаивающая композиция от ESSENTIAL PARFUMS PARIS построена вокруг ноты инжира, объединившей фруктовые, сливочные и зеленые оттенки. Сочность свежего фрукта подчеркивают итальянский мандарин, яркая нота черного чая и апельсиновый цвет. Тёплая нота сандала делает композицию более насыщенной, а бензоин, аромат которого напоминает сочетание ванили, амбры и корицы, придаёт изысканную сладость. Создатели парфюмерной воды ESSENTIAL PARFUMS PARIS выбирают натуральные, экологически чистые материалы и стремятся снизить воздействие на окружающую среду. Для производства аромата использовались натуральные цветы апельсина из Туниса, бензоин из Вьетнама и черный чай со Шри-Ланки. Флакон парфюмерной воды подходит для многоразового использования, и его можно пополнять из рефила. В интернет-магазине представлен актуальный дизайн продукта. Обращаем внимание, возможно поступление товара в старом дизайне.","1. Снимите крышку с флакона, открутите и вытащите помпу. 2. Прикрутите рефил до конца. Пополнение прекращается автоматически. 3. Прикрутите помпу обратно на флакон и наденьте крышку",Франция,13
259,2026-10-01T08:50:00.808055,20261001_080712_1756e2c0,19000470801,parfjumerija/nishevaja-parfjumerija,Tiziana Terenzi,Kirke'  Overdose,Экстракт,27300.0,27300.0,0.0,1,5.0,https://goldapple.ru/19000470801-kirke-overdose/,https://goldapple.ru/parfjumerija/nishevaja-parfjumerija?p=13,"Смелый импульс тропических фруктов открывает историю и задаёт уверенный ритм. Юбилейный экстракт 2025 года от Tiziana Terenzi создан в честь десятилетия культового Kirkè и воплощает союз мифа и роскоши, вдохновлённый образом Цирцеи. Яркие ноты маракуйи, персика и малины раскрываются в компании изящной болгарской розы, уступая место сердцу из черной смородины, гардении, ландыша и жасмина самбак с мягким аккордом тёплого песка. Финал — чувственный и густой: мускус, бурбонская ваниль, австралийский сандал, индийские пачули, серая амбра и гелиотроп создают шлейф, который невозможно забыть. Флакон в золотом оформлении отражает философию коллекции Classic Gold — силу, красоту и уверенность аромата.","Нанесите небольшое количество на пульсирующие зоны, такие как запястья, шея, за ушами и внутренняя сторона локтя. Не наносите на одежду, чтобы избежать пятен.",Италия,13
260,2026-10-01T08:50:10.763501,20261001_080712_1756e2c0,19000374047,parfjumerija/nishevaja-parfjumerija,Xerjoff,Torino 24,Парфюмерная вода,20663.0,20663.0,0.0,1,4.9,https://goldapple.ru/19000374047-torino24/,https://goldapple.ru/parfjumerija/nishevaja-parfjumerija?p=13,"Ты выходишь на залитый солнцем корт, в лицо дует лёгкий прохладный ветер, где-то вдалеке звучит взмах ракетки. Воздух наполнен движением, лёгким шумом шагов, звонким смехом — пульс Турина, только в новом ритме. Torino 24 начинается с всплеска цитрусов и спелых фруктов, плавно переходя в нежное цветочное сердце. Апельсиновый цвет и розовый лотос переплетаются с мягким теплом стиракса, а в шлейфе остаются мох, белый мускус и бархатистый пачули. Выпущен Xerjoff в 2024 году — аромат для весеннего утра и прохладных вечерних прогулок.","Распылите на пульсирующие зоны, такие как запястья, шея, за ушами и внутренняя сторона локтя. Избегайте контакта с одеждой, чтобы сохранить качество аромата.",Италия,13
261,2026-10-01T08:50:39.715283,20261001_080712_1756e2c0,19760311088,parfjumerija/nishevaja-parfjumerija,BOUGE,LURE,Парфюмерная вода,16830.0,16830.0,0.0,1,2.0,https://goldapple.ru/19760311088-lure/,https://goldapple.ru/parfjumerija/nishevaja-parfjumerija?p=14,"Роскошное декольте, головокружительно длинные ноги. Она - соблазн. Она - обещание. Она - обман. Я это точно знаю. Но. Романтическое ощущение безнадежно влюбиться уже живёт в сердце.",Не указано,Франция,14
262,2026-10-01T08:50:49.200351,20261001_080712_1756e2c0,19760305889,parfjumerija/nishevaja-parfjumerija,Vilhelm Parfumerie,BASILICO & FELLINI,Парфюмерная вода,14437.0,14437.0,0.0,1,4.7,https://goldapple.ru/19760305889-basilico-fellini/,https://goldapple.ru/parfjumerija/nishevaja-parfjumerija?p=14,"Фредерико Феллини был одним из самых знаменитых и гениальных режиссеров XX века. Его великие фильмы всегда восхищали создателя Vilhelm Parfumerie Яна Альгрена, служили для парфюмера неиссякаемым источником вдохновения. Гурман Феллини прекрасно разбирался во всех удовольствиях, которые можно было взять у жизни, ходили слухи, что ему специально составляли меню из блюд – афродизиаков, причем он требовал, чтобы в них всегда было много свежей зелени. Он черпал вдохновение из самых простых вещей, которые окружают нас – еды, смеха, солнца.",Не указано,Франция,14
263,2026-10-01T08:50:59.354458,20261001_080712_1756e2c0,19000301044,parfjumerija/nishevaja-parfjumerija,Neydo,Alien Fruit 30.03,Нет категории,5715.0,5715.0,0.0,1,4.7,https://goldapple.ru/19000301044-alien-fruit-30-03/,https://goldapple.ru/parfjumerija/nishevaja-parfjumerija?p=14,"Аромат Alien Fruit 30.03 - сон Франчески о роскошном тропическом курорте, настоящем фруктовом рае, где смешиваются ароматы юзу, гуавы и граната, и появляется инопланетный фрукт! Неземной, головокружительно яркий и сочный ягодно-фруктовый аромат! Francesca, 30.03 Жаркое, солнечное утро, и вечеринка у бассейна продолжается. Кругом мелькают яркие бикини, тропические цветы, и летят брызги игристого. Звучит речь самых разных языков мира, смешиваясь с музыкой. Прямо в бассейне плавают разнообразные плоды и ягоды, наполняя воздух фруктовым миксом. Торопливо снуют официанты, балансируя подносами и стараясь донести еще прохладные лакомства. Витают запахи тропических коктейлей, свежих, только что нарезанных фруктов и сорбетов из юдзу. Решаю, что пора остыть, и беру со столика ломтик арбуза. Какой же он ледяной и сочный! По моей руке стекает сладкий сок лета, оставляя бледные капли на одежде. Два парня, стоящие рядом, начинают смеяться вместе со мной. Они с аппетитом едят необычные фрукты лаймово-желтого, почти неонового цвета, похожие на карамболу. Ребята протягивают мне салфетки, и я начинаю благодарить их на всех знакомых языках: Grazie, Merci, Danke, Gracias! Но с каждым словом они все больше начинают хихикать и шептаться между собой на языке, который я никогда не слышала. Вытирая пятна от арбуза, я спешно пытаюсь выяснить, откуда они. Понимающе кивая, они указывают на небо, внезапно ставшее ярко-розовым. Я опускаю взгляд, но рядом уже никого нет, только два необыкновенных фрукта. Я беру один, подношу к солнцу, и весь мир вдруг становится неоново-желтым. Страна происхождения товара может отличаться (Республика Корея/Франция).","Распылите на пульсирующие зоны: запястья, шею, за ушами и внутреннюю сторону локтя. Избегайте контакта с одеждой. Для повышения стойкости рекомендуем наносить на хорошо увлажненную кожу.",Франция,14
264,2026-10-01T08:51:07.968961,20261001_080712_1756e2c0,19760332184,parfjumerija/nishevaja-parfjumerija,Vilhelm Parfumerie,DEAR POLLY,Нет категории,8250.0,8250.0,0.0,1,4.8,https://goldapple.ru/19760332184-dear-polly/,https://goldapple.ru/parfjumerija/nishevaja-parfjumerija?p=14,"Расстояние ничего не значит для любящих сердец. Аромат черного чая, заваренного именно так, как она любит, утренние солнечные лучи, медленно рассеивающие темноту ночи, которая всё еще держит вас в своих объятиях. Черный цейлонский чай наполняет теплом, а чувственный мускус медленно тает на коже.",Не указано,Франция,14
265,2026-10-01T08:51:16.198567,20261001_080712_1756e2c0,19000439446,parfjumerija/nishevaja-parfjumerija,Neydo,CHASING LIGHT 19.10,парфюмерная вода,1980.0,1980.0,0.0,1,4.1,https://goldapple.ru/19000439446-neydo/,https://goldapple.ru/parfjumerija/nishevaja-parfjumerija?p=14,"Аромат Chasing Light 19.10 — сон Питера о погоне за солнечным светом. Комната дышит теплом, в воздухе — прозрачная свежесть бергамота и нежная ваниль. Лёгкий шлейф орхидей сменяется мягкой амброй, мускусом и сладостью, похожей на золотой песок в лучах. Это аромат-свет, в котором хочется остаться. Piter, 19.10. Я оказываюсь в комнате, залитой мягким солнечным светом. Стены здесь дышат теплом — едва заметно, словно живые. Воздух пробуждает чувство уюта: он лёгкий, прозрачный, наполненный оттенками ванили и цитрусовой свежести. Под ногами поскрипывает деревянный пол — будто приглашает идти дальше. В углу — старинное, изысканное зеркало. В нём отражается девушка с сияющими волосами и неуловимой улыбкой. Я приближаюсь, но она исчезает, оставляя после себя лишь лёгкий шлейф орхидей, мягко оседающих на пол. Я тянусь к одному лепестку — и внезапно земля уходит из-под ног. Я утопаю в море света и песка, а песчинки сверкают в лучах, пока я проваливаюсь, словно невесомый. Она снова появляется и ускользает, как солнечный луч. «Поймай меня!» — кричит она. Я бросаюсь вперёд, но вместо её руки попадаю в жаркие объятия света. Всё исчезает. Я просыпаюсь с колотящимся сердцем и ощущением, будто воздух всё ещё мерцает ванилью.","Распылите на пульсирующие зоны: запястья, шею, за ушами и внутреннюю сторону локтя. Избегайте контакта с одеждой. Для повышения стойкости рекомендуем наносить на хорошо увлажненную кожу.",Франция,14
266,2026-10-01T08:51:26.755240,20261001_080712_1756e2c0,19000340602,parfjumerija/nishevaja-parfjumerija,Amouage,Guidance 46,Духи,67567.0,67567.0,0.0,1,4.8,https://goldapple.ru/19000340602-guidance-46/,https://goldapple.ru/parfjumerija/nishevaja-parfjumerija?p=14,"Увлекательный и завораживающий Guidance 46 Exceptional Extrait — это исследование света и тени, хрупкости и силы, утонченности и яркой выразительности — парадоксы, объединенные с непосредственностью, которая может быть достигнута только с помощью парфюмерного искусства.",Нанести на пульсирующие точки.,Оман,14
267,2026-10-01T08:51:37.449618,20261001_080712_1756e2c0,19000246361,parfjumerija/nishevaja-parfjumerija,ROSENDO MATEU,№3,Парфюмерная вода,17160.0,17160.0,0.0,1,0.0,https://goldapple.ru/19000246361-no-5/,https://goldapple.ru/parfjumerija/nishevaja-parfjumerija?p=14,"Благородный аромат, созданный на основе изысканного натурального ириса. Элегантный и чувственный благодаря ирису и жасмину, он в то же время обладает притягательным аккордом кашемировой амбры в сочетании с ванилью и тонка — прекрасно дополняя как женский, так и мужской образ. Великолепный аромат для него и для неё. Атмосфера испанского побережья. Цветущие сады Альгамбры, согретые весенним солнцем.",Нанести на пульсирующие точки.,Испания,14
268,2026-10-01T08:51:46.437843,20261001_080712_1756e2c0,19000258023,parfjumerija/nishevaja-parfjumerija,Initio Parfums Prives,narcotic delight,Парфюмерная вода,43350.0,43350.0,0.0,1,4.8,https://goldapple.ru/19000258023-narkoticeskoe-naslazdenie/,https://goldapple.ru/parfjumerija/nishevaja-parfjumerija?p=14,"Новый аромат Сarnal, воспламеняющий чувственность. Смелый. Вызывающий привыкание. Опьяняющий. Аромат позволяет прочувствовать новые переживания и получить новый опыт, которые одновременно доставляют глубокое удовольствие и влияют на сознание. Возбуждение чувств начинается с соблазнительного аромата ванили, наэлектризованного розовым перцем, предварительно фламбированными в коньяке, а затем одымленными вихрями сигарного табака. Дерзкий аккорд спелой сочной вишни потворствует самым будоражащим желаниям. INITIO - это не просто красивые ароматы. INITIO - это ЭКСПЕРИМЕНТЫ, смелые опыты… для раскрытия всех чувств. Что, если на этот раз вы не просто наблюдали, а были главным героем ?",Не указано,Франция,14
269,2026-10-01T08:51:55.364374,20261001_080712_1756e2c0,19000327876,parfjumerija/nishevaja-parfjumerija,FRANCK BOCLET,Eccentric,Парфюмерный экстракт,5865.0,5865.0,0.0,1,4.9,https://goldapple.ru/19000327876-eccentric/,https://goldapple.ru/parfjumerija/nishevaja-parfjumerija?p=14,"Чудить, чтоб не быть как все! Носить эксцентрик чувствовать себя счастливым и быть другим. Аромат начинается с веселых нот бергамота, мандарина и звездчатого аниса с игристым характером. В сердце - сочный вишневый бренди, смешанный с ирисом. сливочное сияние сладострастия. Наконец, непальский сандал, ваниль и мускус придает аромату округлость и чувственность. Эксцентрик – это элегантный, сливочный и гурманский аромат. Уникальный шлейф никого не оставит равнодушным. Эксцентричный и любопытный аромат.","Наносить на неповрежденные участки кожи, волос и одежду.",Франция,14
270,2026-10-01T08:52:07.163380,20261001_080712_1756e2c0,19000291064,parfjumerija/nishevaja-parfjumerija,State Of Mind,L'Ame Slave,Парфюмерная вода,15748.0,15748.0,0.0,1,4.7,https://goldapple.ru/19000291064-l-ame-slave/,https://goldapple.ru/parfjumerija/nishevaja-parfjumerija?p=14,"Древесный аромат L'Ame Slave – это воплощение таинственной, независимой и спонтанной славянской души. Глубокая композиция создана на основе нот бергамота и гевеи, к которым присоединяются василёк, степные травы, кедр и серёжки березы. Вдохновением для создания аромата стал Второй концерт для фортепиано с оркестром Сергея Рахманинова. Контрастный и чувственный L'Ame Slave потрясает и позволяет сердцу править, руководить разумом.",Только для наружного применения.,Франция,14
271,2026-10-01T08:52:17.456309,20261001_080712_1756e2c0,19000427582,parfjumerija/nishevaja-parfjumerija,Korloff Paris,Lady Blooming,Парфюмерная вода,6715.0,6715.0,0.0,1,4.7,https://goldapple.ru/19000427582-lady-blooming/,https://goldapple.ru/parfjumerija/nishevaja-parfjumerija?p=14,"Воплощение сияющей женственности. Вдохновленная нежным возрождением весны, Lady Blooming передает свежесть, грацию и лучезарное очарование женщины от Korloff. Нежная и яркая, она излучает легкую элегантность, излучая красоту, подобно бриллианту, сверкающему на свету. Отдавая дань силе и мягкости в идеальной гармонии, этот аромат - приглашение расцвести, принять жизнь и сиять неподвластным времени очарованием.","Наносить на неповрежденные участки кожи, волос и одежду.",Франция,14
272,2026-10-01T08:52:29.772361,20261001_080712_1756e2c0,99000034340,parfjumerija/nishevaja-parfjumerija,BOIS 1920,GIOCO ALL'ALBA,Парфюмерная вода,20700.0,20700.0,0.0,1,0.0,https://goldapple.ru/99000034340-gioco-all-alba/,https://goldapple.ru/parfjumerija/nishevaja-parfjumerija?p=14,"Яркий алкогольный аккорд виски слышен уже в самом начале композиции, что задает безмятежно-радостный тон настроения с Gioco All'alba. А последующие, невероятно контрастные и самобытные аккорды торфа, сахара и цветков драгоценной боронии, дарят незабываемые впечатления, и выводят ольфакторный опыт на новый уровень.","Распылите с расстояния 20–25 см, избегая попадания на одежду.",Италия,14
273,2026-10-01T08:52:38.349649,20261001_080712_1756e2c0,19000201896,parfjumerija/nishevaja-parfjumerija,Pantheon Roma,NOTTE D'AMORE,Нет категории,13000.0,13000.0,0.0,1,5.0,https://goldapple.ru/19000201896-notte-d-amore/,https://goldapple.ru/parfjumerija/nishevaja-parfjumerija?p=14,"В аромате звучат зеленые ноты и далекие оттенки цитрусовых. Только прелюдия к тому, что приходит вскоре после этого: микс гениального уда и амбры, которые почти сливаются с запахом кожи. Чтобы рассказать страсть, которая потребляется затем разрежать к небу и в воздухе. Свежие ноты
и страстные одновременно, а может и одно за другим.","Наносить на неповрежденные участки кожи, волос и одежду",Италия,14
274,2026-10-01T08:52:47.895290,20261001_080712_1756e2c0,19000232222,parfjumerija/nishevaja-parfjumerija,ESSENTIAL PARFUMS PARIS,Patchouli mania,Нет категории,4750.0,4750.0,0.0,1,4.7,https://goldapple.ru/19000232222-patchouli-mania/,https://goldapple.ru/parfjumerija/nishevaja-parfjumerija?p=14,"Рефил для пополняемого флакона парфюмерной воды ESSENTIAL PARFUMS PARIS PATCHOULI MANIA by Fabrice Pellegrin. Парфюмер — Фабрис Пеллегрин. «Я представлял себе чувственный пачули, одновременно глубокий, таинственный и вызывающий привыкание. В композиции есть баланс между насыщенностью пачули и пудровой сладостью какао». PATCHOULI MANIA — роскошное сочетание гурманских и пленительных нот, которое построено вокруг пачули. Нота лесного ореха точно воспроизводит сам вкус, а его обжаренные грани соединяются с горьковато-сладким какао и пряным кориандром. Индийская давана придает аромату теплоту и бархатистость. Абсолют какао, произведенный в Кот-д'Ивуар, раскрывается глубокой и изысканной нотой темного шоколада, одновременно пудрового и горького, с древесными нотами. Эссенция гаитянского ветивера подчеркивает благородность и элегантность композиции. Создатели парфюмерной воды ESSENTIAL PARFUMS выбирают натуральные, экологически чистые материалы и стремятся снизить воздействие на окружающую среду. Компания использует эссенцию пачули из Индонезии, чтобы поддерживать устойчивое развитие, местное население и методы ведения восстановительного сельского хозяйства.",Только для наружного применения.,Франция,14
275,2026-10-01T08:52:56.550099,20261001_080712_1756e2c0,19000203064,parfjumerija/nishevaja-parfjumerija,Vilhelm Parfumerie,Faces of Francis,Парфюмерная вода,14437.0,14437.0,0.0,1,4.8,https://goldapple.ru/19000203064-faces-of-francis/,https://goldapple.ru/parfjumerija/nishevaja-parfjumerija?p=14,"Представьте, что вы находитесь в мастерской рядом с художником. Что его вдохновляет? Воспоминания о далеком вулканическом острове где-то в Средиземном море, о красках и запахах жаркого Танжера с его фисташками и шафраном, обо всех путешествиях, реальных и придуманных, которые по-прежнему будоражат чувства. Ведь что такое вдохновение? Это воображаемый мост от воспоминаний к желаниям. Созданный под впечатлением от таинственных триптихов Фрэнсиса Бэкона - гениального авангардного художника, Faces of Francis открывается необычной комбинацией шафрана и жареных фисташек. Затем он звучит гурманской нежностью и воздушной свежестью, словно парит мечтой и реальностью, переливаясь дымными и древесными нотами.",Нанести на пульсирующие точки,Франция,14
276,2026-10-01T08:53:05.727904,20261001_080712_1756e2c0,19000473211,parfjumerija/nishevaja-parfjumerija,Noise,CHERRY BASS,парфюмерная вода,8910.0,8910.0,0.0,1,5.0,https://goldapple.ru/19000473211-noise-cherry-bass/,https://goldapple.ru/parfjumerija/nishevaja-parfjumerija?p=14,"За неприметной дверью – другой мир, другое время. Мягкий аромат дорогой сигары, кожаные кресла, словно шепчущие тёмные, сладкие приглашения. Бархатистая бас-партия – идеальный фон для звона кубиков льда в тяжёлых бокалах и хруста соли на поджаренном миндале. И вдруг – перед тобой она. Потягивает виски сауэр и отбивает пальцами ритм контрабаса. Она из тех девушек, которые даже в самом чопорном клубе могут появиться без макияжа, в красной кожаной куртке – и быть в центре внимания. А когда она спрашивает, что ты пьёшь, в её голосе слышится та самая хриплая, чуть дымная нота. Парфюмер: Géraldine Ignesta Вступление раскрывается аккордом тёмных фруктов – вишни, сливы и малины, оттенённых тёплыми, почти пряными нотами шафрана и вина. В сердце аромат становится глубже: чёрный перец и миндаль переплетаются с сухофруктами и мягкими медовыми оттенками даваны, сквозь которые звучит роза. А затем вступает бас-партия – кедр, мускус, замша и медленно разгорающееся смолистое тепло, которое остаётся близко к коже.",Не указано,Франция,14
277,2026-10-01T08:53:15.312073,20261001_080712_1756e2c0,19000424759,parfjumerija/nishevaja-parfjumerija,MAISON DOUZE,EAU Mystique,Духи,23475.0,23475.0,0.0,1,0.0,https://goldapple.ru/19000424759-eau-mystique/,https://goldapple.ru/parfjumerija/nishevaja-parfjumerija?p=14,"EAU Mystique - чарующий аромат, сочетающий в себе свежесть сочного персика, бессмертника и мирры, создающие парфюмерную композицию, напоминающую о тайных течениях океана.«Луна в Дубае пряталась за водной вуалью. Она лежала в воде, тысяча и одна жизнь проносились перед ней в фиолетовом небе.» Интуиция, чувствительность, текучесть и глубина.","Нанести на кожу, одежду и волосы (по желанию) для легкого аромата. Избегайте попадания в глаза.",Франция,14
278,2026-10-01T08:53:24.845943,20261001_080712_1756e2c0,19000467301,parfjumerija/nishevaja-parfjumerija,Zielinski & Rozen,"Amberwood, Vanilla, Davana",Гель для душа,2590.0,2590.0,0.0,1,4.8,https://goldapple.ru/19000467301-amberwood-vanilla-davana/,https://goldapple.ru/parfjumerija/nishevaja-parfjumerija?p=14,"Эффективно очищает кожу, нормализует гидробаланс, не сушит кожу, помогает ей сохранять естественную влажность. Подходит для всех типов кожи.","Нанесите небольшое количество геля на влажную кожу, вспеньте, затем смойте водой.",Израиль,14
279,2026-10-01T08:53:34.701693,20261001_080712_1756e2c0,19000009359,parfjumerija/nishevaja-parfjumerija,L'atelier parfum,COEUR DE PÉTALES,Парфюмерная вода,3403.0,3403.0,0.0,1,4.6,https://goldapple.ru/19000009359-coeur-de-petales/,https://goldapple.ru/parfjumerija/nishevaja-parfjumerija?p=14,"Игривый, чувственный аромат COEUR DE PÉTALES от L’ATELIER PARFUM – пышный и красочный букет, в котором собрали пион, жасмин и ландыш. Изящная и воздушная композиция играет с контрастами: нежные цветы гармонично сочетаются с острым сычуаньским перцем, сочная и яркая нота личи усиливает звучание изысканной розы. Многогранный и при этом лёгкий COEUR DE PÉTALES отражает радость жизни и биение сердца, ритм которого ускоряется или замедляется в зависимости от эмоций. Парфюмер – Dorothee Piot. Аромат стал частью дебютной коллекции Opus 1 – The Secret Garden. Цветочный весенне-летний аромат в формате миниатюры, которую удобно брать с собой.","Распылите с расстояния 10-20 см на пульсирующие зоны, такие как запястья, шея, за ушами и внутренняя сторона локтя. Избегайте контакта с одеждой, чтобы сохранить качество аромата.",Франция,14
280,2026-10-01T08:53:43.087442,20261001_080712_1756e2c0,26730600002,parfjumerija/nishevaja-parfjumerija,Byredo,Bal d`Afrique,Парфюмерная вода,20295.0,20295.0,0.0,1,4.7,https://goldapple.ru/26730600002-bal-d-afrique/,https://goldapple.ru/parfjumerija/nishevaja-parfjumerija?p=14,"Ревущие двадцатые годы… В знаменитом Мулен Руж жарче, чем в самой Африке, ведь на сцене Жозефина Бейкер! Черная жемчужина, танцующая богиня, ставшая символом эпохи! Воплощение самых смелых мужских фантазий. 
Bal d’Afrique – страстная смесь теплых и романтических нот ветивера, навеянная образом Парижа конца 20-х годов, африканской культурой, искусством, музыкой и танцами. Парижский авангард и африканская культура создают странное, полное энергии и страстей сочетание.",Не указано,Испания,14
281,2026-10-01T08:54:07.024622,20261001_080712_1756e2c0,19000220504,parfjumerija/nishevaja-parfjumerija,Mind Games,GAMBIT,Парфюмерный экстракт,25972.0,25972.0,0.0,1,4.6,https://goldapple.ru/19000220504-gambit/,https://goldapple.ru/parfjumerija/nishevaja-parfjumerija?p=15,"Коллекция SOULMATE воплощает силу и единство пешек, коллективную уверенность и стремление поддерживать друг друга. По характеру пешка — решительная, амбициозная и бесстрашная фигура. Каждый аромат продуман, чтобы вы могли носить его самостоятельно или наслаивать с другими, создавая неповторимую композицию. Дизайн флаконов изящен, современен и сдержан — тонкие детали намекают на защитный слой брони. Разожгите страсть и откройте в себе лучшее с SOULMATE. GAMBIT создан для современного игрока, смелого и вдохновляющего. Уверенный и беззастенчиво страстный аромат с отличительными нотами специй, перемешанных с небольшой фруктовой сладостью и окутанных в успокаивающую теплоту. Взрывы свежей герани задерживаются в глубокой дымке лаванды, прежде чем раствориться в сияющих нотах сандалового дерева и амбры. GAMBIT не только знает своё предназначение, но и уверенно прокладывает к нему путь.",Распылите на кожу с расстояния 20-30 см.,Сша,15
282,2026-10-01T08:54:15.496416,20261001_080712_1756e2c0,19000332180,parfjumerija/nishevaja-parfjumerija,Parle Moi De Parfum,Wake Up World,Парфюмерная вода,9075.0,9075.0,0.0,1,4.7,https://goldapple.ru/19000332180-wake-up-world/,https://goldapple.ru/parfjumerija/nishevaja-parfjumerija?p=15,"Wake Up World — контраст теплых и холодных нот, где переливаются свежие оттенки бергамота и звонкий аккорд зеленого яблока. Со временем, аромат постепенно разогревается, обволакивая теплом амбры. Ну а ноты бурбонской ванили, бобов тонка, и бензоина придают ему утончённую восточную прелесть, создавая в сознании образ нагретого закатным солнцем песка.",Нанести на пульсирующие точки.,Франция,15
283,2026-10-01T08:54:23.444131,20261001_080712_1756e2c0,19000356149,parfjumerija/nishevaja-parfjumerija,Mind Games,Mentor,Нет категории,34303.0,34303.0,0.0,1,4.9,https://goldapple.ru/19000356149-mentor/,https://goldapple.ru/parfjumerija/nishevaja-parfjumerija?p=15,"Одновременно соблазнительный и сложный аромат MENTOR воспевает контрасты и предлагает уникальный взгляд на классические гурманские композиции. В нем сочетаются изысканность дымчатого уда, придающего базе землистые оттенки, и чувственность теплой, медовой амбры, усиленной нотой бобов тонка. Слива подчеркивает глубину аромата и дополняет его многогранную сладость, делая композицию MIND GAMES еще более притягательной. Тонкий баланс сладких и землистых нот очаровывает гармонией и пробуждает воспоминания.",Только для наружного применения. Распылите на кожу с расстояния 20-30 см.,Сша,15
284,2026-10-01T08:54:32.438940,20261001_080712_1756e2c0,26775200001,parfjumerija/nishevaja-parfjumerija,Mancera,HINDU KUSH,Нет категории,14602.0,14602.0,0.0,1,4.8,https://goldapple.ru/26775200001-hindu-kush/,https://goldapple.ru/parfjumerija/nishevaja-parfjumerija?p=15,HINDU KUSH – пьянящее мистическое зелье. Пряное звучание шафрана в коньячном оттенке листьев даваны и афганской марихуаны.,Не указано,Франция,15
285,2026-10-01T08:54:41.860891,20261001_080712_1756e2c0,19000447221,parfjumerija/nishevaja-parfjumerija,ESSENTIAL PARFUMS PARIS,THE MUSC by Calice Becker,Парфюмированный мист для волос и тела,4626.0,4626.0,0.0,1,4.3,https://goldapple.ru/19000447221-the-musc-by-calice-becker/,https://goldapple.ru/parfjumerija/nishevaja-parfjumerija?p=15,"Парфюмированный мист ESSENTIAL PARFUMS PARIS освежает и питает кожу тела и волосы, оставляя легкий и нежный аромат. Он окутывает нотами чарующего мускуса и свежей французской лаванды в сочетании с имбирем, сандалом и легкой сладостью пчелиного воска. Не содержит спирта.","Перед использованием встряхнуть. Распылить мист на кожу и волосы на расстоянии 20 см, избегая попадания в глаза.",Франция,15
286,2026-10-01T08:54:50.196509,20261001_080712_1756e2c0,19000012421,parfjumerija/nishevaja-parfjumerija,MILLER ET BERTAUX,Indian Study,Парфюмерная вода,11781.0,11781.0,0.0,1,0.0,https://goldapple.ru/19000012421-indian-study/,https://goldapple.ru/parfjumerija/nishevaja-parfjumerija?p=15,"Аромат сакрального Майсурского сандала на вершине горы в окружении кустарников амириса. Сверхдоза сандалового дерева, тонущего в индийской чувственности, в океане мускуса. Сандал без компромиссов.",Не указано,Франция,15
287,2026-10-01T08:54:59.209946,20261001_080712_1756e2c0,19000365676,parfjumerija/nishevaja-parfjumerija,VOSKANIAN PARFUMS,bois nocturne,Парфюмерная вода,19855.0,19855.0,0.0,1,0.0,https://goldapple.ru/19000365676-bois-nocturne/,https://goldapple.ru/parfjumerija/nishevaja-parfjumerija?p=15,"Древесный аромат с утонченными оттенками пачули и сандалового дерева, дополненный интригующими и загадочными гранями киприола и неподвластной времени амброй с восхитительным гурманским оттенком.","Распыляйте с расстояния 20-25 см. Не наносите на одежду, не используйте при нахождении на солнце.",Армения,15
288,2026-10-01T08:55:09.210182,20261001_080712_1756e2c0,19000204030,parfjumerija/nishevaja-parfjumerija,Zielinski & Rozen,"Pink Pepper, Elemi, Cinnamon, Leather",Крем для тела,3990.0,3990.0,0.0,1,4.8,https://goldapple.ru/19000204030-pink-pepper-elemi-cinnamon-leather/,https://goldapple.ru/parfjumerija/nishevaja-parfjumerija?p=15,"Интенсивно увлажняет и питает кожу, имеет легкую текстуру. Подходит для всех типов кожи.","Нанести на влажное или сухое тело, массажными движениями втирать до полного впитывания / Хранить в сухом, защищенном от света и недоступном для детей месте при температуре от +5 °С до +25 °С.",Израиль,15
289,2026-10-01T08:55:16.316052,20261001_080712_1756e2c0,19000127046,parfjumerija/nishevaja-parfjumerija,CHOPARD,BLACK INCENSE MALAKI,Парфюмерная вода,12476.0,12476.0,0.0,1,4.8,https://goldapple.ru/19000127046-black-incense-malaki/,https://goldapple.ru/parfjumerija/nishevaja-parfjumerija?p=15,"Насыщенный аромат Chopard – это мощный и пьянящий эликсир, в котором переливаются бальзамические, ароматические, древесные, дымные и восточные ноты. Парфюмерная композиция стала посвящением многогранной и таинственной красоте ладана и чарующей силе его аромата. Словно волнующие клубы дыма, ноты смол, редких специй и ценных пород дерева окружают ладан, усиливая его благородное звучание. Ноты лабданума и уда дополняют выразительный шлейф композиции, напоминающей об атмосфере королевских церемоний.",Только для наружного применения.,Италия,15
290,2026-10-01T08:55:25.279655,20261001_080712_1756e2c0,19000440473,parfjumerija/nishevaja-parfjumerija,Stereotype,UNFRAME,Парфюмерная вода,2160.0,2160.0,0.0,1,4.7,https://goldapple.ru/19000440473-stereotype-unframe/,https://goldapple.ru/parfjumerija/nishevaja-parfjumerija?p=15,"UNFRAME. Громче. Ярче. Свободнее. Всё началось с невидимых стен. Они сковывали, ограничивали, диктовали правила. Но внутри уже разгоралось пламя. Оно требовало простора, требовало звучать. Всё началось с невидимых стен… Но теперь ты знаешь, что границ не существует. Ты — человек, который не боится быть “слишком”. Слишком громким, слишком страстным, слишком живым. Ты раздвигаешь рамки. Ты создаёшь свои правила. Ты вдохновляешь. UNFRAME — дерзкий, необузданный, харизматичный. Бархатный мускус в нём сплетается с сухими специями, создавая ощущение жара, свободы, движения. Раскрываясь на коже, становится её продолжением. Он подстраивается под ваш ритм, добавляя уверенности, но не подавляя, а лишь напоминая: звучать на полную — это ваша природа. FLOW, UNFRAME, SAĜO, BRACE — как и люди, ароматы первой коллекции STEREOTYPE похожи, но несравнимы. Они принадлежат одной «ароматной вселенной» — мускусной, древесной, амбровой, пряной — но звучат по-разному. Они говорят на одном языке, но разными голосами. И каждый находит среди них тот аромат, что звучит в унисон с его внутренним миром. Парфюмер: Angéline Leporini-Poubeau.","Распылите на пульсирующие зоны: запястья, шею, за ушами и внутреннюю сторону локтя. Избегайте контакта с одеждой. Для повышения стойкости рекомендуем наносить на хорошо увлажненную кожу.",Франция,15
291,2026-10-01T08:55:35.543650,20261001_080712_1756e2c0,19760342310,parfjumerija/nishevaja-parfjumerija,Byredo,Mixed Emotions,Парфюмерная вода,20295.0,20295.0,0.0,1,4.8,https://goldapple.ru/19760342310-mixed-emotions/,https://goldapple.ru/parfjumerija/nishevaja-parfjumerija?p=15,"В композиции расслабляющие оттенки мате и пикантная сладость черной смородины обрамлены древесными нотами; успокаивающему аромату черного чая придает волнующее звучание лист фиалки. Это освежающее напоминание о том, что любая человеческая эмоция - это нормально, и что даже тревожные переживания могут стать новым началом, точкой роста, из которой может появиться новая позитивная реальность.",Не указано,Франция,15
292,2026-10-01T08:55:45.001391,20261001_080712_1756e2c0,19000246951,parfjumerija/nishevaja-parfjumerija,Liquides Imaginaires,Fleur de sable,Парфюмерная вода,13485.0,13485.0,0.0,1,4.8,https://goldapple.ru/19000246951/,https://goldapple.ru/parfjumerija/nishevaja-parfjumerija?p=15,"Одновременно сладкая и солёная композиция Les Liquides Imaginaires посвящает в легенду о необыкновенном песчаном цветке. Его создал неистовый порыв ветра, несущий за собой ноты ириса, шиповника, перца и мирры. Редчайший дар сказочного сада раскрывает свои лепестки, окропленные сияющей росой, и наполняет воздух уникальным, чувственным ароматом с цветочным и пряным аккордами.",Только для наружного применения.,Италия,15
293,2026-10-01T08:55:55.169321,20261001_080712_1756e2c0,19000154593,parfjumerija/nishevaja-parfjumerija,MASQUE MILANO,KINTSUGI,Нет категории,29070.0,29070.0,0.0,1,0.0,https://goldapple.ru/19000154593-kintsugi/,https://goldapple.ru/parfjumerija/nishevaja-parfjumerija?p=15,"Будь сильным. Соедини разорванные связи с помощью золота. Act II scene four Действие II. Сцена IV. Весна наконец-то наступила. Свежий воздух заряжает энергией и пробуждает людей от зимней спячки. Под деревом магнолии горшечник восстанавливает сломанную вазу, используя древнюю технику кинцуги. Сад пребывает в тишине и покое, щебечущие птицы не нарушают работу мастера – они становятся частью его работы. То, что сломано, не обязательно потеряно. На стене, рядом с кустом роз, на древней резной каменной плите высечены слова: ""Люби простоту"". Но ты любишь старика-мастера. Не прячь шрамы, показывай их с гордостью. Шедевр из прошлого, почти позабытый, но живой. Шипр с золотым сердцем. Interpreted by VANINA MURACCIOLE",Только для наружного применения.,Италия,15
294,2026-10-01T08:56:03.611677,20261001_080712_1756e2c0,3680300011,parfjumerija/nishevaja-parfjumerija,Givenchy,L'INTERDIT,Нет категории,6710.0,6710.0,0.0,1,4.8,https://goldapple.ru/3680300011-l-interdit/,https://goldapple.ru/parfjumerija/nishevaja-parfjumerija?p=15,"В 2018 году бренд GIVENCHY представил невероятно притягательный, ставший уже легендарным, аромат L’INTERDIT Eau de Parfum. Сегодня бренд закрепляет успех вместе с чувственной вариацией – парфюмерной дымкой для волос L’INTERDIT HAIR MIST, которая окутывает нежной ароматной вуалью. Новинка призвана усилить звучание вашего любимого аромата линии L’INTERDIT. А ее облегченная формула станет идеальным решением для жарких дней.",Не указано,Франция,15
295,2026-10-01T08:56:12.163506,20261001_080712_1756e2c0,19000009354,parfjumerija/nishevaja-parfjumerija,L'atelier parfum,DOUCE INSOMNIE,Парфюмерная вода,11343.0,11343.0,0.0,1,4.7,https://goldapple.ru/19000009354-douce-insomnie/,https://goldapple.ru/parfjumerija/nishevaja-parfjumerija?p=15,"Вдохновением для создания чувственной и гипнотической композиции DOUCE INSOMNIE от L’ATELIER PARFUM стала чашка горячего капучино. Нежная молочная пена, бодрящая арабика, шоколадная крошка для украшения – каждая деталь отражена в этом насыщенном аромате. Благодаря пьянящему гелиотропу, ирису и древесным нотам кофейный аромат обретает изысканность и глубину. Гармония ароматного капучино, сандала, пробуждающего чувства, и цветочных нот отражает позднюю ночь, когда стирается грань между реальностью и сном. Парфюмер – Alexis Dadier.","Распылите на пульсирующие зоны, такие как запястья, шея, за ушами и внутренняя сторона локтя. Избегайте контакта с одеждой, чтобы сохранить качество аромата.",Франция,15
296,2026-10-01T08:56:20.765742,20261001_080712_1756e2c0,19760305898,parfjumerija/nishevaja-parfjumerija,Vilhelm Parfumerie,Moon carnival,Парфюмерная вода,14437.0,14437.0,0.0,1,4.9,https://goldapple.ru/19760305898-moon-carnival/,https://goldapple.ru/parfjumerija/nishevaja-parfjumerija?p=15,"Он был влюблен в танцовщицу, золотая кожа которой источала аромат страсти. Больше всех цветов на свете его возлюбленной нравился аромат туберозы. Поэтому он отправился в путешествие по всему миру в поисках всех сортов туберозы, которыми он затем украсил Луну. На протяжении семи дней и семи ночей луна источала этот чарующий аромат распространявшийся по всему миру!",Не указано,Франция,15
297,2026-10-01T08:56:30.289563,20261001_080712_1756e2c0,36050400010,parfjumerija/nishevaja-parfjumerija,CASAMORATI,MEFISTO,парфюмерная вода,10312.0,10312.0,0.0,1,4.8,https://goldapple.ru/36050400010-mefisto/,https://goldapple.ru/parfjumerija/nishevaja-parfjumerija?p=15,"Mefisto – дань классической итальянской парфюмерии. Аромат открывают свежие ноты грейпфрута, лимона и бергамота. Легкие, едва заметные аккорды лаванды настраивают на классическое сердце аромата, наполненное розой и флорентийским ирисом. В шлейфе аромата – кедр и янтарь, которые безупречно сочетаются с чувственными и теплыми амброй и мускусом.",Не указано,Италия,15
298,2026-10-01T08:56:38.095736,20261001_080712_1756e2c0,19000059292,parfjumerija/nishevaja-parfjumerija,Vilhelm Parfumerie,London Funk,Парфюмерная вода,14437.0,14437.0,0.0,1,4.8,https://goldapple.ru/19000059292-london-funk/,https://goldapple.ru/parfjumerija/nishevaja-parfjumerija?p=15,"Рок-н-рольное чаепитие в Лондоне, где вместо классического чая – коктейль лонг-айленд айс ти с джином, текилой и ромом. Звонкий удар деревянной ракеткой по кожаному мячу, после чего раздается веселый смех и легкое шуршание ткани. Пять часов пополудни, культовый и богемный магазин Biba в Лондоне, во внутреннем дворе которого Джим Моррисон и юная Дебби Харри играют в крикет и пьют коктейли Long Island Iced Tea. Было бы здорово составить им компанию в этот психоделический лондонский день 70-х годов! Богемный файф-о-клок, альтернативное, контркультурное, рок-н-рольное чаепитие в Лондоне! Верхние ноты: можжевельник, базилик, кардамон, бергамот Ноты сердца: бутоны чёрной смородины, морское дерево Базовые ноты: ветивер, чай мате, кедр, серая амбра",Не указано,Франция,15
299,2026-10-01T08:56:47.548100,20261001_080712_1756e2c0,19000186479,parfjumerija/nishevaja-parfjumerija,L'atelier parfum,Salty wood,Парфюмерная вода,3403.0,3403.0,0.0,1,4.4,https://goldapple.ru/19000186479-salty-wood/,https://goldapple.ru/parfjumerija/nishevaja-parfjumerija?p=15,"Вдохновляющий аромат L’ATELIER PARFUM, посвященный красоте и силе природы, дарит чувство освобождения и безмятежности. Аккорд свежего морского воздуха и морской соли гармонирует с нотами дуба, кедра и секвойи, воплощая натуральный аромат древесины, омытой волнами. Нота цейлонского чая добавляет аромату мягкость и делает его более теплым, комфортным и нежным. Парфюмер – Serge de Oliveira.",Только для наружного применения.,Франция,15
300,2026-10-01T08:56:56.445162,20261001_080712_1756e2c0,19000059078,parfjumerija/nishevaja-parfjumerija,OJAR,Cirrus Leather Absolute,духи масляные,7840.0,7840.0,0.0,1,1.0,https://goldapple.ru/19000059078-cirrus-leather-absolute/,https://goldapple.ru/parfjumerija/nishevaja-parfjumerija?p=15,"Воздушная кожа. Нежный мускус с оттенками зеленого чая и сандала. Абсолю – это концентрированный экстракт драгоценных натуральных компонентов. Достаточно всего нескольких капель, чтобы аромат держался в течение всего дня. Абсолю можно наносить разными способами с помощью инновационной двойной крышки, в которую встроены стеклянный аппликатор и ролик. Чтобы использовать ролик, открутите верхнюю часть крышки. Переверните флакон и круговыми движениями нанесите тонкий слой аромата. Для более насыщенного эффекта открутите нижнюю часть крышки и нанесите масло с помощью стеклянного аппликатора.",Не указано,Франция,15
301,2026-10-01T08:57:29.696412,20261001_080712_1756e2c0,83800100004,parfjumerija/nishevaja-parfjumerija,ESSENTIAL PARFUMS PARIS,ROSE MAGNETIC,Парфюмерная вода,2466.0,2466.0,0.0,1,4.7,https://goldapple.ru/83800100004-rose-magnetic/,https://goldapple.ru/parfjumerija/nishevaja-parfjumerija?p=16,"Парфюмер – Sophie Labbé. «Я представляла дуэт эфирного масла розы и абсолюта турецкой розы. Сочетание, дополненное тонкой и чарующей базовой нотой мускуса, отражает многогранность и чувственность легендарного цветка». В игривом, пленительном и современном аромате Rose Magnetic отражены все грани самого чувственного из цветов. С его яркой женственностью контрастируют ноты грейпфрута и свежей мяты. Личи, кедр, мускус и ваниль усиливают гипнотическую притягательность композиции, основа которой – турецкая роза. Создатели парфюмерной воды ESSENTIAL PARFUMS выбирают натуральные, экологически чистые материалы и стремятся снизить воздействие на окружающую среду. Компания улучшает условия выращивания роз в Турции и помогает местным общинам получать более высокий и стабильный доход. . Обращаем внимание, флакон аромата может отличаться от фото в интернет-магазине. Товар может быть представлен с колпачком или без него.",Не указано,Франция,16
302,2026-10-01T08:57:38.765145,20261001_080712_1756e2c0,19000412481,parfjumerija/nishevaja-parfjumerija,Al-Jazeera Perfumes,Smoky Oud,Парфюмерная вода,12928.0,12928.0,0.0,1,0.0,https://goldapple.ru/19000412481-smoky-oud/,https://goldapple.ru/parfjumerija/nishevaja-parfjumerija?p=16,"Al Jazeera Perfumes — роскошь и элегантность в каждом аромате. Основанная в 1998 году, компания быстро завоевала признание, расширившись до 60 филиалов по всему миру, включая бутик на Елисейских полях в Париже. Мы предлагаем премиальные духи в изысканной упаковке, используя оригинальные ароматы от ведущих французских производителей. Наша коллекция объединяет восточные традиции и западную утонченность, удовлетворяя самым взыскательным вкусам. Каждый флакон Al Jazeera Perfumes — это произведение искусства, созданное для тех, кто ценит индивидуальность и исключительный опыт дарения. Побалуйте себя Smoky Oud, ароматом, воплощающим суть восточной элегантности в современной интерпретации. Он открывается богатыми нотами шафрана, добавляя глубину, наполненную магией и очарованием. Этот блеск прекрасно дополняется теплом сандалового дерева и пачули, создавая захватывающий опыт, который переносит вас в глубины восточных лесов. Уникальная композиция увенчана оттенками амбры, добавляющими богатство и сияние, что делает ее идеальной для элегантных вечеров и особых случаев. Smoky Oud — идеальный выбор для тех, кто ищет аромат, сочетающий современность с традициями, отражающий вашу сильную и уникальную личность. Парфюмер: Жан-Кристоф Эро","Наносить на неповрежденные участки кожи, волос и одежду.",Франция,16
303,2026-10-01T08:57:50.385853,20261001_080712_1756e2c0,19000152731,parfjumerija/nishevaja-parfjumerija,Zielinski & Rozen,"Pink Pepper, Elemi, Cinnamon, Leather",Нет категории,890.0,890.0,0.0,1,4.8,https://goldapple.ru/19000152731-pink-pepper-elemi-cinnamon-leaher/,https://goldapple.ru/parfjumerija/nishevaja-parfjumerija?p=16,"Мягко и эффективно очищает кожу от жира и других видов загрязнений. Подходит для ежедневного умывания, мытья рук и тела","Способ применения: Вспенить мыло в руках. Тщательно смыть теплой водой / Хранить в сухом месте при комнатной температуре. В случае попадания в глаза, немедленно промыть их большим количеством воды, при необходимости обратиться к врачу / Для наружного применения / Использование в пищевых целях опасно для жизни",Россия,16
304,2026-10-01T08:57:59.677485,20261001_080712_1756e2c0,19000522117,parfjumerija/nishevaja-parfjumerija,L'atelier parfum,TRIPLE BLACK VANILLA,Нет категории,11343.0,11343.0,0.0,1,5.0,https://goldapple.ru/19000522117-l-atelier-parfum/,https://goldapple.ru/parfjumerija/nishevaja-parfjumerija?p=16,"Аромат L'ATELIER PARFUM — переход от уверенности к власти. Он уводит в тень прежде, чем вы успеваете это осознать. По коже пробегает дрожь силы. Глубокая, чувственная и притягательная композиция строится вокруг соблазнительной ноты ванили, которая главенствует над ночью. Пока темный ром опьяняет, черный перец искрится на обнаженной коже. Каждый вздох привлекает внимание, а каждая нота этого аромата манит за собой или заставляет сдаться. Парфюмер — Clément Marx.","Распылите на пульсирующие зоны: запястья, шею, за ушами и внутреннюю сторону локтя. Избегайте контакта с одеждой. Для повышения стойкости рекомендуем наносить на хорошо увлажненную кожу.",Франция,16
305,2026-10-01T08:58:10.548035,20261001_080712_1756e2c0,19000360658,parfjumerija/nishevaja-parfjumerija,Vilhelm Parfumerie,Sun Cities,Парфюмерная вода,24750.0,24750.0,0.0,1,4.8,https://goldapple.ru/19000360658-sun-cities/,https://goldapple.ru/parfjumerija/nishevaja-parfjumerija?p=16,"Карфаген, Рим, Сиракузы… Изысканные декорации к истории любви Композиция Sun Сities — это аромат солнечных городов западного Средиземноморья. Залитое солнцем море и фрукты с остро-пряным морским вкусом. Аромат приглашает вас в удивительный мир, где встречаются роскошь и изящество, история и страсть. Здесь, в тишине и покое, медленно пробуждаются чувства. Ваш священный внутренний огонь, как призыв к великим свершениям, ведет вас по пути тайных желаний. Аромат Sun Cities — слияние солнца и роскоши, единство движения и покоя. Эта мощная композиция приглашает вас погрузиться в атмосферу увлекательных исторических событий. Разве не об этом вы давно мечтали?",Нанести на пульсирующие точки.,Франция,16
306,2026-10-01T08:58:19.578098,20261001_080712_1756e2c0,19000312620,parfjumerija/nishevaja-parfjumerija,Noise,SIREN SONG,Парфюмерная вода,7920.0,7920.0,0.0,1,4.7,https://goldapple.ru/19000312620-siren-song/,https://goldapple.ru/parfjumerija/nishevaja-parfjumerija?p=16,"Летняя серенада беззаботной красоты. То лето, помнишь? Ленивые завтраки под инжирным деревом, стрекот цикад в зелёных кронах, глухие удары спелых плодов о горячую каменную плитку. Погони за закатами на пляже, плеск волн, крики чаек где-то над нами. Наши растрёпанные волосы, охрипшие от смеха голоса, и наш нелепый, но от всей души спетый дуэт под местный летний хит. Мы совершенно не понимали, какими были красивыми. Да и, честно говоря, нам было всё равно. Парфюмер: Bertrand Duchaufour. Сначала пахнет зеленью — молодыми листьями и побегами, прохладной тенью инжирного дерева в самую жару. На этом фоне вдруг проступает мякоть спелого красного инжира: сначала свежая, потом густая, почти джемовая. В сердце появляется мягкое молочко, тонкое, как сок одуванчика, смешанное с золотистой пыльцой и сладковатой белой древесиной. К финалу аромат становится суше: горечь бессмертника и дубового мха даёт ту благородную ноту, которая держит его в балансе и не даёт скатиться в сладость. Звучит как летний день, растянутый во времени: тень, жара, цикады и смех — всё перемешано в одном дыхании. Аромат свободы, к которому возвращаешься, чтобы вспомнить, каково это — быть беззаботным.","Распылите на пульсирующие зоны: запястья, шею, за ушами и внутреннюю сторону локтя. Избегайте контакта с одеждой. Для повышения стойкости рекомендуем наносить на хорошо увлажненную кожу.",Франция,16
307,2026-10-01T08:58:29.921145,20261001_080712_1756e2c0,99000051754,parfjumerija/nishevaja-parfjumerija,NICHEEND,Jupiter,Парфюмерная вода,19600.0,19600.0,0.0,1,0.0,https://goldapple.ru/99000051754-jupiter/,https://goldapple.ru/parfjumerija/nishevaja-parfjumerija?p=16,"Юпитер является пятой планетой от Солнца и, безусловно, самой большой планетой в Солнечной системе более чем в два раза массивнее всех остальных планет вместе взятых! Полосы и вихри Юпитера на самом деле представляют собой холодные, продуваемые ветром облака из аммиака и воды, плавающие в атмосфере, состоящей из водорода и гелия. Большое красное пятно, образующееся на Юпитере - это гигантский шторм, превышающий по размерам Землю, который бушует вот уже сто лет. В этом парфюме, вдохновленном штормами Юпитера, вы почувствуете великолепную гармонию ванили и кедра, спокойствия с одной стороны, и ярких, свежих акцентов апельсина и олибанума, сопровождающие этот шторм, с другой стороны.","Нанести на кожу, избегая попадания в глаза. Для более полного раскрытия аромата рекомендуется нанести его на точки пульса на шее, зоне декольте и запястьях.",Турция,16
308,2026-10-01T08:58:40.209557,20261001_080712_1756e2c0,82081900002,parfjumerija/nishevaja-parfjumerija,MEMO Paris,MARFA,Парфюмерная вода,27967.0,27967.0,0.0,1,4.8,https://goldapple.ru/82081900002-marfa/,https://goldapple.ru/parfjumerija/nishevaja-parfjumerija?p=16,"Отправьтесь в чувственное путешествие в загадочный город Марфа, штат Техас, вместе с парфюмерной водой Marfa Eau de Parfum от Memo Paris. Аромат открывается сияющими нотами цветка апельсина и мандарина, пробуждающими яркую энергию пустынного рассвета. В сердце композиции звучит чарующая тубероза, дополненная экзотической притягательностью иланг-иланга и уникальной нотой агавы, рисующей живую картину цветущей флоры среди засушливых пейзажей. База из сливочной ванили, сандалового дерева, белого мускуса и кедра придаёт тёплое, чувственное звучание, остающееся на коже как дорогая память. Аромат Marfa — больше, чем парфюм; это ольфакторный гимн месту, где искусство и природа сливаются воедино, воплощая дух приключений и притягательную силу неизведанного.","Распылите на пульсирующие зоны, такие как запястья, шея, за ушами и внутренняя сторона локтя. Избегайте контакта с одеждой, чтобы сохранить качество аромата.",Франция,16
309,2026-10-01T08:58:50.300795,20261001_080712_1756e2c0,19000246026,parfjumerija/nishevaja-parfjumerija,MAJOURI,Jour 9,Парфюмерная вода,20825.0,20825.0,0.0,1,0.0,https://goldapple.ru/19000246026-jour-9/,https://goldapple.ru/parfjumerija/nishevaja-parfjumerija?p=16,"Majouri Jour 9 - щедрый, согревающий, правдивый аромат. Эта древесная и пряная смесь резонирует своей искренностью. «Вместо того чтобы искать счастья, живите им. В данный момент. Все именно так, как должно быть». Для мужчин и женщин французский парфюмер Дженнифер Джамбон вложила чувство уязвимости в созданную ею композицию, вызванное желанием пригласить других присутствовать в этот момент. Благоухание задает тон доверия и искренности. Ноты сливы открывают, вызывая удовольствие и радость, а уд в его основе придает нужную глубину. С ирисом, действительно исключительным ингредиентом духов, дороже золота, он напоминает о редкости встретить кого-нибудь с силой быть уязвимым.","Только для наружного применения. Наносить на кожу и одежду, избегать попадания в глаза.",Франция,16
310,2026-10-01T08:59:01.021785,20261001_080712_1756e2c0,19000093627,parfjumerija/nishevaja-parfjumerija,Clive Christian,Noble Collection XXI Art Deco Blonde Amber Perfume Spray,Духи,56347.0,56347.0,0.0,1,4.9,https://goldapple.ru/19000093627-noble-collection-xxi-art-deco-blonde-amber-perfume-spray/,https://goldapple.ru/parfjumerija/nishevaja-parfjumerija?p=16,"Глубокая дымная амбровая композиция с цветочными оттенками, вдохновленная роскошью янтаря – камня, который высоко ценился в эпоху ар-деко. Теплая амбра, окутанная пряным дымом белого табака, погружает нас в декаданс эпохи ар-деко. Буйство пышных цветов и сухофруктов сочетается с коктейлем из роскошных компонентов, создавая драгоценную и изысканную композицию. Верхние ноты: розовый перец, горький апельсин, имбирь, ром, олибанум, бергамот, грейпфрут, кардамон Ноты сердца: белый табак, оррис, сандал, жасмин, шафран, османтус, сухофрукты, тубероза Базовые ноты: ветивер, лабданум, мирра, пачули, мускус, кедр, ваниль, бобы тонка","Духи следует наносить в небольшом количестве, близко к коже (1-2 см), на тепловые точки: под коленями, область живота, запястья, сгибы локтей, район солнечного сплетения, точки за ушами, основание шеи со стороны спины, затылок. Как правило на одну точку достаточно несколько капель. Растирать духи не рекомендуется, так как это может нарушить правильный процесс раскрытия композиции. Для повышения стойкости рекомендуем наносить на хорошо увлажненную кожу, комбинируя с кремом, молочком или маслом для тела.",Великобритания,16
311,2026-10-01T08:59:10.173115,20261001_080712_1756e2c0,19000439445,parfjumerija/nishevaja-parfjumerija,Neydo,PULSATION 11.07,парфюмерная вода,1980.0,1980.0,0.0,1,4.8,https://goldapple.ru/19000439445-neydo/,https://goldapple.ru/parfjumerija/nishevaja-parfjumerija?p=16,"Аромат Pulsation 11.07 — сон Салли о ночи, когда музыка и свет клубов сливаются в одно целое. Стробоскоп выхватывает из темноты лица, в воздухе смешиваются густые аккорды мёда, ладана и шалфея. Фруктовые ноты и яблоко придают сладкое волнение, а тёплый табак, амбра и кедр оставляют чувственный след. Аромат-пульс, в ритме которого невозможно устоять. Sally, 11.07. Это одна из тех ночей, что бывают только в кино или во сне. Воздух звенит от ожидания и предвкушения. Здесь возможно всё — ничто не запрещено. Я пробираюсь глубже в толпу и полностью растворяюсь в музыке. Свет стробоскопа выхватывает из темноты лица: горящие взгляды, улыбки на губах. Вдруг среди огней — взгляд. Томный, манящий. Он подходит ближе, наклоняется — и я чувствую его тепло. Его аромат окутывает меня: горячий, с едва уловимой нотой сладости, от которой сбивается пульс. Его рука медленно скользит вверх по моей — словно разряд тока. Воздух между нами становится плотным, почти осязаемым, таким, в котором легко утонуть. Сердце бешено колотится. Я тянусь к нему тоже, как будто нас соединяет невидимая нить — всё замирает на грани чего-то необратимого, всепоглощающего. Миг — всё исчезает. Гаснет свет. Стихает музыка. Остаётся только аромат, послевкусие пряной сладости, невероятно реальное, как призрак на грани восприятия.","Распылите на пульсирующие зоны: запястья, шею, за ушами и внутреннюю сторону локтя. Избегайте контакта с одеждой. Для повышения стойкости рекомендуем наносить на хорошо увлажненную кожу.",Франция,16
312,2026-10-01T08:59:20.792509,20261001_080712_1756e2c0,99000035619,parfjumerija/nishevaja-parfjumerija,SIMONE ANDREOLI,MANDORLA DEL SUD,Парфюмерная вода,25760.0,25760.0,0.0,1,0.0,https://goldapple.ru/99000035619-mandorla-del-sud/,https://goldapple.ru/parfjumerija/nishevaja-parfjumerija?p=16,"Мягкое облако из сахара и миндаля нежно обволакивает и ласкает. Пьянящий миндальный аромат царит в изысканной сицилийской кондитерской, в то время как шеф-мастер создает свои восхитительные десерты!","Распылите с расстояния 20–25 см, избегая попадания на одежду.",Италия,16
313,2026-10-01T08:59:31.337132,20261001_080712_1756e2c0,19000420270,parfjumerija/nishevaja-parfjumerija,Mind Games,OPERA MATE,Нет категории,30708.0,30708.0,0.0,1,4.6,https://goldapple.ru/19000420270-opera-mate/,https://goldapple.ru/parfjumerija/nishevaja-parfjumerija?p=16,"Выразительный аромат OPERA MATE – идеальный спутник для особого вечера. В композиции ярко звучит дуэт сливочного сандала и карамели, которая придает тонкую сладость и усиливает верхние ноты лабданума и грейпфрута. Однако главными на парфюмерной сцене становятся аккорды жареного каштана и замши, благодаря которым аромат MIND GAMES обретает стойкий, запоминающийся шлейф и позволяет легко стать центром внимания. По мере развития композиции раскрывается утонченное звучание ветивера, дополняющего глубину и сложность аромата.",Только для наружного применения. Распылите на кожу с расстояния 20-30 см.,Сша,16
314,2026-10-01T08:59:41.469117,20261001_080712_1756e2c0,26176600002,parfjumerija/nishevaja-parfjumerija,MONTALE,Ristretto Intense Café,Нет категории,21522.0,21522.0,0.0,1,4.9,https://goldapple.ru/26176600002-ristretto-intense-cafe/,https://goldapple.ru/parfjumerija/nishevaja-parfjumerija?p=16,"Intense Café Ristretto это тонкий, завораживающий
флёр свежесваренного кофе в сочетании с
аккордом свежей, благоухающей розы.
Исключительное, бодрящее начало.
Как только ноты кофе смягчаются, возникает еле
уловимый аромат белого мускуса, который вносит
в композицию немного сладости, изящный намёк
на сливочно-сахарное послевкусие.
Этот, вызывающий привыкание, удивительно
гурманский аромат идеально подойдёт как
мужчинам, так и женщинам. Восхитительный
подарок для каждого гурмана кофе, который
скрывается в каждом из нас.",Не указано,Франция,16
315,2026-10-01T08:59:51.520540,20261001_080712_1756e2c0,19000148366,parfjumerija/nishevaja-parfjumerija,ESSENTIAL PARFUMS PARIS,Orange X Santal,Рефил парфюмерной воды,8550.0,8550.0,0.0,1,4.3,https://goldapple.ru/19000148366-orange-x-santal/,https://goldapple.ru/parfjumerija/nishevaja-parfjumerija?p=16,"Рефил для пополняемого флакона парфюмерной воды ESSENTIAL PARFUMS PARIS ""ORANGE X SANTAL by Natalie Gracia-Cetto"". Парфюмер – Natalie Gracia Cetto. «Я представила себе свежий и чувственный аромат, в котором искристые и сочные ноты горького апельсина из Италии играют с великолепным, нежным сандалом из Австралии». Orange X Santal – это светлый, радостный и чувственный аромат. Ноты горького апельсина и сандалового дерева, излучающие тепло и свет, переносят вас на побережье Италии. Сочная мякоть цитруса и лёгкая горечь его кожуры создают идеальную гармонию, которую дополняет зеленая нота базилика из Египта. Французский дубовый мох формирует шипровый аккорд, а кипарис из Франции и австралийский сандал закрепляют светлые верхние ноты. Создатели парфюмерной воды ESSENTIAL PARFUMS выбирают натуральные, экологически чистые материалы. Для производства Orange X Santal используется масло сандала, полученное в Западной Австралии. Это позволяет обеспечить постоянный доход для местных общин и стабильные поставки ценного ингредиента. Сделать парфюмерию более экологичной и безопасной для окружающей среды позволяет формат рефила, благодаря которому основной флакон парфюмерной воды становится подходящим для многоразового использования. Флакон рефила создан из алюминия, подходящего для переработки.",Откройте оригинальный пополняемый флакон парфюмерной воды и наполните его из рефила. Только для наружного применения.,Франция,16
316,2026-10-01T09:00:01.752996,20261001_080712_1756e2c0,19760305897,parfjumerija/nishevaja-parfjumerija,Vilhelm Parfumerie,MODEST MIMOSA,Парфюмерная вода,14437.0,14437.0,0.0,1,4.9,https://goldapple.ru/19760305897-modest-mimosa/,https://goldapple.ru/parfjumerija/nishevaja-parfjumerija?p=16,"Соблазнительный, очаровательный аромат, вдохновленный нежным цветком мимозы. Цветок мимозы может быть застенчивым, но в то же время и стойким, сильным, настойчивым, – говорит создатель Ян Альгрен.  - Я неоднократно наблюдал, как за скромной, неброской внешностью, может скрываться яркий темперамент и необузданная чувственность.",Не указано,Франция,16
317,2026-10-01T09:00:11.707663,20261001_080712_1756e2c0,19000206601,parfjumerija/nishevaja-parfjumerija,Birkholz,Nights in Noto,Парфюмерная вода,20010.0,20010.0,0.0,1,4.7,https://goldapple.ru/19000206601-nights-in-noto/,https://goldapple.ru/parfjumerija/nishevaja-parfjumerija?p=16,"Гипнотический аромат BIRKHOLZ посвящен теплым ночам в итальянском городе Ното. Таинственные силуэты, магический лунный свет и изумрудные огни ночного города – всё это создает уникальное мечтательное настроение, отражённое в гармонии пряных и цветочных нот. Чарующее звучание розы в сочетании с теплым шафраном и нежным сандалом побуждает уйти от реальности и погрузиться в сладость момента.",Только для наружного применения.,Германия,16
318,2026-10-01T09:00:22.947209,20261001_080712_1756e2c0,19000334587,parfjumerija/nishevaja-parfjumerija,L'atelier parfum,Berry Shiver,Парфюмерная вода,5235.0,5235.0,0.0,1,3.8,https://goldapple.ru/19000334587-berry-shiver/,https://goldapple.ru/parfjumerija/nishevaja-parfjumerija?p=16,"Главный аккорд, вокруг которого строится аромат L'ATELIER PARFUM — мускус, помогающий исследовать бесконечный мир чувственности. Композиция, словно взрыв радости, раскрывает вашу игривую и яркую сторону, погружает в мягкость нежных цветов и уют шелковистого мускуса. Хрустящие лесные ягоды оттеняют ноты розы и жасмина. Парфюмер – Karine Vinchon.",Только для наружного применения.,Франция,16
319,2026-10-01T09:00:37.543796,20261001_080712_1756e2c0,99000034346,parfjumerija/nishevaja-parfjumerija,BOIS 1920,ORO ROSSO,Парфюмерная вода,26450.0,26450.0,0.0,1,0.0,https://goldapple.ru/99000034346-oro-rosso/,https://goldapple.ru/parfjumerija/nishevaja-parfjumerija?p=16,"Притягательная восточная композиция, в которой мягкость жасмина встречается с пылким жаром шафрана, а глубокий и объемный базовый аккорд составляют амбра, мускус и дубовый мох. Аромат розового золота обволакивает и пленяет.","Распылите с расстояния 20–25 см, избегая попадания на одежду.",Италия,16
320,2026-10-01T09:00:47.231955,20261001_080712_1756e2c0,90151200003,parfjumerija/nishevaja-parfjumerija,Zielinski & Rozen,"Vetiver, Lemon",Духи концентрированные,7990.0,7990.0,0.0,1,4.8,https://goldapple.ru/90151200003-vetiver-lemon-bergamot/,https://goldapple.ru/parfjumerija/nishevaja-parfjumerija?p=16,"Я хочу, чтобы парфюм трогал до глубины души, говорил о личности и отражал ее уникальность. Эрез Розен Замысловатая ольфакторная книга, сюжет которой раскрывается новыми гранями на каждом человеке. Необычные сочетания нот и оригинальное построение аккордов подчеркивают индивидуальность и раскрывают суть ярче любых слов. Все ароматы Zielinski&Rozen категории унисекс. Ароматы продукции Zielinski&Rozen изменили свое наименование без изменения состава.",Наносите парфюм по обе стороны плеч или распылите впереди себя и войдите в «облако» аромата.,Россия,16
321,2026-10-01T09:01:51.940328,20261001_080712_1756e2c0,19000235928,parfjumerija/nishevaja-parfjumerija,Amouage,Interlude Man,Парфюмерная вода,47767.0,47767.0,0.0,1,4.9,https://goldapple.ru/19000235928-interlude-man/,https://goldapple.ru/parfjumerija/nishevaja-parfjumerija?p=17,"НЕПРЕВЗОЙДЕННАЯ ВАНИЛЬ Яркий, захватывающий дыхание взрыв специй, чувственный наплыв орегано и фруктовая свежесть душистого перца окутаны свежей дымкой бергамота. За ними раскрываются притягательные ноты сердца — чистая амбра и обильная ваниль в объятиях сомалийского опопонакса и священном сиянии олибанума. Смолы, как медовая карамель, заливают волнующим потоком дымные оттенки темного дерева, и наконец проступает животная нота уда, низкий ропот кожи, а затем ноты сандалового дерева и пачулей с легким гурманским привкусом. Аромат INTERLUDE MAN — непрекращающаяся конкуренция специй и бальзамов — это возвышенный символ гармонии, которая согревает душу, освобожденную от сомнений.","Парфюмерную воду следует наносить с расстояния 10-15 см. на тепловые точки: под коленями, область живота, запястья, сгибы локтей, район солнечного сплетения, точки за ушами, основание шеи со стороны спины, затылок. Как правило на одну точку достаточно один раз нажать на спрей. Растирать парфюмерную воду не рекомендуется, так как это может нарушить правильный процесс раскрытия композиции. Для повышения стойкости рекомендуем наносить на хорошо увлажненную кожу, комбинируя с кремом, молочком или маслом для тела.",Оман,17
322,2026-10-01T09:02:00.119078,20261001_080712_1756e2c0,19760316188,parfjumerija/nishevaja-parfjumerija,Vilhelm Parfumerie,Chicago High,Парфюмерная вода,14437.0,14437.0,0.0,1,4.9,https://goldapple.ru/19760316188-chicago-high/,https://goldapple.ru/parfjumerija/nishevaja-parfjumerija?p=17,"Созданный по канонам классической парфюмерии начала 20-го века, Chicago High подобен ароматной машине времени, переносящей нас в Ревущие Двадцатые. «Я хотел воплотить атмосферу, чувства, ритм этой удивительной эпохи, не только ее декадентское очарование, но то новое и прекрасное, что рождалось тогда», - говорит Ян Вильгельм о своей работе. Искрящийся коктейль из шампанского и ананаса, мёда и табака плавно переходящий в мягкое, кожаное очарование пачули и амбры, словно знойные, пропитанные дымом воспоминания о самой невероятной ночи в жизни.",Не указано,Франция,17
323,2026-10-01T09:02:08.771093,20261001_080712_1756e2c0,19000009365,parfjumerija/nishevaja-parfjumerija,L'atelier parfum,ARME BLANCHE,Нет категории,3403.0,3403.0,0.0,1,4.5,https://goldapple.ru/19000009365-arme-blanche/,https://goldapple.ru/parfjumerija/nishevaja-parfjumerija?p=17,"Все оттенки белого – в свежем аромате ARME BLANCHE, отражающем смелость, уверенность, сильный характер и свободу быть собой. Композиция от L’ATELIER PARFUM – словно изысканный и в то же время роскошный букет невесты, в котором собраны красивейшие белые цветы. Чарующие тубероза, жасмин и цветок апельсина, окутанные нежной дымкой мускуса, гармонируют с терпкой нотой нероли. Свежую и легкую, будто белое кружево, композицию украшают чувственный сандал и ветивер. Парфюмер – Alexis Dadier.","Распылите на пульсирующие зоны, такие как запястья, шея, за ушами и внутренняя сторона локтя. Избегайте контакта с одеждой, чтобы сохранить качество аромата.",Франция,17
324,2026-10-01T09:02:18.110470,20261001_080712_1756e2c0,19000312616,parfjumerija/nishevaja-parfjumerija,Noise,PRIVATE ANTHEM,Нет категории,8910.0,8910.0,0.0,1,4.6,https://goldapple.ru/19000312616-private-anthem/,https://goldapple.ru/parfjumerija/nishevaja-parfjumerija?p=17,"Настойчивая мелодия – муза твоего вдохновения. Мелодия будто играет в прятки: неразборчивая, странная, словно микс контрастов. В ней – тёплая прохлада чего-то до боли знакомого. Что-то солнечное, с лёгким оттенком тоски. Ты даёшь ей шанс за шансом. Ещё и еще. Пока вдруг не замечаешь, что она уже внутри, играет по кругу – звучит фоном и провоцирует, переворачивая идеи. Она становится твоим гимном – ты носишь его с собой, напеваешь про себя, и отпустить его уже невозможно. Парфюмер: David Chieze. С первых секунд —  фиалка, будто засахаренная, мармеладная, как в старых баночках с французскими леденцами. На фоне мелькает терпкий сок апельсина. Середина звучит миксом: лёгкая пряность корицы и прохладная зелень нероли. Ландыш едва угадывается подобно белой клавише в глубине аккорда. В основе аромата — густой и тёмный дуэт пачули и чёрного перца, который задаёт сухую, ритмичную основу. Ветивер добавляет к нему солоноватый, кожаный аккорд. Мускус сглаживает углы, вплетает всё в единое дыхание. Аромат, который сначала сбивает с толку, а потом остается в голове и становится фоном, который не отпускает.","Распылите на пульсирующие зоны: запястья, шею, за ушами и внутреннюю сторону локтя. Избегайте контакта с одеждой. Для повышения стойкости рекомендуем наносить на хорошо увлажненную кожу.",Франция,17
325,2026-10-01T09:02:27.711170,20261001_080712_1756e2c0,19000446467,parfjumerija/nishevaja-parfjumerija,Zielinski & Rozen,"Peach, Passion Fruit, Musk",Духи концентрированные,12990.0,12990.0,0.0,1,4.9,https://goldapple.ru/19000446467-peach-passion-fruit-musk/,https://goldapple.ru/parfjumerija/nishevaja-parfjumerija?p=17,"Аромат категории унисекс. Долго сохраняется на коже, оставляя легкий шлейф.",Распылять на кожу с расстояния 30 см. Для усиления стойкости аромата наносить на разогретое или влажное тело.,Россия,17
326,2026-10-01T09:02:35.793815,20261001_080712_1756e2c0,99000037526,parfjumerija/nishevaja-parfjumerija,OLFATTOLOGY,LOFOTEN,Парфюмерная вода,17600.0,17600.0,0.0,1,0.0,https://goldapple.ru/99000037526-lofoten/,https://goldapple.ru/parfjumerija/nishevaja-parfjumerija?p=17,"Соленый морской аккорд, нежная лилия, цветочная ваниль и белый мускус создают ощущение чистоты, и воплощают образ такой же ""чистой"" природы Лофотенских островов, удаленных от туристических мест.","Распылите с расстояния 20–25 см, избегая попадания на одежду.",Италия,17
327,2026-10-01T09:02:46.754900,20261001_080712_1756e2c0,19000467326,parfjumerija/nishevaja-parfjumerija,Zielinski & Rozen,Rosemary & Lemon,Парфюмированный лосьон для рук и тела,1100.0,1100.0,0.0,1,4.8,https://goldapple.ru/19000467326-rosemary-lemon/,https://goldapple.ru/parfjumerija/nishevaja-parfjumerija?p=17,"Имеет легкую текстуру, увлажняет и питает кожу. Подходит для всех типов кожи.",Нанесите на сухую или влажную кожу легкими массирующими движениями до полного впитывания.,Израиль,17
328,2026-10-01T09:02:56.982738,20261001_080712_1756e2c0,99000034347,parfjumerija/nishevaja-parfjumerija,BOIS 1920,Centenario,Парфюмерная вода,26450.0,26450.0,0.0,1,0.0,https://goldapple.ru/99000034347-centenario/,https://goldapple.ru/parfjumerija/nishevaja-parfjumerija?p=17,"Юбилейный Centenario — это парфюмерное путешествие Bois 1920 длиною в столетие. Прошлое и настоящее здесь сплетаются воедино, объединив флорентийское наследие, вдохновленное драгоценным ирисом, теплым дыханием жасмина, и чувственный букет экзотических цветов - иланг-иланг и тиаре - эмблема далеких земель, где сегодня Bois 1920 высоко ценится и славится.","Распылите с расстояния 20–25 см, избегая попадания на одежду.",Италия,17
329,2026-10-01T09:03:04.736130,20261001_080712_1756e2c0,19000192468,parfjumerija/nishevaja-parfjumerija,State Of Mind,Fanfarone italiano,Парфюмерная вода,4320.0,4320.0,0.0,1,4.3,https://goldapple.ru/19000192468-fanfarone-italiano/,https://goldapple.ru/parfjumerija/nishevaja-parfjumerija?p=17,"Смелый и яркий аромат STATE OF MIND обладает игривым характером, который вызывает ассоциации с самыми авантюрными, веселыми и умеющими жить в удовольствие персонажами литературы и кино, такими как острослов Сирано де Бержерак, ловкий и жизнерадостный Фигаро, находчивый Фанфан-Тюльпан или веселый плут Фальстаф. В этой тёплой и насыщенной композиции вместо традиционной для ароматов STATE OF MIND ноты чая раскрывается богатый аккорд кофе, способный подарить истинное наслаждение гурманам. Атмосферу щегольства, куража и удовольствий усиливают соблазнительная гармония смородины и нероли, сладость шоколада и бобов тонка, а также ноты коньяка, какао и ванили.",Только для наружного применения.,Франция,17
330,2026-10-01T09:03:15.318306,20261001_080712_1756e2c0,19760303656,parfjumerija/nishevaja-parfjumerija,Maison Francis Kurkdjian,Gentle Fluidity Gold,Парфюмерная вода,14800.0,14800.0,0.0,1,4.7,https://goldapple.ru/19760303656-gentle-fluidity-gold/,https://goldapple.ru/parfjumerija/nishevaja-parfjumerija?p=17,"Одинаковые ноты, две индивидуальности. В щедром и обволакивающем шлейфе gentle Fluidity Gold Masion Francis Kurkdjian вы найдете эссенцию семян кориандра и экстра дозу мускуса и ванили. Как и мускус, пряные цветочные ноты семян кориандра добавляют объемности стойкому шлейфу. Аккорд ванили привносит гурманские базовые ноты, подчеркнутые древесной амброй, создающий яркий и сияющий силуэт аромата. Парфюмерная вода gentle Fluidity Gold источает комфортные ноты, успокаивающий древесно-мускусный аромат.","Нанести аромат на запястья, шею и точки пульса.",Франция,17
331,2026-10-01T09:03:26.583069,20261001_080712_1756e2c0,19000331475,parfjumerija/nishevaja-parfjumerija,Stereotype,Brace,Парфюмерная вода,7120.0,7120.0,0.0,1,4.6,https://goldapple.ru/19000331475-brace/,https://goldapple.ru/parfjumerija/nishevaja-parfjumerija?p=17,"BRACE. Твёрдо. Уверенно. Без сомнений. Всё началось с неуверенности. С тихого голоса, с робких шагов, с попыток найти свою опору. Но затем пришло осознание: сила уже здесь. Внутри. Она всегда была с тобой. Всё началось с неуверенности… Но теперь ты знаешь, что сила внутри тебя. Ты не ищешь подтверждений извне. Ты знаешь, кто ты. Ты чувствуешь себя спокойно, потому что твоя уверенность — не напускная, а настоящая. Она не требует доказательств, но вдохновляет других. BRACE — аромат внутренней силы. Глубокий, древесный, терпкий. Его стержень — тик и сандал, словно гладкая, отполированная временем древесина. Словно невидимая опора, постепенно раскрываясь, становится частью вас, давая ощущение силы, которая идёт изнутри. FLOW, UNFRAME, SAĜO, BRACE — как и люди, ароматы первой коллекции STEREOTYPE похожи, но несравнимы. Они принадлежат одной «ароматной вселенной» — мускусной, древесной, амбровой, пряной — но звучат по-разному. Они говорят на одном языке, но разными голосами. И каждый находит среди них тот аромат, что звучит в унисон с его внутренним миром. Парфюмер: Olaf Larsen.",только для наружного применения.,Франция,17
332,2026-10-01T09:03:36.259198,20261001_080712_1756e2c0,99000035603,parfjumerija/nishevaja-parfjumerija,SIMONE ANDREOLI,SILVER MARBLE,Парфюмерная вода,31510.0,31510.0,0.0,1,0.0,https://goldapple.ru/99000035603-silver-marble/,https://goldapple.ru/parfjumerija/nishevaja-parfjumerija?p=17,"Пронизывающий и бодрящий аромат, напоминающий о затерянном королевстве льдов на дальнем Севере. Колкие специи и замороженные цитрусы мощного и неудержимого аромата, воплощают холодный и туманный образ Нифльхейма - земли льдов и туманов, первозданной колыбели стихийной силы льда. Свежая минеральная композиция из ароматических молекул последнего поколения создана для абстрактных «мраморных» ощущений, словно несокрушимой ледяной мантии вокруг своего владельца.","Распылите с расстояния 20–25 см, избегая попадания на одежду.",Италия,17
333,2026-10-01T09:03:45.151716,20261001_080712_1756e2c0,19000342845,parfjumerija/nishevaja-parfjumerija,Amouage,Guidance,Нет категории,16896.0,16896.0,0.0,1,4.9,https://goldapple.ru/19000342845-guidance/,https://goldapple.ru/parfjumerija/nishevaja-parfjumerija?p=17,"Башня из слоновой кости, окутанная редкими облаками… Из нежного грушевого тумана, манящего аромата миндального молочка и жемчужной росы ладана складывается образ уютного убежища. Лосьон для тела GUIDANCE — непривычная интерпретация триады Amouage, состоящей из лесного ореха, груши и шафрана— звучит как поэма, ощущается как объятья, воспринимается как мудрое изречение.","Нанести легкими массажными движениями на чистую и сухую кожу тела после принятия душа или ванны, либо по мере необходимости.",Оман,17
334,2026-10-01T09:03:52.511627,20261001_080712_1756e2c0,19760310033,parfjumerija/nishevaja-parfjumerija,State Of Mind,Voluptuous Seduction,Нет категории,7358.0,7358.0,0.0,1,4.3,https://goldapple.ru/19760310033-voluptuous-seduction/,https://goldapple.ru/parfjumerija/nishevaja-parfjumerija?p=17,"Роскошный цветочный аромат Voluptuous Seduction – это уникальный и щедрый букет благородных нот. Он собран из тёплого сочетания ройбуша и лилии, богатства розы и шиповника, необычной гармонии трюфелей и древесных базовых нот сандала и кедра, которые усиливают глубокий чарующий шлейф. Лучезарный, эмоциональный, чувственный аромат намекает на утонченное соблазнение, наделяющее властью. Верхние ноты: ройбуш, яблоко Ноты сердца: роза, шиповник, лилия Базовые ноты: сандал, кедр",Не указано,Франция,17
335,2026-10-01T09:04:01.881260,20261001_080712_1756e2c0,19000009352,parfjumerija/nishevaja-parfjumerija,L'atelier parfum,EXQUISE TENTATION,Парфюмерная вода,7853.0,7853.0,0.0,1,4.8,https://goldapple.ru/19000009352-exquise-tentation/,https://goldapple.ru/parfjumerija/nishevaja-parfjumerija?p=17,"Чувственный, притягательный и сладкий аромат EXQUISE TENTATION от L’ATELIER PARFUM приглашает в путешествие, которое начинается с ярких нот черной смородины, розового перца и бергамота. Гурманская нота ванили, миндаль и пралине погружают в приятную сладость, перед которой невозможно устоять. Шипровый аккорд, в котором гармонично звучат пачули, и цветочные ноты розы, ириса, фрезии и ландыша придают элегантность чувственной композиции, способной вызвать зависимость. Парфюмер – Dorothee Piot. Верхние ноты: черная смородина, розовый перец, бергамот Ноты сердца: роза, ирис, фрезия, ландыш Базовые ноты: пралине, пачули, мускус, миндаль, ваниль",Не указано,Франция,17
336,2026-10-01T09:04:10.432963,20261001_080712_1756e2c0,19000004548,parfjumerija/nishevaja-parfjumerija,Zielinski & Rozen,Orange & Jasmine,Духи концентрированные,2371.0,2371.0,0.0,1,4.7,https://goldapple.ru/19000004548-perfume-orange-jasmine-vanilla/,https://goldapple.ru/parfjumerija/nishevaja-parfjumerija?p=17,"Я хочу, чтобы парфюм трогал до глубины души, говорил о личности и отражал ее уникальность. Эрез Розен Замысловатая ольфакторная книга, сюжет которой раскрывается новыми гранями на каждом человеке. Необычные сочетания нот и оригинальное построение аккордов подчеркивают индивидуальность и раскрывают суть ярче любых слов. Все ароматы Zielinski&Rozen категории унисекс. У данного продукта меняется название аромата. Актуальное название : Orange & Jasmine.",Наносите парфюм по обе стороны плеч или распылите впереди себя и войдите в «облако» аромата.,Россия,17
337,2026-10-01T09:04:18.924666,20261001_080712_1756e2c0,19000009371,parfjumerija/nishevaja-parfjumerija,L'atelier parfum,VERTE EUPHORIE,Парфюмерная вода,3403.0,3403.0,0.0,1,4.5,https://goldapple.ru/19000009371-verte-euphorie/,https://goldapple.ru/parfjumerija/nishevaja-parfjumerija?p=17,"Игривый и бодрящий аромат VERTE EUPHORIE от L’ATELIER PARFUM воплощает очарование беззаботности. В этом удивительном коктейле сочетаются свежесть цитрусов, зеленые ноты моркови и нежность мускуса. Весёлая и яркая, словно взрыв искреннего и радостного смеха, композиция раскрывает богатство гесперидных нот благодаря красному апельсину, грейпфруту и петитгрейну. Эту искрящуюся парфюмерную эйфорию дополняют цветочная нота горечавки и древесная нота кедра. Парфюмер – Alexis Dadier.","Распылите на пульсирующие зоны, такие как запястья, шея, за ушами и внутренняя сторона локтя. Избегайте контакта с одеждой, чтобы сохранить качество аромата.",Франция,17
338,2026-10-01T09:04:27.516262,20261001_080712_1756e2c0,83460100014,parfjumerija/nishevaja-parfjumerija,Filippo Sorcinelli,but_not_today,Духи,23655.0,23655.0,0.0,1,4.8,https://goldapple.ru/83460100014-but-not-today/,https://goldapple.ru/parfjumerija/nishevaja-parfjumerija?p=17,"Вдохновением для нового творения Филиппо Сорчинелли послужил знаменитый триллер ""Ганнибал"" 2001 года, снятый Ридли Скоттом, с Энтони Хопкинсом и Джулианной Мур в главных ролях. Героев связывает взаимное притяжение, даже одержимость друг другом. Поэтому притягательный аромат but not today задуман как запах неоспоримой любви между жертвой и охотником, которую невозможно разорвать. В состав, по утверждению UNUM, вошли 47 компонентов для имитации запаха крови, и 15 компонентов для запаха лилий, которые ассоциируются с Флоренцией, любимым городом Лектера, где снимался фильм и где прошла презентация нового аромата.",По мере необходимости,Франция,17
339,2026-10-01T09:04:34.434775,20261001_080712_1756e2c0,99000035613,parfjumerija/nishevaja-parfjumerija,SIMONE ANDREOLI,BORN FROM FIRE,Парфюмерная вода,25760.0,25760.0,0.0,1,0.0,https://goldapple.ru/99000035613-born-from-fire/,https://goldapple.ru/parfjumerija/nishevaja-parfjumerija?p=17,"Горячая тропическая ваниль полыхает в огне пряностей и драгоценной древесины, погружая в ароматную атмосферу легендарного пляжа с черным песком Хонокалани на Мауи.","Распылите с расстояния 20–25 см, избегая попадания на одежду.",Италия,17
340,2026-10-01T09:04:42.756405,20261001_080712_1756e2c0,19000310677,parfjumerija/nishevaja-parfjumerija,ESSENTIAL PARFUMS PARIS,Neroli botanica,Парфюмерная вода,2466.0,2466.0,0.0,1,4.6,https://goldapple.ru/19000310677-neroli-botanica/,https://goldapple.ru/parfjumerija/nishevaja-parfjumerija?p=17,"Парфюмер — Anne Flipo. «Я представляла себе чувственный флердоранж, который хочется вдыхать снова и снова… В сочетании с пряностями и чарующим сердцем аромата из жасмина и нероли, его мощный шлейф переходит в гипнотическую древесную базу из сандала и ветивера». NEROLI BOTANICA — новый взгляд на одни из самых знаковых цветов в парфюмерии. Пряный и яркий аромат раскрывается нотами листьев куркумы и имбиря, усиленный дуэтом розового и черного перцев. Великолепно дополненный нероли и жасмином самбак, флердоранж раскрывает всю свою цветочную силу. Его «солнечные» и чувственные оттенки сочетаются с зелеными и бархатисто-древесными нотами ветивера и сандалового дерева в базе композиции. Создатели парфюмерной воды ESSENTIAL PARFUMS выбирают натуральные, экологически чистые материалы и стремятся снизить воздействие на окружающую среду. Компания использует эссенцию нероли, воду флердоранж и абсолют флердоранжа из Туниса, чтобы поддерживать устойчивое развитие, местное население и методы ведения восстановительного сельского хозяйства.. Обращаем внимание, флакон аромата может отличаться от фото в интернет-магазине. Товар может быть представлен с колпачком или без него.",Только для наружного применения.,Франция,17
341,2026-10-01T09:05:09.848227,20261001_080712_1756e2c0,19760343571,parfjumerija/nishevaja-parfjumerija,Zielinski & Rozen,"Tobacco, Cedarwood, Pepper",Твердое мыло в алюминиевой мыльнице,1590.0,1590.0,0.0,1,4.9,https://goldapple.ru/19760343571-fiction/,https://goldapple.ru/parfjumerija/nishevaja-parfjumerija?p=18,"Ароматное мыло — беспроигрышный подарок по любому поводу и любому человеку: в том числе, самому себе. В составе — только натуральные ингредиенты, которые мягко и эффективно очищают кожу от загрязнений и не оставляют ощущения сухости после мытья. Подходит для ежедневного мытья рук и тела, а компактную металлическую мыльницу удобно брать с собой в путешествия. Также твердое мыло можно использовать как саше: если положить его в шкаф с одеждой, гардероб наполнится любимым ароматом.",Храните мыло в гардеробе в качестве саше или используйте по прямому назначению: вспеньте в руках и смойте водой.,Россия,18
342,2026-10-01T09:05:19.895719,20261001_080712_1756e2c0,19000323007,parfjumerija/nishevaja-parfjumerija,J.F. Schwarzlose Berlin,Rosa Centifolia,Парфюмерная вода,13205.0,13205.0,0.0,1,0.0,https://goldapple.ru/19000323007-rosa-centifolia/,https://goldapple.ru/parfjumerija/nishevaja-parfjumerija?p=18,"Нюансы сандалового дерева и резкой зеленой свежести – ее предвестники. Затем она просыпается – столистная роза на пряном розовом кусте: сначала неуловимая, но затем уверенная и с сияющим присутствием. Rosa Centifolia похотливо обнажает свое тело, стремясь своими прохладными бутонами к свету и жизни. Она сияет, цветет и царствует. Она – роза, пришедшая покорить и остаться. Вольная интерпретация Гертруды Стайн: «роза есть роза есть икона». Как и все парфюмерные переосмысления J.F. Schwarzlose, характер этого аромата бросает вызов общепринятым ожиданиям. Парфюм Rosa Centifolia имеет глубокие корни в своей истории как легендарное творение берлинского парфюмерного дома. Его возрождение удивляет совершенно новым восприятием розы и переносит тему этого цветка в новый мир без гендерных границ. Эта Rosa Centifolia прохладно расцветает над теплом дерева и специй и несет в себе послание: ожидайте неожиданного!","Распыляйте с расстояния 20-25 см. Не наносите на одежду, не используйте при нахождении на солнце.",Германия,18
343,2026-10-01T09:05:29.858784,20261001_080712_1756e2c0,19000439443,parfjumerija/nishevaja-parfjumerija,Neydo,ALIEN FRUIT 30.03,Нет категории,1980.0,1980.0,0.0,1,4.8,https://goldapple.ru/19000439443-neydo/,https://goldapple.ru/parfjumerija/nishevaja-parfjumerija?p=18,"Аромат Alien Fruit 30.03 — сон Франчески о роскошном тропическом курорте, настоящем фруктовом рае, где смешиваются ароматы юзу, гуавы и граната, и появляется инопланетный фрукт! Неземной, головокружительно яркий и сочный ягодно-фруктовый аромат! Francesca, 30.03 Жаркое, солнечное утро, и вечеринка у бассейна продолжается. Кругом мелькают яркие бикини, тропические цветы, и летят брызги игристого. Звучит речь самых разных языков мира, смешиваясь с музыкой. Прямо в бассейне плавают разнообразные плоды и ягоды, наполняя воздух фруктовым миксом. Торопливо снуют официанты, балансируя подносами и стараясь донести еще прохладные лакомства. Витают запахи тропических коктейлей, свежих, только что нарезанных фруктов и сорбетов из юдзу. Решаю, что пора остыть, и беру со столика ломтик арбуза. Какой же он ледяной и сочный! По моей руке стекает сладкий сок лета, оставляя бледные капли на одежде. Два парня, стоящие рядом, начинают смеяться вместе со мной. Они с аппетитом едят необычные фрукты лаймово-желтого, почти неонового цвета, похожие на карамболу. Ребята протягивают мне салфетки, и я начинаю благодарить их на всех знакомых языках: Grazie, Merci, Danke, Gracias! Но с каждым словом они все больше начинают хихикать и шептаться между собой на языке, который я никогда не слышала. Вытирая пятна от арбуза, я спешно пытаюсь выяснить, откуда они. Понимающе кивая, они указывают на небо, внезапно ставшее ярко-розовым. Я опускаю взгляд, но рядом уже никого нет, только два необыкновенных фрукта. Я беру один, подношу к солнцу, и весь мир вдруг становится неоново-желтым.","Распылите на пульсирующие зоны: запястья, шею, за ушами и внутреннюю сторону локтя. Избегайте контакта с одеждой. Для повышения стойкости рекомендуем наносить на хорошо увлажненную кожу.",Франция,18
344,2026-10-01T09:05:39.963807,20261001_080712_1756e2c0,19000246027,parfjumerija/nishevaja-parfjumerija,MAJOURI,Jour 11,Нет категории,20825.0,20825.0,0.0,1,0.0,https://goldapple.ru/19000246027-jour-11/,https://goldapple.ru/parfjumerija/nishevaja-parfjumerija?p=18,"Загадочный пряный восточный аромат Majouri Jour 11 – это современное путешествие по ароматическому Востоку. Он наполнен романтическими грезами и пикантными полутонами. Это одновременно отстраненный и желанный эликсир. Драгоценные специи с арабских рынков соблазняют на рассвете. Эффектное, новаторское начало сливается с чувственным сердцем. И растворяется в увлекающем шлейфе. Ноты сплетаются в страстную симфонию. В центре внимания – безграничная интрига черной фиалки. Хвойная магия ягод можжевельника освежает. Энергичный китайский грейпфрут – как лучик солнца в тенистой прохладе зеленого шафрана. Фиалковый аккорд и анималистическая кожа раскрываются соблазняющей эссенцией. Кожаная страсть обволакивает уютным теплом. Насыщенный ветивер ассоциируется с землистыми корнями. Чарующий кашемир струится комфортным шелком. Сочная сладость малины игрива, как запретный плод. Глубокая композиция Jour 11 от Majouri вызывает привыкание, как аутентичная культура, которая интригует.","Только для наружного применения. Наносить на кожу и одежду, избегать попадания в глаза.",Франция,18
345,2026-10-01T09:05:49.408184,20261001_080712_1756e2c0,19000210123,parfjumerija/nishevaja-parfjumerija,Zielinski & Rozen,"Peach, Passion fruit, Musk",Крем для рук,1690.0,1690.0,0.0,1,4.7,https://goldapple.ru/19000210123-peach-passion-fruit-musk/,https://goldapple.ru/parfjumerija/nishevaja-parfjumerija?p=18,"Крем для рук интенсивно питает и смягчает кожу, легко впитывается, имеет мягкую текстуру.",Выдавить небольшое количество на чистые руки и равномерно распределить. Повторяйте по мере необходимости.,Израиль,18
346,2026-10-01T09:06:00.276303,20261001_080712_1756e2c0,19000522112,parfjumerija/nishevaja-parfjumerija,L'atelier parfum,SAKURA KISS,парфюмерная вода,3403.0,3403.0,0.0,1,4.0,https://goldapple.ru/19000522112-l-atelier-parfum/,https://goldapple.ru/parfjumerija/nishevaja-parfjumerija?p=18,"Аромат L'ATELIER PARFUM — сияние тысячи поцелуев из лепестков, вихрь нежного и воздушного цветения. Тот самый незабываемый момент, когда город превращается в сад, а каждый вздох ощущается как прилив весны. Цветочные лепестки кружатся в воздухе, касаясь кожи, в самом сердце Токио. Над крышами домов распускаются сакуры, их розовые лепестки развеваются на городском ветру. Нота яркой вишни пробуждает чувства, а нежный мускус окутывает каждое дуновение шлейфа своей притягательной мягкостью. Парфюмер — Serge De Oliveira.","Распылите на пульсирующие зоны: запястья, шею, за ушами и внутреннюю сторону локтя. Избегайте контакта с одеждой. Для повышения стойкости рекомендуем наносить на хорошо увлажненную кожу.",Франция,18
347,2026-10-01T09:06:11.596205,20261001_080712_1756e2c0,19000301043,parfjumerija/nishevaja-parfjumerija,Neydo,Breathe out 01.02,Парфюмерная вода,5715.0,5715.0,0.0,1,4.6,https://goldapple.ru/19000301043-breathe-out-01-02/,https://goldapple.ru/parfjumerija/nishevaja-parfjumerija?p=18,"Аромат Breathe Out 01.02 - это сон Эйдена, в котором стремительный спуск с заснеженной альпийской вершины завершается… в соляной пещере с горячими источниками, где искристый, обжигающе-свежий воздух сменяется теплой волной аромата пряных специй, сандала, мускуса и кашемира. Aiden, 01.02 Я где-то на альпийских вершинах. Адреналин, пульсация в висках всё сильнее: стук – один, два, три, глубокий вдох, и… лечу на сноуборде с горы! Скорость, азарт, морозный воздух и вихрь летящего из-под борда снега, сверкающего на солнце. Но вдруг теряю контроль, кубарем падая вниз. Проходит целая вечность, прежде чем удается затормозить. В глазах яркая белая вспышка и оглушительная тишина кругом; время словно остановилось. В снежной пелене я замечаю тёмное пятно – пещеру. Отстегиваю борд и направляюсь туда. В тусклом свете мерцают белые сталагмиты. Воздух холодный, сухой и соленый. Протягиваю руку, чтобы дотронуться до соляной стены … и проваливаюсь сквозь землю, теплый пар окутывает меня с ног до головы. А когда туман рассеивается, я понимаю, что оказался в горячем горном источнике с кристально прозрачной водой. Кто-то показался из тени и приближается ко мне. Кажется, я её знаю, но не помню её имени. Она протягивает мне термос с пряным, пахнущим кардамоном напитком. Это то, что мне нужно! Напряжение спало, и я больше не гадаю, где очутился. Просто делаю глоток и выдыхаю. Страна происхождения товара может отличаться (Республика Корея/Франция).","Распылите на пульсирующие зоны: запястья, шею, за ушами и внутреннюю сторону локтя. Избегайте контакта с одеждой. Для повышения стойкости рекомендуем наносить на хорошо увлажненную кожу.",Франция,18
348,2026-10-01T09:06:21.036889,20261001_080712_1756e2c0,19000376465,parfjumerija/nishevaja-parfjumerija,CHOPARD,Tubereuse Maharane,Парфюмерная вода,19451.0,19451.0,0.0,1,4.7,https://goldapple.ru/19000376465-tubereuse-maharane/,https://goldapple.ru/parfjumerija/nishevaja-parfjumerija?p=18,"Каждое утро индийская царица окутывает себя тонким ароматом туберозы, который становится неотъемлемой частью ее образа. Maharane раскрывает всю глубину и страстность этого цветка, создавая завораживающий шлейф, который оставляет неизгладимое впечатление.",Только для наружного применения.,Италия,18
349,2026-10-01T09:06:30.719691,20261001_080712_1756e2c0,19000125956,parfjumerija/nishevaja-parfjumerija,State Of Mind,Butterfly Mind,Парфюмерная вода,4626.0,4626.0,0.0,1,4.3,https://goldapple.ru/19000125956-butterfly-mind/,https://goldapple.ru/parfjumerija/nishevaja-parfjumerija?p=18,"Мобильная версия спрея создана, чтобы любимый аромат всегда был под рукой! Невесомый цветочно-фруктовый аромат Butterfly Mind вызывает ассоциации с природой, молодостью и лёгкостью. На его создание вдохновила красота весны и вечного начала. В этом светлом, романтичном и многогранном аромате нежность белого чая и цветков сакуры гармонирует с фруктовыми нотами фейхоа. Украшают праздничный букет чувственные вишня и мускус.",Только для наружного применения.,Франция,18
350,2026-10-01T09:06:42.477585,20261001_080712_1756e2c0,27381500001,parfjumerija/nishevaja-parfjumerija,Xerjoff,XJ 1861 Naxos,Парфюмерная вода,25993.0,25993.0,0.0,1,4.8,https://goldapple.ru/27381500001-xj-1861-naxos/,https://goldapple.ru/parfjumerija/nishevaja-parfjumerija?p=18,"Naxos – аромат посвященный красоте и традициям Сицилии, а также страстному средиземноморскому характеру ее жителей. Знаменитые сицилийские цитрусовые сады начинают эту композицию яркими, жизнерадостными нотами, которые контрастируют с пряными аккордами. Сложный и многогранный, аромат Naxos воплощает в себе все богатство и разнообразие уникального острова в центре Средиземного моря. XJ 1861 – коллекция ароматов, выпущенная в честь 150-летия объединения Италии. Это признание основателя Xerjoff, Серджио Момо, в любви к своей стране, отражение ее величия, очарования и культурного наследия.",Нанести на пульсирующие точки,Италия,18
351,2026-10-01T09:06:58.225023,20261001_080712_1756e2c0,26142500001,parfjumerija/nishevaja-parfjumerija,FRANCK BOCLET,SUGAR,Духи,19347.0,19347.0,0.0,1,4.9,https://goldapple.ru/26142500001-sugar/,https://goldapple.ru/parfjumerija/nishevaja-parfjumerija?p=18,"Sugar Franck Boclet- словно коричневый сахар, вкусный зефир, ноты подслащенные, но при этом немного кисловатые с фруктовой основой и амбровыми аккордами. Гурманский, притягательный. Верхние ноты: бергамот, зефир, черная смородина, мед, кокос. Ноты сердца: груша, жасмин, персик, ваниль, карамель. Базовые ноты: цветы апельсина, фиалка, малина, белый мускус.",Не указано,Франция,18
352,2026-10-01T09:07:08.631998,20261001_080712_1756e2c0,99000037527,parfjumerija/nishevaja-parfjumerija,OLFATTOLOGY,JURUA,Парфюмерная вода,15840.0,15840.0,0.0,1,0.0,https://goldapple.ru/99000037527-jurua/,https://goldapple.ru/parfjumerija/nishevaja-parfjumerija?p=18,"Аромат кофейной розы посвящен реке Журуа - главной водной артерии Амазонки, протекающий и в Бразилии, что и сподвигло парфюмеров включить в композицию кофейный аккорд, переплетающийся с ванилью и розой. Притягательный и соблазнительный цветочно-восточный аромат, с гурманскими оттенками.","Распылите с расстояния 20–25 см, избегая попадания на одежду.",Италия,18
353,2026-10-01T09:07:18.485839,20261001_080712_1756e2c0,26170900002,parfjumerija/nishevaja-parfjumerija,MONTALE,Sweet Vanilla,Нет категории,7455.0,7455.0,0.0,1,4.8,https://goldapple.ru/26170900002-sweet-vanilla/,https://goldapple.ru/parfjumerija/nishevaja-parfjumerija?p=18,"Парфюмерная вода Montale Sweet Vanilla — настоящее наслаждение для истинных ценителей Востока. Теплые нотки абрикоса в сочетании со сладкой ванилью подарят незабываемые ощущения и с легкостью перенесут в волшебный мир грез и фантазий. Стильная упаковка Sweet Vanilla позволит флакону вписаться в любой интерьер, а невероятная притягательность аромата сделает его вашим фаворитом. Чувственный запах парфюмерной воды окутает вас нежной мягкостью и навсегда останется в вашем сердце, покорив его своим совершенством. Montale — создан специально для ярких индивидуальностей!",Не указано,Франция,18
354,2026-10-01T09:07:29.101957,20261001_080712_1756e2c0,84140700003,parfjumerija/nishevaja-parfjumerija,Loewe,001 WOMAN,Нет категории,19360.0,19360.0,0.0,1,4.8,https://goldapple.ru/84140700003-001-woman/,https://goldapple.ru/parfjumerija/nishevaja-parfjumerija?p=18,"Парфюмерная вода LOEWE 001 Woman — женский аромат, вдохновлённый природой как созидающей силой. Композиция принадлежит к восточному цветочно-мускусному семейству. Свежий и одновременно тёплый аромат сочетает ноты жасмина, льна и мускуса. Ключевой ингредиент семейства LOEWE 001  - мускус - обладает лёгким анималистичным звучанием, создаёт ощущение чистоты и усиливает стойкость на коже. Семейство  LOEWE 001 Woman представлено в фирменной монохромной упаковке, украшенной ботанической фотографией Allium oreophilum Карла Блоссфельдта, символизирующей подлинность и утонченность. Аромат заключен в культовый стеклянный флакон характерной прямоугольной формы нежно-желтого оттенка. Парфюмерная вода LOEWE 001 Woman входит в коллекцию LOEWE Landscape — серию ароматов, вдохновлённую природой и испанским происхождением Дома LOEWE.","Небольшое количество нанести на тело, избегая попадания в глаза.",Испания,18
355,2026-10-01T09:07:39.713350,20261001_080712_1756e2c0,19000190233,parfjumerija/nishevaja-parfjumerija,FRANCK BOCLET,Orchid,Парфюмерная вода,7920.0,7920.0,0.0,1,4.8,https://goldapple.ru/19000190233-orchid/,https://goldapple.ru/parfjumerija/nishevaja-parfjumerija?p=18,"Новый теплый элегантный аромат классической линейки Аромат начинается с мягкости и утонченности груши Вильямса, смешанного с игристым нероли, в то время как ванильный настой распространяется в сердце с абсолютным жасмином Египта и абсолютным флердоранжем. В нижней части аромата ирисовое масло, амброксан и мускус излучают сладость и чувственность, создавая полное пристрастие.",Не указано,Франция,18
356,2026-10-01T09:07:48.959681,20261001_080712_1756e2c0,26732400001,parfjumerija/nishevaja-parfjumerija,Byredo,Mojave Ghost,Парфюмерная вода,20295.0,20295.0,0.0,1,4.7,https://goldapple.ru/26732400001-mojave-ghost/,https://goldapple.ru/parfjumerija/nishevaja-parfjumerija?p=18,"Цветок который Бен Горхэм обнаружил в самом безжизненном месте Земли – пустыне Мохаве.  Аромат самого соблазнительного и редкого цветка в мире! Постоянно меняющий свою композицию и усиливающий свой шлейф. Такая почти призрачная форма и одновременно красота цветка выдают его силу и характер.  Экзотическая саподилла (ямайский фрукт) в окружении мускусных взбитых сливок. Композиция: семена амбретты, магнолия, фиалка, сандал, кедр, аккорд взбитых мускусных сливок",Не указано,Франция,18
357,2026-10-01T09:08:00.386146,20261001_080712_1756e2c0,90150600002,parfjumerija/nishevaja-parfjumerija,Zielinski & Rozen,"Vetiver, Lemon",Крем для рук,1690.0,1690.0,0.0,1,4.8,https://goldapple.ru/90150600002-vetiver-lemon-bergamot/,https://goldapple.ru/parfjumerija/nishevaja-parfjumerija?p=18,"Универсальные кремы для рук подходят для использования в любое время года и в любом климате. Благодаря легкой текстуре средство быстро впитывается, а обогащенная натуральными маслами формула надолго оставляет кожу мягкой и нежной. Тюбик удобного travel-формата поместится даже в очень маленькой сумке или кармане. Ароматы продукции Zielinski&Rozen изменили свое наименование без изменения состава.",Выдавите небольшое количество крема на руки и равномерно распределите на коже.,Израиль,18
358,2026-10-01T09:08:10.586464,20261001_080712_1756e2c0,19760310030,parfjumerija/nishevaja-parfjumerija,State Of Mind,Sense of Humor,Парфюмерная вода,7358.0,7358.0,0.0,1,3.6,https://goldapple.ru/19760310030-sense-of-humor/,https://goldapple.ru/parfjumerija/nishevaja-parfjumerija?p=18,"Зеленый цитрусовый аромат Sense of Humor – это эйфорическое сочетание яркости и экзотики. Игривое и весёлое зелье открывается неожиданными нотами мате и чая Дарджилинг в сочетании с листьями чёрной смородины и кинзы. Аромат переходит в свежую гармонию солнечного цитрона, мандарина и персика, дополненную тёплыми нотами кедра и мускуса. Насыщенная и бодрящая композиция намекает: юмор – это лучшая одежда, которую нужно носить в обществе. Верхние ноты: персик, листья чёрной смородины, мускус Ноты сердца: чай Дарджилинг, цитрон, мате Базовые ноты: мандарин, кориандр, кедр",Не указано,Франция,18
359,2026-10-01T09:08:18.850809,20261001_080712_1756e2c0,19000413551,parfjumerija/nishevaja-parfjumerija,M.INT,Pitch and toss,Парфюмерная вода,18675.0,18675.0,0.0,1,0.0,https://goldapple.ru/19000413551-pitch-and-toss/,https://goldapple.ru/parfjumerija/nishevaja-parfjumerija?p=18,"Для деловых людей, которым важно выделить сильные черты характера с помощью какого-нибудь утонченного и деликатного аромата, не ассоциируемого с повсеместно распространенной классикой. Парфюмер: Hamid Merati-Kashani.","Нанести на тело, избегая попадания в глаза.",Франция,18
360,2026-10-01T09:08:28.601925,20261001_080712_1756e2c0,36050400009,parfjumerija/nishevaja-parfjumerija,CASAMORATI,LIRA,Парфюмерная вода,11687.0,11687.0,0.0,1,4.7,https://goldapple.ru/36050400009-lira/,https://goldapple.ru/parfjumerija/nishevaja-parfjumerija?p=18,"Lira – интригующее сочетание вымысла и реальности. Во вступлении звучат пряный бергамот и корица, сочный сицилийский апельсин, а также нежная роза и лаванда. В сердечных нотах аромат смешивает ванильно-карамельные аккорды с восточными специями и цветами солодки. В шлейфе проявляются бергамот, мускус, лаванда и карамель.",Не указано,Италия,18
361,2026-10-01T09:08:59.117004,20261001_080712_1756e2c0,19000391661,parfjumerija/nishevaja-parfjumerija,Neydo,Pulsation 11.07,Парфюмерная вода,5715.0,5715.0,0.0,1,4.8,https://goldapple.ru/19000391661-pulsation-11-07/,https://goldapple.ru/parfjumerija/nishevaja-parfjumerija?p=19,"Аромат Pulsation 11.07 — сон Салли о ночи, когда музыка и свет клубов сливаются в одно целое. Стробоскоп выхватывает из темноты лица, в воздухе смешиваются густые аккорды мёда, ладана и шалфея. Фруктовые ноты и яблоко придают сладкое волнение, а тёплый табак, амбра и кедр оставляют чувственный след. Аромат-пульс, в ритме которого невозможно устоять. Sally, 11.07. Это одна из тех ночей, что бывают только в кино или во сне. Воздух звенит от ожидания и предвкушения. Здесь возможно всё — ничто не запрещено. Я пробираюсь глубже в толпу и полностью растворяюсь в музыке. Свет стробоскопа выхватывает из темноты лица: горящие взгляды, улыбки на губах. Вдруг среди огней — взгляд. Томный, манящий. Он подходит ближе, наклоняется — и я чувствую его тепло. Его аромат окутывает меня: горячий, с едва уловимой нотой сладости, от которой сбивается пульс. Его рука медленно скользит вверх по моей — словно разряд тока. Воздух между нами становится плотным, почти осязаемым, таким, в котором легко утонуть. Сердце бешено колотится. Я тянусь к нему тоже, как будто нас соединяет невидимая нить — всё замирает на грани чего-то необратимого, всепоглощающего. Миг — всё исчезает. Гаснет свет. Стихает музыка. Остаётся только аромат, послевкусие пряной сладости, невероятно реальное, как призрак на грани восприятия.","Распылите на пульсирующие зоны: запястья, шею, за ушами и внутреннюю сторону локтя. Избегайте контакта с одеждой. Для повышения стойкости рекомендуем наносить на хорошо увлажненную кожу.",Франция,19
362,2026-10-01T09:09:09.666343,20261001_080712_1756e2c0,99000115130,parfjumerija/nishevaja-parfjumerija,Voyages imaginaires,La couleur de la nuit,Парфюмерная вода,28350.0,28350.0,0.0,1,0.0,https://goldapple.ru/99000115130-la-couleur-de-la-nuit/,https://goldapple.ru/parfjumerija/nishevaja-parfjumerija?p=19,Загадочные тени красных фонарей танцуют на мокрых тротуарах ночных аллей. «Любовное настроение» Вонга Кар Вайя. Элегантность в светотени. Волнующая прогулка во влажной дымке азиатской ночи.,"Нанести на тело или одежду, избегая попадания в глаза.",Франция,19
363,2026-10-01T09:09:20.766538,20261001_080712_1756e2c0,19000316419,parfjumerija/nishevaja-parfjumerija,MONTALE,Bubble Forever,Нет категории,16668.0,16668.0,0.0,1,4.7,https://goldapple.ru/19000316419-bubble-forever/,https://goldapple.ru/parfjumerija/nishevaja-parfjumerija?p=19,"Montale Bubble Forever — женственный, свежий цветочно-гурманский аромат, вдохновленный нежным вкусом жевательной резинки. Это дань уважения многогранной и веселой женщине среди пудровой роскоши светских салонов и гламура. Розовый пузырь женственности, окруженный миром, который прославляет ее. Позвольте себе побаловать себя вихрем особых ароматических эссенций, приглашающий в мир, полный сладости и легкости. Небесные ароматы танцуют в воздухе. Грейпфрут, лимон и груша сорта Уильямс создают силуэт современной, дерзкой и творческой женщины. Экзотические и загадочные ноты нероли и корицы исходят из сердца. Время останавливается, когда раскрываются элегантные ноты жасмина и розы. Очарование и элегантность сливаются в базовом аккорде аромата Montale Bubble Forever из мускуса, амбры и восхитительных нот ириски и ванили.","Наносить на неповрежденные участки кожи, волос и одежду.",Франция,19
364,2026-10-01T09:09:31.141256,20261001_080712_1756e2c0,26800700001,parfjumerija/nishevaja-parfjumerija,Maison Francis Kurkdjian,Amyris femme,Нет категории,22500.0,22500.0,0.0,1,4.7,https://goldapple.ru/26800700001-amyris-femme/,https://goldapple.ru/parfjumerija/nishevaja-parfjumerija?p=19,"Женская парфюмерная вода Amyris от Maison Francis Kurkdjian  - это яркий аромат, рожденный в слиянии амириса и ириса из Флоренции, неотразимо привлекательной пары с естественной элегантностью.  Этот женственный фруктово-цветочный аромат закружит вас в радостном вихре цветов лимонного дерева и сладкого горошка, воспламененным мускусно-амбровым аккордом. Позвольте себе погрузиться в этот страстный и головокружительный танец.","Нанести аромат на запястья, шею и точки пульса.",Франция,19
365,2026-10-01T09:09:40.979748,20261001_080712_1756e2c0,19000418578,parfjumerija/nishevaja-parfjumerija,L'atelier parfum,COEUR DE PETALES,Парфюмированный мист для волос и тела,3744.0,3744.0,0.0,1,4.2,https://goldapple.ru/19000418578-coeur-de-petales/,https://goldapple.ru/parfjumerija/nishevaja-parfjumerija?p=19,"Воздушная и многогранная композиция в мисте для волос и тела COEUR DE PÉTALES от L’ATELIER PARFUM передает радость жизни и атмосферу цветущего Парижа. Сочетание розы и личи дополняется тонкой и пряной нотой сычуаньского перца, свежего и легкого, слово взрыв смеха. Парфюмер – Dorothee Piot.","Нанесите спрей на кожу с расстояния 20–30 см, уделяя внимание пульсирующим зонам, таким как запястья, шея и внутренняя сторона локтя. Избегайте попадания на лицо, глаза и область подмышек. Повторите нанесение по мере необходимости.",Франция,19
366,2026-10-01T09:09:52.600745,20261001_080712_1756e2c0,19000208556,parfjumerija/nishevaja-parfjumerija,Zielinski & Rozen,"Apple, Lotus",Крем для рук,1690.0,1690.0,0.0,1,4.8,https://goldapple.ru/19000208556-apple-lotus/,https://goldapple.ru/parfjumerija/nishevaja-parfjumerija?p=19,Питает и смягчает кожу. Быстро впитывается и имеет легкую текстуру.,Выдавите небольшое количество крема на чистые руки и распределите равномерно. При необходимости повторите.,Израиль,19
367,2026-10-01T09:10:05.799833,20261001_080712_1756e2c0,26733200001,parfjumerija/nishevaja-parfjumerija,Byredo,BIBLIOTHEQUE,Парфюмерная вода,29287.0,29287.0,0.0,1,4.8,https://goldapple.ru/26733200001-bibliotheque/,https://goldapple.ru/parfjumerija/nishevaja-parfjumerija?p=19,"Bibliotheque переносит Вас в комфортную зону традиционной библиотеки. Мир тихого созерцания, где время останавливается и чувства обостряются.
Мягкий, сладкий аромат бархатистого персика и сливы пронизывает воздух, предшествуя звучанию сухого цветочного букета из пиона и фиалки с оттенком мускуса. А в самом конце, среди слоев кожи и ванили появляются ноты сухого пачули, вызывая воспоминания о любимом кресле и истертых страницах старинных книг в кожаных переплетах.",Не указано,Франция,19
368,2026-10-01T09:10:15.658379,20261001_080712_1756e2c0,19000004545,parfjumerija/nishevaja-parfjumerija,Zielinski & Rozen,"Tobacco, Vetiver & Amber",Духи концентрированные,2790.0,2790.0,0.0,1,4.7,https://goldapple.ru/19000004545-tobacco-vetiver-amber/,https://goldapple.ru/parfjumerija/nishevaja-parfjumerija?p=19,"Я хочу, чтобы парфюм трогал до глубины души, говорил о личности и отражал ее уникальность. Эрез Розен Замысловатая ольфакторная книга, сюжет которой раскрывается новыми гранями на каждом человеке. Необычные сочетания нот и оригинальное построение аккордов подчеркивают индивидуальность и раскрывают суть ярче любых слов. Все ароматы Zielinski&Rozen категории унисекс.",Наносите парфюм по обе стороны плеч или распылите впереди себя и войдите в «облако» аромата.,Россия,19
369,2026-10-01T09:10:24.800972,20261001_080712_1756e2c0,99000037524,parfjumerija/nishevaja-parfjumerija,OLFATTOLOGY,YOSEMITE,Парфюмерная вода,15840.0,15840.0,0.0,1,0.0,https://goldapple.ru/99000037524-yosemite/,https://goldapple.ru/parfjumerija/nishevaja-parfjumerija?p=19,"Фужерно-цитрусовый, с древесным акцентом аромат, такой же освежающий и напористый, как воды Йосемитского водопада в Калифорнии. Традиции и современность выражены в звучании парфюмерной композиции из ""корзины"" цитрусовых нот, лаванды, пачули, красных ягод и кожи.","Распылите с расстояния 20–25 см, избегая попадания на одежду.",Италия,19
370,2026-10-01T09:10:35.127027,20261001_080712_1756e2c0,19000259589,parfjumerija/nishevaja-parfjumerija,Zielinski & Rozen,"Neroli, Patchouli, Honey, Amber",Духи концентрированные,7990.0,7990.0,0.0,1,4.8,https://goldapple.ru/19000259589-neroli-patchouli-honey-amber/,https://goldapple.ru/parfjumerija/nishevaja-parfjumerija?p=19,"Аромат категории унисекс. Долго сохраняется на коже, оставляя легкий шлейф.",Спрей. Распылять на кожу с расстояния 30 см. Для усиления стойкости аромата наносить на разогретое или влажное тело.,Россия,19
371,2026-10-01T09:10:47.180393,20261001_080712_1756e2c0,19000285950,parfjumerija/nishevaja-parfjumerija,Maison Francis Kurkdjian,Aqua Media Cologne forte,Парфюмерная вода,14800.0,14800.0,0.0,1,4.8,https://goldapple.ru/19000285950-aqua-media-cologne-forte/,https://goldapple.ru/parfjumerija/nishevaja-parfjumerija?p=19,"Рожденный в слиянии воды и света, зеленый цвет находится в центре радужной призмы и отражает баланс в движении. Он находит свое воплощение в яркой свежести аромата Aqua Media Cologne forte, в котором сочетается бергамот, сладкий фенхель и древесно-мускусный аккорд в сочетании с гедионом.","Нанести аромат на запястья, шею и точки пульса.",Франция,19
372,2026-10-01T09:10:58.254159,20261001_080712_1756e2c0,19000327870,parfjumerija/nishevaja-parfjumerija,FRANCK BOCLET,Absolute Shadow,Духи,19125.0,19125.0,0.0,1,4.9,https://goldapple.ru/19000327870-absolute-shadow/,https://goldapple.ru/parfjumerija/nishevaja-parfjumerija?p=19,"Аромат подобен тени, отражению самого себя, отражению своей личности, обонятельному следу, который человек ощущает в своей памяти. Мягкий и опьяняющий, Absolute Shadow оставляет волшебный след, словно воспоминание о душе. Мягкие ноты миндаля и флердоранжа сочетаются с силой восточных нот сандала, ванили и бобов тонка.","Наносить на неповрежденные участки кожи, волос и одежду.",Франция,19
373,2026-10-01T09:11:08.338387,20261001_080712_1756e2c0,26723600018,parfjumerija/nishevaja-parfjumerija,Kilian Paris,Playing With The Devil,Нет категории,32580.0,32580.0,0.0,1,4.8,https://goldapple.ru/26723600018-playing-with-the-devil/,https://goldapple.ru/parfjumerija/nishevaja-parfjumerija?p=19,"Playing with the Devil - игра огня и флирта. Терпкая эссенция апельсина «королёк» в сочетании с личи с оттенком розы приобретает огненный характер благодаря эссенции пикантного гвоздичного перца. Мягкое сандаловое дерево в базовой ноте придает аромату знойный флер.
Фруктовая гармония с анималистическим характером.",Не указано,Франция,19
374,2026-10-01T09:11:21.148744,20261001_080712_1756e2c0,99000037530,parfjumerija/nishevaja-parfjumerija,OLFATTOLOGY,TEKAPO,Нет категории,15840.0,15840.0,0.0,1,0.0,https://goldapple.ru/99000037530-tekapo/,https://goldapple.ru/parfjumerija/nishevaja-parfjumerija?p=19,"Очарование озера Текапо вдохновило на создание роскошного аромата. Черная смородина, шафран, жасмин и карамель составляют основу парфюмерной композиции Tekapo, что в переводе означает "" Уйти спешно ночью"".","Распылите с расстояния 20–25 см, избегая попадания на одежду.",Италия,19
375,2026-10-01T09:11:30.376017,20261001_080712_1756e2c0,19000220509,parfjumerija/nishevaja-parfjumerija,Mind Games,QUEENING,Парфюмерный экстракт,25972.0,25972.0,0.0,1,4.7,https://goldapple.ru/19000220509-queening/,https://goldapple.ru/parfjumerija/nishevaja-parfjumerija?p=19,"Коллекция soulmate воплощает силу и единство пешек, коллективную уверенность и стремление поддерживать друг друга. По характеру пешка — решительная, амбициозная и бесстрашная фигура. Каждый аромат продуман, чтобы вы могли носить его самостоятельно или наслаивать с другими, создавая неповторимую композицию. Дизайн флаконов изящен, современен и сдержан — тонкие детали намекают на защитный слой брони. Разожгите страсть и откройте в себе лучшее с soulmate. Queening — празднование достижения своих целей. Эта изысканная композиция сочетает в себе королевский аромат ириса со сладостью ванили, создавая бодрящее начало, за которым следуют выдержанный ром и шафран. Этот пленительный аромат наделяет силой всех нынешних и амбициозных королев.",Распылите на кожу с расстояния 20-30 см.,Сша,19
376,2026-10-01T09:11:40.694081,20261001_080712_1756e2c0,19000004550,parfjumerija/nishevaja-parfjumerija,Zielinski & Rozen,"Vetiver, Lemon",Духи концентрированные,2371.0,2371.0,0.0,1,4.7,https://goldapple.ru/19000004550-perfume-vetiver-lemon-bergamot/,https://goldapple.ru/parfjumerija/nishevaja-parfjumerija?p=19,"Я хочу, чтобы парфюм трогал до глубины души, говорил о личности и отражал ее уникальность. Эрез Розен Замысловатая ольфакторная книга, сюжет которой раскрывается новыми гранями на каждом человеке. Необычные сочетания нот и оригинальное построение аккордов подчеркивают индивидуальность и раскрывают суть ярче любых слов. Все ароматы Zielinski&Rozen категории унисекс. У данного продукта меняется название аромата. Актуальное название : Vetiver, Lemon.",Наносите парфюм по обе стороны плеч или распылите впереди себя и войдите в «облако» аромата.,Россия,19
377,2026-10-01T09:11:52.294343,20261001_080712_1756e2c0,19000010723,parfjumerija/nishevaja-parfjumerija,ATKINSONS,44 Gerrard Street,Одеколон,14760.0,14760.0,0.0,1,4.9,https://goldapple.ru/19000010723-44-gerrard-street/,https://goldapple.ru/parfjumerija/nishevaja-parfjumerija?p=19,"Чарующий одеколон посвящен местоположению первого магазина ATKINSONS – дому 44 на лондонской улице Джеррард. Именно здесь в 1799 году началась история марки и её уникальной продукции. 44 Gerrard Street – это изысканный свежий аромат, в котором сочетаются бодрящий эвкалипт, зеленый лимон и пряный имбирь. В сердце композиции, которая пересматривает традиционный рецепт одеколона и предлагает оригинальное звучание, переплетаются изысканные цветочные ноты жасмина, орхидеи и розы, а в шлейфе ощущаются амбра и древесные ноты.",Не указано,Италия,19
378,2026-10-01T09:12:03.310359,20261001_080712_1756e2c0,19000077921,parfjumerija/nishevaja-parfjumerija,Juliette Has A Gun,Magnolia Bliss,Парфюмерная вода,12375.0,12375.0,0.0,1,4.8,https://goldapple.ru/19000077921-magnolia-bliss/,https://goldapple.ru/parfjumerija/nishevaja-parfjumerija?p=19,"«В аромате Magnolia Bliss я представил себе Джульетту столь же  свободную, как и знаменитое лето 1969-го - время Вудстока, легендарного музыкального фестиваля. Цветочные венки, украшающие волосы, вспышки фотокамер Polaroid, пастельные оттенки в одежде и музыка того времени… Композиция строится вокруг эссенции магнолии и навевает воспоминания о лете на лоне природы, вдалеке от суеты мегаполисов, а слива мирабель с легким гурманским оттенком наполняет аромат ощущением солнца и вкусом свободы…» - Романо Риччи.","Парфюмерную воду следует наносить с расстояния 10-15 см на тепловые точки: под коленями, область живота, запястья, сгибы локтей, район солнечного сплетения, точки за ушами, основание шеи со стороны спины, затылок. Как правило на одну точку достаточно один раз нажать на спрей. Растирать парфюмерную воду не рекомендуется, так как это может нарушить правильный процесс раскрытия композиции. Для повышения стойкости рекомендуем наносить на хорошо увлажненную кожу, комбинируя с кремом, молочком или маслом для тела.",Франция,19
379,2026-10-01T09:12:13.032972,20261001_080712_1756e2c0,19000413537,parfjumerija/nishevaja-parfjumerija,M.INT,Flight mode,Парфюмерная вода,18675.0,18675.0,0.0,1,0.0,https://goldapple.ru/19000413537-flight-mode/,https://goldapple.ru/parfjumerija/nishevaja-parfjumerija?p=19,"Аромат которым можно выразить уникальные ощущения, которые испытываешь во время путешествия. Это ощущение безграничной свободы, которое появляется после того, как самолет взлетает и начинает набирать высоту. Обычная рутина остается позади, когда на наших смартфонах активируется РЕЖИМ ПОЛЕТА. Парфюмер: Kevin Mathys.","Нанести на тело, избегая попадания в глаза.",Франция,19
380,2026-10-01T09:12:23.313233,20261001_080712_1756e2c0,81991600002,parfjumerija/nishevaja-parfjumerija,Korloff Paris,Lady,Парфюмерная вода,4740.0,4740.0,0.0,1,4.7,https://goldapple.ru/81991600002-lady/,https://goldapple.ru/parfjumerija/nishevaja-parfjumerija?p=19,"Этот парфюм привлекает своей непосредственностью, он выразителен и ярок, но при этом не навязчив. Разнообразные цветы и солнечные цитрусы делают аромат жизнерадостным, дарящим удовольствие. Стильная, женственная композиция парфюма Korloff Paris Lady начинается верхними нотами мандарина, апельсина и сочной груши. В «сердце» заключены аккорды жасмина, апельсинового цвета и туберозы. Завершается симфония оттенками кедра из Вирджинии, мускуса и сандалового дерева.",Не указано,Франция,19
381,2026-10-01T09:12:57.178666,20261001_080712_1756e2c0,19000125259,parfjumerija/nishevaja-parfjumerija,Coreterno,MYSTIC SUGAR,Парфюмерная вода,15105.0,15105.0,0.0,1,4.8,https://goldapple.ru/19000125259-mystic-sugar/,https://goldapple.ru/parfjumerija/nishevaja-parfjumerija?p=20,"Широкое зеленое поле расстилается перед вами. Узкая полоса дороги, лежащая позади, – единственное напоминание о пути, которым вы пришли. Вы видите желтый дом, стоящий в поле. На крыльце в кресле-качалке сидит пожилая женщина, она улыбается и приглашает вас внутрь. Вы входите на кухню и видите ее, стоящую над кувшином чая со льдом. Она тянется к баночке под названием «Мистический сахар», затем зачерпывает 3 щедрые столовые ложки и размешивает их в кувшине. Женщина наливает две чашки и протягивает вам одну. «Сделай глоток…». Вы закрываете глаза и рот наполняется теплым ароматом ванили, высушенной на солнце. Время останавливается, вы чувствуете, как воздух проносится мимо, пока вы порхаете на качелях из детских воспоминаний, отталкиваясь ногами от земли. Открыв глаза, вы находите себя на дороге, женщины и ее дома не видно. На секунду вы останавливаетесь, пытаясь осознать, было ли то, что вы только что испытали, реальностью или галлюцинацией. Вы поднимаете свой рюкзак и несетесь по дороге – одна нога впереди другой, одна нога впереди другой…","Распыляйте с расстояния 20-25 см. Не наносите на одежду, не используйте при нахождении на солнце.",Италия,20
382,2026-10-01T09:13:04.919175,20261001_080712_1756e2c0,19000413529,parfjumerija/nishevaja-parfjumerija,M.INT,3-d scent,Парфюмерная вода,18675.0,18675.0,0.0,1,0.0,https://goldapple.ru/19000413529-3-d-scent/,https://goldapple.ru/parfjumerija/nishevaja-parfjumerija?p=20,"Носитель 3-D SCENT - деятельный человек, способный замечать новаторство в том, что считается классикой. Желание почувствовать себя в ""творческом полете"" удивительным образом уживается в нем с жесткой логикой, умением быстро переключаться между принципиально разными занятиями.Парфюмер: Philippine Courtière","Нанести на тело, избегая попадания в глаза.",Франция,20
383,2026-10-01T09:13:16.210844,20261001_080712_1756e2c0,90151200001,parfjumerija/nishevaja-parfjumerija,Zielinski & Rozen,"Amber, Patchouli",Нет категории,7990.0,7990.0,0.0,1,4.9,https://goldapple.ru/90151200001-moss/,https://goldapple.ru/parfjumerija/nishevaja-parfjumerija?p=20,"Я хочу, чтобы парфюм трогал до глубины души, говорил о личности и отражал ее уникальность. Эрез Розен Замысловатая ольфакторная книга, сюжет которой раскрывается новыми гранями на каждом человеке. Необычные сочетания нот и оригинальное построение аккордов подчеркивают индивидуальность и раскрывают суть ярче любых слов. Все ароматы Zielinski&Rozen категории унисекс. Ароматы продукции Zielinski&Rozen изменили свое наименование без изменения состава.",Наносите парфюм по обе стороны плеч или распылите впереди себя и войдите в «облако» аромата.,Россия,20
384,2026-10-01T09:13:24.550997,20261001_080712_1756e2c0,19000059293,parfjumerija/nishevaja-parfjumerija,Vilhelm Parfumerie,To My Father,Нет категории,16362.0,16362.0,0.0,1,4.9,https://goldapple.ru/19000059293-to-my-father/,https://goldapple.ru/parfjumerija/nishevaja-parfjumerija?p=20,"Воплощение благородства, любви, силы, уверенности. Этот аромат - посвящение и хранитель воспоминаний, в нём выражена любовь и восхищение. Как волшебный покров он укутывает нас создавая ощущение надёжности, спокойствия и тепла, словно отцовские объятия. Каждый, кто услышит этот аромат не сможет его забыть, а самым достойным скажут: как он тебе подходит! Верхние ноты: семена амбретты, бигарад, давана. Ноты сердца: кабреува, виски, можжевельник. Базовые ноты: этоксилон, дуб, кожа.",Не указано,Франция,20
385,2026-10-01T09:13:34.814553,20261001_080712_1756e2c0,19000222826,parfjumerija/nishevaja-parfjumerija,CHOPARD,Imperiale vanille malika,Парфюмерная вода,12476.0,12476.0,0.0,1,4.7,https://goldapple.ru/19000222826-imperiale-vanille-malika/,https://goldapple.ru/parfjumerija/nishevaja-parfjumerija?p=20,"Насыщенный и роскошный аромат Chopard построен вокруг вневременной красоты ванили, дополненной неожиданными и яркими нотами. Композиция переливается от темных, глубоких тонов к ярким и соблазнительным граням, от таинственных, мистических аккордов к современному звучанию. В этом аромате, отражающем чувственность и уверенность, чарующий аккорд ванили обрамляют пачули, загадочный ладан, розовый перец и тонкая сладость личи. В базовых нотах гармонируют сандал, кашмеран и опопанакс, делающие шлейф гипнотическим и притягательным. Парфюмер – Dora Baghriche.",Только для наружного применения.,Италия,20
386,2026-10-01T09:13:44.167564,20261001_080712_1756e2c0,19000186476,parfjumerija/nishevaja-parfjumerija,L'atelier parfum,Hot splash,Парфюмерная вода,3403.0,3403.0,0.0,1,4.7,https://goldapple.ru/19000186476-hot-splash/,https://goldapple.ru/parfjumerija/nishevaja-parfjumerija?p=20,"Яркий аромат L’ATELIER PARFUM, посвященный красоте и силе природы, воплощает энергию морских волн и согревающего солнца. Эта парфюмерная композиция – мощный энергетический коктейль из нот освежающего лимона и солнечного иланг-иланга. Аккорд лимонного дерева, распространенного в регионе Средиземноморья, в сочетании с нотами зеленых листьев, сочных плодов и цветов апельсина передает атмосферу лета и пляжа с горячим песком, морскими брызгами и легким прохладным ветерком. Парфюмер – Karine Vinchon.",Только для наружного применения.,Франция,20
387,2026-10-01T09:13:56.332499,20261001_080712_1756e2c0,19000210130,parfjumerija/nishevaja-parfjumerija,Zielinski & Rozen,"Pink Pepper, Elemi, Cinnamon, Leather",Гель для душа,2590.0,2590.0,0.0,1,4.7,https://goldapple.ru/19000210130-pink-pepper-elemi-cinnamon-leather/,https://goldapple.ru/parfjumerija/nishevaja-parfjumerija?p=20,"Эффективно очищает кожу, обогащает её витаминами, нормализует гидробаланс, восстанавливает тонус и жизненные силы. Подходит для ухода за кожей любого типа.","Небольшое количество геля нанести на влажную кожу, вспенить и тщательно смыть водой. Хранить в сухом, защищенном от света и недоступном для детей месте при температуре от +5 °С до +25 °С.",Израиль,20
388,2026-10-01T09:14:04.890626,20261001_080712_1756e2c0,26142300001,parfjumerija/nishevaja-parfjumerija,FRANCK BOCLET,ASHES,Духи,18572.0,18572.0,0.0,1,4.2,https://goldapple.ru/26142300001-ashes/,https://goldapple.ru/parfjumerija/nishevaja-parfjumerija?p=20,"Ashes  Franck Boclet- дымное впечатление от пряных и древесных нот, смягчаемых восточным прикосновением мускуса и ладана. Амброво-пряный аромат. Верхние ноты: полынь, ноты гвоздики. Ноты сердца: гваяковое дерево, Атласский и Вирджинский кедр, пачули. Основа: амбра, высушеннное дерево, мускус и ладан.",Не указано,Франция,20
389,2026-10-01T09:14:14.191613,20261001_080712_1756e2c0,19000127049,parfjumerija/nishevaja-parfjumerija,CHOPARD,Bois Nomades,Парфюмерная вода,18903.0,18903.0,0.0,1,4.8,https://goldapple.ru/19000127049-bois-nomades/,https://goldapple.ru/parfjumerija/nishevaja-parfjumerija?p=20,"Аромат Chopard передает дух захватывающих, долгих и опасных путешествий по загадочной марокканской пустыне. С этой композицией легко представить караваны, перевозящие ценные грузы, среди которых – благородный индийский уд и величественный атласский кедр из Марокко. Встреча этих двух нот, истинных сокровищ парфюмерии, делает аромат смелым, таинственным и притягательным. Неповторимую красоту редких древесных аккордов подчеркивают дамасская роза и восточные пряности: перец, корица, гвоздика. Классификация аромата: восточный древесный. Парфюмер – Alberto Morillas.",Только для наружного применения.,Италия,20
390,2026-10-01T09:14:22.899213,20261001_080712_1756e2c0,19000253162,parfjumerija/nishevaja-parfjumerija,L'atelier parfum,Leather Black (K)Night,Парфюмерная вода,8289.0,8289.0,0.0,1,4.6,https://goldapple.ru/19000253162-leather-black-k-night/,https://goldapple.ru/parfjumerija/nishevaja-parfjumerija?p=20,"Дерзкий аромат L’ATELIER PARFUM пробуждает смелые желания и тягу к риску. Свежие ноты бергамота разжигают жажду приключений, а чарующий жасмин и кожаный аккорд с тонкой анималистической гранью становятся верными спутниками в увлекательном поиске авантюр. Современная сбалансированная композиция LEATHER BLACK (K)NIGHT, объединившая бархатистые ноты кожи, шипровый аккорд и цветочную нежность, превращается в зов к странствиям и открытиям, вдохновляющий тех, кто готов его услышать. Парфюмер – SERGE DE OLIVIA.",Только для наружного применения.,Республика корея,20
391,2026-10-01T09:14:37.795734,20261001_080712_1756e2c0,83710200002,parfjumerija/nishevaja-parfjumerija,Parle Moi De Parfum,CHYPRE MOJO/45,Парфюмерная вода,9075.0,9075.0,0.0,1,4.9,https://goldapple.ru/83710200002-chypre-mojo-45/,https://goldapple.ru/parfjumerija/nishevaja-parfjumerija?p=20,"Parle Moi de Parfum - это новый, французский нишевый бренд, который впервые заявил о себе в 2016 году, и снискал заслуженную славу благодаря использованию классических парфюмерных традиций и дорогих, долгоиграющих нот. Каждое его произведение становится настоящим шедевром, которое высоко ценит узкий круг истинных ценителей. Компания сотрудничает с талантливым парфюмером Chypre Mojo, который умеет предугадать желания публики и изготовить действительно оригинальный, самобытный эликсир. В 2018 году на свет появилась изысканная новинка Parle Moi de Parfum Chypre Mojo. Ее благородное, шипровое звучание нравится харизматичным, уверенным в себе, сексуальным мужчинам и женщинам с безупречным вкусом и трепетным отношением к своему имиджу. Парфюмерная композиция открывается цитрусовыми аккордами сочного, зеленого бергамота, который гармонично переплетается с цветочным благоуханием нежной, душистой, витиеватой гвоздики. Сердце пирамиды представлено экзотическими, яркими мотивами тропических плодов сладкого манго, которые подчеркивают всю красоту и непредсказуемость эликсира. База треугольника состоит из легкой горчинки смолистых пачулей, которая оставляет после себя трепетное и ненавязчивое послевкусие. Аромат Parle Moi de Parfum Chypre Mojo упакован в стильный, белый флакон с черными элементами, который будет прекрасно смотреться как в мужском портмоне, так и в женском клатче.",Не указано,Франция,20
392,2026-10-01T09:14:49.169525,20261001_080712_1756e2c0,19000166819,parfjumerija/nishevaja-parfjumerija,Mind Games,Caïssa,Парфюмерный экстракт,25972.0,25972.0,0.0,1,4.6,https://goldapple.ru/19000166819-caissa/,https://goldapple.ru/parfjumerija/nishevaja-parfjumerija?p=20,"Каисса, богиня шахмат, показывает, на что мы готовы ради любви. Ноты черной лакрицы добавляют загадочности, пока розовый перец и кардамон согревают. Роскошные белые цветы сливаются с древесно-амбровыми нотами. Исследуйте разум, чувства, силу духа с MIND GAMES и погрузитесь в стратегически идеальные композиции.",Распылите на кожу с расстояния 20-30 см.,Сша,20
393,2026-10-01T09:15:07.330831,20261001_080712_1756e2c0,19760332197,parfjumerija/nishevaja-parfjumerija,Vilhelm Parfumerie,SMOKE SHOW,Нет категории,8250.0,8250.0,0.0,1,4.9,https://goldapple.ru/19760332197-smoke-show/,https://goldapple.ru/parfjumerija/nishevaja-parfjumerija?p=20,"Собирательный образ Нью-Йоркских джазовых клубов. Яркие прожекторы, дымные комнаты, медленный джаз… эмоции, сосредоточенные всего в нескольких нотах. Аромат будто импровизирует на вашей коже.",Не указано,Франция,20
394,2026-10-01T09:15:20.447765,20261001_080712_1756e2c0,90151200004,parfjumerija/nishevaja-parfjumerija,Zielinski & Rozen,Rosemary & Lemon,Нет категории,7990.0,7990.0,0.0,1,4.8,https://goldapple.ru/90151200004-rosemary-lemon-neroli/,https://goldapple.ru/parfjumerija/nishevaja-parfjumerija?p=20,"Я хочу, чтобы парфюм трогал до глубины души, говорил о личности и отражал ее уникальность. Эрез Розен Замысловатая ольфакторная книга, сюжет которой раскрывается новыми гранями на каждом человеке. Необычные сочетания нот и оригинальное построение аккордов подчеркивают индивидуальность и раскрывают суть ярче любых слов. Все ароматы Zielinski&Rozen категории унисекс. Ароматы продукции Zielinski&Rozen изменили свое наименование без изменения состава.",Наносите парфюм по обе стороны плеч или распылите впереди себя и войдите в «облако» аромата.,Россия,20
395,2026-10-01T09:15:36.141149,20261001_080712_1756e2c0,19000312619,parfjumerija/nishevaja-parfjumerija,Noise,HIDDEN VIBES,Парфюмерная вода,7920.0,7920.0,0.0,1,4.5,https://goldapple.ru/19000312619-hidden-vibes/,https://goldapple.ru/parfjumerija/nishevaja-parfjumerija?p=20,"Секретная вечеринка в саду – симфония природы в резонансе. Тсс. Вокруг никого. Пойдем. Скрипит старая калитка, под ногами мягкий треск гравия. Сердце сбивается, когда ветка цепляет куртку – попался. И именно в этот момент всё вокруг включается. Улей гудит, как лоу-фай бумбокс за журчащим в ритм фонтаном. Розы покачиваются в воздухе, опьянённые собственным ароматом. Сад оживает, как будто кто-то нажал «плей». Вечеринка уже началась. И твоё имя в списке. Парфюмер: Angéline Leporini. Сначала лёгкая вибрация амбретты и фруктов, как первый аккорд вечеринки, пока сад ещё дремлет. Следом раскрывается сердце аромата: тёплый, сиропный янтарь, соединённый с насыщенным запахом роскошных роз. Жасмин добавляет холодной прозрачности. Мёд, цветочная пыль и сладость лепестков переливаются в воздухе, пока всё вокруг не начинает звучать. Базовые ноты мускуса, пачули и пудровой дымки, делают аромат тёплым и телесным, как дыхание в прохладном саду. Ощущение, что кто-то нажал «плей», и мир ожил.","Распылите на пульсирующие зоны: запястья, шею, за ушами и внутреннюю сторону локтя. Избегайте контакта с одеждой. Для повышения стойкости рекомендуем наносить на хорошо увлажненную кожу.",Франция,20
396,2026-10-01T09:15:48.402241,20261001_080712_1756e2c0,19000309028,parfjumerija/nishevaja-parfjumerija,Amouage,Love Delight,Парфюмерная вода,47767.0,47767.0,0.0,1,4.9,https://goldapple.ru/19000309028-love-delight/,https://goldapple.ru/parfjumerija/nishevaja-parfjumerija?p=20,"Атмосфера пекарен в Маскате и его окрестностях. Аромат, словно арабские сладости, только что вынутые из пылающей печи, играет пряными аккордами восточных специй и смешивается с нежными и изысканными цветами апельсина и жасмина, заполняя воздух вокруг ярким чувством счастья и безмятежности.","Парфюмерную воду следует наносить с расстояния 10-15 см. на тепловые точки: под коленями, область живота, запястья, сгибы локтей, район солнечного сплетения, точки за ушами, основание шеи со стороны спины, затылок. Как правило на одну точку достаточно один раз нажать на спрей. Растирать парфюмерную воду не рекомендуется, так как это может нарушить правильный процесс раскрытия композиции. Для повышения стойкости рекомендуем наносить на хорошо увлажненную кожу, комбинируя с кремом, молочком или маслом для тела.",Оман,20
397,2026-10-01T09:15:59.698392,20261001_080712_1756e2c0,27321100004,parfjumerija/nishevaja-parfjumerija,Goldfield & Banks,Pacific Rock Moss,Парфюмерная вода,15427.0,15427.0,0.0,1,4.8,https://goldapple.ru/27321100004-pacific-rock-moss/,https://goldapple.ru/parfjumerija/nishevaja-parfjumerija?p=20,"Свежий аромат, вдохновленный удивительной красотой Австралийских пляжей, по которым вы прогуливаетесь в разгар яркого летнего дня. Интенсивность и глубину аромату придает кедр, звучащий в огранке свежего морского бриза, который доносится со стороны лазурного моря в жаркий летний день. Pacific Rock Moss вдохновлен прохладными морскими волнами, которые разбиваются о раскаленные на солнце скалы, и длинными летними днями, которые перетекают в теплые романтичные ночи.",Нанести на пульсирующие точки,Австралия,20
398,2026-10-01T09:16:11.261791,20261001_080712_1756e2c0,19000342979,parfjumerija/nishevaja-parfjumerija,ESSENTIAL PARFUMS PARIS,BOIS IMPERIAL by Quentin Bisch,Парфюмерный экстракт,13347.0,13347.0,0.0,1,4.6,https://goldapple.ru/19000342979-bois-imperial-by-quentin-bisch/,https://goldapple.ru/parfjumerija/nishevaja-parfjumerija?p=20,"Парфюмер – Quentin Bisch. «В этой концентрированной версии BOIS IMPÉRIAL я усилил контрасты для абсолютного обольщения». Черный перец делает композицию ESSENTIAL PARFUMS более взрывной, а атласский кедр и абсолют розы — насыщенной и глубокой. Древесный шлейф дополнен яркими нотами лабданума и пихтового бальзама, которые придают аромату новое ощущение зависимости и силы. В составе парфюмерного экстракта – 87% натуральных ингредиентов. Создатели ароматов ESSENTIAL PARFUMS выбирают натуральные, экологически чистые материалы и стремятся снизить воздействие на окружающую среду.",Только для наружного применения.,Франция,20
399,2026-10-01T09:16:22.670256,20261001_080712_1756e2c0,19000004533,parfjumerija/nishevaja-parfjumerija,Vilhelm Parfumerie,MANGO SKIN,Парфюмерная вода,11137.0,11137.0,0.0,1,4.9,https://goldapple.ru/19000004533-mango-skin/,https://goldapple.ru/parfjumerija/nishevaja-parfjumerija?p=20,"“Эта композиция - средоточие удовольствий! Во вкусе манго для меня есть все: флирт, любовь, игра, солнце, радость и, главное, ощущение бесконечного счастья. Я задумал создать аромат, который стал бы источником удовольствия для каждого, кто нанесет его на кожу или просто от кого-нибудь услышит” Ян Вильгельм Альгрен. Аромат Mango Skin вдохновлен путешествием по Южной Африке. Для Яна Альгрена это было открытие нового мира – яркого и прекрасного. Обилие красок и ароматов, жаркое солнце и, конечно, любовь!","Наносите аромат на заднюю часть шеи, в зону декольте и на запястья с расстояния 10-15 см. Не рекомендуется растирать парфюмерную воду , так как это может нарушить правильный процесс раскрытия композиции.",Франция,20
400,2026-10-01T09:16:38.679132,20261001_080712_1756e2c0,19000013258,parfjumerija/nishevaja-parfjumerija,State Of Mind,OPEN MIND,Парфюмерная вода,14531.0,14531.0,0.0,1,4.7,https://goldapple.ru/19000013258-open-mind/,https://goldapple.ru/parfjumerija/nishevaja-parfjumerija?p=20,"Древесно-акватический аромат State of Mind предлагает открыть свой разум для новых, свежих и удивительных впечатлений. Вспышка зеленых нот лайма и хиноки разжигает интерес уже с первых секунд знакомства. Чистый и воздушный старт композиции плавно превращается в волну, накрывающую нежным ароматом лотоса и дыни. Их звучание помогает смягчить гесперидный аккорд, свежие ноты критмума и зелёного японского чая гёкуро. Одновременно насыщенный, сложный и тонкий аромат этого элитного чая, играющий с нотами водорослей и йода, делает морскую грань композиции более яркой и необычной. Гваяковое дерево подчеркивает смелый и оригинальный характер аромата Open Mind.",Не указано,Франция,20
401,2026-10-01T09:17:23.130923,20261001_080712_1756e2c0,19000427685,parfjumerija/nishevaja-parfjumerija,ESSENTIAL PARFUMS PARIS,Velvet iris,Парфюмерная вода,10053.0,10053.0,0.0,1,4.7,https://goldapple.ru/19000427685-velvet-iris/,https://goldapple.ru/parfjumerija/nishevaja-parfjumerija?p=21,"Парфюмер — Dominique Ropion. «Я представлял себе древесный ирис как оду бархатистым лепесткам цветка. Переливаясь нежным сиянием розового перца и бучу, он раскрывает свои зеленые грани и переплетается с гальбанумом. Амбровая и сливочная древесина окутывает его бесконечно чувственной нежностью ""кожа к коже""». Аромат VELVET IRIS окутывает чувственностью и раскрывается пряными травянистыми нотами бучу, розового перца и куркумы с ярким характером. В сердце композиции роскошный ирис с пудровыми лепестками элегантно контрастирует с хрустящими зелеными оттенками гальбанума и мастикового дерева. Нежный и бархатистый ирис плавно переходит в аккорд мягкой замши и сливочные объятия древесной амбры. Лабданум наполняет аромат, придавая шлейфу искрящуюся и смолистую глубину. Создатели парфюмерной воды ESSENTIAL PARFUMS PARIS выбирают натуральные, экологически чистые материалы и стремятся снизить воздействие на окружающую среду.",Только для наружного применения.,Франция,21
402,2026-10-01T09:17:35.555660,20261001_080712_1756e2c0,19000446466,parfjumerija/nishevaja-parfjumerija,Zielinski & Rozen,"Amberwood, vanilla, davana",Духи концентрированные,12990.0,12990.0,0.0,1,4.8,https://goldapple.ru/19000446466-amberwood-vanilla-davana/,https://goldapple.ru/parfjumerija/nishevaja-parfjumerija?p=21,"Аромат категории унисекс. Долго сохраняется на коже, оставляя легкий шлейф.",Распылять на кожу с расстояния 30 см. Для усиления стойкости аромата наносить на разогретое или влажное тело.,Россия,21
403,2026-10-01T09:17:46.065486,20261001_080712_1756e2c0,19000362083,parfjumerija/nishevaja-parfjumerija,State Of Mind,Modern nomad,Нет категории,24474.0,24474.0,0.0,1,4.2,https://goldapple.ru/19000362083-modern-nomad/,https://goldapple.ru/parfjumerija/nishevaja-parfjumerija?p=21,"Древесно-кожаный аромат Modern Nomad пробуждает воспоминания о беззаботных и приятных путешествиях. Гармоничное сочетание дымных нот японского обжаренного чая Ходзича и амбровых аккордов, тонкое переплетение пачули и уда, а также чувственность кожи и ванили — аромат раскрывается, заставляя забыть о времени. Парфюмерная вода Modern Nomad становится идеальным спутником в жизненном пути. Кожаная куртка, кашемировый шарф и чарующий, неповторимый шлейф — это суть современного кочевника, всегда готового к захватывающим переменам.",Держите флакон на расстоянии примерно 15 сантиметров от кожи и распылите аромат на пульсирующие точки.,Франция,21
404,2026-10-01T09:17:55.812746,20261001_080712_1756e2c0,19000130589,parfjumerija/nishevaja-parfjumerija,Flame moscow,Jackie,Нет категории,370.0,370.0,0.0,1,4.9,https://goldapple.ru/19000130589-jackie/,https://goldapple.ru/parfjumerija/nishevaja-parfjumerija?p=21,"Ноты амбры, цветов табака, сладкой мадагаскарской ванили, кориандра и бобов тонка создают слегка карамельный, немного пряный, но при этом достаточно темный и глубокий аромат. Верхние ноты: Кориандр, цветы табака, лимон Средние ноты: Специи, Мадагаскарская ваниль Базовые ноты: Бобы Тонка, амбра Морская соль Северного и Средиземного морей пропитана ароматическими маслами. Смесь способствует аро матерапии, а также общему расслаблению и восстановлению, поддержанию тонуса и уменьшению напряжения в мышцах.","Наполните не менее половины ванной, рас- творите содержимое в горячей воде и дайте настояться 5 минут, затем разбавьте воду до комфортной температуры при необходимости. Пакетика хватает на 1-2 применения. Будьте осторожны! После использования поверхность ванны может быть чуть более скользкой, чем обычно.",Россия,21
405,2026-10-01T09:18:05.629336,20261001_080712_1756e2c0,19000355257,parfjumerija/nishevaja-parfjumerija,Hormone Paris,This is Not Dopamine,Духи,22130.0,22130.0,0.0,1,4.9,https://goldapple.ru/19000355257-dopamine/,https://goldapple.ru/parfjumerija/nishevaja-parfjumerija?p=21,"Яркий, экзотический и пленительный аромат пробуждает приятные ощущения, будто дофамин, известный как «гормон счастья» или «гормон удовольствия». Мягкой, восхитительной волной накрывают верхние ноты изысканного шафрана, мускатного ореха и расслабляющей лаванды. Интригующее сочетание насыщенного уда и тонкой сладости ванили и сахара деликатно дразнит чувства. О силе счастья, предвкушения и теплых, радостных моментов напоминает согревающее трио, в котором встречаются пачули, соблазнительный мускус и бобы тонка.","Нанесите 1–2 распыления аромата на запястья, шею и точки пульса. Не растирайте — это может изменить звучание композиции. Позвольте аромату раскрыться естественно.",Франция,21
406,2026-10-01T09:18:16.294371,20261001_080712_1756e2c0,19000439437,parfjumerija/nishevaja-parfjumerija,Neydo,WHERE LOVE BELONGS 22.07,парфюмерная вода,1980.0,1980.0,0.0,1,4.3,https://goldapple.ru/19000439437-neydo/,https://goldapple.ru/parfjumerija/nishevaja-parfjumerija?p=21,"Аромат Where Love Belongs – это сон Андреа о взаимопонимании, родстве душ, уюте и тишине. Загородный дом в Провансе, чистота и свежесть раннего утра, солнечные лучи на белоснежных простынях, легкое колыхание штор и бесконечная ЛЮБОВЬ, которую никто не в силах потревожить. Аромат-нежность, где ноты мандарина, бергамота, красных ягод и иланг-иланга чудесно переплетаются с запахом ландышей и апельсинов. Andrea, 22.07 Открываю глаза и не могу сообразить, где нахожусь. Похоже, что в загородном доме: интерьер в стиле прованс, льняные шторы тихо колышет ветер, мягкий утренний свет струится через полуоткрытое окно, за которым чувствуется летний простор. По белоснежной простыне скользят волнообразные тени, отчего она напоминает ручей. Провожу рукой по кровати. Другая сторона еще теплая. Я зарываюсь носом в подушку и вдыхаю знакомый запах – мне становится легко и свободно. Я абсолютно счастлива! На тумбочке — мои любимые книги, над головой кружит вентилятор из живых ландышей, с каждым оборотом всё больше и больше наполняя комнату нежным прохладным ароматом. Я слышу шум льющейся воды. Подхожу к ванной, трогаю ручку, но дверь заперта. И тут я внезапно оказываюсь за большим деревянным столом, стоящим прямо на цветущем лугу! Я любуюсь полевыми цветами и пью апельсиновый сок из стакана, который наполняется сам собой. От удовольствия закрываю глаза. Но звук тихо поворачивающейся ручки возвращает меня в комнату. Дверь в ванную наконец открывается. Мое сердце замирает, потому что сейчас я увижу… свою настоящую любовь!","Распылите на пульсирующие зоны: запястья, шею, за ушами и внутреннюю сторону локтя. Избегайте контакта с одеждой. Для повышения стойкости рекомендуем наносить на хорошо увлажненную кожу.",Франция,21
407,2026-10-01T09:18:24.744924,20261001_080712_1756e2c0,19000343906,parfjumerija/nishevaja-parfjumerija,State Of Mind,ORIENTAL OPULENCE,Парфюмерная вода,4703.0,4703.0,0.0,1,4.3,https://goldapple.ru/19000343906-oriental-opulence/,https://goldapple.ru/parfjumerija/nishevaja-parfjumerija?p=21,"Насыщенный древесно-амбровый аромат STATE OF MIND воспевает изобилие, процветание и роскошь в восточном стиле. Источником вдохновения при создании этой парфюмерной композиции стал балет Шехеразада, поставленный на музыку Николая Римского-Корсакова в знаменитых Русских сезонах Сергея Дягилева. Восточный колорит, яркие краски Шехеразады и дух знаменитых сказок из Книги тысячи и одной ночи отображены в сочетании аккорда цейлонского чая, экзотической ноты опунции и шафрана – одной из самых ценных пряностей в мире. Особенной композицию делает уникальное трио: необычная нота иерихонской розы, способной выживать в пустыне, сочетается с дамасской розой и таифской розой. Интригующий шлейф, сотканный из ярких оттенков уда и акигалавуда, подчеркивает гипнотический и таинственный характер аромата.",Только для наружного применения.,Франция,21
408,2026-10-01T09:18:36.749653,20261001_080712_1756e2c0,26723600025,parfjumerija/nishevaja-parfjumerija,Kilian Paris,Woman in Gold,Парфюмерная вода,32580.0,32580.0,0.0,1,4.8,https://goldapple.ru/26723600025-woman-in-gold/,https://goldapple.ru/parfjumerija/nishevaja-parfjumerija?p=21,"Источник вдохновения Килиана Хеннесси. Аромат столь же роскошный и многогранный, как его обладательница. Аромат. Причудливое переплетение манящих нот, сияние золота, резкие контрасты между светом и тенью… Аромат в полной мере передает эстетику легендарной работы художника. Парфюмера Калис Беккер вдохновил удивительный контраст между различными элементами картины, в которой она увидела «текстуру и блеск, великолепие и роскошь». Искристые оттенки аромата просто отражают ее сияние. Сердце из лепестков розы символизирует многогранность этого цветка. В шлейфе аромата звучит щедрая нежность ванили, дополненная уникальной молекулой пачули — акилагавудом. Ноты аромата: бергамот, роза, бобы тонка. Категория ароматов: соблазняющие. Цветочные ароматы KILIAN PARIS созданы, чтобы вызывать зависимость, пленяя чарующими нотами цветка апельсина и гардении, пышными аккордами розы и туберозы. Парфюмер: Калис Беккер. Woman in Gold принадлежит к категории соблазняющих ароматов. Каждый пополняемый флакон KILIAN PARIS — это произведение искусства высочайшего качества, созданное с особым вниманием к деталям. Флаконы соблазняющих ароматов покрыты белым лаком и украшены гравировкой с изображением символов ""Эдемского сада"" из библейского сюжета, о величайшем искушении Евы. Как говорит Килиан Хеннесси: «Аромат — это не только оружие соблазнения, но и ваша защита». Золотистая металлическая пластина, на которой вручную выгравировано название аромата, делает флакон еще более утонченным. Внимание к деталям является гарантией роскоши бренда KILIAN PARIS, а как известно, настоящая роскошь не эфемерна — она длится всю жизнь. Именно поэтому флакон этого неповторимого аромата предполагает многоразовое использование.",Не указано,Франция,21
409,2026-10-01T09:18:50.349812,20261001_080712_1756e2c0,19000398345,parfjumerija/nishevaja-parfjumerija,Zielinski & Rozen,Dark Fig,Твердое мыло,667.0,667.0,0.0,1,4.9,https://goldapple.ru/19000398345-dark-fig/,https://goldapple.ru/parfjumerija/nishevaja-parfjumerija?p=21,"Бережно и эффективно очищает кожу, сохраняя ее мягкость. Подходит для ежедневного использования для рук и тела.","Вспеньте мыло ладонями, затем тщательно смойте теплой водой.",Россия,21
410,2026-10-01T09:19:00.233911,20261001_080712_1756e2c0,19000418584,parfjumerija/nishevaja-parfjumerija,L'atelier parfum,COEUR VAGABOND,Парфюмерная вода,3360.0,3360.0,0.0,1,4.7,https://goldapple.ru/19000418584-coeur-vagabond/,https://goldapple.ru/parfjumerija/nishevaja-parfjumerija?p=21,"Эксклюзивная коллаборация L'ATELIER PARFUM и «Золотого Яблока», парфюмерная вода COEUR VAGABOND — путешествие без определенного пункта назначения, где страсть и эмоции встречаются вместе. Чувственный жасмин и тубероза в сочетании с глубиной ветивера и притягательным теплом сандала раскрываются в ярком шлейфе. «Аромат передает дух непрерывного странствия, когда любая встреча становится началом приключения, а каждая эмоция оставляет свой след. Это праздник свободы, открытий и магия непредсказуемости», — парфюмер Alice Le Berre.","Распылите на пульсирующие зоны, такие как запястья, шея, за ушами и внутренняя сторона локтя. Избегайте контакта с одеждой, чтобы сохранить качество аромата.",Франция,21
411,2026-10-01T09:19:15.687748,20261001_080712_1756e2c0,19760327261,parfjumerija/nishevaja-parfjumerija,Mancera,FEMINITY,Парфюмерная вода,11302.0,11302.0,0.0,1,4.8,https://goldapple.ru/19760327261-feminity/,https://goldapple.ru/parfjumerija/nishevaja-parfjumerija?p=21,"Нежный, чувственный аромат фиалки  раскрывается фруктовыми нотами ,  наркотический гелиотроп  создаёт ауру притягательности и  соблазнения. Ванильно-карамельный аккорд   с мускусным  шлейфом  раскрывает грани женственности. Ароматная ода женской притягательности.",Не указано,Франция,21
412,2026-10-01T09:19:25.399525,20261001_080712_1756e2c0,19000166818,parfjumerija/nishevaja-parfjumerija,Mind Games,Blockade,Парфюмерный экстракт,25972.0,25972.0,0.0,1,4.7,https://goldapple.ru/19000166818-blockade/,https://goldapple.ru/parfjumerija/nishevaja-parfjumerija?p=21,"Лицом к лицу с противником — в блокаде на шахматном поле слабости работают на вас. Меняется восприятие, уходят мысли о сомнении и нерешительности. Динамичный и контрастный аромат вдохновляет на действие. Теплые ноты кожи, уда и амбры встречаются с бодрящей свежестью манго, острого перца и томатного листа. Исследуйте разум, чувства, силу духа с MIND GAMES и погрузитесь в стратегически идеальные композиции.",Распылите на кожу с расстояния 20-30 см.,Сша,21
413,2026-10-01T09:19:35.960480,20261001_080712_1756e2c0,19000148363,parfjumerija/nishevaja-parfjumerija,ESSENTIAL PARFUMS PARIS,Fig infusion,Нет категории,8550.0,8550.0,0.0,1,4.6,https://goldapple.ru/19000148363-fig-infusion/,https://goldapple.ru/parfjumerija/nishevaja-parfjumerija?p=21,"Рефил для пополняемого флакона парфюмерной воды ESSENTIAL PARFUMS PARIS ""FIG INFUSION by Nathalie Lorson"". Парфюмер – Nathalie Lorson. «Я представляла себе искрящийся и светлый аромат, посвященный удовольствиям и радостям жизни. Мне хотелось создать композицию, которая вызовет ассоциации с послеобеденным отдыхом в уютном фруктовом саду и сладкой дремой в тени смоковницы». Успокаивающая композиция от ESSENTIAL PARFUMS PARIS построена вокруг ноты инжира, объединившей фруктовые, сливочные и зеленые оттенки. Сочность свежего фрукта подчеркивают итальянский мандарин, яркая нота черного чая и апельсиновый цвет. Тёплая нота сандала делает композицию более насыщенной, а бензоин, аромат которого напоминает сочетание ванили, амбры и корицы, придаёт изысканную сладость. Создатели парфюмерной воды ESSENTIAL PARFUMS PARIS выбирают натуральные, экологически чистые материалы и стремятся снизить воздействие на окружающую среду. Для производства аромата использовались натуральные цветы апельсина из Туниса, бензоин из Вьетнама и черный чай со Шри-Ланки. Сделать парфюмерию еще более экологичной и безопасной для окружающей среды позволяет формат рефила, благодаря которому основной флакон парфюмерной воды становится подходящим для многоразового использования. Флакон рефила создан из алюминия, подходящего для переработки.",Откройте оригинальный пополняемый флакон парфюмерной воды и наполните его из рефила. Только для наружного применения.,Франция,21
414,2026-10-01T09:19:46.418005,20261001_080712_1756e2c0,19000220501,parfjumerija/nishevaja-parfjumerija,Mind Games,FRENCH DEFENSE,Нет категории,25972.0,25972.0,0.0,1,4.8,https://goldapple.ru/19000220501-french-defense/,https://goldapple.ru/parfjumerija/nishevaja-parfjumerija?p=21,"Коллекция soulmate воплощает силу и единство пешек, коллективную уверенность и стремление поддерживать друг друга. По характеру пешка — решительная, амбициозная и бесстрашная фигура. Каждый аромат продуман, чтобы вы могли носить его самостоятельно или наслаивать с другими, создавая неповторимую композицию. Дизайн флаконов изящен, современен и сдержан — тонкие детали намекают на защитный слой брони. Разожгите страсть и откройте в себе лучшее с soulmate. French defense берет верх в дразнящем аромате сочной черной вишни и соблазнительных нотах ликеров, окутанных бархатистой древесиной и амброй. Мягкие цветочные мотивы вплетены в композицию, придавая ей естественную красоту. Совершенно очаровательный french defense подходит к любому случаю.",Распылите на кожу с расстояния 20-30 см.,Сша,21
415,2026-10-01T09:19:56.990518,20261001_080712_1756e2c0,19000447219,parfjumerija/nishevaja-parfjumerija,ESSENTIAL PARFUMS PARIS,BOIS IMPERIAL by Quentin Bisch,Парфюмированный мист для волос и тела,4626.0,4626.0,0.0,1,4.3,https://goldapple.ru/19000447219-bois-imperial-by-quentin-bisch/,https://goldapple.ru/parfjumerija/nishevaja-parfjumerija?p=21,"Парфюмированный мист ESSENTIAL PARFUMS PARIS освежает и питает кожу тела и волосы, оставляя лёгкий и свежий аромат. Он окутывает древесными, пряными и зелёными аккордами, дополненными гаитянским ветивером, пачули, нотами акигалавуда и Ambrofix со стойким звучанием амбры. Не содержит спирта.","Перед использованием встряхнуть. Распылить мист на кожу и волосы на расстоянии 20 см, избегая попадания в глаза.",Франция,21
416,2026-10-01T09:20:14.466593,20261001_080712_1756e2c0,19760329643,parfjumerija/nishevaja-parfjumerija,Parle Moi De Parfum,MILE HIGH,Парфюмерная вода,10285.0,10285.0,0.0,1,4.9,https://goldapple.ru/19760329643-mile-high/,https://goldapple.ru/parfjumerija/nishevaja-parfjumerija?p=21,"Представьте, что вы летите высоко над Землей, в небесах и вдыхаете ароматы ананаса с побережья Индийского океана, бобов тонка из Венесуэлы, бессмертника из Корсики и пачули из Индонезии. Вы словно проноситесь через ольфакторный карнавал,  путешествуя вокруг света в поисках самых лучших ароматных ощущений. Mile High / 38 – это ароматный полет на высоте 38000 футов, полет прямо к седьмому небу.",Не указано,Франция,21
417,2026-10-01T09:20:26.394089,20261001_080712_1756e2c0,19000312618,parfjumerija/nishevaja-parfjumerija,Noise,DING! 11TH FLOOR,Парфюмерная вода,7425.0,7425.0,0.0,1,4.2,https://goldapple.ru/19000312618-ding-11th-floor/,https://goldapple.ru/parfjumerija/nishevaja-parfjumerija?p=21,"Лифт в точку кульминации – на крышу, где начинается момент. Первый этаж. Двери открываются. Мягкое кашемировое пальто проскользнуло мимо, за ним – сухой шелест бумажных пакетов. Лифт трогается. Каждый этаж – новая атмосфера: гладкий микс азиатских специй и засахаренного печенья, струящийся шёлк рубашек и кремовый египетский текстиль, кедровые колодки для обуви и острые линии итальянских костюмов. Всё движется вверх: чётко, ровно, как саундтрек. Лёгкое шипение. Двери раскрываются – стеклянный купол, серое небо, резкий воздух. Одиннадцатый этаж. Бар на крыше. И это твой выход. Парфюмер: Xavier Blaizot. Аромат движется этажами вверх: сначала — искра бергамота с розовым перцем, как лёгкое шипение лифта. Дальше — смолы элеми и ладан, звучащие как деревянные панели дорогого холла. На середине пути — жасминовые ветки в массивных вазах, их свежесрезанные лепестки наполняют пространство тихой белой тишиной. Внизу остаётся сладость: ваниль и амбра — густая, дорогая, как воздух в бутике, где ткань и кашемир звучат тактильно. Финал — кедр и мускус, строгие, ровные, как линии костюма на вешалке. И вот двери распахиваются: холодный воздух крыши, шум города, бар в облаках. Одиннадцатый этаж. Твой выход.","Распылите на пульсирующие зоны: запястья, шею, за ушами и внутреннюю сторону локтя. Избегайте контакта с одеждой. Для повышения стойкости рекомендуем наносить на хорошо увлажненную кожу.",Франция,21
418,2026-10-01T09:20:38.257332,20261001_080712_1756e2c0,26176500001,parfjumerija/nishevaja-parfjumerija,MONTALE,Pure Love,Парфюмерная вода,7324.0,7324.0,0.0,1,4.9,https://goldapple.ru/26176500001-pure-love/,https://goldapple.ru/parfjumerija/nishevaja-parfjumerija?p=21,"Это восточная композиция без гендерных ограничений с интересным построением пирамиды. Страстное, благородное и соблазнительно нежное звучание изыска превзойдет ваши самые смелые и тайные ожидания. Изыск адресован творческим личностям с тонкой душевной организацией, тонко ощущающим прекрасное.",Не указано,Франция,21
419,2026-10-01T09:20:48.508875,20261001_080712_1756e2c0,19000006066,parfjumerija/nishevaja-parfjumerija,Mancera,Silver Blue,Парфюмерная вода,12809.0,12809.0,0.0,1,5.0,https://goldapple.ru/19000006066-silver-blue/,https://goldapple.ru/parfjumerija/nishevaja-parfjumerija?p=21,"Ароматное путешествие на остров Кюрасао в Карибском море. Райские пейзажи, живописные заливы, прекрасные пляжи с белым песком, расположенные в небольших, уединённых бухтах. Пленительное звучание аромата начинается с сочных оттенков бергамота и пикантных специй, которые постепенно смягчаются аккордом тоффи, оттенками корицы, лабданума и амбры, раскрываясь на ложе из драгоценных древесных нот, суматранского пачули и дубового мха.",Не указано,Франция,21
420,2026-10-01T09:20:57.908702,20261001_080712_1756e2c0,19000191221,parfjumerija/nishevaja-parfjumerija,Mark Buxton,I want,Парфюмерная вода,14877.0,14877.0,0.0,1,5.0,https://goldapple.ru/19000191221-i-want/,https://goldapple.ru/parfjumerija/nishevaja-parfjumerija?p=21,"Яркий современный шипр от Mark Buxton отличается игривым и насыщенным фруктовым профилем, который раскрывается с верхних нот черной смородины и свежих ягод. В сердце интенсивной, оригинальной композиции – необычный цветочный букет, в котором собраны ирис, тубероза, жасмин, нероли, роза и магнолия. База аромата представляет собой сочетание древесного аккорда, пачулей и ветивера. Парфюмер – Марк Бакстон.",Только для наружного применения.,Франция,21
421,2026-10-01T09:21:34.631546,20261001_080712_1756e2c0,19000439439,parfjumerija/nishevaja-parfjumerija,Neydo,MOSSLAND 12.09,парфюмерная вода,1980.0,1980.0,0.0,1,4.7,https://goldapple.ru/19000439439-neydo/,https://goldapple.ru/parfjumerija/nishevaja-parfjumerija?p=22,"Сон Роберто о затерявшемся в заколдованных лесах страннике. Его окружают огромные кедры и кипарисы, воздух хрустально чист, а солнечные лучи, пронизывающие густую чащу, указывают путь. Аромат-приключение, в котором запах можжевельника и ветивера оттеняют цветочные ноты гвоздики и пряных специй. Roberto, 12.09 В ушах свистит ветер, кожу обжигает холод. Да ладно! Я лечу?! И… абсолютно голый? От неожиданности и смущения перехватывает дыхание, но мысль работает четко. Нужно собраться, сконцентрироваться, приземлиться. Стремительно несусь через облака: одно, второе, третье, – и вдруг всё замедляется. Бешеный стук сердца успокаивается, я почти теряю сознание. Окончательно провалиться в темноту не дает шорох листвы. Очнувшись, понимаю, что уже планирую над тропическим лесом. Уфф! Опускаюсь на землю. Осматриваюсь. Надо мной высоченные белые кедры и кипарисы. Перевожу дыхание. Как же хорошо стоять ногами на земле! Но мне холодно, нужно найти хоть что-то, чем можно прикрыться. Иду. Лес. Запахи. Вдруг — поляна, покрытая серебристым мхом, мягким и теплым. Срываю покров и заворачиваюсь в него, как в мантию. Мне тепло, и я чувствую, что я принц этой чащи! Скручиваю себе подобие короны из можжевельника и ветивера. Пью нектар цветов, взлетаю на любое дерево. Я эльф? Не знаю, но теперь это мой дом. Не будите меня!","Распылите на пульсирующие зоны: запястья, шею, за ушами и внутреннюю сторону локтя. Избегайте контакта с одеждой. Для повышения стойкости рекомендуем наносить на хорошо увлажненную кожу.",Франция,22
422,2026-10-01T09:21:43.845025,20261001_080712_1756e2c0,19000426976,parfjumerija/nishevaja-parfjumerija,Zielinski & Rozen,"Blackcurrant, Geranium, Amber, Leather",Духи,2371.0,2371.0,0.0,1,4.7,https://goldapple.ru/19000426976-blackcurrant-geranium-amber-leather/,https://goldapple.ru/parfjumerija/nishevaja-parfjumerija?p=22,"Аромат категории унисекс. Долго сохраняется на коже, оставляя легкий шлейф.",Спрей. Распылять на кожу с расстояния 30 см. Для усиления стойкости аромата наносить на разогретое или влажное тело.,Россия,22
423,2026-10-01T09:21:51.538286,20261001_080712_1756e2c0,19000247145,parfjumerija/nishevaja-parfjumerija,Kilian Paris,"Love, don't be shy",Нет категории,48240.0,48240.0,0.0,1,4.8,https://goldapple.ru/19000247145-love-don-t-be-shy/,https://goldapple.ru/parfjumerija/nishevaja-parfjumerija?p=22,"Источники вдохновения Килиана Хеннеси. Волнующий и незабываемый аромат Love, don’t be shy мгновенно покорит вас нежным звучанием абсолюта цветов апельсина. Невинные, словно первая любовь, зеленые оттенки жимолости и бархатистой розы сливаются в нежном танце со сладкими аккордами маршмеллоу. Теплые ноты амбры придают композиции чувственный характер и вселяют надежду на скорую встречу с родственной душой. Love, don’t be shy принадлежит к категории соблазняющих ароматов. Каждый пополняемый флакон KILIAN PARIS — это произведение искусства высочайшего качества, созданное с особым вниманием к деталям. Флаконы соблазняющих ароматов покрыты белым лаком и украшены гравировкой с изображением щита Ахиллеса. Как говорит Килиан Хеннесси: «Аромат — это не только оружие соблазнения, но и ваша защита». Золотистая металлическая пластина, на которой вручную выгравировано название аромата, делает флакон еще более утонченным. Внимание к деталям является гарантией роскоши бренда KILIAN PARIS, а как известно, настоящая роскошь не эфемерна — она длится всю жизнь. Именно поэтому флакон этого неповторимого аромата предполагает многоразовое использование. Парфюмер: Калис Беккер","Нанесите аромат на запястья, шею и точки пульса на очищенную и увлажненную кожу, чтобы он раскрылся от тепла тела и остался с вами до самого вечера. Не растирайте.",Франция,22
424,2026-10-01T09:22:00.238872,20261001_080712_1756e2c0,83320700015,parfjumerija/nishevaja-parfjumerija,Jo Malone London,Wood Sage & Sea Salt,Нет категории,5250.0,5250.0,0.0,1,4.8,https://goldapple.ru/83320700015-wood-sage-sea-salt/,https://goldapple.ru/parfjumerija/nishevaja-parfjumerija?p=22,"Побег из повседневности к продуваемому ветрам побережью. Волны разбиваются в белую пену, соленые морские брызги наполняют воздух свежестью. Полный жизни с минеральным запахом скалистых утесов. Тающий в древесной теплоте шалфея. Живой, одухотворенный и абсолютно радостный. Обладающий роскошной пеной и заряжающим ароматом, гель для душа освежает и смягчает кожу, оставляя на ней тонкий аромат.",Нанесите небольшое количество геля массирующими движениями на влажную кожу и тщательно смойте водой.,Великобритания,22
425,2026-10-01T09:22:08.829941,20261001_080712_1756e2c0,26775600002,parfjumerija/nishevaja-parfjumerija,Mancera,JARDIN EXCLUSIF,Парфюмерная вода,11302.0,11302.0,0.0,1,4.8,https://goldapple.ru/26775600002-jardin-exclusif/,https://goldapple.ru/parfjumerija/nishevaja-parfjumerija?p=22,"Райский сад в интерпретации Mancera: чувственный и чарующий аромат, воздушный и лёгкий. Цветочные букеты из нежных лепестков жасмина и болгарской розы переплетаются в нежной композиции с аккордами спелого белого персика и апельсина. Томный шлейф окутывает мягким звучанием мадагаскарской ванили, раскрывающейся в соблазнительном трио с сандалом и мускусом.",Не указано,Франция,22
426,2026-10-01T09:22:16.670515,20261001_080712_1756e2c0,19000186477,parfjumerija/nishevaja-parfjumerija,L'atelier parfum,Salty wood,Парфюмерная вода,11343.0,11343.0,0.0,1,4.6,https://goldapple.ru/19000186477-salty-wood/,https://goldapple.ru/parfjumerija/nishevaja-parfjumerija?p=22,"Вдохновляющий аромат L’ATELIER PARFUM, посвященный красоте и силе природы, дарит чувство освобождения и безмятежности. Аккорд свежего морского воздуха и морской соли гармонирует с нотами дуба, кедра и секвойи, воплощая натуральный аромат древесины, омытой волнами. Нота цейлонского чая добавляет аромату мягкость и делает его более теплым, комфортным и нежным. Парфюмер – Serge de Oliveira.",Только для наружного применения.,Франция,22
427,2026-10-01T09:22:26.155926,20261001_080712_1756e2c0,26045900002,parfjumerija/nishevaja-parfjumerija,Comptoir Sud Pacifique,Vanille Banane,Туалетная вода,5754.0,5754.0,0.0,1,4.8,https://goldapple.ru/26045900002-vanille-banane/,https://goldapple.ru/parfjumerija/nishevaja-parfjumerija?p=22,"В аромате Vanille Banane деликатно смешиваются восточные и гурманские мотивы, которые воспевают оду женской чувственности. Аромат выпущен в 2003 году, предназначен для женщин разного возраста, в нем гармонично соединены бунтарский дух Франции, женственность и красота чарующего Востока. Подобно волшебному десерту в первые мгновения звучания парфюма вас приветливо встречают нежные банановые аккорды, смешивающиеся с кремовым тоном взбитых сливок, украшенных долькой сочного, спелого апельсина. За легкомысленным вступлением, следуют тонкие травянистые тона клевера и банановых листьев, постепенно приобретающих кокетливые ванильные аккорды.",Не указано,Франция,22
428,2026-10-01T09:22:35.455190,20261001_080712_1756e2c0,19000439447,parfjumerija/nishevaja-parfjumerija,Neydo,CLOUD ESSENCE 28.08,парфюмерная вода,1980.0,1980.0,0.0,1,4.3,https://goldapple.ru/19000439447-neydo/,https://goldapple.ru/parfjumerija/nishevaja-parfjumerija?p=22,"Аромат Cloud Essence 28.08 — сон Евы о мире пастельных облаков и леса с ароматом сахарной ваты. Молочная река мерцает, как атлас, а в воздухе звучат ноты мимозы, рисовой пудры и сливочного молока. Мягкий мускус, сандал и ваниль создают аромат-покой, в котором хочется раствориться. Eva, 28.08. В мире, где небо соткано из пастельных оттенков, я брожу по лесу из сахарной ваты. Высокие деревья покачиваются, источая сладкий аромат, мягко окутывающий меня, как тёплый плед. Рядом медленно течёт молочная река, её поверхность мерцает, словно атлас. Я опускаю в неё пальцы — и она, будто оживая, откликается формами: сердце, умиротворённое лицо, звезда. Каждое очертание появляется, как вдох, и исчезает, как выдох. Внезапно облака меняют форму, превращаясь в мягкие, светящиеся силуэты. Одно из них подплывает ближе и протягивает мне чашку с тёплым молоком. «Это — суть нашей безмятежности», — шепчет оно, нежно, как колыбельная. С чашкой в руках всё вокруг преображается: мир становится уютным оазисом света и тепла. Я ложусь на пушистое облако и растворяюсь в покое. Но едва начинаю наслаждаться моментом, как оазис тает, расплываясь в мягких красках и приглушённых звуках. Я крепче сжимаю чашку, словно держась за якорь. Открываю глаза в своей постели. На губах — вкус тёплого молока, а в сердце — тишина и покой.","Распылите на пульсирующие зоны: запястья, шею, за ушами и внутреннюю сторону локтя. Избегайте контакта с одеждой. Для повышения стойкости рекомендуем наносить на хорошо увлажненную кожу.",Франция,22
429,2026-10-01T09:22:44.619457,20261001_080712_1756e2c0,19000304474,parfjumerija/nishevaja-parfjumerija,Marc-Antoine Barrois,ENCELADE,Парфюмерная вода,13775.0,13775.0,0.0,1,4.8,https://goldapple.ru/19000304474-encelade/,https://goldapple.ru/parfjumerija/nishevaja-parfjumerija?p=22,"Запах влажной земли после дождя, когда ваши ноги мягко погружаются в лесную почву — вы знаете это чувство. Вокруг тишина, но что-то пробуждается глубоко внутри вас. Парфюмерная вода Encelade — не просто аромат. Это момент, спрятанный во времени, только ваш. Мягкий бунт, зеленый отголосок силы и успокаивающего, который кажется скрытым под кожей, ожидающим, чтобы его нашли. Аромат открывается свежим ревенем и ветивером, ярким и живым. Затем появляется кедр, теплый и заземляющий, а бобы тонка добавляют мягкое дыхание сладости. Каждая нота обвивает другую, как солнечный свет сквозь листья, идеально сбалансированно. Лучше всего носить в более прохладные месяцы, особенно когда хочется почувствовать себя укорененным, сосредоточенным — ближе к себе.","Распылите аромат на кожу, область груди, за ушами, на запястьях, затылке, по линии роста волос и на внутренней стороне коленей. СОВЕТЫ: Распылите на волосы с такого же расстояния для тонкого и стойкого шлейфа. Наносите на одежду с расстояния для более длительного звучания аромата.",Франция,22
430,2026-10-01T09:22:53.831046,20261001_080712_1756e2c0,19000041992,parfjumerija/nishevaja-parfjumerija,PRESS GURWITZ PERFUMERIE,"№3 Tobacco, Cinnamon, Vanilla",увлажняющий Лосьон для тела,1264.0,1264.0,0.0,1,4.8,https://goldapple.ru/19000041992-no3/,https://goldapple.ru/parfjumerija/nishevaja-parfjumerija?p=22,"Увлажняющий лосьон для тела и рук Press Gurwitz Perfumerie быстро впитывается, глубоко увлажняет и восстанавливает гидролипидную пленку кожи. Дымчатый, уютный и пряный аромат. в котором ярко сочетаются ноты мадагаскарской ванили, табака, жгучей корицы. Гипоаллергенный лосьон содержит питательное масло ши, витамин Е и пантенол, благодаря которым кожа быстро восстанавливается и удерживает влагу, становится мягкой и ухоженной. Входящие в состав пребиотики защищают кожу от негативного воздействия окружающей среды.  В коллекции используются селекционные авторские ароматы, которые остаются с вами надолго. Все ароматы унисекс.",Нанести небольшое количество молочка на чистое тело и руки,Россия,22
431,2026-10-01T09:23:04.703298,20261001_080712_1756e2c0,19000467323,parfjumerija/nishevaja-parfjumerija,Zielinski & Rozen,"Black Pepper, Vetiver, Neroli, Amber",Парфюмированный лосьон для рук и тела,1100.0,1100.0,0.0,1,4.7,https://goldapple.ru/19000467323-black-pepper-vetiver-neroli-amber/,https://goldapple.ru/parfjumerija/nishevaja-parfjumerija?p=22,"Имеет легкую текстуру, увлажняет и питает кожу. Подходит для всех типов кожи.",Нанесите на сухую или влажную кожу легкими массирующими движениями до полного впитывания.,Израиль,22
432,2026-10-01T09:23:13.715019,20261001_080712_1756e2c0,19000522106,parfjumerija/nishevaja-parfjumerija,L'atelier parfum,MATCHA CREME,парфюмерная вода,3403.0,3403.0,0.0,1,4.2,https://goldapple.ru/19000522106-l-atelier-parfum/,https://goldapple.ru/parfjumerija/nishevaja-parfjumerija?p=22,"Аромат L'ATELIER PARFUM — потерянный миг между пробуждением и восторгом, шепот сладких тайн. Он вызывает тихое притяжение, когда свежесть зелени превращается в сливочное наслаждение. Нота матчи подчеркивается аккордом молочной пенки, смешивается с фисташковым кремом, а затем согревается нежным, обволакивающим сандалом. Каждый «глоток» этого аромата тает на коже, а его шлейф дарит мягкое и захватывающее ощущение, которое хочется испытать снова и снова. Парфюмер — Clément Marx.","Распылите на пульсирующие зоны: запястья, шею, за ушами и внутреннюю сторону локтя. Избегайте контакта с одеждой. Для повышения стойкости рекомендуем наносить на хорошо увлажненную кожу.",Франция,22
433,2026-10-01T09:23:23.122776,20261001_080712_1756e2c0,19000004552,parfjumerija/nishevaja-parfjumerija,Zielinski & Rozen,Rosemary & Lemon,Нет категории,2371.0,2371.0,0.0,1,4.7,https://goldapple.ru/19000004552-rosemary-lemon-neroli/,https://goldapple.ru/parfjumerija/nishevaja-parfjumerija?p=22,"Я хочу, чтобы парфюм трогал до глубины души, говорил о личности и отражал ее уникальность. Эрез Розен Замысловатая ольфакторная книга, сюжет которой раскрывается новыми гранями на каждом человеке. Необычные сочетания нот и оригинальное построение аккордов подчеркивают индивидуальность и раскрывают суть ярче любых слов. Все ароматы Zielinski&Rozen категории унисекс.",Наносите парфюм по обе стороны плеч или распылите впереди себя и войдите в «облако» аромата.,Россия,22
434,2026-10-01T09:23:32.539429,20261001_080712_1756e2c0,19000191225,parfjumerija/nishevaja-parfjumerija,Mark Buxton,Why not a fougere,Нет категории,6612.0,6612.0,0.0,1,4.4,https://goldapple.ru/19000191225-why-not-a-fougere/,https://goldapple.ru/parfjumerija/nishevaja-parfjumerija?p=22,"Это современная интерпретация классического фужерного аккорда. С передозировкой ангелики и экзальтолида (мускус, естественным образом присутствующий в семенах дудника), слегка фруктовая верхняя нота для современности, груша, и кожаная нижняя нота для глубины и элегантности.",Нанесите аромат на кожу или одежду.,Франция,22
435,2026-10-01T09:23:41.728789,20261001_080712_1756e2c0,19760324881,parfjumerija/nishevaja-parfjumerija,Zielinski & Rozen,"Tobacco, Cedarwood, Pepper",Крем для рук,1690.0,1690.0,0.0,1,4.8,https://goldapple.ru/19760324881-fiction/,https://goldapple.ru/parfjumerija/nishevaja-parfjumerija?p=22,"Универсальные кремы для рук подходят для использования в любое время года и в любом климате. Благодаря легкой текстуре средство быстро впитывается, а обогащенная натуральными маслами формула надолго оставляет кожу мягкой и нежной. Тюбик удобного travel-формата поместится даже в очень маленькой сумке или кармане. Ароматы продукции Zielinski&Rozen изменили свое наименование без изменения состава.",Выдавите небольшое количество крема на руки и равномерно распределите на коже.,Израиль,22
436,2026-10-01T09:23:50.582547,20261001_080712_1756e2c0,26662200002,parfjumerija/nishevaja-parfjumerija,Juliette Has A Gun,VANILLA VIBES,Парфюмерная вода,8992.0,8992.0,0.0,1,4.7,https://goldapple.ru/26662200002-vanilla-vibes/,https://goldapple.ru/parfjumerija/nishevaja-parfjumerija?p=22,"Парфюмерная вода Juliette has a Gun Vanilla Vibes — чувственный аромат с восточными нотками, созданный для уверенных в себе мужчин и стильных женщин. Оригинальное сочетание пудровых ноток ванили с освежающей терпкостью морской соли, открывающих Vanilla Vibes, великолепно дополняет экзотика орхидеи, звучащая в сердце композиции. Изысканный шлейф парфюмерной воды Juliette has a Gun насыщен дымными оттенками бобов тонка, переплетающихся с мускусными акцентами и пряностью сандала.",Не указано,Франция,22
437,2026-10-01T09:24:01.117854,20261001_080712_1756e2c0,19000166825,parfjumerija/nishevaja-parfjumerija,Mind Games,J'Adoube,Парфюмерный экстракт,25972.0,25972.0,0.0,1,4.8,https://goldapple.ru/19000166825-j-adoube/,https://goldapple.ru/parfjumerija/nishevaja-parfjumerija?p=22,"J’ADOUBE — я двигаюсь, но остаюсь прежним. Интригующие гранат, роза и мандарин устремляются в сладость. Аромат эволюционирует в глубокую базу из кожи, пачули и амбростара и фокусируется на хаосе, но сохраняет свою спонтанность и свободу. Исследуйте разум, чувства, силу духа с MIND GAMES и погрузитесь в стратегически идеальные композиции.",Распылите на кожу с расстояния 20-30 см.,Сша,22
438,2026-10-01T09:24:09.278074,20261001_080712_1756e2c0,26731000002,parfjumerija/nishevaja-parfjumerija,Byredo,La Tulipe,Парфюмерная вода,20295.0,20295.0,0.0,1,4.8,https://goldapple.ru/26731000002-la-tulipe/,https://goldapple.ru/parfjumerija/nishevaja-parfjumerija?p=22,"Аромат La Tulipe вдохновлен самим тюльпаном – символом возрождения и весны. Концентрированная эссенция весны, воспоминания о прохладном весеннем утре в саду, о прохладной росе на пламенных тюльпанах. Композиция:  ревень, цикламен, фрезия, тюльпан, белое дерево, ветивер.",Не указано,Франция,22
439,2026-10-01T09:24:17.828819,20261001_080712_1756e2c0,19000009364,parfjumerija/nishevaja-parfjumerija,L'atelier parfum,ARME BLANCHE,Парфюмерная вода,7853.0,7853.0,0.0,1,4.6,https://goldapple.ru/19000009364-arme-blanche/,https://goldapple.ru/parfjumerija/nishevaja-parfjumerija?p=22,"Все оттенки белого – в свежем аромате ARME BLANCHE, отражающем смелость, уверенность, сильный характер и свободу быть собой. Композиция от L’ATELIER PARFUM – словно изысканный и в то же время роскошный букет невесты, в котором собраны красивейшие белые цветы. Чарующие тубероза, жасмин и цветок апельсина, окутанные нежной дымкой мускуса, гармонируют с терпкой нотой нероли. Свежую и легкую, будто белое кружево, композицию украшают чувственный сандал и ветивер. Парфюмер – Alexis Dadier. Верхние ноты – нероли, тубероза Ноты сердца – цветок апельсина, жасмин Базовые ноты – сандал, ветивер, мускус",Не указано,Франция,22
440,2026-10-01T09:24:27.446405,20261001_080712_1756e2c0,83460100006,parfjumerija/nishevaja-parfjumerija,Filippo Sorcinelli,io_non_ho_mani_che_mi_accarezzino_il_volto,Парфюмерная эссенция,23655.0,23655.0,0.0,1,4.9,https://goldapple.ru/83460100006-io-non-ho-mani-che-mi-accarezzino-il-volto/,https://goldapple.ru/parfjumerija/nishevaja-parfjumerija?p=22,"Ничьи руки не будут ласкать мое лицо"". Аромат выделен из сердца тех, кто был способен в порыве нарисовать палитру человеческих чувств и страданий, с предваряющим дыханием этого порыва, истинный аромат реальной жизни. Парфюмерный экстракт посвящен серии работ фотографа Марио Джакомелли о досуге молодых священников семинарии в Сенигаллии. Он хотел навести свой объектив на состояние страдания молодых людей, которые выбрали жизнь, в которой будут одиноки.",По мере необходимости,Италия,22
441,2026-10-01T09:24:53.978686,20261001_080712_1756e2c0,19760307718,parfjumerija/nishevaja-parfjumerija,Maison Francis Kurkdjian,OUD satin mood,Парфюмированное масло для тела,11700.0,11700.0,0.0,1,5.0,https://goldapple.ru/19760307718-oud-satin-mood-scented/,https://goldapple.ru/parfjumerija/nishevaja-parfjumerija?p=23,"Парфюмированное масло для тела OUD satin mood деликатно покрывает кожу нежным ароматом, а его легкая текстура оставляет ее смягченной и более сияющей. Быстро впитывается, создавая мгновенное ощущение комфорта. Кожа увлажнена и напитана. OUD satin mood отражает желание парфюмера привнести в жизнь мерцающую грань. Окутайте себя древесно-амбровой вуалью, чтобы приостановить время и почувствовать себя здесь и сейчас. Утонченные фиалковые аккорды, ноты удового дерева, эссенция розы и абсолю розы сливаются с богатым ванильно-амбровым шлейфом. Парфюмированное масло OUD satin mood , заключенное в иконический стеклянный флакон Дома, обогащено маслами сладкого миндаля, макадамии, абрикосовых косточек и аргановым маслом. Чтобы насладиться моментом ухода за собой и продлить звучание вашего аромата OUD satin mood , попробуйте также парфюмированную дымку для волос OUD satin mood .",Нанести на кожу и распределить по всему телу легкими массирующими движениями.,Франция,23
442,2026-10-01T09:25:02.540655,20261001_080712_1756e2c0,26142100002,parfjumerija/nishevaja-parfjumerija,FRANCK BOCLET,ANGIE,Духи,19125.0,19125.0,0.0,1,4.2,https://goldapple.ru/26142100002-angie/,https://goldapple.ru/parfjumerija/nishevaja-parfjumerija?p=23,"Angie Franck Boclet- как приятная и увлекательная мелодия. Энжи - прекрасная гармония инжира, завораживающая древесными и амбровыми нотами. Верхние ноты: высушенный на солнце инжир, молочко инжира и листья инжира. Ноты сердца: цветы с нотами боярышника и древесные аккорды кедра и сандалового дерева из Вирджинии. Основа: амбра, мускус, ваниль.",Не указано,Франция,23
443,2026-10-01T09:25:12.897176,20261001_080712_1756e2c0,19000427686,parfjumerija/nishevaja-parfjumerija,ESSENTIAL PARFUMS PARIS,Velvet iris,Нет категории,2466.0,2466.0,0.0,1,4.5,https://goldapple.ru/19000427686-velvet-iris/,https://goldapple.ru/parfjumerija/nishevaja-parfjumerija?p=23,"Парфюмер — Dominique Ropion. «Я представлял себе древесный ирис как оду бархатистым лепесткам цветка. Переливаясь нежным сиянием розового перца и бучу, он раскрывает свои зеленые грани и переплетается с гальбанумом. Амбровая и сливочная древесина окутывает его бесконечно чувственной нежностью ""кожа к коже""». Аромат VELVET IRIS окутывает чувственностью и раскрывается пряными травянистыми нотами бучу, розового перца и куркумы с ярким характером. В сердце композиции роскошный ирис с пудровыми лепестками элегантно контрастирует с хрустящими зелеными оттенками гальбанума и мастикового дерева. Нежный и бархатистый ирис плавно переходит в аккорд мягкой замши и сливочные объятия древесной амбры. Лабданум наполняет аромат, придавая шлейфу искрящуюся и смолистую глубину. Создатели парфюмерной воды ESSENTIAL PARFUMS PARIS выбирают натуральные, экологически чистые материалы и стремятся снизить воздействие на окружающую среду.",Только для наружного применения.,Франция,23
444,2026-10-01T09:25:22.145260,20261001_080712_1756e2c0,26291200012,parfjumerija/nishevaja-parfjumerija,HFC,DIAMOND IN THE SKY,Нет категории,31500.0,31500.0,0.0,1,4.8,https://goldapple.ru/26291200012-diamond-in-the-sky/,https://goldapple.ru/parfjumerija/nishevaja-parfjumerija?p=23,"Настроение аромата - Блистательный, драгоценный, роскошный ВДОХНОВЕНИЕ АРОМАТА - Каждая женщина в мире обладает особым сиянием. Мечтая о необычных приключениях, тайнах и любви, она готова взлететь над землей при взгляде на пульсирующее бриллиантами звездное небо. Таинственная красота манит и завораживает… Diamond in the sky – им восхищаются и попадают под влияние его сияния и мистической красоты. Аромат Diamond in the sky - звонкий, искрящийся, чистый, как звездное небо, переходящий в легкую сладость мадагаскарской ванили.",Для наружного применения,Франция,23
445,2026-10-01T09:25:31.134030,20261001_080712_1756e2c0,83800100003,parfjumerija/nishevaja-parfjumerija,ESSENTIAL PARFUMS PARIS,THE MUSC,Парфюмерная вода,2466.0,2466.0,0.0,1,4.7,https://goldapple.ru/83800100003-the-musc/,https://goldapple.ru/parfjumerija/nishevaja-parfjumerija?p=23,"Парфюмер – Calice Becker. «Я представляла этот аромат как облако обволакивающего, нежного, восхитительного мускуса в сочетании с имбирём и лавандой. Светлое цветочное сердце композиции гармонирует с мягкими древесными нотами и сандалом из Австралии». Одновременно медовый и свежий аромат The Musc – это тонкое сочетание пленительных нот. Чарующую и тёплую композицию открывают имбирь из Лаоса и французская лаванда. Натуральный пчелиный воск дарит сердцу аромата сливочную сладость, которую усиливают тонкие ноты мускуса. Австралийский сандал подчеркивает теплоту древесных нот. Создатели парфюмерной воды ESSENTIAL PARFUMS выбирают натуральные, экологически чистые материалы и стремятся снизить воздействие на окружающую среду. Компания использует сандал из Западной Австралии, чтобы обеспечить стабильные поставки ингредиента и поддержать местные общины, создав для них устойчивый источник дохода. . Обращаем внимание, флакон аромата может отличаться от фото в интернет-магазине. Товар может быть представлен с колпачком или без него.",Не указано,Франция,23
446,2026-10-01T09:25:40.781116,20261001_080712_1756e2c0,19000084105,parfjumerija/nishevaja-parfjumerija,Zielinski & Rozen,Black Vetiver & Amber,ДУХИ КОНЦЕНТРИРОВАННЫЕ,2790.0,2790.0,0.0,1,4.7,https://goldapple.ru/19000084105-black-vetiver-amber/,https://goldapple.ru/parfjumerija/nishevaja-parfjumerija?p=23,"Я хочу, чтобы парфюм трогал до глубины души, говорил о личности и отражал ее уникальность. Эрез Розен Замысловатая ольфакторная книга, сюжет которой раскрывается новыми гранями на каждом человеке. Необычные сочетания нот и оригинальное построение аккордов подчеркивают индивидуальность и раскрывают суть ярче любых слов. Все ароматы Zielinski&Rozen категории унисекс.",Наносите парфюм по обе стороны плеч или распылите впереди себя и войдите в «облако» аромата.,Россия,23
447,2026-10-01T09:25:51.657225,20261001_080712_1756e2c0,19760310035,parfjumerija/nishevaja-parfjumerija,State Of Mind,Butterfly Mind,Парфюмерная вода,7358.0,7358.0,0.0,1,4.8,https://goldapple.ru/19760310035-butterfly-mind/,https://goldapple.ru/parfjumerija/nishevaja-parfjumerija?p=23,"Мобильная версия спрея создана, чтобы любимый аромат всегда был под рукой! Стильный восьмигранный флакон с изысканным дизайном защищен бархатным чехлом, который идет в комплекте. Также в наборе есть воронка для удобного наполнения компактного атомайзера из полноразмерного флакона. Невесомый цветочно-фруктовый аромат вызывает ассоциации с природой, молодостью и лёгкостью. Вдохновением для его создания стала красота весны и вечного начала. В этом светлом, романтичном и многогранном аромате нежность белого чая и цветков сакуры гармонирует с фруктовыми нотами фейхоа. Завершают этот праздничный букет ноты чувственной вишни и мускуса. Компактный флакон в элегантном чехле станет украшением сумочки и позволит наслаждаться нежной композицией в течение всего дня.","Нанесите на пульсирующие зоны: запястья, шею, за ушами и внутреннюю сторону локтя. Избегайте контакта с одеждой.",Франция,23
448,2026-10-01T09:26:01.355162,20261001_080712_1756e2c0,19000019540,parfjumerija/nishevaja-parfjumerija,Zielinski & Rozen,"Bergamot, Green Tea, Sandalwood, Musk",Духи концентрированные,2790.0,2790.0,0.0,1,4.6,https://goldapple.ru/19000019540-bergamot-green-tea-sandalwood-musk/,https://goldapple.ru/parfjumerija/nishevaja-parfjumerija?p=23,"Я хочу, чтобы парфюм трогал до глубины души, говорил о личности и отражал ее уникальность. Эрез Розен Замысловатая ольфакторная книга, сюжет которой раскрывается новыми гранями на каждом человеке. Необычные сочетания нот и оригинальное построение аккордов подчеркивают индивидуальность и раскрывают суть ярче любых слов. Все ароматы Zielinski&Rozen категории унисекс.",Наносите парфюм по обе стороны плеч или распылите впереди себя и войдите в «облако» аромата.,Россия,23
449,2026-10-01T09:26:10.505032,20261001_080712_1756e2c0,19000118981,parfjumerija/nishevaja-parfjumerija,Kilian Paris,The Discovery,парфюмироованный набор,31707.0,31707.0,0.0,1,5.0,https://goldapple.ru/19000118981-the-discovery/,https://goldapple.ru/parfjumerija/nishevaja-parfjumerija?p=23,"Набор Discovery Set состоит из восьми флаконов объемом 7,5 мл с парфюмами KILIAN PARIS, сформировавшими узнаваемый образ бренда. Каждый из них великолепно помещается в новый черный футляр Talisman. Рельефный узор вызывает желание прикасаться к нему снова и снова и дарит новые ощущения от знакомства с ароматами. Аромат Good girl gone Bad манит нотами белых цветов, похожими на зимний букет, а ароматы Straight to Heaven и White Crystal напоминают прогулку по заснеженному лесу своими древесными нотам. В наборе также представлены парфюмы Love, don’t be shy, Black Phantom, Rolling in Love, Moonlight in Heaven, Intoxicated и Bamboo Harmony.",Не указано,Франция,23
450,2026-10-01T09:26:19.712199,20261001_080712_1756e2c0,19000220500,parfjumerija/nishevaja-parfjumerija,Mind Games,THE FORWARD,Парфюмерный экстракт,25972.0,25972.0,0.0,1,4.6,https://goldapple.ru/19000220500-the-forward/,https://goldapple.ru/parfjumerija/nishevaja-parfjumerija?p=23,"Коллекция soulmate воплощает силу и единство пешек, коллективную уверенность и стремление поддерживать друг друга. По характеру пешка — решительная, амбициозная и бесстрашная фигура. Каждый аромат продуман, чтобы вы могли носить его самостоятельно или наслаивать с другими, создавая неповторимую композицию. Дизайн флаконов изящен, современен и сдержан — тонкие детали намекают на защитный слой брони. Разожгите страсть и откройте в себе лучшее с soulmate. The forward выступает вперед со смесью ярких, искрящихся цитрусов в смелом и незабываемом старте аромата. С каждым движением он становится более захватывающим, раскрывая глубину благодаря многогранным оттенкам соли, жасмина и ванили. Царственный и дерзкий, но в то же время мягкий и утонченный, the forward превосходит ожидания.",Распылите на кожу с расстояния 20-30 см.,Сша,23
451,2026-10-01T09:26:27.931908,20261001_080712_1756e2c0,26166600002,parfjumerija/nishevaja-parfjumerija,MONTALE,Wild Pears,Парфюмерная вода,13510.0,13510.0,0.0,1,4.7,https://goldapple.ru/26166600002-wild-pears/,https://goldapple.ru/parfjumerija/nishevaja-parfjumerija?p=23,"Montale Wild Pears называется аромат, приглашающий нас в еще теплую осень, когда уже желтеют листья, солнце согревает последними лучами и вокруг божественный запах грушевых садов. Главная героиня спелая, желтая, сочная. Сладкий нектар падает на сандаловые деревяшки, раскрываясь мускусом и кондитерской ванилью. Запах очень легкий, относится к фужерно- фруктовым. На коже раскрывается грушей и бергамотом, который благоухает цветами с цитрусовой кислинкой. Позже эта леденцовая свежесть сменяется гвоздикой, именно цветком, а не специей. Терпкий насыщенный запах узнаваем сразу, только как будто вдалеке пронесли веточку ландыша.",Не указано,Франция,23
452,2026-10-01T09:26:38.470222,20261001_080712_1756e2c0,19000473212,parfjumerija/nishevaja-parfjumerija,Noise,Cinema Privé,парфюмерная вода,8910.0,8910.0,0.0,1,5.0,https://goldapple.ru/19000473212-noise-cinema-prive/,https://goldapple.ru/parfjumerija/nishevaja-parfjumerija?p=23,"Это не входило в планы. Но название на выцветшем постере задело какую-то из струн души – ни то воспоминание, ни то импульсивный порыв. И вот ты уже в почти пустом кинотеатре, среди старинной позолоченной отделки, мягких теней и поскрипывающих кедровых полов. Проектор оживает гудящим жужжанием, и тёплый янтарный свет, пронизанный пылинками, мерцает над бархатными креслами. Откуда-то доносится сладковатый аромат табака – возможно, воображаемый, а может, это сам кинозал дышит с тобой в унисон. Звучат первые ноты фортепиано, будто эта сцена играла здесь так уже много лет, ожидая лишь твоего появления. Парфюмер: Lucas Sieuzac Занавес открывается томным звучанием ладана и мускатного шалфея, смягчённых медовой сладостью и дымным оттенком виски. Следом раскрываются карамельное яблоко и медовые фрукты, окутывая композицию тёплой, чуть томной сладостью. В финале кедр и сладкий табак звучат, словно последние ноты саундтрека, а пепел и амбра ещё долго остаются эхом после того, как в зале загорается свет.",Не указано,Франция,23
453,2026-10-01T09:26:47.873189,20261001_080712_1756e2c0,82082600001,parfjumerija/nishevaja-parfjumerija,MEMO Paris,TIGER'S NEST,Нет категории,27967.0,27967.0,0.0,1,5.0,https://goldapple.ru/82082600001-tiger-s-nest/,https://goldapple.ru/parfjumerija/nishevaja-parfjumerija?p=23,"Огонь и пламя в ночном лесу. Шафран. Горящие глаза, слезы небес. Абсент. Такцанг взмывает ввысь, как стрела. Османтус. Священная гора, куда запрещено взбираться. Амбра. Между тихими долинами и высокими горами песня ветра звучит на крутых обрывах. Ладан. Тропа, ведущая к подножью темной скалы, пещера, скрытая от взора. Ваниль. Семь ярких теней, логово тигра. Роза. Мягкими, плавными движениями я потягиваюсь, крадусь и нападаю. Иланг-иланг. Ничто не остановит мои тихие шаги. Папирус. Ошеломительная бездна, легенда укрощена, Гнездо Тигрицы - это крыша моего мира.","Распылите на пульсирующие зоны, такие как запястья, шея, за ушами и внутренняя сторона локтя. Избегайте контакта с одеждой, чтобы сохранить качество аромата.",Франция,23
454,2026-10-01T09:26:57.895011,20261001_080712_1756e2c0,26830200002,parfjumerija/nishevaja-parfjumerija,Mark Buxton,devil in disguise,Нет категории,13263.0,13263.0,0.0,1,4.9,https://goldapple.ru/26830200002-devil-in-disguise/,https://goldapple.ru/parfjumerija/nishevaja-parfjumerija?p=23,"Манящий дух опасности. Лето в Италии, вечерний ветер играет с фиолетовым шёлковым платьем… В воздухе витает аромат опасной женщины. Ноты листьев ревеня и пленительной магнолии нарушают спокойствие и пробуждают роковое влечение. Аромат окутывает и оставляет тёмный загадочный шлейф. Чарующие магнолия и нероли гармонируют с женственностью и элегантностью шипра. Яркие верхние ноты ревеня и имбиря звучат как явное приглашение, как громкое и привлекающее внимание заявление о себе. Верхние ноты: листья ревеня, имбирь Ноты сердца: магнолия, нероли Базовые ноты: пачули, ветивер, мускус",Не указано,Франция,23
455,2026-10-01T09:27:06.280088,20261001_080712_1756e2c0,19760302805,parfjumerija/nishevaja-parfjumerija,Liquides Imaginaires,Fortis,Парфюмерная вода,13950.0,13950.0,0.0,1,4.7,https://goldapple.ru/19760302805-fortis/,https://goldapple.ru/parfjumerija/nishevaja-parfjumerija?p=23,"Fortis в переводе с латыни – «сильный». Этот чувственный аромат Liquides Imaginaires пробуждает, избавляет от мрачных мыслей, укрепляет тело и дух. Тёмный, как чернила для каллиграфии, он становится тенью, которая всюду следует за владельцем, придаёт ему силу и окружает согревающей дымкой, сотканной из древесных нот и аромата специй. Мистический уд, шафран, гуаяк и пачули усиливают магию композиции.",Не указано,Италия,23
456,2026-10-01T09:27:15.172556,20261001_080712_1756e2c0,19000232229,parfjumerija/nishevaja-parfjumerija,ESSENTIAL PARFUMS PARIS,Patchouli mania,Парфюмерная вода,1370.0,1370.0,0.0,1,4.5,https://goldapple.ru/19000232229-patchouli-mania/,https://goldapple.ru/parfjumerija/nishevaja-parfjumerija?p=23,"Парфюмер — Фабрис Пеллегрин. «Я представлял себе чувственный пачули, одновременно глубокий, таинственный и вызывающий привыкание. В композиции есть баланс между насыщенностью пачули и пудровой сладостью какао». PATCHOULI MANIA — роскошное сочетание гурманских и пленительных нот, которое построено вокруг пачули. Нота лесного ореха точно воспроизводит сам вкус, а его обжаренные грани соединяются с горьковато-сладким какао и пряным кориандром. Индийская давана придает аромату теплоту и бархатистость. Абсолют какао, произведенный в Кот-д'Ивуар, раскрывается глубокой и изысканной нотой темного шоколада, одновременно пудрового и горького, с древесными нотами. Эссенция гаитянского ветивера подчеркивает благородность и элегантность композиции. Создатели парфюмерной воды ESSENTIAL PARFUMS выбирают натуральные, экологически чистые материалы и стремятся снизить воздействие на окружающую среду. Компания использует эссенцию пачули из Индонезии, чтобы поддерживать устойчивое развитие, местное население и методы ведения восстановительного сельского хозяйства. Обращаем внимание, флакон аромата может отличаться от фото в интернет-магазине. Товар может быть представлен с колпачком или без него.",Только для наружного применения.,Франция,23
457,2026-10-01T09:27:26.080730,20261001_080712_1756e2c0,19760332192,parfjumerija/nishevaja-parfjumerija,Vilhelm Parfumerie,MORNING CHESS,парфюмерная вода,8250.0,8250.0,0.0,1,4.9,https://goldapple.ru/19760332192-morning-chess/,https://goldapple.ru/parfjumerija/nishevaja-parfjumerija?p=23,"Вдохновлён детскими воспоминаниями Яна Вильгельма о летних каникулах, проведённых в курортном городке Фалькенберге. Morning Chess воссоздаёт ощущение пребывания на побережье, где воздух пропитан  свежестью летней зелени, ароматом моря и светом утреннего солнца",Не указано,Франция,23
458,2026-10-01T09:27:34.979331,20261001_080712_1756e2c0,19000439438,parfjumerija/nishevaja-parfjumerija,Neydo,FAR VERY FAR 18.08,парфюмерная вода,1980.0,1980.0,0.0,1,4.5,https://goldapple.ru/19000439438-neydo/,https://goldapple.ru/parfjumerija/nishevaja-parfjumerija?p=23,"Аромат Far Very Far вдохновлен сном Поля о необыкновенном пляже, где океан и небо меняются местами, где только бесконечный пляж и шум прибоя. Аромат-бриз с нотами жасмина и пиона освежает и расслабляет, а цедровый акцент с травяным нюансом бодрит и заряжает энергией. Смело ныряйте в него, чтобы отдохнуть от шума и суеты городской жизни. Paul, 18.08 Остров. Пляж. Я лежу на песке и смотрю вверх. Надо мной нависает искрящийся синевой бескрайний океан. Одна за одной с шумом перекатываются волны. Протягиваю руку вверх, океан опускается ниже, и пальцы легко погружаются в голубую прохладу. Чувствую запах моря и соленый привкус на языке. И тут яркий блик вдалеке привлекает мое внимание. Встаю. Океан поднимается вместе со мной. Прикладываю ладонь козырьком ко лбу и щурюсь на солнце, стараясь рассмотреть, что же там такое. На воде покачивается легкая прозрачная лодка из плексигласа. Но на борту никого нет. Я совершенно один. Неожиданно замечаю на песке тень лимонного дерева. Осматриваюсь по сторонам – деревьев нет вообще! И уж точно никаких плодов поблизости. Но терпкий аромат цедры пропитывает воздух. Он буквально струится по моим венам! На адреналине вхожу в свежую прохладную тень невидимого дерева. Вдыхаю полной грудью и понимаю, что не хочу возвращаться в свой привычный мир, где всему есть объяснение! Срываюсь с места и бегу, набирая скорость, чтобы оттолкнуться и нырнуть в океан надо мной. Но чем выше я прыгаю, тем выше поднимется океан – и я каждый раз оказываюсь на песке.","Распылите на пульсирующие зоны: запястья, шею, за ушами и внутреннюю сторону локтя. Избегайте контакта с одеждой. Для повышения стойкости рекомендуем наносить на хорошо увлажненную кожу.",Франция,23
459,2026-10-01T09:27:44.587633,20261001_080712_1756e2c0,19000301045,parfjumerija/nishevaja-parfjumerija,Neydo,Fiery Fig 24.05,Парфюмерная вода,5080.0,5080.0,0.0,1,4.7,https://goldapple.ru/19000301045-fiery-fig-24-05/,https://goldapple.ru/parfjumerija/nishevaja-parfjumerija?p=23,"Аромат Fiery Fig 24.05 - сон Мии, в котором летний день наполнен ароматом разогретых солнцем плодов и листьев инжира, а люди наслаждаются сливочными коктейлями и кружатся в беспечном танце под звуки гитары. Аромат-мелодия с нежным инжирно-молочным аккордом, свежими нотами травы и благородного кедра. Mia, 24.05 Мы трясёмся в пикапе по грунтовой дороге, оставляя за собой клубы пыли. Вокруг только раскалённые знойным солнцем поля, уходящие за горизонт. Мы подъезжаем к ферме, где воздух пропитан сладким ароматом инжира и сочной зеленью фиговых деревьев. Меня встречают, будто мы знакомы много лет. Стоят массивные столы из полированного кедра, заваленные спелым инжиром и влажными хрустящими листьями всех оттенков зелёного. Я хватаю самые спелые плоды и откусываю от них прохладную сладкую мякоть. Закрываю глаза от восторга: как это вкусно! Чья-то рука касается моего плеча и увлекает меня за собой. И вот мы уже бежим прочь. Перед нами извилистая дорога на холм, засаженная вдоль фиговыми деревьями. Оттуда доносится смех и музыка. Горизонт вспыхивает красным закатом, и мы уже в центре весёлой толпы. Все одеты в удивительные костюмы, а их лица расписаны яркими красками. Люди смеются, пьют ароматные коктейли с кокосовым молоком и инжиром, танцуя без остановки. Музыкант быстро и непринужденно перебирает пальцами струны гитары. И хотя я впервые слышу эту мелодию, мне кажется… я её знаю! Мы кружимся в танце всё быстрее, быстрее, быстрее! Пока всё не сливается в единый цветной круговорот… Страна происхождения товара может отличаться (Республика Корея/Франция).","Распылите на пульсирующие зоны: запястья, шею, за ушами и внутреннюю сторону локтя. Избегайте контакта с одеждой. Для повышения стойкости рекомендуем наносить на хорошо увлажненную кожу.",Франция,23
460,2026-10-01T09:27:52.254671,20261001_080712_1756e2c0,19000000389,parfjumerija/nishevaja-parfjumerija,Parfums de Marly,DELINA LA ROSEE,Парфюмерная вода,33750.0,33750.0,0.0,1,4.9,https://goldapple.ru/19000000389-delina-la-rosee/,https://goldapple.ru/parfjumerija/nishevaja-parfjumerija?p=23,"Соединение нежной водной лилии и пиона создает свежее, изящное, словно бархатное звучание.
Величественная нота турецкой розы подчеркивает особую элегантность аромата.
Груша, личи и бергамот добавляют гурманский оттенок, в то время как яркая и при этом благородная база из хвойной древесины и белого мускуса обволакивает чувственным шлейфом.",Не указано,Франция,23
461,2026-10-01T09:28:19.499111,20261001_080712_1756e2c0,82081900001,parfjumerija/nishevaja-parfjumerija,MEMO Paris,ILHA DO MEL,Парфюмерная вода,31696.0,31696.0,0.0,1,4.9,https://goldapple.ru/82081900001-ilha-do-mel/,https://goldapple.ru/parfjumerija/nishevaja-parfjumerija?p=24,"Ощутите чарующее очарование парфюмированной воды Ilha do Mel от Memo Paris, которая перенесет вас на залитый солнцем райский остров. Аромат открывается ярким сочетанием гиацинта, мандарина и можжевельника, передающих суть пышного цветущего пейзажа. Раскрываясь, сердце раскрывается гармоничным букетом меда, жасмина, цветов апельсина, ракитника и ириса, напоминающим сладкий, опьяняющий аромат тропической флоры. Базовая нота ванили создает теплое, чувственное послевкусие, напоминающее о золотых песках и безмятежных закатах. Ilha do Mel, что в переводе с португальского означает ""Медовый остров"", воплощает в себе блаженную безмятежность и природную красоту одноименного аромата, предлагая ароматическое путешествие, которое одновременно является экзотическим и успокаивающим. Этот аромат идеально подходит для тех, кто ищет уникальный и запоминающийся ольфакторный отдых.","Распылите на пульсирующие зоны, такие как запястья, шея, за ушами и внутренняя сторона локтя. Избегайте контакта с одеждой, чтобы сохранить качество аромата.",Франция,24
462,2026-10-01T09:28:28.067501,20261001_080712_1756e2c0,19000161243,parfjumerija/nishevaja-parfjumerija,Korloff Paris,MISS,парфюмерная вода,3420.0,3420.0,0.0,1,4.8,https://goldapple.ru/19000161243-miss/,https://goldapple.ru/parfjumerija/nishevaja-parfjumerija?p=24,"Свободный дух, она любит неожиданности. Ее внимание привлекает редкое розовое золото. Розовое золото… идеальный сплав, чтобы отразить ее сложную, многогранную индивидуальность, смешивающую тайну, женственность и оттенок романтики. Вдохновленная его красотой, мисс Korloff делает этот чувственный аромат своим собственным. Новый Korloff Miss восхитительный романтический, свежесть мандарина и листа чёрной смородины заискрились и просыпались нежностью из белых цветов и бархатных древесных аккордов. Соединяясь с кожей аромат даёт чудное, хрустальное, звонкое звучание.","Наносить на неповрежденные участки кожи, волос и одежду",Франция,24
463,2026-10-01T09:28:37.510842,20261001_080712_1756e2c0,19000522107,parfjumerija/nishevaja-parfjumerija,L'atelier parfum,MATCHA CREME,Нет категории,7853.0,7853.0,0.0,1,4.8,https://goldapple.ru/19000522107-l-atelier-parfum/,https://goldapple.ru/parfjumerija/nishevaja-parfjumerija?p=24,"Аромат L'ATELIER PARFUM — потерянный миг между пробуждением и восторгом, шепот сладких тайн. Он вызывает тихое притяжение, когда свежесть зелени превращается в сливочное наслаждение. Нота матчи подчеркивается аккордом молочной пенки, смешивается с фисташковым кремом, а затем согревается нежным, обволакивающим сандалом. Каждый «глоток» этого аромата тает на коже, а его шлейф дарит мягкое и захватывающее ощущение, которое хочется испытать снова и снова. Парфюмер — Clément Marx.","Распылите на пульсирующие зоны: запястья, шею, за ушами и внутреннюю сторону локтя. Избегайте контакта с одеждой. Для повышения стойкости рекомендуем наносить на хорошо увлажненную кожу.",Франция,24
464,2026-10-01T09:28:46.590683,20261001_080712_1756e2c0,19760319885,parfjumerija/nishevaja-parfjumerija,Juliette Has A Gun,MUSC INVISIBLE,Нет категории,12375.0,12375.0,0.0,1,4.7,https://goldapple.ru/19760319885-musc-invisible/,https://goldapple.ru/parfjumerija/nishevaja-parfjumerija?p=24,"Аромат Musc Invisible – это воплощение чистой сексуальности обнаженного, распаленного страстью, тела. Соблазнительный мускус окутывает вас манящей аурой с эффектом феромонов. Аромат подобен ласковому касанию к коже, он дразнит и воспламеняет чувства. Нежный и воздушный аромат, комфортный и непритязательный, он словно любимая пара джинсов...  уместная как на работе, так и на случайном свидании.",Не указано,Франция,24
465,2026-10-01T09:28:55.010155,20261001_080712_1756e2c0,19760310140,parfjumerija/nishevaja-parfjumerija,State Of Mind,french gallantry,НАБОР ДЛЯ ПУТЕШЕСТВИЙ,10892.0,10892.0,0.0,1,4.7,https://goldapple.ru/19760310140-french-gallantry/,https://goldapple.ru/parfjumerija/nishevaja-parfjumerija?p=24,"В состав набора входит парфюмерная вода 20 мл в футляре + рефилл 20 мл. Свежий древесный аромат French Gallantry, посвящённый галантности, может служить образцом ароматной гармонии. Крепкую свежесть базилика и томатов дополняют ноты лавра, орегано и тимьяна. Тонкое сочетание кенийского чёрного чая и шалфея с гелиотропом создаёт чувственный шлейф, подчёркнутый древесными и амбровыми нотами. Композиция говорит о силе, харизме и элегантности того, кто его носит. Верхние ноты: чёрный чай, томат, базилик Ноты сердца: шалфей, тимьян, лавр, орегано Базовые ноты: гелиотроп, кожа, амбра, животные ноты",Не указано,Франция,24
466,2026-10-01T09:29:04.322250,20261001_080712_1756e2c0,19000426974,parfjumerija/nishevaja-parfjumerija,Zielinski & Rozen,"Oud, Amber, Wood Blend",Духи концентрированные,2371.0,2371.0,0.0,1,4.8,https://goldapple.ru/19000426974-oud-amber-wood-blend/,https://goldapple.ru/parfjumerija/nishevaja-parfjumerija?p=24,"Аромат категории унисекс. Долго сохраняется на коже, оставляя легкий шлейф.",Спрей. Распылять на кожу с расстояния 30 см. Для усиления стойкости аромата наносить на разогретое или влажное тело.,Россия,24
467,2026-10-01T09:29:12.950312,20261001_080712_1756e2c0,19000125960,parfjumerija/nishevaja-parfjumerija,State Of Mind,Open Mind,Парфюмерная вода,4320.0,4320.0,0.0,1,4.6,https://goldapple.ru/19000125960-open-mind/,https://goldapple.ru/parfjumerija/nishevaja-parfjumerija?p=24,"Древесно-акватический аромат State of Mind предлагает открыть свой разум для новых, свежих и удивительных впечатлений. Вспышка зеленых нот лайма и хиноки разжигает интерес уже с первых секунд знакомства. Чистый и воздушный старт композиции плавно превращается в волну, накрывающую нежным ароматом лотоса и дыни. Их звучание помогает смягчить гесперидный аккорд, свежие ноты критмума и зелёного японского чая гёкуро. Одновременно насыщенный, сложный и тонкий аромат этого элитного чая, играющий с нотами водорослей и йода, делает морскую грань композиции более яркой и необычной. Гваяковое дерево подчеркивает смелый и оригинальный характер аромата Open Mind.",Только для наружного применения.,Франция,24
468,2026-10-01T09:29:21.381729,20261001_080712_1756e2c0,19760305892,parfjumerija/nishevaja-parfjumerija,Vilhelm Parfumerie,DARLING NIKKI,Парфюмерная вода,14437.0,14437.0,0.0,1,4.9,https://goldapple.ru/19760305892-darling-nikki/,https://goldapple.ru/parfjumerija/nishevaja-parfjumerija?p=24,"Эксклюзивный аромат для России. «Дорогая̆ Никки»  - пароль в подпольный̆ , самый̆  тайный и сексуальный̆ , московский̆ ночной̆ клуб в 1980-х, во времена СССР. Пленительная атмосфера закрытого ночного клуба. Черная кожа и аккорд древесного дыма словно ароматы зажигательной и секретной вечеринки, скрытой за толстой дверью, пропитанной эротизмом и сексуальностью шафрана и черного лотоса.",Не указано,Франция,24
469,2026-10-01T09:29:29.374005,20261001_080712_1756e2c0,19000439436,parfjumerija/nishevaja-parfjumerija,Neydo,BERRY CRAVING 23.06,парфюмерная вода,1980.0,1980.0,0.0,1,4.6,https://goldapple.ru/19000439436-neydo/,https://goldapple.ru/parfjumerija/nishevaja-parfjumerija?p=24,"Аромат Berry Craving вдохновлен сном Элис, точнее, ее воспоминаниями о детстве и летних днях, когда в таинственном саду цветут маки размером с арбуз, розы и магнолии, волшебные коты исполняют желания, а с кухни доносится аромат ягодного варенья. Аромат-счастье с нотами нежных цветов, спелых фруктов и восточных пряностей. С ним так легко повернуть время вспять и вернуться в самое беззаботное время. Alice, 23.06 Я на пороге дома своего детства. Яркий полдень. Красивый тенистый сад теряется где-то за горизонтом. В траве распустились гигантские алые маки размером… с арбуз! Пурпурные цветы магнолии качает ветер. Солнечные лучи пробираются через оконные проемы, игра теней создает иллюзию оживших витражей. Мама на кухне варит варенье, которое булькает в медном тазу. Все пространство наполняется густым ягодным ароматом. Я хочу это попробовать! Но мама говорит, что варенье должно остыть. И, чтобы скоротать время, я направляюсь в сад пускать мыльные пузыри. В переливающейся радужной сфере замечаю чей-то силуэт – позади меня на солнце греется кот. Он громко мурлычет, требуя, чтобы его погладили. Провожу рукой по шелковистой шерсти. Еще и еще. И каждый раз, когда я это делаю, у меня в руке появляется моя любимая игрушка! Только не останавливаться! Гладить и гладить… Но мама зовет меня к столу, и я просыпаюсь.","Распылите на пульсирующие зоны: запястья, шею, за ушами и внутреннюю сторону локтя. Избегайте контакта с одеждой. Для повышения стойкости рекомендуем наносить на хорошо увлажненную кожу.",Франция,24
470,2026-10-01T09:29:39.194850,20261001_080712_1756e2c0,26731500002,parfjumerija/nishevaja-parfjumerija,Byredo,Oud Immortel,Парфюмерная вода,20295.0,20295.0,0.0,1,4.9,https://goldapple.ru/26731500002-oud-immortel/,https://goldapple.ru/parfjumerija/nishevaja-parfjumerija?p=24,"Oud Immortel – древесный аромат, в котором ноты пачули и папируса придают всей композиции «дымный оттенок», как если бы мы слышали его в индийском храме, среди принесенных в жертву прекрасных цветов.
Ноты Листьев Табака и Мха придают аромату глубину и насыщенность, а аккорды Ладана и Розового Дерева оставляют элегантный амбровый шлейф. Композиция: лимончелло, ладан, кардамон, бессмертник, пачули, бразильское розовое дерево, листья табака, мох, уд.",Не указано,Франция,24
471,2026-10-01T09:29:48.728401,20261001_080712_1756e2c0,19000148356,parfjumerija/nishevaja-parfjumerija,ESSENTIAL PARFUMS PARIS,Mon vetiver refillable,Парфюмерная вода,10053.0,10053.0,0.0,1,4.2,https://goldapple.ru/19000148356-mon-vetiver-refillable/,https://goldapple.ru/parfjumerija/nishevaja-parfjumerija?p=24,"Парфюмер – Bruno Jovanovic. «Я представил себе парфюмерную композицию на основе нот ветивера и джина, отражающую современную элегантность. Это аромат с характером, выраженном в древесных нотах». Mon Vetiver – это воплощение современной элегантности. Композиция, способная удивлять, создана на основе гаитянского ветивера. Неожиданная нота джина подчёркивает приятную свежесть мексиканского лайма и можжевельника. Лаванда и горечавка пробуждают интерес, который усиливают загадочные пачули из Индонезии и ноты кашмерана. Создатели парфюмерной воды ESSENTIAL PARFUMS выбирают натуральные, экологически чистые материалы и стремятся снизить воздействие на окружающую среду. Компания гарантирует бережное отношение к местным экосистемам и улучшает жизнь фермерских общин Гаити, культивирующих ветивер. Флакон парфюмерной воды подходит для многоразового использования, и его можно пополнять из рефила. В интернет-магазине представлен актуальный дизайн продукта. Обращаем внимание, возможно поступление товара в старом дизайне.","1. Снимите крышку с флакона, открутите и вытащите помпу. 2. Прикрутите рефил до конца. Пополнение прекращается автоматически. 3. Прикрутите помпу обратно на флакон и наденьте крышку",Франция,24
472,2026-10-01T09:29:58.248186,20261001_080712_1756e2c0,19000126966,parfjumerija/nishevaja-parfjumerija,Parfums de Marly,DELINA PARFUMS DE MARLY,Парфюмированная вода,21000.0,21000.0,0.0,1,4.8,https://goldapple.ru/19000126966-delina-parfums-de-marly/,https://goldapple.ru/parfjumerija/nishevaja-parfjumerija?p=24,"Турецкая роза во всех ее проявлениях, в обрамлении пиона, личи и ревеня. Миниатюрный формат флакона позволит брать аромат с собой куда угодно.",Не указано,Франция,24
473,2026-10-01T09:30:11.172213,20261001_080712_1756e2c0,19000238659,parfjumerija/nishevaja-parfjumerija,State Of Mind,Spontaneous Generosity,Нет категории,16316.0,16316.0,0.0,1,4.7,https://goldapple.ru/19000238659-spontaneous-generosity/,https://goldapple.ru/parfjumerija/nishevaja-parfjumerija?p=24,"Обволакивающий Spontaneous Generosity отражает скромность и поиск истинного счастья, светлого, словно встреча с ангелом-хранителем. В звучании этого восточного гурманского аромата слышны роза, инжир, чёрный чай ассам, бензоин, перуанский бальзам и сандал. Ярко выделяются кумарин, бобы тонка и карамель. Мягкий аромат напоминает об удовольствии спонтанной щедрости.",Только для наружного применения.,Франция,24
474,2026-10-01T09:30:22.359654,20261001_080712_1756e2c0,26770500001,parfjumerija/nishevaja-parfjumerija,Mancera,Gold Intensive Aoud,Нет категории,14602.0,14602.0,0.0,1,4.7,https://goldapple.ru/26770500001-intensitive-aoud-gold/,https://goldapple.ru/parfjumerija/nishevaja-parfjumerija?p=24,"Жаркое золото льется с небес, солнечные лучи ласкают Древо Богов – священный Уд. Пылающий аромат, желанный, словно сама Нирвана доносится до самих божественных небес. Композиция: роза, уд, драгоценное дерево, амбра, розовый мускус.",Не указано,Франция,24
475,2026-10-01T09:30:31.968553,20261001_080712_1756e2c0,26731900002,parfjumerija/nishevaja-parfjumerija,Byredo,Black Saffron,Парфюмерная вода,20295.0,20295.0,0.0,1,4.9,https://goldapple.ru/26731900002-black-saffron/,https://goldapple.ru/parfjumerija/nishevaja-parfjumerija?p=24,"Шафран – ароматный символ Индии, специя, которая на протяжении 3500 лет является одной из самых дорогих в мире. В разные эпохи шафран использовали как приправу, лекарство, а самое главное,  шафран всегда ценился как афродизиак: он устилал ложе Зевса и питал сладострастие Клеопатры, его аромат покорял суровых воинов и совращал девственниц. Тайный компонент приворотных зелий, он веками будоражил людские чувства и желания на всем пространстве от Индии до Европы.  Создание  аромата «Черный Шафран» стало для Бена Горхема воплощением идеальной гармонии, манящей мечтой о единении всего самого прекрасного в мире. Композиция:  помело, шафран, ягоды можжевельника,  черная фиалка, аккорд кожи, кристальная роза,  древесина, малина, ветивер.",Не указано,Франция,24
476,2026-10-01T09:30:41.003913,20261001_080712_1756e2c0,19000047866,parfjumerija/nishevaja-parfjumerija,ESSENTIAL PARFUMS PARIS,FIG INFUSION by Nathalie Lorson,Парфюмерная вода,2466.0,2466.0,0.0,1,4.6,https://goldapple.ru/19000047866-fig-infusion-by-nathalie-lorson/,https://goldapple.ru/parfjumerija/nishevaja-parfjumerija?p=24,"Парфюмер – Nathalie Lorson. «Я представляла себе искрящийся и светлый аромат, посвященный удовольствиям и радостям жизни. Мне хотелось создать композицию, которая вызовет ассоциации с послеобеденным отдыхом в уютном фруктовом саду и сладкой дремой в тени смоковницы». Успокаивающая композиция от ESSENTIAL PARFUMS PARIS построена вокруг ноты инжира, объединившей фруктовые, сливочные и зеленые оттенки. Сочность свежего фрукта подчеркивают итальянский мандарин, яркая нота черного чая и апельсиновый цвет. Тёплая нота сандала делает композицию более насыщенной, а бензоин, аромат которого напоминает сочетание ванили, амбры и корицы, придаёт изысканную сладость. Создатели парфюмерной воды ESSENTIAL PARFUMS PARIS выбирают натуральные, экологически чистые материалы и стремятся снизить воздействие на окружающую среду. Для производства аромата использовались натуральные цветы апельсина из Туниса, бензоин из Вьетнама и черный чай со Шри-Ланки. Ключевые ноты: инжир, черный чай, мандарин, апельсиновый цвет, сандал, бензоин. . Обращаем внимание, флакон аромата может отличаться от фото в интернет-магазине. Товар может быть представлен с колпачком или без него.",Не указано,Франция,24
477,2026-10-01T09:30:52.821207,20261001_080712_1756e2c0,19000125955,parfjumerija/nishevaja-parfjumerija,State Of Mind,Secret of Success,Парфюмерная вода,4158.0,4158.0,0.0,1,4.5,https://goldapple.ru/19000125955-secret-of-success/,https://goldapple.ru/parfjumerija/nishevaja-parfjumerija?p=24,"Мобильная версия спрея создана, чтобы любимый аромат всегда был под рукой! Фруктовый аромат Secret of Success воплощает дух личных достижений, успех и достоинство. Он играет одновременно на тёплых нотах корицы и кардамона и на холодной, свежей ноте грейпфрута. Secret of Success дерзко противопоставляет чувственность иланг-иланга и мужественность розмарина и уда, но при этом остаётся гармоничным. Смелый аромат способен привлечь в жизнь удачу, ведь судьба благоволит храбрым.",Только для наружного применения.,Франция,24
478,2026-10-01T09:31:02.554754,20261001_080712_1756e2c0,26164400002,parfjumerija/nishevaja-parfjumerija,MONTALE,Mukhallat,Парфюмерная вода,13727.0,13727.0,0.0,1,4.6,https://goldapple.ru/26164400002-mukhalat/,https://goldapple.ru/parfjumerija/nishevaja-parfjumerija?p=24,"Аромат Montale Mukhallat относит в воображении к восточной кухне, где готовится сладкий клубнично-миндальный рахат-лукум. Дурманящий, но не удушающий запах, заставляет полной грудью вдохнуть волшебное лакомство и бесконечно наслаждаться его неповторимым вкусом.
Природные ароматические масла, составляющие композицию парфюма, создают густой, богатый антураж и надолго сохраняют насыщенный глубокий аромат на коже. В сладости духов совершенно отсутствует привкус пудры, напротив, обладателя духов поразит благородной элитное благоухание дорогого парфюма.
Наилучшим образом духи раскрываются в поздний период осени или в зимние холода. Это делает их незаменимым спутником в долгие ненастные вечера, который быстро поднимет настроение и наполнит жизнь позитивом, а комнату теплым ароматом клубничного пирожного, присыпанного миндальной крошкой.",Не указано,Франция,24
479,2026-10-01T09:31:10.734572,20261001_080712_1756e2c0,19000105484,parfjumerija/nishevaja-parfjumerija,Liquides Imaginaires,LIQUIDE,Парфюмерная вода,27360.0,27360.0,0.0,1,4.7,https://goldapple.ru/19000105484-liquide/,https://goldapple.ru/parfjumerija/nishevaja-parfjumerija?p=24,"С древних времен алхимики в разных странах мечтали превратить различные металлы в сияющее, ценное, благородное золото. LIQUIDES IMAGINAIRES играет с парфюмерной «алхимией» и создаёт оригинальный аромат, воплощающий великолепие и блеск этого драгоценного металла в удивительном сочетании нот семян моркови, кориандра, жасмина, цветов апельсина и яркого, согревающего солнечного аккорда. Именно с солнцем алхимики сопоставляли золото, символизирующее для них совершенство, конечную цель и образ новой, лучшей жизни. Тёплое сияние композиции украшают ноты освежающего мандарина и пряного шафрана, известного как «красное золото». Этот аромат – словно жидкое золото, магическую формулу которого дополняют ноты Georgywood и Ambrofix, чарующий мускус, нежность ванили, пачули и таинственное звучание ладанника. Парфюмер – Nisrine Grillie.",Только для наружного применения.,Италия,24
480,2026-10-01T09:31:22.625400,20261001_080712_1756e2c0,19000035804,parfjumerija/nishevaja-parfjumerija,Zielinski & Rozen,"Apple, Lotus",Твердое мыло,890.0,890.0,0.0,1,4.7,https://goldapple.ru/19000035804-abloko-lotos/,https://goldapple.ru/parfjumerija/nishevaja-parfjumerija?p=24,"Бережно и эффективно очищает кожу, сохраняя ее мягкость. Подходит для ежедневного использования для рук и тела.","Способ применения: Вспеньте мыло ладонями, затем тщательно смойте теплой водой.",Россия,24
481,2026-10-01T09:31:55.471752,20261001_080712_1756e2c0,26163300001,parfjumerija/nishevaja-parfjumerija,MONTALE,Roses Musk,Парфюмерная вода,8109.0,8109.0,0.0,1,4.8,https://goldapple.ru/26163300001-roses-musk/,https://goldapple.ru/parfjumerija/nishevaja-parfjumerija?p=25,"Утонченный и изящный аромат, созданный парфюмерным французским домом «Montale», придаст образу шарм и необычайную элегантность. Ведь в нём соединены самые экстравагантные и в то же время нежные компоненты. Благоухающий и трепетный аромат непальских роз встречается с дурманящими и пьянящими цветками жасмина. А в стойком изысканном шлейфе легко читается мускус, приправленный ягодными нотками. Компоненты, переплетаясь друг с другом, образуют букет роскоши, сладости и величия.",Не указано,Франция,25
482,2026-10-01T09:32:07.714462,20261001_080712_1756e2c0,19760332189,parfjumerija/nishevaja-parfjumerija,Vilhelm Parfumerie,MANGO SKIN,парфюмерная вода,8250.0,8250.0,0.0,1,4.7,https://goldapple.ru/19760332189-mango-skin/,https://goldapple.ru/parfjumerija/nishevaja-parfjumerija?p=25,"Откусив один кусочек, вы почувствуете манго в своих венах. Дикие краски, бескрайнее небо и безудержное счастье: захватывающая дух Южная Африка становится фоном для этого экспрессионистского взрыва ежевики, манго и чёрного перца. Спелый фрукт раскрывает свои сложные вкусы — коктейль из дикого ириса, чёрного лотоса и жасмина, оставляющий после себя ноты пачули, ванили и лёгкий оттенок розового сахара.","Наносите аромат на заднюю часть шеи, в зону декольте и на запястья с расстояния 10-15 см. Не рекомендуется растирать парфюмерную воду , так как это может нарушить правильный процесс раскрытия композиции.",Франция,25
483,2026-10-01T09:32:18.251232,20261001_080712_1756e2c0,19000334594,parfjumerija/nishevaja-parfjumerija,L'atelier parfum,CARNAL BLISS,Нет категории,3403.0,3403.0,0.0,1,4.1,https://goldapple.ru/19000334594-carnal-bliss/,https://goldapple.ru/parfjumerija/nishevaja-parfjumerija?p=25,"Главный аккорд, вокруг которого строится аромат L'ATELIER PARFUM — мускус, помогающий исследовать бесконечный мир чувственности. Словно шелк на коже, композиция воплощает невинную безмятежность. Ощущение льна и альдегида напоминает о чистоте после стирального порошка и кондиционера для белья. Аккорды кожи, гелиотропа, пшеницы и ириса в сочетании с сандалом создают успокаивающий, теплый и «молочный» эффект. Мускус оставляет волшебный шлейф, который переносит в мир безупречной белизны. Парфюмер – Serge De Oliveira.","Распылите на пульсирующие зоны, такие как запястья, шея, за ушами и внутренняя сторона локтя. Избегайте контакта с одеждой, чтобы сохранить качество аромата.",Франция,25
484,2026-10-01T09:32:27.481528,20261001_080712_1756e2c0,19000247144,parfjumerija/nishevaja-parfjumerija,Kilian Paris,Good Girl Gone Bad By Kilian,Нет категории,48240.0,48240.0,0.0,1,4.7,https://goldapple.ru/19000247144-good-girl-gone-bad/,https://goldapple.ru/parfjumerija/nishevaja-parfjumerija?p=25,"Источник вдохновения Килиана Хеннесси. Good girl gone Bad by Kilian — настоящий вихрь смелых фруктовых ароматов в райском саду добра и зла. Одновременно невинный и чувственный аромат открывается абрикосовыми оттенками цветов апельсина и абсолютов османтуса и майской розы. За ними притаилось главное искушение — симфония трех цветочных нот: туберозы, жасмина и нарцисса. Цветочные ароматы KILIAN PARIS созданы, чтобы вызывать зависимость, пленяя чарующими нотами цветка апельсина и гардении, пышными аккордами розы и туберозы. Good girl gone Bad by Kilian принадлежит к категории соблазняющих ароматов. Каждый пополняемый флакон KILIAN PARIS — это произведение искусства высочайшего качества, созданное с особым вниманием к деталям. Флаконы соблазняющих ароматов покрыты белым лаком и украшены гравировкой с изображением щита Ахиллеса. Как говорит Килиан Хеннесси: «Аромат — это не только оружие соблазнения, но и ваша защита». Золотистая металлическая пластина, на которой вручную выгравировано название аромата, делает флакон еще более утонченным. Внимание к деталям является гарантией роскоши бренда KILIAN PARIS, а как известно, настоящая роскошь не эфемерна — она длится всю жизнь. Именно поэтому флакон этого неповторимого аромата предполагает многоразовое использование. Парфюмер: Альберто Морильяс.","Нанесите аромат на запястья, шею и точки пульса на очищенную и увлажненную кожу, чтобы он раскрылся от тепла тела и остался с вами до самого вечера. Не растирайте.",Франция,25
485,2026-10-01T09:32:38.876062,20261001_080712_1756e2c0,19000148360,parfjumerija/nishevaja-parfjumerija,ESSENTIAL PARFUMS PARIS,The Musc refillable,Парфюмерная вода,7819.0,7819.0,0.0,1,4.5,https://goldapple.ru/19000148360-the-musc-refillable/,https://goldapple.ru/parfjumerija/nishevaja-parfjumerija?p=25,"Парфюмер – Calice Becker. «Я представляла этот аромат как облако обволакивающего, нежного, восхитительного мускуса в сочетании с имбирём и лавандой. Светлое цветочное сердце композиции гармонирует с мягкими древесными нотами и сандалом из Австралии». Одновременно медовый и свежий аромат The Musc – это тонкое сочетание пленительных нот. Чарующую и тёплую композицию открывают имбирь из Лаоса и французская лаванда. Натуральный пчелиный воск дарит сердцу аромата сливочную сладость, которую усиливают тонкие ноты мускуса. Австралийский сандал подчеркивает теплоту древесных нот. Создатели парфюмерной воды ESSENTIAL PARFUMS выбирают натуральные, экологически чистые материалы и стремятся снизить воздействие на окружающую среду. Компания использует сандал из Западной Австралии, чтобы обеспечить стабильные поставки ингредиента и поддержать местные общины, создав для них устойчивый источник дохода. Флакон парфюмерной воды подходит для многоразового использования, и его можно пополнять из рефила. В интернет-магазине представлен актуальный дизайн продукта. Обращаем внимание, возможно поступление товара в старом дизайне.","1. Снимите крышку с флакона, открутите и вытащите помпу. 2. Прикрутите рефил до конца. Пополнение прекращается автоматически. 3. Прикрутите помпу обратно на флакон и наденьте крышку",Франция,25
486,2026-10-01T09:32:49.412665,20261001_080712_1756e2c0,19000019541,parfjumerija/nishevaja-parfjumerija,Zielinski & Rozen,"Leather, Sandalwood, Amber",Духи концентрированные,2371.0,2371.0,0.0,1,4.7,https://goldapple.ru/19000019541-leather-sandalwood-amber/,https://goldapple.ru/parfjumerija/nishevaja-parfjumerija?p=25,"Я хочу, чтобы парфюм трогал до глубины души, говорил о личности и отражал ее уникальность. Эрез Розен Замысловатая ольфакторная книга, сюжет которой раскрывается новыми гранями на каждом человеке. Необычные сочетания нот и оригинальное построение аккордов подчеркивают индивидуальность и раскрывают суть ярче любых слов. Все ароматы Zielinski&Rozen категории унисекс.",Наносите парфюм по обе стороны плеч или распылите впереди себя и войдите в «облако» аромата.,Россия,25
487,2026-10-01T09:32:58.665913,20261001_080712_1756e2c0,26800600011,parfjumerija/nishevaja-parfjumerija,Maison Francis Kurkdjian,Oud,Парфюмерный экстракт,39700.0,39700.0,0.0,1,5.0,https://goldapple.ru/26800600011-oud/,https://goldapple.ru/parfjumerija/nishevaja-parfjumerija?p=25,"Парфюмерный экстракт OUD - это ольфакторное сокровище, рожденное песком, ветром и золотом, полное тайн и чувственности. Это чистое воплощение изысканности. Его основные амбровые ноты подчеркнуты мускусным ванильным аккордом, наполненным восхитительно острой гармонией для создания более интенсивной версии аромата. Парфюмерный экстракт OUD от Maison Francis Kurkdjian приглашает вас взглянуть на мир в новом экзотическом свете.","Нанести аромат на запястья, шею и точки пульса.",Франция,25
488,2026-10-01T09:33:10.238991,20261001_080712_1756e2c0,19000334591,parfjumerija/nishevaja-parfjumerija,L'atelier parfum,PEARTOPIA,Парфюмерная вода,3403.0,3403.0,0.0,1,4.5,https://goldapple.ru/19000334591-peartopia/,https://goldapple.ru/parfjumerija/nishevaja-parfjumerija?p=25,"Главный аккорд, вокруг которого строится аромат L'ATELIER PARFUM — мускус, помогающий исследовать бесконечный мир чувственности. Композиция передает ощущение, которое испытываешь, когда наслаждаешься слегка хрустящей грушей: это одновременно и нежность, и свежесть, и утешение. Нота сочной и сладкой груши соединяется с яркой магнолией и обволакивающим белым мускусом. Парфюмер – Sidonie Lancesseur.","Распылите на пульсирующие зоны, такие как запястья, шея, за ушами и внутренняя сторона локтя. Избегайте контакта с одеждой, чтобы сохранить качество аромата.",Франция,25
489,2026-10-01T09:33:24.766151,20261001_080712_1756e2c0,19000127045,parfjumerija/nishevaja-parfjumerija,CHOPARD,1000 Miglia,Туалетная вода,7371.0,7371.0,0.0,1,4.6,https://goldapple.ru/19000127045-1000-miglia/,https://goldapple.ru/parfjumerija/nishevaja-parfjumerija?p=25,"Аромат с уверенным, сильным характером назван в честь долгого партнёрства бренда Chopard с престижными гонками раритетных автомобилей Mille Miglia Storica. Имя парфюмерной композиции также перекликается с названием элитных мужских часов Mille Miglia от Chopard. Знаковый аромат стартует с цветочных нот лаванды и свежести бергамота, усиленной ягодами можжевельника. Парфюмерная гонка набирает скорость – и в лидеры выходят насыщенные зеленые ноты трав, смягченные звучанием фиалки. О захватывающем духе соревнований ретро-автомобилей напоминает оригинальный аккорд кожи и нота асфальта. На пути к финишу раскрывается яркий, пьянящий контраст амбры, древесного аккорда и кофейных зерен. Парфюмеры – Olivier Polge и Bruno Jovanovic.",Только для наружного применения.,Италия,25
490,2026-10-01T09:33:36.704174,20261001_080712_1756e2c0,26143300001,parfjumerija/nishevaja-parfjumerija,FRANCK BOCLET,EROTIC,Духи,18572.0,18572.0,0.0,1,4.7,https://goldapple.ru/26143300001-erotic/,https://goldapple.ru/parfjumerija/nishevaja-parfjumerija?p=25,"Неизбежное плотское желание, воображение рисует фантазии, роскошный и обольстительный поцелуй, интимный и чувственный аромат. Верхние ноты: бергамот, лимон, розмарин, базилик. Ноты сердца: тубероза, лаванда, пачули, кардамон. Базовые ноты: ладан, опопонакс, кедр, сандал, кожа, ваниль, лабданум, кастореум, циветта,мускус, амбра.",Не указано,Франция,25
491,2026-10-01T09:33:48.449848,20261001_080712_1756e2c0,19760303654,parfjumerija/nishevaja-parfjumerija,Maison Francis Kurkdjian,A La Rose,Парфюмерная вода,16300.0,16300.0,0.0,1,4.8,https://goldapple.ru/19760303654-a-la-rose/,https://goldapple.ru/parfjumerija/nishevaja-parfjumerija?p=25,"À la rose – ода женственности, признание в любви, воплощенное в аромате. Легкое чувственное олицетворение великолепного букета из дамасской розы и розы Сентифолии. Они дополняют друг друга, рождая парфюм, невероятно женственный и утонченный и в то же время неукротимый. В каждом флаконе распускается 250 бутонов роз Сентифолии с мягкими чувственными медовыми оттенками и 150 бутонов Дамасской розы с ее грушево-пряным оттенком. Аромат, сочетающий в себе элегантность сияющей женственности и причудливый беззаботный стиль.","Нанести аромат на запястья, шею и точки пульса.",Франция,25
492,2026-10-01T09:34:00.898493,20261001_080712_1756e2c0,19000110367,parfjumerija/nishevaja-parfjumerija,L'atelier parfum,TOBACCO VOLUTE,Парфюмерная вода,3664.0,3664.0,0.0,1,4.7,https://goldapple.ru/19000110367-tobacco-volute/,https://goldapple.ru/parfjumerija/nishevaja-parfjumerija?p=25,"Притягательный аромат L’ATELIER PARFUM окружает завораживающей дымкой с нотами табака, смягченными чувственной, сладкой ванилью и бобами тонка, которые делают композицию сбалансированной и добавляют легкий оттенок миндаля. Парфюмерная вода TOBACCO VOLUTE, напоминающая о моментах, посвященных человеком самому себе, и о маленьких удовольствиях, воплощает аромат деревянной коробки с лучшими сигарами, в которых помимо насыщенных табачных листьев ощущаются медовые ноты, теплый аккорд пшеницы и сена, а также лёгкая сладость. Парфюмер - Alexis Dadier.","Распылите на пульсирующие зоны, такие как запястья, шея, за ушами и внутренняя сторона локтя. Избегайте контакта с одеждой, чтобы сохранить качество аромата.",Франция,25
493,2026-10-01T09:34:11.724539,20261001_080712_1756e2c0,19000322297,parfjumerija/nishevaja-parfjumerija,Zielinski & Rozen,"Apple, Lotus",Нет категории,2590.0,2590.0,0.0,1,4.8,https://goldapple.ru/19000322297-apple-lotus/,https://goldapple.ru/parfjumerija/nishevaja-parfjumerija?p=25,"Эффективно очищает кожу, обогащает её витаминами, нормализует гидробаланс, восстанавливает тонус и жизненные силы. Подходит для ухода за кожей любого типа.","Небольшое количество геля нанести на влажную кожу, вспенить и тщательно смыть водой. Хранить в сухом, защищенном от света и недоступном для детей месте при температуре от +5 °С до +25 °С.",Израиль,25
494,2026-10-01T09:34:23.646949,20261001_080712_1756e2c0,19000418579,parfjumerija/nishevaja-parfjumerija,L'atelier parfum,EXQUISE TENTATION,Нет категории,3744.0,3744.0,0.0,1,4.7,https://goldapple.ru/19000418579-exquise-tentation/,https://goldapple.ru/parfjumerija/nishevaja-parfjumerija?p=25,"Чувственная и притягательная композиция в мисте для волос и тела EXQUISE TENTATION от L’ATELIER PARFUM отражает гурманское настроение. Сердце пленительной ванили окутано пралине, миндалем и неотразимыми пачули. Парфюмер – Dorothee Piot.","Нанесите спрей на кожу с расстояния 20–30 см, уделяя внимание пульсирующим зонам, таким как запястья, шея и внутренняя сторона локтя. Избегайте попадания на лицо, глаза и область подмышек. Повторите нанесение по мере необходимости.",Франция,25
495,2026-10-01T09:34:33.816112,20261001_080712_1756e2c0,19000345275,parfjumerija/nishevaja-parfjumerija,Zielinski & Rozen,Powder,Духи концентрированные,7990.0,7990.0,0.0,1,4.8,https://goldapple.ru/19000345275-powder/,https://goldapple.ru/parfjumerija/nishevaja-parfjumerija?p=25,"Все ароматы созданы только из натуральных ингредиентов, и в каждом их более 30. Долго сохраняется на коже, оставляя легкий шлейф.","Распылять на кожу с расстояния 30 см. Для усиления стойкости аромата наносить на разогретое или влажное тело. Хранить в недоступном для детей месте, вдали от источников тепла, открытого огня и прямых солнечных лучей.",Россия,25
496,2026-10-01T09:34:43.845590,20261001_080712_1756e2c0,19000455286,parfjumerija/nishevaja-parfjumerija,Kilian Paris,Angels share on the rocks,Парфюмерная вода,5964.0,5964.0,0.0,1,4.7,https://goldapple.ru/19000455286-angels-share-on-the-rocks/,https://goldapple.ru/parfjumerija/nishevaja-parfjumerija?p=25,"Совершенный баланс ледяной свежести и соблазнительной насыщенности. Новый способ поддаться искушению. Вдохновлённый наследием Килиана Хеннесси, Angels’ share on the rocks заново переосмысливает изысканность аромата Angels’ share. Эксклюзивный ледяной аккорд On the Rocks, отличительная визитная карточка Kilian Paris, превращает композицию в искрящийся коктейль из бергамота, грейпфрута и альдегидов, даря кристальную прохладу этому роскошному эликсиру. Ослепительная свежесть постепенно раскрывается тёплой глубиной коньячной эссенции, обогащённой смолой мирры и абсолютом бобов тонка, словно морозное сияние встречается с мягким янтарным очарованием.","Нанесите аромат на запястья, шею и точки пульса на очищенную и увлажненную кожу, чтобы он раскрылся от тепла тела и остался с вами до самого вечера. Не растирайте.",Франция,25
497,2026-10-01T09:34:52.991412,20261001_080712_1756e2c0,19000006065,parfjumerija/nishevaja-parfjumerija,Mancera,Royal Vanilla,Парфюмерная вода,12375.0,12375.0,0.0,1,4.8,https://goldapple.ru/19000006065-royal-vanilla/,https://goldapple.ru/parfjumerija/nishevaja-parfjumerija?p=25,"Парфюмерная вода Royal Vanilla посвящена гедонизму эпохи джаза, свойственной этой эпохе жажде жить и наслаждаться жизнью здесь и сейчас. Ваниль окутывает соблазнительной чувственностью, соединяясь с ароматом цветов апельсина, фиалки и розы. Листья ревеня придают свежесть и изысканную утонченность этому нежному ароматному лакомству, сотканному из мягких карамельных оттенков тоффи и листьев пачули. Аромат с особым темпераментом!",Не указано,Франция,25
498,2026-10-01T09:35:03.102678,20261001_080712_1756e2c0,19000052220,parfjumerija/nishevaja-parfjumerija,RicHarD maison de parfum,Green virus,парфюмерная вода,13515.0,13515.0,0.0,1,4.9,https://goldapple.ru/19000052220-green-virus/,https://goldapple.ru/parfjumerija/nishevaja-parfjumerija?p=25,"Удивительный дуэт манго и свежих кофейных зерен создает по-настоящему уникальную композицию.
Аромат с первых нот одурманивает своим зеленым звучанием.
Green virus – это новая жизнь. Не важно, сколько лет пройдёт, но на прожженной земле начнёт расти новая жизнь...","Распылите на пульсирующие зоны: запястья, шею, за ушами и внутреннюю сторону локтя. Избегайте контакта с одеждой. Для повышения стойкости рекомендуем наносить на хорошо увлажненную кожу.",Оаэ,25
499,2026-10-01T09:35:13.726190,20261001_080712_1756e2c0,82081800001,parfjumerija/nishevaja-parfjumerija,MEMO Paris,French Leather,Парфюмерная вода,27967.0,27967.0,0.0,1,4.7,https://goldapple.ru/82081800001-french-leather/,https://goldapple.ru/parfjumerija/nishevaja-parfjumerija?p=25,"Насладитесь очарованием парижской элегантности во всей ее красе c ароматом, который воплощает дух французской изысканности. Чарующее сочетание свежести лимона и чувственности розы окутывает мягким теплом замшевых нот, создавая ощущение роскоши, напоминающее текстуру драгоценной сумочки. Аромат раскрывается яркими нотами ягод можжевельника и розового перца, добавляя легкую пряную нотку, пробуждающую чувства. В сердце раскрывается гармоничное сочетание розы и шалфея, отражающее простую элегантность, характерную для французского стиля. А базовые ноты кедра и замши создают теплое, стойкое послевкусие, напоминающее ощущение тихой прогулки по берегам Сены. Это больше, чем просто парфюм, это чувственное путешествие в очарование и тайну Парижа, оставляющее незабываемый след утонченности и привлекательности.","Распылите на пульсирующие зоны, такие как запястья, шея, за ушами и внутренняя сторона локтя. Избегайте контакта с одеждой, чтобы сохранить качество аромата.",Франция,25
500,2026-10-01T09:35:25.096524,20261001_080712_1756e2c0,19000092355,parfjumerija/nishevaja-parfjumerija,ESSENTIAL PARFUMS PARIS,ORANGE X SANTAL by Natalie Gracia-Cetto,Парфюмированное жидкое мыло для рук и тела,3087.0,3087.0,0.0,1,3.8,https://goldapple.ru/19000092355-orange-x-santal-by-natalie-gracia-cetto/,https://goldapple.ru/parfjumerija/nishevaja-parfjumerija?p=25,"Парфюмированное жидкое мыло ESSENTIAL PARFUMS PARIS мягко очищает руки и кожу тела, оставляя изысканный аромат. Средство с растительным глицерином питает кожу и не вызывает сухости после очищения. Экологичная и мягкая формула, подходящая даже для чувствительной кожи, на 98% состоит из натуральных ингредиентов. Чувственный и яркий аромат объединяет ноты горького апельсина, сандалового дерева, базилика, дубового мха и кипариса.","нанесите на влажную кожу рук, вспеньте, затем смойте водой. Используйте в качестве геля для душа для очищения кожи тела.",Франция,25
501,2026-10-01T09:36:17.349170,20261001_080712_1756e2c0,19000180340,parfjumerija/nishevaja-parfjumerija,Zielinski & Rozen,"Grapefruit, Basil, Petitgrain",Крем для рук,1690.0,1690.0,0.0,1,4.7,https://goldapple.ru/19000180340-grapefruit-basil-petitgrain/,https://goldapple.ru/parfjumerija/nishevaja-parfjumerija?p=26,"Универсальные кремы для рук подходят для использования в любое время года и в любом климате. Благодаря легкой текстуре средство быстро впитывается, а обогащенная натуральными маслами формула надолго оставляет кожу мягкой и нежной. Тюбик удобного travel-формата поместится даже в очень маленькой сумке или кармане.",Выдавите небольшое количество крема на руки и равномерно распределите на коже.,Израиль,26
502,2026-10-01T09:36:29.293420,20261001_080712_1756e2c0,19000439442,parfjumerija/nishevaja-parfjumerija,Neydo,BREATHE OUT 01.02,парфюмерная вода,1980.0,1980.0,0.0,1,5.0,https://goldapple.ru/19000439442-neydo/,https://goldapple.ru/parfjumerija/nishevaja-parfjumerija?p=26,"Аромат Breathe Out 01.02 — это сон Эйдена, в котором стремительный спуск с заснеженной альпийской вершины завершается… в соляной пещере с горячими источниками, где искристый, обжигающе-свежий воздух сменяется теплой волной аромата пряных специй, сандала, мускуса и кашемира. Aiden, 01.02 Я где-то на альпийских вершинах. Адреналин, пульсация в висках всё сильнее: стук — один, два, три, глубокий вдох, и… лечу на сноуборде с горы! Скорость, азарт, морозный воздух и вихрь летящего из-под борда снега, сверкающего на солнце. Но вдруг теряю контроль, кубарем падая вниз. Проходит целая вечность, прежде чем удается затормозить. В глазах яркая белая вспышка и оглушительная тишина кругом; время словно остановилось. В снежной пелене я замечаю тёмное пятно — пещеру. Отстегиваю борд и направляюсь туда. В тусклом свете мерцают белые сталагмиты. Воздух холодный, сухой и солёный. Протягиваю руку, чтобы дотронуться до соляной стены… и проваливаюсь сквозь землю, тёплый пар окутывает меня с ног до головы. А когда туман рассеивается, я понимаю, что оказался в горячем горном источнике с кристально прозрачной водой. Кто-то показался из тени и приближается ко мне. Кажется, я её знаю, но не помню её имени. Она протягивает мне термос с пряным, пахнущим кардамоном напитком. Это то, что мне нужно! Напряжение спало, и я больше не гадаю, где очутился. Просто делаю глоток и выдыхаю.","Распылите на пульсирующие зоны: запястья, шею, за ушами и внутреннюю сторону локтя. Избегайте контакта с одеждой. Для повышения стойкости рекомендуем наносить на хорошо увлажненную кожу.",Франция,26
503,2026-10-01T09:36:38.138514,20261001_080712_1756e2c0,19000159680,parfjumerija/nishevaja-parfjumerija,Xerjoff,Torino22,Нет категории,20663.0,20663.0,0.0,1,4.8,https://goldapple.ru/19000159680-torino22/,https://goldapple.ru/parfjumerija/nishevaja-parfjumerija?p=26,"TORINO22 – бодрящий, наполненный энергией аромат, созданный в честь престижной коллаборации между парфюмерным домом Xerjoff, городом Турин и Ассоциацией теннисистов-профессионалов. TORINO 22 – это собрание ароматных оттенков, которые вы можете ощутить, путешествуя по Турину. Свежесть зелени и тепло древесных нот в пышных парках у реки По. Бодрящие цитрусовые коктейли и пряные оттенки вина Бароло в кафе на Пьяцца Кастелло. И хоть здесь нет знаменитого пьемонтского белого трюфеля, но удовольствие от этого аромата вы получите не меньше.",Нанести на пульсирующие точки.,Италия,26
504,2026-10-01T09:36:50.856825,20261001_080712_1756e2c0,19000084123,parfjumerija/nishevaja-parfjumerija,Zielinski & Rozen,"peach, passion fruit, musk",Нет категории,2390.0,2390.0,0.0,1,4.8,https://goldapple.ru/19000084123-peach-passion-fruit-musk/,https://goldapple.ru/parfjumerija/nishevaja-parfjumerija?p=26,"Эффективно очищает от всех видов загрязнений и подходит для ежедневного использования: средство содержит увлажняющие и смягчающие натуральные масла. Приятный бонус — ароматный шлейф, остающийся на коже несколько часов.","Нажмите на дозатор, вспеньте мыло в руках и затем смойте водой.",Израиль,26
505,2026-10-01T09:37:05.686274,20261001_080712_1756e2c0,83800100001,parfjumerija/nishevaja-parfjumerija,ESSENTIAL PARFUMS PARIS,Orange X Santal,Парфюмерная вода,2466.0,2466.0,0.0,1,4.6,https://goldapple.ru/83800100001-orange-x-santal/,https://goldapple.ru/parfjumerija/nishevaja-parfjumerija?p=26,"Парфюмер – Natalie Gracia Cetto. «Я представила себе свежий и чувственный аромат, в котором искристые и сочные ноты горького апельсина из Италии играют с великолепным, нежным сандалом из Австралии». Orange X Santal – это светлый, радостный и чувственный аромат. Ноты горького апельсина и сандалового дерева, излучающие тепло и свет, переносят вас на побережье Италии. Сочная мякоть цитруса и лёгкая горечь его кожуры создают идеальную гармонию, которую дополняет зеленая нота базилика из Египта. Французский дубовый мох формирует шипровый аккорд, а кипарис из Франции и австралийский сандал закрепляют светлые верхние ноты. Создатели парфюмерной воды ESSENTIAL PARFUMS выбирают натуральные, экологически чистые материалы. Для производства Orange X Santal используется масло сандала, полученное в Западной Австралии. Это позволяет обеспечить постоянный доход для местных общин и стабильные поставки ценного ингредиента. . Обращаем внимание, флакон аромата может отличаться от фото в интернет-магазине. Товар может быть представлен с колпачком или без него.",Не указано,Франция,26
506,2026-10-01T09:37:15.271508,20261001_080712_1756e2c0,26723600004,parfjumerija/nishevaja-parfjumerija,Kilian Paris,Black Phantom,Парфюмерная вода,23530.0,23530.0,0.0,1,4.8,https://goldapple.ru/26723600004-black-phantom/,https://goldapple.ru/parfjumerija/nishevaja-parfjumerija?p=26,"Вечно скитающийся по свету пиратский корабль рассекает темные волны таинственного бурного моря. Black Phantom “Memento Mori” раскрывает свои морские сокровища наблюдателям с тонким обонянием. Аккорд рома из Мартиники, который называют «водой для пиратов», дополнен ароматом крепкого кофе и эссенцией ветивера. Ноты сахарного тростника и гладкого сандалового дерева делают аромат насыщенным и сладким.
Древесная гармония для гурманов.",Не указано,Франция,26
507,2026-10-01T09:37:26.715749,20261001_080712_1756e2c0,26176200001,parfjumerija/nishevaja-parfjumerija,MONTALE,Sensual Instinct,Парфюмерная вода,7455.0,7455.0,0.0,1,4.9,https://goldapple.ru/26176200001-sensual-instinct/,https://goldapple.ru/parfjumerija/nishevaja-parfjumerija?p=26,"Парфюмерная вода Montale Sensual Instinct раскрывается свежестью сочного мандарина, которую оттеняют нотки бергамота, ванили, шафрана и кардамона. В сердце композиции Sensual Instinct слышится бархатистость виски, дополненная чувственностью амбры и легкими цветочными акцентами розы и жасмина. В шлейфе парфюмерной воды от Montale остается загадочность листьев пачули, которая гармонично сочетается со сладостью тирамису, восхитительными оттенками какао, кофе и дубового мха, терпкостью кедра и белого мускуса.",Не указано,Франция,26
508,2026-10-01T09:37:37.031534,20261001_080712_1756e2c0,26772400003,parfjumerija/nishevaja-parfjumerija,Mancera,Cedrat Boise,Парфюмерная вода,14602.0,14602.0,0.0,1,4.6,https://goldapple.ru/26772400003-cedrat-boise/,https://goldapple.ru/parfjumerija/nishevaja-parfjumerija?p=26,"Новый аромат – Cedrat Boise Mancera представляет собой оригинальный взгляд на цитрусовые ноты, возвращение к исконным «гесперидам», славным своей легкостью, стойкостью и обворожительным звучанием. Подлинный гесперид, Cedrat Boise возрождает идею легендарного сада нимф, где растут волшебные плоды, сохраняющие молодость. Именно легенда о гесперидах сподвигла парфюмеров начала века на создание цитрусовых композиций.",Не указано,Франция,26
509,2026-10-01T09:37:46.496808,20261001_080712_1756e2c0,19760332194,parfjumerija/nishevaja-parfjumerija,Vilhelm Parfumerie,POETS OF BERLIN,парфюмерная вода,9350.0,9350.0,0.0,1,4.9,https://goldapple.ru/19760332194-poets-of-berlin/,https://goldapple.ru/parfjumerija/nishevaja-parfjumerija?p=26,"Poets Of Berlin вдохновлен поэзией Дэвида Боуи и посвящен самому плодотворному периоду его творчества , который пришелся на годы его жизни в Берлине. Именно здесь Дэвид создал новую гармонию музыкального искусства. Его дни проходили в тихих, увитых плющом кафе, а ночи в утопающих в табачном дыму барах, среди гениальных и безумных поэтов и музыкантов.",Не указано,Франция,26
510,2026-10-01T09:37:56.855507,20261001_080712_1756e2c0,19000447220,parfjumerija/nishevaja-parfjumerija,ESSENTIAL PARFUMS PARIS,NICE BERGAMOTE by Antoine Maisondieu,Парфюмированный мист для волос и тела,4626.0,4626.0,0.0,1,4.6,https://goldapple.ru/19000447220-nice-bergamote-by-antoine-maisondieu/,https://goldapple.ru/parfjumerija/nishevaja-parfjumerija?p=26,"Парфюмированный мист ESSENTIAL PARFUMS PARIS освежает и питает кожу тела и волосы, оставляя легкий и игривый аромат. Он окутывает нотами бергамота, жасмина, иланг-иланга и лепестков розы, а изысканный кедр и сладость бобов тонка дополняют яркую композицию. Не содержит спирта.","Перед использованием встряхнуть. Распылить мист на кожу и волосы на расстоянии 20 см, избегая попадания в глаза.",Франция,26
511,2026-10-01T09:38:05.587338,20261001_080712_1756e2c0,83670200007,parfjumerija/nishevaja-parfjumerija,State Of Mind,Secret of success,Набор для путешествий,13340.0,13340.0,0.0,1,4.8,https://goldapple.ru/83670200007-secret-of-success/,https://goldapple.ru/parfjumerija/nishevaja-parfjumerija?p=26,"В состав набора входит парфюмерная вода 20 мл в футляре + рефилл 20 мл. Фруктовый аромат Secret of Success воплощает дух личных достижений, успех и достоинство. Он играет одновременно на тёплых нотах корицы и кардамона и на холодной, свежей ноте грейпфрута. Secret of Success дерзко противопоставляет чувственность иланг-иланга и мужественность розмарина и уда, но при этом остаётся гармоничным. Смелый аромат способен привлечь в жизнь удачу, ведь судьба благоволит храбрым. Верхние ноты: чай сенча, грейпфрут, корица Ноты сердца: иланг-иланг, розмарин Базовые ноты: уд, ваниль, кардамон",Не указано,Франция,26
512,2026-10-01T09:38:16.473352,20261001_080712_1756e2c0,19000125958,parfjumerija/nishevaja-parfjumerija,State Of Mind,Spontaneous Generosity,Парфюмерная вода,4320.0,4320.0,0.0,1,4.5,https://goldapple.ru/19000125958-spontaneous-generosity/,https://goldapple.ru/parfjumerija/nishevaja-parfjumerija?p=26,"Обволакивающий Spontaneous Generosity отражает скромность и поиск истинного счастья, светлого, словно встреча с ангелом-хранителем. В звучании этого восточного гурманского аромата слышны роза, инжир, чёрный чай ассам, бензоин, перуанский бальзам и сандал. Ярко выделяются кумарин, бобы тонка и карамель. Мягкий аромат напоминает об удовольствии спонтанной щедрости.",Только для наружного применения.,Франция,26
513,2026-10-01T09:38:25.462275,20261001_080712_1756e2c0,26291300005,parfjumerija/nishevaja-parfjumerija,HFC,DEVIL'S INTRIGUE,Нет категории,31500.0,31500.0,0.0,1,4.7,https://goldapple.ru/26291300005-devil-s-intrigue/,https://goldapple.ru/parfjumerija/nishevaja-parfjumerija?p=26,"Настроение аромата - Соблазнительный, чувственный, притягательный ВДОХНОВЕНИЕ АРОМАТА - Чувственная грань между правдой и ложью приведет вас на вершину искушающего выбора. Это ложь, но в тоже время нет. Это правда, но в тоже время и нет. Отдайтесь наслаждению, погрузившись в эту бездну. А дьявольская интрига скроет вас от глаз посторонних. Вас окутывает сон, сотканный из рисового молока, мягкого, словно кашемир. Цветы апельсина и сандал сливаются в опьяняющем напитке из амбры и ванили.",Для наружного применения,Франция,26
514,2026-10-01T09:38:35.645702,20261001_080712_1756e2c0,19000307107,parfjumerija/nishevaja-parfjumerija,RICHARD DEBOR,HONEY HYPE,Нет категории,16575.0,16575.0,0.0,1,4.9,https://goldapple.ru/19000307107-honey-hype/,https://goldapple.ru/parfjumerija/nishevaja-parfjumerija?p=26,"День 1. Всё только начинается. «Эй, дорогая, давай веселиться!» Лето. Пляж. Жаркий вечер. Тебе хочется веселья! Сегодня нет запретов, и вечеринка только начинается! Сейчас ты расслаблена и не думаешь ни о чем, только хочешь, чтобы этот вечер не заканчивался. Несколько коктейлей, громкая музыка, и никому не уснуть до утра! Встреча взглядов…","Распылите на пульсирующие зоны: запястья, шею, за ушами и внутреннюю сторону локтя. Избегайте контакта с одеждой. Для повышения стойкости рекомендуем наносить на хорошо увлажненную кожу.",Оаэ,26
515,2026-10-01T09:38:45.129235,20261001_080712_1756e2c0,19000402030,parfjumerija/nishevaja-parfjumerija,RicHarD maison de parfum,Coca chocola,Парфюмерная вода,3442.0,3442.0,0.0,1,4.8,https://goldapple.ru/19000402030-coca-chocola/,https://goldapple.ru/parfjumerija/nishevaja-parfjumerija?p=26,"Coca Chocola - это олицетворение загадочности и запретного влечения. Словно тайный сад, полный запретных плодов, где каждый шаг обещает открытие и каждый вздох скрывает историю. Зависимость и восхищение в одном флаконе.","Распылите на пульсирующие зоны: запястья, шею, за ушами и внутреннюю сторону локтя. Избегайте контакта с одеждой. Для повышения стойкости рекомендуем наносить на хорошо увлажненную кожу.",Оаэ,26
516,2026-10-01T09:38:54.557082,20261001_080712_1756e2c0,26732800001,parfjumerija/nishevaja-parfjumerija,Byredo,Super Cedar,Парфюмерная вода,20295.0,20295.0,0.0,1,4.8,https://goldapple.ru/26732800001-super-cedar/,https://goldapple.ru/parfjumerija/nishevaja-parfjumerija?p=26,"«Кедр – один из тех компонентов, которые я считаю очень скандинавскими. Он холодный, чистый, сдержанный, кажется, ничто не способно поколебать его внутреннее спокойствие! 
Но как же это скучно! И я решил его взбудоражить, придать ему яркости и энергии страсти. 
Мне нужен был кедр, но с темпераментом восточной части моей души. Такой, который сводит с ума, заставляет о себе мечтать, который смог бы растопить скандинавский лед. Мне нужен был кедр со сверхспособностями, про который каждый скажет: «СУПЕР!». Композиция: цветочные лепестки, кедр из вирджинии, шелковые мускусы, гаитянский ветивер.",Не указано,Франция,26
517,2026-10-01T09:39:03.778164,20261001_080712_1756e2c0,19000125196,parfjumerija/nishevaja-parfjumerija,Mancera,French Riviera,Парфюмерная вода,11302.0,11302.0,0.0,1,4.7,https://goldapple.ru/19000125196-french-riviera/,https://goldapple.ru/parfjumerija/nishevaja-parfjumerija?p=26,"Свежий воздух, пропитанный оттенками йода, окутывает склоны гор Эстерель и медленно опускается на залитое солнцем побережье Средиземного моря. Французская Ривьера – это приглашение к «праздности», когда время словно останавливается, и вас наполняет ощущение беззаботности и расслабленности. Пьер Монталь хотел передать в аромате свою влюбленность в этот участок земли, расположенный между морем и горами. Это ароматное воплощение радостных моментов жизни и воспоминаний об отпуске. Ароматные воспоминания об отдыхе на Лазурном берегу Франции. Атмосфера цитрусовых рощ Французской Ривьеры, где вы ощущаете прикосновение теплого воздуха, согретого солнцем, вдыхаете аромат свежего морского бриза, лимонных и апельсиновых деревьев.","Парфюмерную воду следует наносить с расстояния 10-15 см на тепловые точки: под коленями, область живота, запястья, сгибы локтей, район солнечного сплетения, точки за ушами, основание шеи со стороны спины, затылок. Как правило, на одну точку достаточно один раз нажать на спрей. Растирать парфюмерную воду не рекомендуется, так как это может нарушить правильный процесс раскрытия композиции. Для повышения стойкости рекомендуем наносить на хорошо увлажненную кожу, комбинируя с кремом, молочком или маслом для тела.",Франция,26
518,2026-10-01T09:39:13.334085,20261001_080712_1756e2c0,90151200012,parfjumerija/nishevaja-parfjumerija,Zielinski & Rozen,"Cedarwood, Patchouli, Jasmine",Духи концентрированные,7990.0,7990.0,0.0,1,4.8,https://goldapple.ru/90151200012-717/,https://goldapple.ru/parfjumerija/nishevaja-parfjumerija?p=26,"Я хочу, чтобы парфюм трогал до глубины души, говорил о личности и отражал ее уникальность. Эрез Розен Замысловатая ольфакторная книга, сюжет которой раскрывается новыми гранями на каждом человеке. Необычные сочетания нот и оригинальное построение аккордов подчеркивают индивидуальность и раскрывают суть ярче любых слов. Все ароматы Zielinski&Rozen категории унисекс. Ароматы продукции Zielinski&Rozen изменили свое наименование без изменения состава.",Наносите парфюм по обе стороны плеч или распылите впереди себя и войдите в «облако» аромата.,Россия,26
519,2026-10-01T09:39:23.391614,20261001_080712_1756e2c0,19000259599,parfjumerija/nishevaja-parfjumerija,Zielinski & Rozen,"Neroli, Patchouli, Honey, Amber",Твердое мыло,890.0,890.0,0.0,1,4.8,https://goldapple.ru/19000259599-neroli-patchouli-honey-amber/,https://goldapple.ru/parfjumerija/nishevaja-parfjumerija?p=26,"Мягко и эффективно очищает кожу от жира и других видов загрязнений. Подходит для ежедневного умывания, мытья рук и тела.",Вспенить мыло в руках. Тщательно смыть теплой водой. Хранить в сухом месте при комнатной температуре.,Россия,26
520,2026-10-01T09:39:33.271165,20261001_080712_1756e2c0,26774300002,parfjumerija/nishevaja-parfjumerija,Mancera,SICILY,Парфюмерная вода,9570.0,9570.0,0.0,1,4.6,https://goldapple.ru/26774300002-sicily/,https://goldapple.ru/parfjumerija/nishevaja-parfjumerija?p=26,"Яркий искрящийся грейпфрут, мандарин и бергамот из Сицилии превосходно сочетается с сочным зелёным яблоком, нежным белым персиком и лакомым ананасом. Чувственный жасмин и роскошная роза дополняют букет молочного иланг-иланга и акватической фиалки в плавно переходящее звучание майсурского сандала, величественного кедра и нежное прикосновение белого мускуса.",Не указано,Франция,26
521,2026-10-01T09:40:07.650070,20261001_080712_1756e2c0,19000228197,parfjumerija/nishevaja-parfjumerija,Kilian Paris,Apple Brandy on the Rocks,Парфюмерная вода,6390.0,6390.0,0.0,1,4.7,https://goldapple.ru/19000228197-apple-brandy/,https://goldapple.ru/parfjumerija/nishevaja-parfjumerija?p=27,"Источник вдохновения Килиана Хеннесси. KILIAN PARIS, черпая вдохновение в атмосфере Нью-Йорка, представляет свое новое дополнение к коллекции ароматов The Liquors — Apple Brandy – On the Rocks, незаменимый элемент предстоящих вечеринок. Apple Brandy, New York изначально был создан совместно с парфюмером Сидони Лансессер 8 лет тому назад по случаю открытия флагманского бутика KILIAN PARIS в Нью-Йорке. Аромат. Легендарный аромат вернулся, сохранив в себе оригинальную эссенцию яблочного дистиллята, дополненную на этот раз уникальным штрихом в виде фирменного аккорда «on the rocks» парфюмерного дома KILIAN PARIS, порождающего чувство леденящего наслаждения. Яркий и волнующий аккорд из смеси бергамота, ананаса и кардамона освежает оригинальный вариант, привнося в него новое современное звучание. Ноты аромата: бергамот, ананас, кардамон. Парфюмер: Сидони Лансессер.","Нанесите аромат на запястья, шею и точки пульса на очищенную и увлажненную кожу, чтобы он раскрылся от тепла тела и остался с вами до самого вечера. Не растирайте.",Франция,27
522,2026-10-01T09:40:17.057311,20261001_080712_1756e2c0,19000420872,parfjumerija/nishevaja-parfjumerija,Liquides Imaginaires,BERGAMOT BROTHER,Парфюмерная вода,18720.0,18720.0,0.0,1,4.8,https://goldapple.ru/19000420872-bergamot-brother/,https://goldapple.ru/parfjumerija/nishevaja-parfjumerija?p=27,"Элегантный и пряный аромат BERGAMOT BROTHER — новое представление о ключевой ноте бергамота. Она дополнена цитрусами, ангеликой, кардамоном, имбирем, корицей, цветами апельсина, белым перцем, сафраналем, аккордом сухофруктов, акигалавудом, кедром, бензоином, нотой Cosmone, амброй и аккордом кожи. Liquides Imaginaires расширяет границы классических цитрусовых композиций для ольфакторных открытий. Уникальная интерпретация, которая сочетает элементы природы и воображения, предлагает выйти за рамки привычного. При разработке ароматов креативный директор бренда Филипп ди Мео сотрудничал с 7 студентами парфюмерной школы Givaudan, отобранных со всего мира. Композиции, созданные на ингредиентах премиум-класса из итальянского региона Калабрии, отражают исключительное качество цитрусов. Дополнительная технология Carto от Givaudan, основанная на искусственном интеллекте, позволила создать новые сочетания ароматов с высокой точностью. Это сочетание молодых талантов, исключительных ингредиентов и передовых технологий демонстрирует цитрусовые композиции в новом свете и придает им смелый современный характер.",Только для наружного применения.,Италия,27
523,2026-10-01T09:40:26.987326,20261001_080712_1756e2c0,19000224421,parfjumerija/nishevaja-parfjumerija,Vilhelm Parfumerie,Sparkling Jo,Нет категории,14437.0,14437.0,0.0,1,4.6,https://goldapple.ru/19000224421-sparkling-jo/,https://goldapple.ru/parfjumerija/nishevaja-parfjumerija?p=27,"Любителям ночного Парижа посвящается! Sparkling Jo — мягкий, как прикосновение боа из перьев к нежной шее, и игристый, как шампанское в бокале.  Это дерзкое приглашение к празднику, яркие огни бесконечной ночной вечеринки, где полноправно царит беззаботное веселье. Всю ночь и весь день напролет аромат Sparkling Jo будет задавать ритм вашим эмоциям и желаниям.  И каждая следующая ночь будет лучше предыдущей. 
Мастеру-парфюмеру Бертрану Дюшофуру удалось создать формулу безудержного веселья, поместив его в красивый флакон в виде этого сверкающий парфюма с оттенками груши.  В нем воспевается жизнелюбие самой американской из всех парижанок — знаменитой Жозефины Бейкер.",Нанести на пульсирующие точки,Франция,27
524,2026-10-01T09:40:36.023811,20261001_080712_1756e2c0,19760302811,parfjumerija/nishevaja-parfjumerija,Liquides Imaginaires,DOM ROSA,Нет категории,16870.0,16870.0,0.0,1,4.6,https://goldapple.ru/19760302811-dom-rosa/,https://goldapple.ru/parfjumerija/nishevaja-parfjumerija?p=27,"Романтичный аромат Liquides Imaginaires – это пьянящее, праздничное удовольствие, освежающий глоток розового шампанского. Искрящиеся, словно шипящие пузырьки, верхние ноты фруктов уступают пленительному очарованию розы, окутанной лёгкой дымкой ладана. Этот цветок, принесенный в жертву ради векового ритуала виноделов и создания прекрасного вина, превращает аромат в символ страсти, жертвы во имя любви. Базовые древесные ноты делают композицию волнующей и контрастной. Ключевые ноты: шампанское, грейпфрут, роза, древесный аккорд.","Распылите на пульсирующие зоны: запястья, шею, за ушами и внутреннюю сторону локтя. Избегайте контакта с одеждой. Для повышения стойкости рекомендуем наносить на хорошо увлажненную кожу.",Италия,27
525,2026-10-01T09:40:45.134843,20261001_080712_1756e2c0,19000041539,parfjumerija/nishevaja-parfjumerija,Acqua di Parma,COLONIA C.L.U.B.,Одеколон,12810.0,12810.0,0.0,1,4.7,https://goldapple.ru/19000041539-colonia-c-l-u-b/,https://goldapple.ru/parfjumerija/nishevaja-parfjumerija?p=27,"Легкий, современный и лучезарный. Одеколон Colonia C.L.U.B., энергичный аромат, претворяющий в жизнь яркие моменты, которые остаются в памяти, потому что вы разделяете их вместе с теми, кто вам близок. Захватывающий с головой яркий одеколон, Colonia C.L.U.B. облачает неуемное чувство легкости во флакон. Бергамот и лимон привносят оживленность в верхние ноты одеколона, в то время как розовый и черный перец дают искристый импульс сердечным нотам периллы и розмарина. Согревающие базовые ноты кедра и мускуса олицетворяют блаженство от встреч и воспоминаний в кругу друзей. Аромат о вашей жизни, вашем круге общения, о людях, с которыми вы нераздельно связаны на протяжение жизни, о тех, кто наполняет вас силой. Ода уверенности в каждом аспекте вашей уникальности, когда вы чувствуете себя на своем месте. Одеколон Colonia C.L.U.B. - ваш. Colonia C.L.U.B. представлен в иконическом флаконе Acqua di Parma. Герб и лейбл подчеркивают вековую историю Дома.",Не указано,Италия,27
526,2026-10-01T09:40:55.778253,20261001_080712_1756e2c0,26166700003,parfjumerija/nishevaja-parfjumerija,MONTALE,Dark Purple,Парфюмерная вода,9156.0,9156.0,0.0,1,4.8,https://goldapple.ru/26166700003-dark-purple/,https://goldapple.ru/parfjumerija/nishevaja-parfjumerija?p=27,"Аромат королевского пурпура, в аромате Dark  Purple, в качестве главного ингредиента Пьер  Монталь, неожиданно, выбрал сочную сливу  особого, редкого сорта - самую темную из всех  существующих на земле. Ее сладость парфюмер  оттенил яркой нотой апельсина и  сексуальностью белого мускуса.",Не указано,Франция,27
527,2026-10-01T09:41:06.469879,20261001_080712_1756e2c0,19000323018,parfjumerija/nishevaja-parfjumerija,Mancera,Amberful,Парфюмерная вода,12375.0,12375.0,0.0,1,4.7,https://goldapple.ru/19000323018-amberful/,https://goldapple.ru/parfjumerija/nishevaja-parfjumerija?p=27,"Этот аромат – словно сочетание четырёх стихий: моря, огня, земли и ветра. Зарождаясь в море, амбра приобретает минеральный оттенок; выброшенная на солнце, она становится огненно-пряной; на берегу – древесно-землистой. Амбра непредсказуема – тёплая, свежая, пряная, в слиянии с запахом тела она создаёт завораживающую ауру, привлекательную для окружающих.",Нанести на пульсирующие точки.,Франция,27
528,2026-10-01T09:41:16.374326,20261001_080712_1756e2c0,90151100008,parfjumerija/nishevaja-parfjumerija,Zielinski & Rozen,Orange & Jasmine,Мыло твердое,890.0,890.0,0.0,1,4.8,https://goldapple.ru/90151100008-orange-jasmine-vanilla/,https://goldapple.ru/parfjumerija/nishevaja-parfjumerija?p=27,"Твердое мыло никогда не выйдет из моды, ведь тактильные ощущения — самое приятное, что можно испытывать. А положив кусочек мыла в гардероб одежда будет всегда пропитана любимым ароматом. Мыло имеет уникальную базу, создающую ощущение крема. От него не остаются мыльные следы на раковине или мыльнице. В составе только натуральные ингредиенты. Твердое мыло мягко и эффективно очищает кожу от жира и других видов загрязнений. Гигиеническое мыло Zielinski&Rozen подходит для ежедневного умывания лица, мытья рук и тела.",Вспенить мыло в руках. Тщательно смыть теплой водой,Россия,27
529,2026-10-01T09:41:25.664375,20261001_080712_1756e2c0,19000126964,parfjumerija/nishevaja-parfjumerija,Initio Parfums Prives,PARAGON,Духи,45900.0,45900.0,0.0,1,4.9,https://goldapple.ru/19000126964-paragon/,https://goldapple.ru/parfjumerija/nishevaja-parfjumerija?p=27,"Третий аромат в коллекции Hedonist открывает совершенно новый уровень и показывает особое видение. Напитываясь силой священных лесов и растений, PARAGON проходит свой путь свершений. В аромате PARAGON воплотилась истинная природа Пало Санто и белого шалфея. Уникальный аромат «священного дерева» Пало Санто, мастерски смешанный с белым шалфеем и агаровым деревом, стимулирует мозг и вызывает положительные эмоции.",Нанесите на кожу .,Франция,27
530,2026-10-01T09:41:35.839929,20261001_080712_1756e2c0,19000021495,parfjumerija/nishevaja-parfjumerija,Zielinski & Rozen,"Tobacco, Vetiver & Amber",Гель для душа,2590.0,2590.0,0.0,1,4.7,https://goldapple.ru/19000021495-tobacco-vetiver-amber/,https://goldapple.ru/parfjumerija/nishevaja-parfjumerija?p=27,"Уход, ароматерапия и признание в любви в одном флаконе. Бодрящий аромат способствует пробуждению, натуральные масла увлажняют кожу и питают, а мягкая пена позволяет по-настоящему насладиться редкими минутами наедине с собой.","Нанесите небольшое количество геля на влажную кожу, вспеньте руками или с помощью мочалки, а затем смойте.",Израиль,27
531,2026-10-01T09:41:44.597750,20261001_080712_1756e2c0,19760331237,parfjumerija/nishevaja-parfjumerija,Zielinski & Rozen,"Tobacco, Vetiver & Amber",Духи концентрированные,7990.0,7990.0,0.0,1,4.8,https://goldapple.ru/19760331237-tobacco-vetiver-amber/,https://goldapple.ru/parfjumerija/nishevaja-parfjumerija?p=27,"Я хочу, чтобы парфюм трогал до глубины души, говорил о личности и отражал ее уникальность. Эрез Розен Замысловатая ольфакторная книга, сюжет которой раскрывается новыми гранями на каждом человеке. Необычные сочетания нот и оригинальное построение аккордов подчеркивают индивидуальность и раскрывают суть ярче любых слов. Все ароматы Zielinski&Rozen категории унисекс.",Наносите парфюм по обе стороны плеч или распылите впереди себя и войдите в «облако» аромата.,Россия,27
532,2026-10-01T09:41:54.882404,20261001_080712_1756e2c0,82081300003,parfjumerija/nishevaja-parfjumerija,MEMO Paris,Irish Leather,Парфюмерная вода,27967.0,27967.0,0.0,1,4.8,https://goldapple.ru/82081300003-irish-leather/,https://goldapple.ru/parfjumerija/nishevaja-parfjumerija?p=27,"Ощутите необузданный дух ирландской природы с парфюмерной водой Irish Leather Eau de Parfum от Memo Paris. Аромат, в котором оживает свежесть утренней прогулки верхом по изумрудным просторам. Композиция открывается яркими нотами ягод можжевельника и розового перца, передающими бодрящую прохладу рассвета. В сердце аромата раскрывается гармоничное сочетание абсолюта зелёного мате и корня ириса, придающее глубину и землистую утончённость. Финал звучит насыщенным аккордом кожи, берёзы и амбры, напоминая о тёплых, давно ношеных седлах и природном очаровании открытых пространств. Парфюм Irish Leather — больше, чем аромат; это ольфакторное путешествие в самое сердце дикой красоты Ирландии.","Распылите на пульсирующие зоны, такие как запястья, шея, за ушами и внутренняя сторона локтя. Избегайте контакта с одеждой, чтобы сохранить качество аромата.",Франция,27
533,2026-10-01T09:42:03.607184,20261001_080712_1756e2c0,26165800001,parfjumerija/nishevaja-parfjumerija,MONTALE,Aoud Forest,Нет категории,7455.0,7455.0,0.0,1,4.9,https://goldapple.ru/26165800001-aoud-forest/,https://goldapple.ru/parfjumerija/nishevaja-parfjumerija?p=27,"Удовый лес- это чистота и свежесть влажного лесного воздуха,  теплого после прошедшего дождя. Это атмосфера «бархатного»  сезона на морском побережье, когда в маленькие курортные городки  приходит осень, принося с собой приятную, легкую грусть и ощущение  абсолютного, нереального спокойствия. С Aoud Forest время  замедляет свой ход, течет плавно и неторопливо, убаюкивая и  погружая в полусонную дрему, навевая воспоминания о неспешном  ритме прошлых эпох…",Не указано,Франция,27
534,2026-10-01T09:42:13.388525,20261001_080712_1756e2c0,26422300004,parfjumerija/nishevaja-parfjumerija,Acqua di Parma,MAGNOLIA NOBILE,Нет категории,18300.0,18300.0,0.0,1,4.9,https://goldapple.ru/26422300004-magnolia-nobile/,https://goldapple.ru/parfjumerija/nishevaja-parfjumerija?p=27,"Аромат, выражающий абсолютную женственность. Композиция из очаровывающих аккордов, которые раскрываются кристальными нотами бергамота и цитрона, чтобы слиться в богатый букет цветов, где магнолия выступает как неоспоримая королева наряду с жасмином и туберозой. Элегантная база аромата насыщена нотами сандалового, пачули и ветивера.",Не указано,Италия,27
535,2026-10-01T09:42:22.435210,20261001_080712_1756e2c0,26164900003,parfjumerija/nishevaja-parfjumerija,MONTALE,Intense Cafe,Парфюмерная вода,8109.0,8109.0,0.0,1,4.7,https://goldapple.ru/26164900003-intense-cafe/,https://goldapple.ru/parfjumerija/nishevaja-parfjumerija?p=27,"Крепкий кофе. С первого аккорда мы окунаемся в предрассветную дымку  над Сеной. Маленькое парижское кафе, запах аппетитных  круассанов и аромат свежего кофе. Intense Cafe подобно  одноименному напитку заряжает хорошим настроением и  положительными эмоциями. Ноты: кофе, цветочный аккорд, роза, мускус, ваниль, амбра.",Не указано,Франция,27
536,2026-10-01T09:42:30.714482,20261001_080712_1756e2c0,83710200006,parfjumerija/nishevaja-parfjumerija,Parle Moi De Parfum,ORRIS TATTOO/29,Парфюмерная вода,10285.0,10285.0,0.0,1,4.8,https://goldapple.ru/83710200006-orris-tattoo-29/,https://goldapple.ru/parfjumerija/nishevaja-parfjumerija?p=27,"Orris Tattoo — оригинальный, глубокий по звучанию восточно-цветочный унисекс-парфюм, выпущенный в 2018 году французским нишевым парфюмерным брендом Parle Moi De Parfum. Ароматическая композиция возвращает к основам классической парфюмерии, отдавая дань одному из его редчайших натуральных парфюмерных ингредиентов — корню ириса. Флористы любят эти растения за их великолепные цветы, а парфюмеры ценят корень ириса, который растет глубоко под землей в течение трех лет, прежде чем извлекается из земли и сушится еще три года. Затем он измельчается и превращается в масло корня ириса, возможно, одно из самых дорогих масел в парфюмерии. Созданный парфюмером Мишель Альмайрак аромат Orris Tattoo — это постоянное ароматическое напоминание, универсальный символ, уникальное самовыражение, такое как невидимая татуировка, которая выдерживает испытание временем. Парфюм дарит уникальный глубокий аромат, в котором характерный для корня ириса запах фиалки сочетается с древесно-землистыми нюансами, создавая характерный сладковато-пудровый аромат — тонкий, нежный и невероятно самобытный.",Не указано,Франция,27
537,2026-10-01T09:42:40.227982,20261001_080712_1756e2c0,19760305904,parfjumerija/nishevaja-parfjumerija,Vilhelm Parfumerie,STOCKHOLM 1978,Парфюмерная вода,16362.0,16362.0,0.0,1,4.8,https://goldapple.ru/19760305904-stockholm-1978/,https://goldapple.ru/parfjumerija/nishevaja-parfjumerija?p=27,"Стокгольм - столица Швеции, 1978 - год, когда я родился. Этот аромат - мое личное высказывание, композиция, которую я создал для себя. То самое  лето в том самом городе: место и время встреч. Одновременно безмятежный  и опьяняющий. Аромат летнего Стокгольма",Не указано,Франция,27
538,2026-10-01T09:42:50.766304,20261001_080712_1756e2c0,19000028983,parfjumerija/nishevaja-parfjumerija,Mancera,Fig Extasy,Парфюмерная вода,11302.0,11302.0,0.0,1,4.8,https://goldapple.ru/19000028983-fig-extasy/,https://goldapple.ru/parfjumerija/nishevaja-parfjumerija?p=27,"Fig Extasy - это закат в инжирном саду, наполненном ароматами коры инжирного дерева, зеленых листьев и спелых плодов, согретых лучами заходящего солнца. Аромат Fig Extasy - это воспоминание Амели Мансеры об отдыхе в Сен-Тропе, о ее первой влюбленности, о первом свидании в этом саду и о первом поцелуе под кроной огромного инжирного дерева. Амели вспоминает, что инжирное дерево было настолько пышным, что раскидистые ветви доставали практически до земли, скрывая, слово под куполом, парочку уединившихся под деревом влюбленных. Амели говорит, что однажды её возлюбленный вырезал на коре инжирного дерева их инициалы, и до сих пор, когда она приезжает в отцовский дом в Сен-Тропе, она порой заглядывает под крону этого инжирного дерева, проводит рукой по инициалам и вспоминает о первой любви.","Парфюмерную воду следует наносить с расстояния 10-15 см. на тепловые точки: под коленями, область живота, запястья, сгибы локтей, район солнечного сплетения, точки за ушами, основание шеи со стороны спины, затылок. Как правило на одну точку достаточно один раз нажать на спрей. Растирать парфюмерную воду не рекомендуется, так как это может нарушить правильный процесс раскрытия композиции. Для повышения стойкости рекомендуем наносить на хорошо увлажненную кожу, комбинируя с кремом, молочком или маслом для тела.",Франция,27
539,2026-10-01T09:43:00.341205,20261001_080712_1756e2c0,19000398339,parfjumerija/nishevaja-parfjumerija,Zielinski & Rozen,"Black Pepper, Vetiver, Neroli, Amber",Дезодорант–антиперспирант шариковый для тела,2690.0,2690.0,0.0,1,4.6,https://goldapple.ru/19000398339-black-pepper-vetiver-neroli-amber/,https://goldapple.ru/parfjumerija/nishevaja-parfjumerija?p=27,"Обеспечивает свежесть и защиту от пота на 24 часа, без ощущения липкости и следов на одежде, подходит для всех типов кожи.","Для ежедневного применения. Наносите на чистую, сухую и неповрежденную кожу.",Италия,27
540,2026-10-01T09:43:17.250394,20261001_080712_1756e2c0,19760336396,parfjumerija/nishevaja-parfjumerija,Mancera,JUICY FLOWERS,Парфюмерная вода,11302.0,11302.0,0.0,1,4.7,https://goldapple.ru/19760336396-juicy-flowers/,https://goldapple.ru/parfjumerija/nishevaja-parfjumerija?p=27,"Сочный, сладостный и дерзкий аромат Juicy Flowers наполнен деликатными оттенками спелых фруктов, которые переплетаются с нежной розой, соблазнительным жасмином и таинственным сандалом, превращаясь в чувственный ароматный нектар.",Не указано,Франция,27
541,2026-10-01T09:44:07.181214,20261001_080712_1756e2c0,26164900002,parfjumerija/nishevaja-parfjumerija,MONTALE,Red Vetyver,Парфюмерная вода,11118.0,11118.0,0.0,1,4.9,https://goldapple.ru/26164900002-red-vetyver/,https://goldapple.ru/parfjumerija/nishevaja-parfjumerija?p=28,"Первобытно-чувственный эпицентр страстей. Он пленяет и гипнотизирует, подобно огню. Шаманский аромат ветивера усиливает чувства, заставляя кровь бежать быстрей и учащённо биться сердце. Верхние ноты: ветивер, пачули, белый кедр. Ноты сердца: перуанский бальзам, перец. Базовые ноты: грейпфрут.",Не указано,Франция,28
542,2026-10-01T09:44:16.925014,20261001_080712_1756e2c0,19000242056,parfjumerija/nishevaja-parfjumerija,Xerjoff,Erba Gold,Парфюмерная вода,18232.0,18232.0,0.0,1,4.8,https://goldapple.ru/19000242056-erba-gold/,https://goldapple.ru/parfjumerija/nishevaja-parfjumerija?p=28,"Xerjoff с гордостью представляет пленительный аромат Erba Gold, композиция которого построена вокруг знаменитых молекул Erba Pura. С новым ярким оформлением флакона и тем же изысканным содержанием, но с более пряным роскошным оттенком. Erba Gold чарует цитрусовыми нотами лимона из Амальфи напоминающим брызги теплых волн разбивающихся о камни Итальянской Ривьеры бразильского апельсина и имбиря. Пряное сердце из мадагаскарской корицы и кардамона из Гватемалы и переходит в соблазнительно теплую базу из белого мускуса, амбры и ванили. Роскошный соблазн Амальфитанского побережья. Erba Gold представлен с уникальным шелковым шейным платком, разработанным Xerjoff и произведенным знаменитыми производителями шелка на озере Комо.",Нанести на пульсирующие точки.,Италия,28
543,2026-10-01T09:44:27.512441,20261001_080712_1756e2c0,83460100005,parfjumerija/nishevaja-parfjumerija,Filippo Sorcinelli,Opus_1144,Нет категории,23655.0,23655.0,0.0,1,4.9,https://goldapple.ru/83460100005-opus-1144/,https://goldapple.ru/parfjumerija/nishevaja-parfjumerija?p=28,"Opus_1144 – это начало, дебют, зацементированная энергия, излучающая бесконечность по всему свету. Этот аромат похож на древний камень, украшенный царапинами – такая серая аллегория идеально выражает тревожное обаяние Готики. Декадентский, чувственный, бесконечно утонченный и экстравагантный одновременно, Opus_1144 берет за основу классику французской парфюмерии – «восточные» ароматы начала ХХ века с нотами амбры и цитрусовых – и добавляет в них современные гурманские нюансы.",Не указано,Италия,28
544,2026-10-01T09:44:36.396015,20261001_080712_1756e2c0,19000181046,parfjumerija/nishevaja-parfjumerija,L'Artisan Parfumeur,Fables D'Orient,Нет категории,21885.0,21885.0,0.0,1,5.0,https://goldapple.ru/19000181046-fables-d-orient/,https://goldapple.ru/parfjumerija/nishevaja-parfjumerija?p=28,Идея «цветочного молока» ожила в воображении парфюмера. Ключевым в композиции Fables d’Orient стал солнечный цветок гелиотропа с маслянистым и сливочным ароматом. Теплота мускатного ореха вызывает неизбежное привыкание. Магическая энергия амбры и тёплая нота мускуса завершают гармоничное слияние аромата с кожей. Коллекцией L'Orient Кристоф Рейно хотел выразить дань уважения удивительной культуре Ближнего Востока и воссоздать удивительную вселенную и атмосферу сказок «Тысячи и одной ночи». Внешний вид товара может отличаться.,"Нанести на кожу, избегая попадания в глаза.",Франция,28
545,2026-10-01T09:44:45.355927,20261001_080712_1756e2c0,26163500002,parfjumerija/nishevaja-parfjumerija,MONTALE,Chocolate Greedy,Парфюмерная вода,7263.0,7263.0,0.0,1,4.6,https://goldapple.ru/26163500002-chocolate-greedy/,https://goldapple.ru/parfjumerija/nishevaja-parfjumerija?p=28,"Не удивляйтесь, если Вы влюбитесь в этот аромат. Его  шоколадная кремовость постепенно превращается в  утончённую чувственность.
Chocolate Greedy напомнит Вам о восхитительных  сливочных трюфелях и нежных поцелуях после чашки  горячего шоколада. Ноты: зерна кофе, бергамот, какао-крем, ваниль с Мадагаскара.",Не указано,Франция,28
546,2026-10-01T09:44:55.445843,20261001_080712_1756e2c0,19000539237,parfjumerija/nishevaja-parfjumerija,Zielinski & Rozen,"Blend Vanilla, Pepper",Духи концентрированные,2790.0,2790.0,0.0,1,4.8,https://goldapple.ru/19000539237-zielinski-rozen-blend-vanilla-pepper/,https://goldapple.ru/parfjumerija/nishevaja-parfjumerija?p=28,Стойкий аромат-унисекс. Оставляет легкий шлейф.,"Распылите на кожу или одежду с расстояния 30 см. Либо распылите парфюм перед собой и войдите в образовавшееся облако. Чтобы аромат сохранялся дольше, наносите его на разогретое или влажное тело.",Россия,28
547,2026-10-01T09:45:08.281874,20261001_080712_1756e2c0,26775500002,parfjumerija/nishevaja-parfjumerija,Mancera,AOUD EXCLUSIF,Парфюмерная вода,11302.0,11302.0,0.0,1,4.9,https://goldapple.ru/26775500002-aoud-exclusif/,https://goldapple.ru/parfjumerija/nishevaja-parfjumerija?p=28,"Удар и роза в древесном, пряном и кожаном танце. Дыхание, исходящее из других мест, сладострастный аромат, вдохновленный ароматным наследственным ритуалом.",Не указано,Франция,28
548,2026-10-01T09:45:17.938541,20261001_080712_1756e2c0,19000210120,parfjumerija/nishevaja-parfjumerija,Zielinski & Rozen,Oakmoss & Amber,Крем для рук,1690.0,1690.0,0.0,1,4.7,https://goldapple.ru/19000210120-oakmoss-amber/,https://goldapple.ru/parfjumerija/nishevaja-parfjumerija?p=28,"Крем для рук интенсивно питает и смягчает кожу, легко впитывается, имеет мягкую текстуру.",Выдавить небольшое количество на чистые руки и равномерно распределить. Повторяйте по мере необходимости.,Израиль,28
549,2026-10-01T09:45:25.803321,20261001_080712_1756e2c0,19000235938,parfjumerija/nishevaja-parfjumerija,Amouage,Purpose,Парфюмерная вода,47767.0,47767.0,0.0,1,5.0,https://goldapple.ru/19000235938-purpose/,https://goldapple.ru/parfjumerija/nishevaja-parfjumerija?p=28,"ПРОЗРЕНИЕ ШАМАНА Свежий бергамот омывает вас, как дуновение ледяного ветра. Вы ощущаете холодную хватку розового перца, легкое покалывание зерен душистого перца и ладан, способный вобрать в себя ваше прошлое и будущее. Вы делаете глубокий вдох, наполняя легкие энергичным и дымным ароматом песчаного ветивера и животными оттенками розы. Табачные акценты смягчают контраст между земляным папирусом и шелковистым сандаловым деревом. Это конец пути, где солнце в зените. Лучи альдегидного мистикаля внезапно пронзают завесу из шафрана и замши, чтобы разжечь мерцающие искры акигалавуда. Аромат PURPOSE — это оттенки дерева и минералов, лучистое сверкание специй. Это прозрение шамана, аромат покоя, когда человек нашел свои корни, почувствовал полноту бытия.","Парфюмерную воду следует наносить с расстояния 10-15 см. на тепловые точки: под коленями, область живота, запястья, сгибы локтей, район солнечного сплетения, точки за ушами, основание шеи со стороны спины, затылок. Как правило на одну точку достаточно один раз нажать на спрей. Растирать парфюмерную воду не рекомендуется, так как это может нарушить правильный процесс раскрытия композиции. Для повышения стойкости рекомендуем наносить на хорошо увлажненную кожу, комбинируя с кремом, молочком или маслом для тела.",Оман,28
550,2026-10-01T09:45:35.851744,20261001_080712_1756e2c0,26045800001,parfjumerija/nishevaja-parfjumerija,Comptoir Sud Pacifique,Matin Calin,Туалетная вода,5754.0,5754.0,0.0,1,4.7,https://goldapple.ru/26045800001-matin-calin/,https://goldapple.ru/parfjumerija/nishevaja-parfjumerija?p=28,"Туалетная вода Comptoir Sud Pacifiq Matin Calin довольно редкий тонкий аромат с оттенками сливочной карамели. Волшебный чарующий звук Matin Calin, в желанном звучании которого выделяются сандаловое дерево, сахар, ваниль и молоко, напоминающие детство, в котором и девчонки, и мальчишки большие сладкоежки и обожатели вкусного ароматного варенья. Вода компании Comptoir Sud Pacifiq придаст своему обладателю или обладательнице оригинальности. Это карнавал приятного вкуса с неповторимым, остающимся надолго в вашей памяти, превосходным шлейфом. Туалетная вода выгодно подчеркнёт уверенность вашего образа, сопровождающего изысканностью и оригинальностью.",Не указано,Франция,28
551,2026-10-01T09:45:44.692028,20261001_080712_1756e2c0,19000019530,parfjumerija/nishevaja-parfjumerija,Zielinski & Rozen,"Bergamot, Green Tea, Sandalwood, Musk",Духи концентрированные,7990.0,7990.0,0.0,1,4.8,https://goldapple.ru/19000019530-bergamot-green-tea-sandalwood-musk/,https://goldapple.ru/parfjumerija/nishevaja-parfjumerija?p=28,"Я хочу, чтобы парфюм трогал до глубины души, говорил о личности и отражал ее уникальность. Эрез Розен Замысловатая ольфакторная книга, сюжет которой раскрывается новыми гранями на каждом человеке. Необычные сочетания нот и оригинальное построение аккордов подчеркивают индивидуальность и раскрывают суть ярче любых слов. Все ароматы Zielinski&Rozen категории унисекс.",Наносите парфюм по обе стороны плеч или распылите впереди себя и войдите в «облако» аромата.,Россия,28
552,2026-10-01T09:45:55.489803,20261001_080712_1756e2c0,19000059336,parfjumerija/nishevaja-parfjumerija,Xerjoff,Ouverture,Парфюмерная вода,19635.0,19635.0,0.0,1,5.0,https://goldapple.ru/19000059336-ouverture/,https://goldapple.ru/parfjumerija/nishevaja-parfjumerija?p=28,"В этой сложной композиции солируют белые цветы, средиземноморские цитрусовые и восточные пряности. Иными словами, сбалансированный и праздничный Ouverture – тот самый аромат, который просто не позволит вам остаться незамеченной. Закон жанра – оперы без увертюры не бывает!",Нанести на пульсирующие точки,Франция,28
553,2026-10-01T09:46:05.245828,20261001_080712_1756e2c0,26550200018,parfjumerija/nishevaja-parfjumerija,Etat Libre d’Orange,YOU OR SOMEONE LIKE YOU,Нет категории,10355.0,10355.0,0.0,1,4.7,https://goldapple.ru/26550200018-you-or-someone-like-you/,https://goldapple.ru/parfjumerija/nishevaja-parfjumerija?p=28,"Лос-Анджелес. В этом городе падших ангелов действуют выдуманные правила. Но они, мечтатели, приехали за солнцем и возможностями на эту землю счастливого случая, где надежды всегда в цвету. Что бы они ни искали — счастья, любви, денег, славы — соблазны затягивают их все глубже и глубже в это бетонный рай. Есть ли у Лос-Анджелеса запах? Ответить на этот вопрос невозможно. Но Чэндлер Бар (писатель и парфюмерный критик) знает Лос-Анджелес. И Чэндлер Бар знает парфюмерию. Поэтому он решил участвовать в создании аромата, которым могла бы пользоваться жительница Лос-Анджелеса. И мы дали ему название романа Чэндлера, действие которого происходит в Лос-Анджелесе. «You or Someone Like You» — приветливый аромат: не отталкивающий и не чужой. Это современное творение, построенное вокруг непреходящих материалов. Это воплощение женщины Лос-Анджелеса: бесподобной и решительной. Не раскрывая композицию, мы предлагаем клиенту оценить его в целостности, а не как совокупность отдельных нот. Здесь важнее, какое ощущение создает аромат, а не чем он пахнет… «Сырье не имеет никакого значения. Работа — это работа. Если вам нужно знать, из чего это сделано, не носите его; You не для вас». (Чэндлер Бар)","Распылите на пульсирующие зоны: запястья, шею, за ушами и внутреннюю сторону локтя. Избегайте контакта с одеждой. Для повышения стойкости рекомендуем наносить на хорошо увлажненную кожу.",Франция,28
554,2026-10-01T09:46:14.861391,20261001_080712_1756e2c0,19000126965,parfjumerija/nishevaja-parfjumerija,Parfums de Marly,DELINA LA ROSEE,Нет категории,21000.0,21000.0,0.0,1,4.8,https://goldapple.ru/19000126965-delina-la-rosee/,https://goldapple.ru/parfjumerija/nishevaja-parfjumerija?p=28,"Мгновенная свежесть. Этот букет из водной лилии и пиона напоминает многочисленные ноты свежей, бархатистой и дерзкой, но нежной розы. Размер флакона (30 мл) идеален для путешествий.",Не указано,Франция,28
555,2026-10-01T09:46:25.384867,20261001_080712_1756e2c0,19000017113,parfjumerija/nishevaja-parfjumerija,Loewe,SOLO CEDRO,Туалетная вода,13120.0,13120.0,0.0,1,4.9,https://goldapple.ru/19000017113-solo-cedro/,https://goldapple.ru/parfjumerija/nishevaja-parfjumerija?p=28,"Туалетная вода LOEWE Solo Cedro  — древесно-пряная композиция с ароматическими акцентами, в которой благородные ноты кедра контрастируют со свежестью петитгрейна, а пряный мускатный орех гармонично сочетается с лавандой и необычным аккордом влажного камня. Вирджинский кедр придает композиции глубокий древесный характер, который уравновешивают яркие цитрусовые ноты петитгрейна. Мускатный орех добавляет пряную глубину, лаванда — ароматическую мягкость, а ноты мате, базилика, гваякового дерева, амбры, итальянского мандарина и красного перца дополняют композицию, воплощающую гармонию и баланс. Аромат  входит в коллекцию LOEWE Landscape и вдохновлён бескрайними испанскими горизонтами  — состоянием равновесия, в котором день встречается с ночью. Этот тонкий баланс отражён в фирменной монохромной упаковке, украшенной изображением Trollius ledebourii работы Карла Блоссфельдта, и в культовом прямоугольном флаконе глубокого тёмно-красного оттенка, вдохновлённого последними красками неба перед наступлением ночи","Небольшое количество нанести на тело, избегая попадания в глаза.",Испания,28
556,2026-10-01T09:46:35.361326,20261001_080712_1756e2c0,19000376464,parfjumerija/nishevaja-parfjumerija,CHOPARD,Gardenia Tahia,Парфюмерная вода,14588.0,14588.0,0.0,1,4.8,https://goldapple.ru/19000376464-gardenia-tahia/,https://goldapple.ru/parfjumerija/nishevaja-parfjumerija?p=28,"Аромат Gardénia Tahia, вдохновленный драгоценностями таитянской Принцессы, раскрывает всю роскошь цветка гардении. Он становится невероятно притягательным благодаря нежным ноткам сливочного кокоса и утонченной бурбонской ванили.",Только для наружного применения.,Италия,28
557,2026-10-01T09:46:45.513185,20261001_080712_1756e2c0,19000298140,parfjumerija/nishevaja-parfjumerija,Birkholz,Incense N’ Fire,Парфюмерная вода,20124.0,20124.0,0.0,1,4.9,https://goldapple.ru/19000298140-incense-n-fire/,https://goldapple.ru/parfjumerija/nishevaja-parfjumerija?p=28,"Парфюмерная вода BIRKHOLZ представляет собой мистическое ольфакторное произведение. Чувственные древесные ноты и аккорд ладана превращаются в симфонию, которая глубоко проникает в душу и оставляет неизгладимое впечатление. Аккорд дымчатой ванили, пачули и сандаловое дерево подчеркивают экстравагантный характер композиции.",Только для наружного применения.,Германия,28
558,2026-10-01T09:46:56.442858,20261001_080712_1756e2c0,26170400001,parfjumerija/nishevaja-parfjumerija,MONTALE,Starry Nights,Парфюмерная вода,7455.0,7455.0,0.0,1,4.8,https://goldapple.ru/26170400001-starry-night/,https://goldapple.ru/parfjumerija/nishevaja-parfjumerija?p=28,"Превосходное комбинирование диковинного калабрийского бергамота с умилительной болгарской розой, а также хрустальным вплетением египетского жасмина соединяется в новейшем флаконе Montale. Преисполненный страстными чарами ночи, пленительный амбре сполна передаёт всю обворожительность пустынного оазиса. В истомленном контрастном благоухании отчётливо ощущается наличие игристого бергамота и немного кисловатого лимона. Композиционный состав парфюмерии насыщен опьяняющей медовой слащавостью со слабо ощутимыми элементами яблока. Соединяясь с головокружащим жасмином, начинает существенно ощущаться присутствие выразительной болгарской розы, ошеломляющей своим чудесным шармом. Вся эта комбинация благоуханий Востока дополнена оттенками шелковистых пряностей листьев пачули. После феноменальной цветочной гармонии, духи оставляют приятный жемчужный шлейф из белого мускуса и эфемерного янтаря.",Не указано,Франция,28
559,2026-10-01T09:47:05.989490,20261001_080712_1756e2c0,26774100002,parfjumerija/nishevaja-parfjumerija,Mancera,CHOCO VIOLET,Парфюмерная вода,9570.0,9570.0,0.0,1,4.7,https://goldapple.ru/26774100002-choco-violet/,https://goldapple.ru/parfjumerija/nishevaja-parfjumerija?p=28,"Самое гурманское наслаждение от Пьера Мансеры.
Озорной бергамот и Калабрийский апельсин отправляясь в путешествие по гурманским островам , впервые встречаются с плотским аккордом лесного ореха, который подчёркивает невинность чувственной фиалки и гурманскую порочность тёмного шоколада в соблазнительном звучании Мадагаскарской ванили в дымке белого мускуса.",Не указано,Франция,28
560,2026-10-01T09:47:16.568559,20261001_080712_1756e2c0,19000345285,parfjumerija/nishevaja-parfjumerija,Zielinski & Rozen,Powder,Духи концентрированные,2790.0,2790.0,0.0,1,4.6,https://goldapple.ru/19000345285-powder/,https://goldapple.ru/parfjumerija/nishevaja-parfjumerija?p=28,"Все ароматы созданы только из натуральных ингредиентов, и в каждом их более 30. Долго сохраняется на коже, оставляя легкий шлейф.","Распылять на кожу с расстояния 30 см. Для усиления стойкости аромата наносить на разогретое или влажное тело. Хранить в недоступном для детей месте, вдали от источников тепла, открытого огня и прямых солнечных лучей.",Россия,28
561,2026-10-01T09:47:51.258359,20261001_080712_1756e2c0,19000446469,parfjumerija/nishevaja-parfjumerija,Zielinski & Rozen,"Apple, lotus",Духи концентрированные,12990.0,12990.0,0.0,1,4.8,https://goldapple.ru/19000446469-apple-lotus/,https://goldapple.ru/parfjumerija/nishevaja-parfjumerija?p=29,"Аромат категории унисекс. Долго сохраняется на коже, оставляя легкий шлейф.",Распылять на кожу с расстояния 30 см. Для усиления стойкости аромата наносить на разогретое или влажное тело.,Россия,29
562,2026-10-01T09:47:59.632906,20261001_080712_1756e2c0,19000109665,parfjumerija/nishevaja-parfjumerija,The House of Oud,Neverending,парфюмерная вода,18150.0,18150.0,0.0,1,4.9,https://goldapple.ru/19000109665-neverending/,https://goldapple.ru/parfjumerija/nishevaja-parfjumerija?p=29,"Аромат Neverending открывается сочным звучанием розового грейпфрута, которое сплетается с пикантными оттенками мускатного ореха и других обжигающих специй. Нежная тубероза и чувственный жасмин объяты соблазнительным аккордом замши. Ориентальное прикосновение черной ванили и драгоценной амбры наполняют теплом базовые ноты аромата и дарят невероятное чувственное наслаждение.",Нанести на пульсирующие точки,Италия,29
563,2026-10-01T09:48:08.299616,20261001_080712_1756e2c0,19000191498,parfjumerija/nishevaja-parfjumerija,NISHANE,H.Silent Ways X,Нет категории,15074.0,15074.0,0.0,1,4.9,https://goldapple.ru/19000191498-h-silent-ways-x/,https://goldapple.ru/parfjumerija/nishevaja-parfjumerija?p=29,"Hundred silent ways всегда был одним из 5 самых продаваемых продуктов Nishane на мировых рынках. Hundred silent ways X призван поддерживать общее настроение, которое предлагает оригинальный аромат (выпущенный в 2016 году). Кожаные ноты были использованы для того, чтобы добавить еще больше элегантности оригинальной формуле. Hundred silent ways X — восхитительно пленительный аромат, сочетающий элегантность цветочных нот с богатством гурманских аккордов. Аромат открывается сочным взрывом мандарина и персика, переходящим в сердце из нежной гардении, ириса, жасмина и гелиотропа. Базовые ноты ванили, кожи и пачули придают аромату чувственный и теплый характер, что делает его идеальным для тех, кто ценит относительно сладкий и успокаивающий аромат. Hundred silent ways X — это то, что обязательно нужно попробовать тем, кто любит оригинальный аромат и ищет новый взгляд на чарующее настроение оригинальной формулы.","Наносить на неповрежденные участки кожи, волос и одежду.",Турция,29
564,2026-10-01T09:48:18.885579,20261001_080712_1756e2c0,19000127038,parfjumerija/nishevaja-parfjumerija,CHOPARD,Love Chopard,Нет категории,3359.0,3359.0,0.0,1,4.6,https://goldapple.ru/19000127038-love-chopard/,https://goldapple.ru/parfjumerija/nishevaja-parfjumerija?p=29,"Соблазнительный, яркий и сладкий аромат Love Chopard – это вдохновляющая ода розе, королеве цветов, любви и парфюмерии. Роскошная парфюмерная вода, помогающая ощутить себя дивой на красной ковровой дорожке, объединяет ноты шести разных сортов роз и включает такие ценные компоненты, как масло болгарской розы, абсолют турецкой розы и абсолют столепестковой розы. Пышный цветочный букет дополняют пряные ноты и нежное звучание жасмина и тонкая сладость цветов апельсина. Классификация аромата: цветочный. Парфюмер – Alberto Morillas.",Только для наружного применения.,Италия,29
565,2026-10-01T09:48:28.415116,20261001_080712_1756e2c0,19000467305,parfjumerija/nishevaja-parfjumerija,Zielinski & Rozen,"Amberwood, Vanilla, Davana",Парфюмированный крем для тела,3990.0,3990.0,0.0,1,4.8,https://goldapple.ru/19000467305-amberwood-vanilla-davana/,https://goldapple.ru/parfjumerija/nishevaja-parfjumerija?p=29,"Имеет легкую текстуру, увлажняет и питает кожу. Подходит для всех типов кожи.",Нанесите на сухую или влажную кожу легкими массирующими движениями до полного впитывания.,Израиль,29
566,2026-10-01T09:48:38.228609,20261001_080712_1756e2c0,19000120828,parfjumerija/nishevaja-parfjumerija,Filippo Sorcinelli,Quando rapita in estasi,Духи,23655.0,23655.0,0.0,1,4.9,https://goldapple.ru/19000120828-quando-rapita-in-estasi/,https://goldapple.ru/parfjumerija/nishevaja-parfjumerija?p=29,"Ария из оперы «Лючия ди Ламмермур» Гаэтано Доницетти, которая стала известна благодаря интерпретации Марии Каллас. Сцена темна. Мария Каллас выходит после нанесения грима. Создание с необыкновенным лицом, огромными глазами и высокими скулами. “La divina”, сильная снаружи и хрупкая внутри. Ее сценический костюм — впечатляющий и элегантный, сами ее движения превращаются в музыку, мелодию лабданума, ванили и осыпающейся пудры. Пьер Паоло Пазолини описал эту женщину как «вечную, архаичную и мифическую», сделавшую театр своим убежищем, местом, куда допускается лишь искусство. Безумие опиума, бобов тонка, пихтового бальзама — основа данной ольфакторной скульптуры. И на лице каждого появляется беспомощность и чувство тупой боли, острой боли, меланхолии из персикового сердца, согревающего в одиночку. Безумие — почти что идеальный мир, состоящий из повреждений, которые неизбежно оставляют шрамы из ароматного ландыша. Момент, в котором вы на сцене, но думаете о том, чтобы скрыться в темном здании в ожидании быть согретым собой и своей жизнью.",По мере необходимости,Италия,29
567,2026-10-01T09:48:47.790944,20261001_080712_1756e2c0,19760324884,parfjumerija/nishevaja-parfjumerija,Zielinski & Rozen,"Tobacco, Cedarwood, Pepper",Крем для тела,3990.0,3990.0,0.0,1,4.9,https://goldapple.ru/19760324884-fiction/,https://goldapple.ru/parfjumerija/nishevaja-parfjumerija?p=29,"Имеет легкую текстуру, увлажняет и питает кожу. Подходит для всех типов кожи. Ароматы продукции Zielinski&Rozen изменили свое наименование без изменения состава.",Способ применения: Нанесите на сухую или влажную кожу легкими массирующими движениями до полного впитывания.,Израиль,29
568,2026-10-01T09:48:59.560114,20261001_080712_1756e2c0,19760332198,parfjumerija/nishevaja-parfjumerija,Vilhelm Parfumerie,STOCKHOLM 1978,парфюмерная вода,8250.0,8250.0,0.0,1,4.8,https://goldapple.ru/19760332198-stockholm-1978/,https://goldapple.ru/parfjumerija/nishevaja-parfjumerija?p=29,"Стокгольм - столица Швеции, 1978 - год, когда я родился. Этот аромат - мое личное высказывание, композиция, которую я создал для себя. То самое  лето в том самом городе: место и время встреч. Одновременно безмятежный  и опьяняющий. Аромат летнего Стокгольма",Не указано,Франция,29
569,2026-10-01T09:49:11.152666,20261001_080712_1756e2c0,19000042270,parfjumerija/nishevaja-parfjumerija,Byredo,Young Rose,Парфюмерная вода,20295.0,20295.0,0.0,1,4.7,https://goldapple.ru/19000042270-young-rose/,https://goldapple.ru/parfjumerija/nishevaja-parfjumerija?p=29,"Прочтение традиции глазами нового поколения. Young Rose представляет собой оду вечной бурной молодости: ольфакторный дневник тех, кто сам пишет свое будущее. База из дамасской розы в огранке нот огненного сычуаньского перца - этот аромат бросает вызов условностям, представляя свежий взгляд на классический образ романтики. Источником вдохновения для аромата Young Rose послужила поездка в Китай и творческая динамика города, свидетелем которой стал Горхэм. ""У нового поколения всегда есть эмоциональная потребность пересмотреть традиции своих предшественников. В этом их предназначение – бесстрашно шагнуть в неизведанное, открыть и развить то, что придёт на смену привычному. Young Rose воспевает этот дух,"" – говорит Горхэм.","Парфюмерную воду следует наносить с расстояния 10-15 см. на тепловые точки: под коленями, область живота, запястья, сгибы локтей, район солнечного сплетения, точки за ушами, основание шеи со стороны спины, затылок. Как правило на одну точку достаточно один раз нажать на спрей. Растирать парфюмерную воду не рекомендуется, так как это может нарушить правильный процесс раскрытия композиции. Для повышения стойкости рекомендуем наносить на хорошо увлажненную кожу, комбинируя с кремом, молочком или маслом для тела.",Испания,29
570,2026-10-01T09:49:22.390022,20261001_080712_1756e2c0,19000210128,parfjumerija/nishevaja-parfjumerija,Zielinski & Rozen,"Pink Pepper, Elemi, Cinnamon, Leather",Жидкое мыло,2390.0,2390.0,0.0,1,4.8,https://goldapple.ru/19000210128-pink-pepper-elemi-cinnamon-leather/,https://goldapple.ru/parfjumerija/nishevaja-parfjumerija?p=29,"Мягко и эффективно очищает кожу от жира и других видов загрязнений. Подходит для ежедневного умывания, мытья рук и тела.","небольшое количество мыла нанести на влажную кожу, вспенить и тщательно смыть водой. Хранить в сухом, защищенном от света и недоступном для детей месте при температуре от +5 °С до +25 °С.",Израиль,29
571,2026-10-01T09:49:32.857545,20261001_080712_1756e2c0,26166200001,parfjumerija/nishevaja-parfjumerija,MONTALE,Rose Elixir,Парфюмерная вода,15099.0,15099.0,0.0,1,4.8,https://goldapple.ru/26166200001-rose-elixir/,https://goldapple.ru/parfjumerija/nishevaja-parfjumerija?p=29,"Парфюмерная вода Montale Rose Elixir — нежный аромат для страстных натур. Чувственная фруктово-цветочная композиция Rose Elixir совершенно точно не оставит равнодушной, заняв в вашем сердце одно из главных мест. Освежающие цитрусовые нотки дополнены утонченной розой, изысканным жасмином и ванилью, которые способны пленить своим неповторимым звучанием.  Мускусные аккорды парфюмерной воды великолепно оттеняют сочную клубнику, пачули и танжерин, придавая завершенность и легкую загадочность вашему идеальному образу. Montale — отличный вариант для ярких индивидуальностей!",Не указано,Франция,29
572,2026-10-01T09:49:43.863866,20261001_080712_1756e2c0,19000052927,parfjumerija/nishevaja-parfjumerija,Byredo,Los Santos,Парфюмерная вода,20295.0,20295.0,0.0,1,4.8,https://goldapple.ru/19000052927-los-santos/,https://goldapple.ru/parfjumerija/nishevaja-parfjumerija?p=29,"De Los Santos – настоящий гимн жизни, воплощение ярких воспоминаний и впечатлений. Посвящение экстравагантной субкультуре «Чиканос», американцев мексиканского происхождения, оказавших огромное влияние на современные музыку, дизайн, искусство. Обволакивающе-мягкое мускусное облако пронзает свежесть шалфея. Морское сияние амбры усилено драгоценным оррисом и украшено оттенками сливы мирабель. Тёплые и мягкие, словно морской песок, согретый солнцем, ноты циста завершают ароматную историю. Первый ароматически-фужерный аромат в линии Byredo. Вы словно растворяетесь в калифорнийской природе, оказываясь посреди хвойного леса и густого кустарника на берегу Тихого океана.","Парфюмерную воду следует наносить с расстояния 10-15 см. на тепловые точки: под коленями, область живота, запястья, сгибы локтей, район солнечного сплетения, точки за ушами, основание шеи со стороны спины, затылок. Как правило на одну точку достаточно один раз нажать на спрей. Растирать парфюмерную воду не рекомендуется, так как это может нарушить правильный процесс раскрытия композиции. Для повышения стойкости рекомендуем наносить на хорошо увлажненную кожу, комбинируя с кремом, молочком или маслом для тела.",Франция,29
573,2026-10-01T09:49:53.238836,20261001_080712_1756e2c0,19000219336,parfjumerija/nishevaja-parfjumerija,Mancera,Cosmic Pepper,Нет категории,11302.0,11302.0,0.0,1,4.8,https://goldapple.ru/19000219336-cosmic-pepper/,https://goldapple.ru/parfjumerija/nishevaja-parfjumerija?p=29,"Вы проноситесь мимо туманности Мандарина, огибаете пояс Розового перца и готовы постепенно затеряться в мерцающем созвездии Лимона. По мере приближения бездонной темноты галактик Амбры и Мускуса вам открывается элегантный свет скопления Специй в ярких лучах звезды под названием Уд. Теперь на вас воздействует сила притяжения: сначала это Бобы тонка, а затем Дубовый мох. И наконец, планеты Черного перца и Дамасской розы могут выйти на свою орбиту в этой космической невесомости.",Нанести на пульсирующие точки.,Франция,29
574,2026-10-01T09:50:02.643287,20261001_080712_1756e2c0,19000284673,parfjumerija/nishevaja-parfjumerija,Jo Malone London,Myrrh & Tonka,Нет категории,6500.0,6500.0,0.0,1,4.9,https://goldapple.ru/19000284673-myrrh-tonka/,https://goldapple.ru/parfjumerija/nishevaja-parfjumerija?p=29,"Гель для душа Myrrh & Tonka с чувственным звучанием смолы мирры и с теплыми оттенками миндаля, ванили и бобов тонка бережно очищает кожу, а благодаря натуральному глицерину и экстракту самфиры формула превращается в бархатистую пену. Привнесите незабываемое ароматическое впечатление в повседневную рутину вместе с гелями для душа Cologne Intense. Философия сочетания ароматов: Все ароматы и текстуры Jo Malone London можно использовать самостоятельно и в сочетании с другими, создавая уникальные композиции. Чтобы придать аромату свежих акцентов и создать более яркий образ сочетайте Myrrh & Tonka с минеральным ароматом морской соли - Wood Sage & Sea Salt. Чтобы придать аромату теплых оттенков и создать более чувственный образ сочетайте Myrrh & Tonka с гипнотическим ароматом удового дерева - Oud & Bergamot.",Нанесите небольшое количество геля массирующими движениями на влажную кожу и тщательно смойте водой.,Великобритания,29
575,2026-10-01T09:50:15.129223,20261001_080712_1756e2c0,19760302857,parfjumerija/nishevaja-parfjumerija,Liquides Imaginaires,BUVEUR DE VENT,Парфюмерная вода,19039.0,19039.0,0.0,1,4.9,https://goldapple.ru/19760302857-buveur-de-vent/,https://goldapple.ru/parfjumerija/nishevaja-parfjumerija?p=29,"В композиции Liquides Imaginaires объединились терпкий аромат кожаного седла для необъезженного коня и ноты кипариса, шалфея и кедра. Чистокровный арабский скакун мчится вперед, навстречу свету и сияющим огням. Он противостоит силе южного ветра, несущего за собой многогранный, насыщенный шлейф. Свежий аромат с древесными нотами воспевает свободу, необузданную энергию и благородный дух. Ключевые ноты: кипарис, сандал, кожа.",Не указано,Италия,29
576,2026-10-01T09:50:28.345669,20261001_080712_1756e2c0,19000382672,parfjumerija/nishevaja-parfjumerija,BornToStandOut,MARY JANE,Парфюмерная вода,18905.0,18905.0,0.0,1,5.0,https://goldapple.ru/19000382672-mary-jane/,https://goldapple.ru/parfjumerija/nishevaja-parfjumerija?p=29,"Ледяной, терпкий и насыщенный коктейль из конопли, мяты и соснового ликера. Mary Jane становится одновременно соблазнительным и неожиданным. В нем сладкая карамель и острые сосновые иголки играют против футуристической «электрической» древесины и мягкого кашемира.","Распыляйте с расстояния 20-25 см. Не наносите на одежду, не используйте при нахождении на солнце",Республика корея,29
577,2026-10-01T09:50:37.764230,20261001_080712_1756e2c0,26291300001,parfjumerija/nishevaja-parfjumerija,HFC,OR NOIR,Парфюмерная вода,31500.0,31500.0,0.0,1,4.9,https://goldapple.ru/26291300001-or-noir/,https://goldapple.ru/parfjumerija/nishevaja-parfjumerija?p=29,"Парфюм Or Noir HFC рисует образ уверенного и надежного мужчины. Композиция стартует приглушенным, но глубоким аккордом цитрусов с кардамоном и смолой элеми. Густое пряное сердце постепенно уступает место мягкому древесно-кожаному аккорду. Звучание аромата завершается прохладным мускусным шлейфом.",Для наружного применения.,Франция,29
578,2026-10-01T09:50:47.817817,20261001_080712_1756e2c0,36050400004,parfjumerija/nishevaja-parfjumerija,CASAMORATI,DOLCE AMALFI,Парфюмерная вода,10312.0,10312.0,0.0,1,4.7,https://goldapple.ru/36050400004-dolce-amalfi/,https://goldapple.ru/parfjumerija/nishevaja-parfjumerija?p=29,"Солнце Амальфи, заточенное во флакон. Лимончелло в солнечных бликах. Ледяной, головокружительный, пьянящий. Воплощение “Dolce Vita”.  Вкус «Сладкой Жизни»",Не указано,Франция,29
579,2026-10-01T09:50:58.771967,20261001_080712_1756e2c0,26161100002,parfjumerija/nishevaja-parfjumerija,MONTALE,Soleil de Capri,Парфюмерная вода,8041.0,8041.0,0.0,1,4.5,https://goldapple.ru/26161100002-soleil-de-capri/,https://goldapple.ru/parfjumerija/nishevaja-parfjumerija?p=29,"Еще один представитель бренда Montale, созданный для мужчин и женщин. Туалетная вода была выпущена в 2007 году, традиционно автором выступил сам Пьер Монталь (Pierre Montale). Данная композиция относится к семейству фруктово-цветочных ароматов и преисполнена свежими, актуальными для лета акцентами.",Не указано,Франция,29
580,2026-10-01T09:51:08.268555,20261001_080712_1756e2c0,19000402029,parfjumerija/nishevaja-parfjumerija,RicHarD maison de parfum,Cherry show,Парфюмерная вода,3442.0,3442.0,0.0,1,4.7,https://goldapple.ru/19000402029-cherry-show/,https://goldapple.ru/parfjumerija/nishevaja-parfjumerija?p=29,"Cherry Show — праздник чувств, пробуждающий воспоминания о беззаботных летних днях и первых любовных приключениях. Аромат, наполненный ностальгией и теплом.","Распылите на пульсирующие зоны: запястья, шею, за ушами и внутреннюю сторону локтя. Избегайте контакта с одеждой. Для повышения стойкости рекомендуем наносить на хорошо увлажненную кожу.",Оаэ,29
581,2026-10-01T09:51:36.051371,20261001_080712_1756e2c0,19000204029,parfjumerija/nishevaja-parfjumerija,Zielinski & Rozen,"Iris, Lily, Vanill",Крем для рук,1690.0,1690.0,0.0,1,4.7,https://goldapple.ru/19000204029-iris-lily-vanill/,https://goldapple.ru/parfjumerija/nishevaja-parfjumerija?p=30,"Крем для рук интенсивно питает и смягчает кожу, легко впитывается, имеет мягкую текстуру.",Выдавить небольшое количество на чистые руки и равномерно распределить. Повторяйте по мере необходимости.,Израиль,30
582,2026-10-01T09:51:45.808257,20261001_080712_1756e2c0,19000307872,parfjumerija/nishevaja-parfjumerija,MATIERE PREMIERE,Vanilla Powder,Парфюмерная Вода,23850.0,23850.0,0.0,1,4.7,https://goldapple.ru/19000307872-vanilla-powder/,https://goldapple.ru/parfjumerija/nishevaja-parfjumerija?p=30,"Главный ингредиент: Абсолю Мадагаскарской Ванили. при поддержке сельскохозяйственной программы «Справедливость для Жизни». Контраст между тёмной ванилью и белой древесиной Пало Санто. Масло Пало Санто из Эквадора привносит структурность и вертикальность звучанию аромата. Притягательный характер Ванили усиливается Кокосовой Пудрой. Белый Мускус обволакивает ноты Ванили и Пудры, создавая современный сияющий парфюм.",Нанести на тело или одежду избегая попадания в глаза.,Франция,30
583,2026-10-01T09:51:54.530209,20261001_080712_1756e2c0,19000204025,parfjumerija/nishevaja-parfjumerija,Zielinski & Rozen,"Pink Pepper, Elemi, Cinnamon, Leather",Нет категории,3990.0,3990.0,0.0,1,4.8,https://goldapple.ru/19000204025-pink-pepper-elemi-cinnamon-leather/,https://goldapple.ru/parfjumerija/nishevaja-parfjumerija?p=30,"Интенсивно увлажняет и питает кожу, имеет легкую текстуру. Подходит для всех типов кожи.","Нанести на влажное или сухое тело, массажными движениями втирать до полного впитывания / Хранить в сухом, защищенном от света и недоступном для детей месте при температуре от +5 °С до +25 °С.",Израиль,30
584,2026-10-01T09:52:04.385492,20261001_080712_1756e2c0,19000122371,parfjumerija/nishevaja-parfjumerija,ROOM 1015,CHERRY PUNK,Нет категории,15200.0,15200.0,0.0,1,4.7,https://goldapple.ru/19000122371-cherry-punk/,https://goldapple.ru/parfjumerija/nishevaja-parfjumerija?p=30,"10:45 – она всегда опаздывает. Потягивая Вишневую колу, смешанную с портвейном, эта колючая Мимоза в армейских ботинках открывает магазин Westwood на Кингс-роуд. Вам придется подождать час, чтобы увидеть, как она крутится с новыми виниловыми пластинками, эта мятежная Фиалка в Кожаной куртке, раскрашенной аэрозольной краской. Погруженная в сладкую задумчивость, ее помада обжигает вашу кожу, Жасминно-белые оборки ее блузки дают намек на романтику… но не поймите это неправильно: возможно, этот SEX (имеется в виду группа Sex Pistols) для бунтарей, но все же продает. «7 фунтов за Pistols, без монет, пожалуйста». Боже, храни эту королеву. «430 King’s Road, Лондон, вот где все начинается. Крутые ребята с обесцвеченными волосами обмениваются редкими виниловыми пластинками. Рваный деним, расписанная вручную кожа, латекс, шотландки, принты, которые заставят ваших родителей покраснеть и запереть вас дома на все лето… Панк изобрел моду или мода изобрела панк? От андеграундных клубов до национального телевидения, у панка всегда был свой стиль, своя пресса (журналы для фанатов), свои фильмы, своя поэзия… Мы решили, что у него должен быть свой аромат. Звучащий так же громко, как на репетиции в помещении без звукоизоляции. Мощный, как бунт молодежи, но при этом милый и романтичный – идеализм юности, завернутый в тяжелую кожаную куртку». Доктор Майк",Не указано,Франция,30
585,2026-10-01T09:52:12.693256,20261001_080712_1756e2c0,19000052204,parfjumerija/nishevaja-parfjumerija,RicHarD maison de parfum,Black mark,парфюмерная вода,3442.0,3442.0,0.0,1,4.7,https://goldapple.ru/19000052204-black-mark/,https://goldapple.ru/parfjumerija/nishevaja-parfjumerija?p=30,"Blackmark – настоящий остров сокровищ, полный экзотических фруктов, погружающий в атмосферу приключений и загадок.","Распылите на пульсирующие зоны: запястья, шею, за ушами и внутреннюю сторону локтя. Избегайте контакта с одеждой. Для повышения стойкости рекомендуем наносить на хорошо увлажненную кожу.",Оаэ,30
586,2026-10-01T09:52:22.432984,20261001_080712_1756e2c0,19000232035,parfjumerija/nishevaja-parfjumerija,Kilian Paris,Eau De Parfum Princess,Парфюмерная вода,4410.0,4410.0,0.0,1,4.6,https://goldapple.ru/19000232035-eau-de-parfum-princess/,https://goldapple.ru/parfjumerija/nishevaja-parfjumerija?p=30,"Источник вдохновения Килиана Хеннесси. MY KIND OF LOVE - коллекция восхитительных французских ароматов. «Я хотел, чтобы ароматам этой коллекции была свойственна многослойность аккордов и нот, которой знамениты мои работы, но при этом композиции были построены вокруг основного ингредиента — необычного, удивляющего и сразу узнаваемого.» - Килиан Хеннесси. Аромат. I DON'T NEED A PRINCE BY MY SIDE TO BE A PRINCESS. «Я хотел создать аромат для страстных женщин, который усилил бы их чары. Одновременно изысканный и смелый, PRINCESS подобен глотку зеленого чая матча с долькой имбиря, добавляющей дерзкой пряности.» — Килиан Хеннесси. Прекрасный принц, помни, принцессы не сидят дома в ожидании твоего звонка. Ноты аромата: имбирь, зеленый чай, маршмеллоу Категория аромата: амбровые гурманские Парфюмер: Онорин Блан","Нанести на шею, запястье.",Франция,30
587,2026-10-01T09:52:33.122276,20261001_080712_1756e2c0,19000059071,parfjumerija/nishevaja-parfjumerija,Goldfield & Banks,Sunset Hour,Парфюмерная вода,17484.0,17484.0,0.0,1,4.9,https://goldapple.ru/19000059071-sunset-hour/,https://goldapple.ru/parfjumerija/nishevaja-parfjumerija?p=30,"В Западной Австралии есть невероятно красивый округ Кимберли, где девственно белый песок 22-километрового пляжа Кэйбл Бич омывается бирюзовыми водами Индийского океана, создавая эффектный фон для заходящего солнца. Когда палящее солнце опускается в воды Индийского океана, расслабляющий вечерний бриз доносит до вас тропический аромат местных фруктов. Райский цитрусово-пряный коктейль дарит невероятное наслаждение, постепенно переходя в лакомые гурманские и чувственные цветочные оттенки. Этот коктейль лучше всего подавать в час заката!",Нанести на пульсирующие точки,Австралия,30
588,2026-10-01T09:52:43.368702,20261001_080712_1756e2c0,19000418433,parfjumerija/nishevaja-parfjumerija,MONTALE,Arabians Musk,Парфюмерная вода,8067.0,8067.0,0.0,1,4.9,https://goldapple.ru/19000418433-arabians-musk/,https://goldapple.ru/parfjumerija/nishevaja-parfjumerija?p=30,"После ошеломляющего успеха Arabians Tonka Montale с гордостью представляет новинку в своей коллекции Arabians —Arabians Musk. Этот аромат, сохраняя завораживающую магию Востока, раскрывает чувственную и загадочную сущность мускуса. Как и предыдущие творения Montale, Arabians Musk — это не просто парфюм, а путешествие по марокканской пустыне, где каждый момент пути дарит столько же очарования, сколько и сам пункт назначения.","Наносить на неповрежденные участки кожи, волос и одежду.",Франция,30
589,2026-10-01T09:52:55.849709,20261001_080712_1756e2c0,19000103282,parfjumerija/nishevaja-parfjumerija,HFC,Diamond in the sky body lotion,Лосьон для тела,5475.0,5475.0,0.0,1,4.7,https://goldapple.ru/19000103282-diamond-in-the-sky-body-lotion/,https://goldapple.ru/parfjumerija/nishevaja-parfjumerija?p=30,"Легкий ухаживающий лосьон освежает кожу, даря ей длительное ощущение нежности и сладкий аромат мадагаскарской ванили. Роскошная ароматическая композиция с искрящимися нотами шафрана и розовых ягод позволит вам получить максимальное удовольствие от ежедневного ритуала ухода за собой.",Не указано,Франция,30
590,2026-10-01T09:53:05.998070,20261001_080712_1756e2c0,19000206612,parfjumerija/nishevaja-parfjumerija,Birkholz,Vanilla Vibes,Парфюмерная вода,18450.0,18450.0,0.0,1,4.8,https://goldapple.ru/19000206612-vanilla-vibes/,https://goldapple.ru/parfjumerija/nishevaja-parfjumerija?p=30,"Свежий, но в то же время теплый и пряный аромат BIRKHOLZ подчеркивает уникальный характер ценнейшего ингредиента – ванили. В современной интерпретации ваниль и её тонкую, пряную сладость дополняют свежие и травянисто-дымные аккорды. Нота лаванды, напоминающая о лавандовых полях Прованса, гармонирует с бодрящей свежестью бергамота, подчёркивая ванильную нежность, которую обрамляют чувственные амбра и мускус.",Только для наружного применения.,Германия,30
591,2026-10-01T09:53:17.889295,20261001_080712_1756e2c0,19000084097,parfjumerija/nishevaja-parfjumerija,Zielinski & Rozen,"Black Pepper, Vetiver, Neroli, Amber",Гель для душа,1790.0,1790.0,0.0,1,4.7,https://goldapple.ru/19000084097-black-pepper-vetiver-neroli-amber/,https://goldapple.ru/parfjumerija/nishevaja-parfjumerija?p=30,"Уход, ароматерапия и признание в любви в одном флаконе. Бодрящий аромат способствует пробуждению, натуральные масла увлажняют кожу и питают, а мягкая пена позволяет по-настоящему насладиться редкими минутами наедине с собой. Ароматы продукции Zielinski&Rozen изменили свое наименование без изменения состава.","Нанесите небольшое количество геля на влажную кожу, вспеньте руками или с помощью мочалки, а затем смойте.",Израиль,30
592,2026-10-01T09:53:27.619554,20261001_080712_1756e2c0,19000021493,parfjumerija/nishevaja-parfjumerija,Zielinski & Rozen,"Amber, Patchouli",Духи концентрированные,2790.0,2790.0,0.0,1,4.7,https://goldapple.ru/19000021493-moss/,https://goldapple.ru/parfjumerija/nishevaja-parfjumerija?p=30,"Я хочу, чтобы парфюм трогал до глубины души, говорил о личности и отражал ее уникальность. Эрез Розен Замысловатая ольфакторная книга, сюжет которой раскрывается новыми гранями на каждом человеке. Необычные сочетания нот и оригинальное построение аккордов подчеркивают индивидуальность и раскрывают суть ярче любых слов. Все ароматы Zielinski&Rozen категории унисекс. У данного продукта меняется название аромата. Актуальное название : Amber, Patchouli.",Наносите парфюм по обе стороны плеч или распылите впереди себя и войдите в «облако» аромата.,Россия,30
593,2026-10-01T09:53:37.995733,20261001_080712_1756e2c0,19000017400,parfjumerija/nishevaja-parfjumerija,EX NIHILO,THE HEDONIST,Нет категории,28900.0,28900.0,0.0,1,4.7,https://goldapple.ru/19000017400-the-hedonist/,https://goldapple.ru/parfjumerija/nishevaja-parfjumerija?p=30,"HEDONIST – это последнее творение в коллекции Iconoclaste. Он 
олицетворяет собой бескрайнее путешествие в мир современных технологий и 
роскоши. Его главным вдохновением стал поиск истинной, природной 
эстетики.
Это особая интерпретация классического древесного аромата от EX NIHILO. 
Легендарные фирменные ноты Кедра и Ветивера соединяются с оригинальной 
молекулой, созданным в лаборатории – молекулой Акигалавуд®. Это 
неожиданное сочетание придает аромату особую силу и неповторимое 
звучание.",Не указано,Франция,30
594,2026-10-01T09:53:50.306392,20261001_080712_1756e2c0,19000382673,parfjumerija/nishevaja-parfjumerija,BornToStandOut,Fugazzi,Нет категории,18905.0,18905.0,0.0,1,5.0,https://goldapple.ru/19000382673-fugazzi/,https://goldapple.ru/parfjumerija/nishevaja-parfjumerija?p=30,"Это аромат, вдохновленный скандальной интрижкой, дикой романтикой, запретной страстью, которая горит ярко и интенсивно. Созданный Квентином Бишем, этот аромат представляет собой гармоничное сочетание гурманских, анимальных нот, характерных для бренда Borntostandout, и фирменных воздушных текстур Fugazzi.","Распыляйте с расстояния 20-25 см. Не наносите на одежду, не используйте при нахождении на солнце.",Республика корея,30
595,2026-10-01T09:54:00.359610,20261001_080712_1756e2c0,82920100010,parfjumerija/nishevaja-parfjumerija,Initio Parfums Prives,SIDE EFFECT,Парфюмерная вода,43350.0,43350.0,0.0,1,4.7,https://goldapple.ru/82920100010-side-effect/,https://goldapple.ru/parfjumerija/nishevaja-parfjumerija?p=30,"Carnal коллекция. Бескомпромиссные, смелые ароматы с использованием самого высококачественного сырья, откровенных, провокационных нот и мощных, волнующих аккордов. Side effect - Суть фантазий. Мгновенно завораживающий аккорд табака-ванили-рома корицы (в сочетании с гедионом) заставляет сердце любого, кто находится рядом, биться быстрее. Дарит обладателю аромата почти сверхъестественную силу притяжения.",Не указано,Франция,30
596,2026-10-01T09:54:09.548362,20261001_080712_1756e2c0,19000003429,parfjumerija/nishevaja-parfjumerija,Maison Francis Kurkdjian,Aqua Universalis Cologne forte,Парфюмерная вода,22500.0,22500.0,0.0,1,4.8,https://goldapple.ru/19000003429-aqua-universalis-cologne-forte/,https://goldapple.ru/parfjumerija/nishevaja-parfjumerija?p=30,"Бергамот и сладость аккорда белого мускуса переплетаются с шипучим всплеском белых цветов, таких как апельсин и сладкий горошек. Aqua Universalis Cologne forte воплощает радость жизни, сияния, чистоты, как глоток свежего, обволакивающего воздуха.","Нанести аромат на запястья, шею и точки пульса.",Франция,30
597,2026-10-01T09:54:20.201580,20261001_080712_1756e2c0,81993900001,parfjumerija/nishevaja-parfjumerija,Korloff Paris,In White INTENSE,Парфюмерная вода,10695.0,10695.0,0.0,1,4.9,https://goldapple.ru/81993900001-in-white-intense/,https://goldapple.ru/parfjumerija/nishevaja-parfjumerija?p=30,"Korloff in White Intense воплощает классического, соблазнительного мужчину. Он побуждает всех окружающих чувствовать себя идеальными. Увидев, женщины сияют словно бриллианты. Поистине современный Korloff в White Intense отражает элегантного и свободного, мужественного и чувственного мужчину Korloff. Ювелирная подарочная коробка аромата, такая же драгоценная, как все творения Korloff. Korloff in White Intense для изысканных и чувственных мужчин, определенно ищущих элегантный аромат. Игристое начало бергамота раскрывается в освежающие ароматические аккорды кардамона и листьев фиалки, которые дополняют фруктовые зеленые яблочно-лавандовые ноты. Древесная база, обогащенная пачули и пралине, придает большую глубину аромату.","Распылите на пульсирующие зоны: запястья, шею, за ушами и внутреннюю сторону локтя. Избегайте контакта с одеждой. Для повышения стойкости рекомендуем наносить на хорошо увлажненную кожу.",Франция,30
598,2026-10-01T09:54:32.074430,20261001_080712_1756e2c0,90150800003,parfjumerija/nishevaja-parfjumerija,Zielinski & Rozen,Black Vanilla,Масло для тела,2990.0,2990.0,0.0,1,4.6,https://goldapple.ru/90150800003-vanilla-blend/,https://goldapple.ru/parfjumerija/nishevaja-parfjumerija?p=30,"SOS-средство для экстремального климата, холодного времени года и обезвоженной кожи. Обогащенная увлажняющими и ухаживающими компонентами формула позволяет защитить кожу от агрессивных внешних факторов и быстро восстановить ее после стрессового воздействия. Масло Zielinski & Rozen делает кожу мягкой и приятной на ощупь, мгновенно впитывается и не оставляет следов на одежде. Ароматы продукции Zielinski&Rozen изменили свое наименование без изменения состава.",Нанесите масло на кожу и распределите легкими массажными движениями до полного впитывания.,Израиль,30
599,2026-10-01T09:54:42.450035,20261001_080712_1756e2c0,19000005032,parfjumerija/nishevaja-parfjumerija,Loewe,7 Cobalt,Парфюмерная вода,13740.0,13740.0,0.0,1,4.8,https://goldapple.ru/19000005032-7-cobalt/,https://goldapple.ru/parfjumerija/nishevaja-parfjumerija?p=30,"Парфюмерная вода LOEWE 7 Cobalt — смелый и насыщенный мужской аромат, вдохновлённый тайной неизведанных земель. Композиция принадлежит к пряному древесно-фужерному семейству и отличается многогранным звучанием. Аромат раскрывается нотами шалфея, ветивера и бобов тонка, создающими выразительную композицию с глубиной, благородством и индивидуальностью. Их гармоничное сочетание передает ощущение спокойствия и таинственности. LOEWE 7 Cobalt представлен в полупрозрачном стеклянном флаконе с металлизированным покрытием кобальтово-синего цвета, напоминающего сумеречное небо. Упаковку украшает изображение Aspidium filix-mas работы Карла Блоссфельдта. LOEWE 7 Cobalt входит в коллекцию LOEWE Landscape —  серию ароматов, вдохновлённую природой и испанским происхождением Дома LOEWE.","Небольшое количество нанести на тело, избегая попадания в глаза.",Испания,30
600,2026-10-01T09:54:51.549825,20261001_080712_1756e2c0,19000387935,parfjumerija/nishevaja-parfjumerija,Filippo Sorcinelli,NOTRE DAME NOTTE DI NATALE,Духи,28405.0,28405.0,0.0,1,4.9,https://goldapple.ru/19000387935-notre-dame-notte-di-natale/,https://goldapple.ru/parfjumerija/nishevaja-parfjumerija?p=30,Аромат вдохновлен ящиками в ризнице собора Парижской Богоматери. Это ольфакторное воспоминание Филиппо о Париже и его посещениях ризницы собора. Ризничий занимается составлением постоянно меняющейся смеси благовоний в соответствии с многочисленными празднествами литургического года.,"Распыляйте с расстояния 20-25 см. Не наносите на одежду, не используйте при нахождении на солнце.",Италия,30
601,2026-10-01T09:55:23.118517,20261001_080712_1756e2c0,19000323020,parfjumerija/nishevaja-parfjumerija,Mancera,Eternal Wood,Парфюмерная вода,11302.0,11302.0,0.0,1,5.0,https://goldapple.ru/19000323020-eternal-wood/,https://goldapple.ru/parfjumerija/nishevaja-parfjumerija?p=31,"Вдохновленный путешествием парфюмера по Мексике, этот аромат соединяет белую копаловую смолу, масло пало-санто, ноты тонка и винной даваны. Он отражает мистический дух древних майя и свежесть тропических лесов, погружая в пленительные латиноамериканские грёзы.",Нанести на пульсирующие точки.,Франция,31
602,2026-10-01T09:55:32.075450,20261001_080712_1756e2c0,19000420869,parfjumerija/nishevaja-parfjumerija,Liquides Imaginaires,SEDUCTIVE CEDRAT,Парфюмерная вода,14560.0,14560.0,0.0,1,4.6,https://goldapple.ru/19000420869-seductive-cedrat/,https://goldapple.ru/parfjumerija/nishevaja-parfjumerija?p=31,"Притягательный и гурманский аромат SEDUCTIVE CEDRAT — новое представление о ключевой ноте цитрона. Она дополнена лимоном, зеленым мандарином, розовым перцем, аккордом юдзу, жасмином, зелено-молочной нотой, обжаренным кунжутом, кедром, сандалом, ванилью, мускусом и амбровыми нотами. Liquides Imaginaires расширяет границы классических цитрусовых композиций для ольфакторных открытий. Уникальная интерпретация, которая сочетает элементы природы и воображения, предлагает выйти за рамки привычного. При разработке ароматов креативный директор бренда Филипп ди Мео сотрудничал с 7 студентами парфюмерной школы Givaudan, отобранных со всего мира. Композиции, созданные на ингредиентах премиум-класса из итальянского региона Калабрии, отражают исключительное качество цитрусов. Дополнительная технология Carto от Givaudan, основанная на искусственном интеллекте, позволила создать новые сочетания ароматов с высокой точностью. Это сочетание молодых талантов, исключительных ингредиентов и передовых технологий демонстрирует цитрусовые композиции в новом свете и придает им смелый современный характер.",Только для наружного применения.,Италия,31
603,2026-10-01T09:55:43.127489,20261001_080712_1756e2c0,90150100010,parfjumerija/nishevaja-parfjumerija,Zielinski & Rozen,Orange & Jasmine,Нет категории,2590.0,2590.0,0.0,1,4.8,https://goldapple.ru/90150100010-orange-jasmine-vanilla/,https://goldapple.ru/parfjumerija/nishevaja-parfjumerija?p=31,"Уход, ароматерапия и признание в любви в одном флаконе. Бодрящий аромат способствует пробуждению, натуральные масла увлажняют кожу и питают, а мягкая пена позволяет по-настоящему насладиться редкими минутами наедине с собой. Ароматы продукции Zielinski&Rozen изменили свое наименование без изменения состава.","Нанесите небольшое количество геля на влажную кожу, вспеньте руками или с помощью мочалки, а затем смойте.",Израиль,31
604,2026-10-01T09:55:51.299496,20261001_080712_1756e2c0,28320100005,parfjumerija/nishevaja-parfjumerija,THE WOODS COLLECTION,WILD ROSES,Нет категории,8984.0,8984.0,0.0,1,4.8,https://goldapple.ru/28320100005-wild-roses/,https://goldapple.ru/parfjumerija/nishevaja-parfjumerija?p=31,"Аромат воспевает силу и красоту дикой розы, способной выжить даже в суровых условиях. Утонченная композиция передает её уникальный характер и подчёркивает глубину аромата розы с помощью цитрусовых и цветочных нот. Даже если лес кажется мрачным и неприветливым, дикая роза подарит веру в лучшее и поможет преодолеть трудности.",Не указано,Франция,31
605,2026-10-01T09:56:02.045101,20261001_080712_1756e2c0,19000011563,parfjumerija/nishevaja-parfjumerija,VERSACE ATELIER,ATELIER VERSACE SAFRAN ROYAL,Парфюмерная вода,31407.0,31407.0,0.0,1,4.7,https://goldapple.ru/19000011563-atelier-versace-safran-royal/,https://goldapple.ru/parfjumerija/nishevaja-parfjumerija?p=31,"Парфюмерная вода SAFRAN ROYAL из коллекции ATELIER VERSACE – это уникальная композиция, посвященная редким и ценным свойствам шафрана – самой дорогой специи в мире. Пряный аккорд звучит неповторимо благодаря контрасту со свежей горько-сладкой марокканской полынью. Индийский киприол, индонезийские пачули и испанский ладанник подчеркивают необыкновенный и чувственный характер аромата. Яркой финальной нотой композиции становится роскошное сочетание кожи и амбры. Парфюмер – Хорди Фернандез.",Не указано,Италия,31
606,2026-10-01T09:56:15.027483,20261001_080712_1756e2c0,82401500007,parfjumerija/nishevaja-parfjumerija,Frederic Malle,Musc Ravageur,Парфюмерная вода,18400.0,18400.0,0.0,1,4.9,https://goldapple.ru/82401500007-musc-ravageur/,https://goldapple.ru/parfjumerija/nishevaja-parfjumerija?p=31,"Musc Ravageur был выпущен в 2000 году и обозначил новую веху в истории амбровых ароматов. Автором этой чувственной, глубокой, но идеально сбалансированной, волнующей и загадочной композиции стал Морис Русель. Он создавал Musc Ravageur как «акт соблазна и великодушия», и этот бескомпромиссный амбровый аромат уверенно противостоит всем мифам и тенденциям. Musc Ravageur открывается взрывным аккордом бергамота, мандарина и корицы, который уступает место ванили, мускусу и амбре. Это сексуальный аромат, воплощающий губительный дух непокорности.","Нанесите аромат на запястья, шею и точки пульса, чтобы он раскрылся от тепла тела и остался с вами до самого вечера.",Франция,31
607,2026-10-01T09:56:23.743051,20261001_080712_1756e2c0,19760336294,parfjumerija/nishevaja-parfjumerija,MEMO Paris,Sintra,Парфюмерная вода,31696.0,31696.0,0.0,1,4.9,https://goldapple.ru/19760336294-sintra/,https://goldapple.ru/parfjumerija/nishevaja-parfjumerija?p=31,"Ощутите чарующее очарование парфюмированной воды Sintra от Memo Paris, аромата, который пробуждает волшебство детских воспоминаний и сказочных пейзажей. Выпущенный в 2020 году парфюм Sintra открывается ярким сочетанием нероли, петигрена, красных фруктов и бергамота, создавая атмосферу залитого солнцем сада в полном цвету. По мере раскрытия аромата сердце раскрывается сочным сочетанием цветов апельсина, молока, смол, жасмина, корицы и розы, придавая аромату глубину и нотку ностальгии. В основе композиции - восхитительные ноты маршмеллоу, мадагаскарской ванили, карамели, мускуса и кедра, которые создают теплое и стойкое послевкусие, напоминающее сладкие грезы. Sintra - это больше, чем просто аромат; это обонятельное путешествие, которое перенесет вас в причудливый мир сладости и света, что делает его неотразимым выбором для тех, кто ищет аромат, который одновременно успокаивал бы и завораживал.","Распылите на пульсирующие зоны, такие как запястья, шея, за ушами и внутренняя сторона локтя. Избегайте контакта с одеждой, чтобы сохранить качество аромата.",Швейцария,31
608,2026-10-01T09:56:33.155280,20261001_080712_1756e2c0,19760340607,parfjumerija/nishevaja-parfjumerija,Zielinski & Rozen,"Vetiver, Lemon",Крем для тела,3990.0,3990.0,0.0,1,4.8,https://goldapple.ru/19760340607-vetiver-lemon-bergamot/,https://goldapple.ru/parfjumerija/nishevaja-parfjumerija?p=31,"Баланс эстетики и функциональности. Тонкий аромат и легкая, но при этом насыщенная текстура делают нанесение максимально комфортным: крем равномерно распределяется и быстро впитывается, не оставляя ощущения липкости, питает и увлажняет кожу. Ароматы продукции Zielinski&Rozen изменили свое наименование без изменения состава.",Нанесите крем на сухую или слегка влажную кожу и распределите легкими массажными движениями до полного впитывания.,Израиль,31
609,2026-10-01T09:56:43.214692,20261001_080712_1756e2c0,19000349574,parfjumerija/nishevaja-parfjumerija,Les Soeurs de Noe,Citrus Poetry,Парфюмерная вода,24480.0,24480.0,0.0,1,4.8,https://goldapple.ru/19000349574-citrus-poetry/,https://goldapple.ru/parfjumerija/nishevaja-parfjumerija?p=31,"Лето, сицилийское побережье. Ты бежишь по апельсиновому саду, а потом останавливаешься, срываешь один фрукт - апельсиновый сок течёт по твоим рукам и телу, оставляя на коже тот самый аромат с привкусом терпких горьковатых косточек. Опьяненная этим запахом, ты ложишься под дерево, и тут… дует ветер и приносит с моря рождённую в нем амбру, которая, уже приближаясь к тебе, захватывает аромат мха с обратной стороны дерева, под которым ты лежишь.","Для нанесения на кожу, волосы или одежду.",Франция,31
610,2026-10-01T09:56:52.633166,20261001_080712_1756e2c0,36050400001,parfjumerija/nishevaja-parfjumerija,CASAMORATI,1888,Парфюмерная вода,11687.0,11687.0,0.0,1,4.8,https://goldapple.ru/36050400001-1888/,https://goldapple.ru/parfjumerija/nishevaja-parfjumerija?p=31,"Самый первый частный аромат Casamorati, воссозданный из утерянной ранее формулы. Аромат, принесший Casamorati титул поставщика королевского двора",Не указано,Италия,31
611,2026-10-01T09:57:04.586133,20261001_080712_1756e2c0,90150100009,parfjumerija/nishevaja-parfjumerija,Zielinski & Rozen,"Vetiver, Lemon",Гель для душа,2590.0,2590.0,0.0,1,4.7,https://goldapple.ru/90150100009-vetiver-lemon-bergamot/,https://goldapple.ru/parfjumerija/nishevaja-parfjumerija?p=31,"Уход, ароматерапия и признание в любви в одном флаконе. Бодрящий аромат способствует пробуждению, натуральные масла увлажняют кожу и питают, а мягкая пена позволяет по-настоящему насладиться редкими минутами наедине с собой. Ароматы продукции Zielinski&Rozen изменили свое наименование без изменения состава.","Нанесите небольшое количество геля на влажную кожу, вспеньте руками или с помощью мочалки, а затем смойте.",Израиль,31
612,2026-10-01T09:57:14.754191,20261001_080712_1756e2c0,19000412471,parfjumerija/nishevaja-parfjumerija,Al-Jazeera Perfumes,Magic,Парфюмерная вода,15912.0,15912.0,0.0,1,5.0,https://goldapple.ru/19000412471-magic/,https://goldapple.ru/parfjumerija/nishevaja-parfjumerija?p=31,"Al Jazeera Perfumes — роскошь и элегантность в каждом аромате. Основанная в 1998 году, компания быстро завоевала признание, расширившись до 60 филиалов по всему миру, включая бутик на Елисейских полях в Париже. Мы предлагаем премиальные духи в изысканной упаковке, используя оригинальные ароматы от ведущих французских производителей. Наша коллекция объединяет восточные традиции и западную утонченность, удовлетворяя самым взыскательным вкусам. Magic — это симфония очарования, которая переносит вас в мир грез. Ноты турецкой розы открываются пленительным танцем, открывая древние сказки, где любовь цветет в каждом уголке. С каждым вдохом морские ноты проникают внутрь, окутывая ваши чувства океанским бризом, словно вы наслаждаетесь волнами под сияющим солнцем. Цвета смешиваются и исчезают, позволяя проявиться теплу ванили, нежно обнимая розу, добавляя сладость, похожую на объятия друзей в моменты радости. Наконец, таинственно появляется пачули, привнося глубину, как звезды которые украшают ночное небо. Парфюмер: Люк Донг","Наносить на неповрежденные участки кожи, волос и одежду.",Франция,31
613,2026-10-01T09:57:24.487988,20261001_080712_1756e2c0,19000492003,parfjumerija/nishevaja-parfjumerija,Zielinski & Rozen,"Saffron, Grapefruit, Elemi, Tobacco",Нет категории,2790.0,2790.0,0.0,1,4.7,https://goldapple.ru/19000492003-zielinski-rozen-saffron-grapefruit-elemi-tobacco/,https://goldapple.ru/parfjumerija/nishevaja-parfjumerija?p=31,Стойкий аромат-унисекс. Оставляет легкий шлейф.,"Распылите на кожу или одежду с расстояния 30 см. Либо распылите парфюм перед собой и войдите в образовавшееся облако. Чтобы аромат сохранялся дольше, наносите его на разогретое или влажное тело.",Россия,31
614,2026-10-01T09:57:33.779653,20261001_080712_1756e2c0,26175100002,parfjumerija/nishevaja-parfjumerija,MONTALE,Sweet Peony,Нет категории,8109.0,8109.0,0.0,1,4.8,https://goldapple.ru/26175100002-sweet-peony/,https://goldapple.ru/parfjumerija/nishevaja-parfjumerija?p=31,"Сладкий пион - это ода в исполнение Пьера Монталя, в которой он воспевает головокружительный запах одного из самых красивейших цветков Пиона в цветочно-фруктовом обрамление. Аромат в самом начале раскрывается строчками немного пряного жасмина и бархатистой розы с нежной мякотью персика и душистого кокоса. В базе- носит гурманский древесный характер, подчеркивающий решительность современной женщины, дополняя её образ нотами сандала, Яванской гвоздики, тропической ванили и индонезийским кофе.","Распылите на пульсирующие зоны: запястья, шею, за ушами и внутреннюю сторону локтя. Избегайте контакта с одеждой. Для повышения стойкости рекомендуем наносить на хорошо увлажненную кожу.",Франция,31
615,2026-10-01T09:57:43.647589,20261001_080712_1756e2c0,19000512046,parfjumerija/nishevaja-parfjumerija,Kilian Paris,Angels' Share,Парфюмерная вода,19530.0,19530.0,0.0,1,4.9,https://goldapple.ru/19000512046-kilian-paris-angels-share/,https://goldapple.ru/parfjumerija/nishevaja-parfjumerija?p=31,"Источник вдохновения Килиана Хеннесси. Представляя новую коллекцию ароматов, Килиан Хеннесси как потомок знаменитой французской династии производителей коньяка отдает дань уважения своему наследию и любимым крепким напиткам, которые сопровождают долгие вечеринки до самого рассвета. Angels’ Share — это первый аромат Killian, созданный в сотрудничестве с французским парфюмером Бенуа Лапуза, и, пожалуй, самый личный на данный момент аромат для Килиана, ведь основатель бренда представляет восьмое поколение династии Хеннесси, прославившейся своими достижениями в коньячном искусстве. Название Angels’ Share — это глубокая отсылка к воспоминаниям Килиана Хеннесси о самом загадочном феномене в коньячном деле — «доле ангелов». Аромат Angels’ Share содержит коньячную эссенцию, которая получена из самого напитка и придает ему натуральный карамельный цвет. Вслед за этой верхней нотой начинает звучать абсолют дубовых бочек, эссенция корицы и абсолют бобов тонка. Стойкие акценты сандала, пралине и ванили образуют неповторимый изысканный шлейф, достойный истинных ангелов.","Нанесите аромат на запястья, шею и точки пульса на очищенную и увлажненную кожу, чтобы он раскрылся от тепла тела и остался с вами до самого вечера. 
Не растирайте.",Франция,31
616,2026-10-01T09:57:54.790313,20261001_080712_1756e2c0,19000217038,parfjumerija/nishevaja-parfjumerija,Vilhelm Parfumerie,Back To The Roots,Парфюмерная вода,14437.0,14437.0,0.0,1,4.8,https://goldapple.ru/19000217038-back-to-the-roots/,https://goldapple.ru/parfjumerija/nishevaja-parfjumerija?p=31,"Аромат Back To The Roots — умиротворяющая композиция. Это воплощение баланса и гармонии, когда ваши чувства обострены, а разум спокоен. Вознеситесь над хаосом и смакуйте каждое мгновение. Забудьте о прошлом и будущем, чтобы сконцентрироваться на ощущениях здесь и сейчас. Отрекитесь от самого себя — чтобы вновь себя обрести. Все очень просто. Покой — вот высшее проявление роскоши",Нанести на пульсирующие точки,Франция,31
617,2026-10-01T09:58:03.704324,20261001_080712_1756e2c0,19000206614,parfjumerija/nishevaja-parfjumerija,Birkholz,Visions of Venice,Парфюмерная вода,20656.0,20656.0,0.0,1,4.8,https://goldapple.ru/19000206614-visions-of-venice/,https://goldapple.ru/parfjumerija/nishevaja-parfjumerija?p=31,"Интригующий аромат BIRKHOLZ посвящен загадкам Венеции – уникального города с богатой историей и множеством нераскрытых секретов. Здесь у каждого здания, канала и каждой извилистой улочки – своя увлекательная история. Таинственный и неповторимый дух Венеции отражают свежие верхние ноты фруктов, цветочный дуэт розы и фиалки и богатая, насыщенная база с чувственным древесным аккордом и тонкой сладостью ванили и пралине. Композиция напоминает об ароматах восточных специй, витающих в городе, венецианских цветочных рынках и об ощущении свободы, которое ощущаешь в этом удивительном месте.",Только для наружного применения.,Германия,31
618,2026-10-01T09:58:13.327338,20261001_080712_1756e2c0,82820100011,parfjumerija/nishevaja-parfjumerija,Parfums de Marly,Delina,Парфюмерная вода,33750.0,33750.0,0.0,1,4.7,https://goldapple.ru/82820100011-delina/,https://goldapple.ru/parfjumerija/nishevaja-parfjumerija?p=31,"Аромат для женщин Parfums de Marly Delina уже только своим внешним видом не оставляет никого равнодушным. Пройти мимо столь изящно оформленного флакона просто невозможно! Цветочную композицию парфюмер Quentin Bisch создавал для элегантных дам, обладающих чувством стиля и безупречным вкусом. В начале благородного мотива доминируют ревень и личи. Бергамот присутствует в стартовом аккорде лишь символически. Пион – полноправный обладатель сердца – дополнен розой и ландышем. Красивый букет вышит на тончайшей дорогой ткани базы из мускуса, ванили и кашмерана.","Распылите на пульсирующие зоны: запястья, шею, за ушами и внутреннюю сторону локтя. Избегайте контакта с одеждой. Для повышения стойкости рекомендуем наносить на хорошо увлажненную кожу.",Франция,31
619,2026-10-01T09:58:21.183442,20261001_080712_1756e2c0,19000155914,parfjumerija/nishevaja-parfjumerija,CHOPARD,Imperiale Iris malika,Парфюмерная вода,12476.0,12476.0,0.0,1,4.6,https://goldapple.ru/19000155914-imperiale-iris-malika/,https://goldapple.ru/parfjumerija/nishevaja-parfjumerija?p=31,"Современный и женственный аромат Chopard воспевает роскошную ноту ириса – одного из самых аристократичных и благородных цветов. Королевский цветочный букет с чарующим ирисом, иланг-илангом и жасмином украшают соблазнительные ноты сочных ягод, древесный аккорд, теплые ноты смол и пряные специи. Роскошная парфюмерная композиция посвящена императрицам нашего времени – смелым и уверенным в себе женщинам. Парфюмер – Dora Baghriche.",Только для наружного применения.,Италия,31
620,2026-10-01T09:58:30.318770,20261001_080712_1756e2c0,19760331243,parfjumerija/nishevaja-parfjumerija,Zielinski & Rozen,Oakmoss & Amber,Твердое мыло,890.0,890.0,0.0,1,4.8,https://goldapple.ru/19760331243-oakmoss-amber/,https://goldapple.ru/parfjumerija/nishevaja-parfjumerija?p=31,"Ароматное мыло — беспроигрышный подарок по любому поводу и любому человеку: в том числе, самому себе. В составе — только натуральные ингредиенты, которые мягко и эффективно очищают кожу от загрязнений и не оставляют ощущения сухости после мытья. Подходит для ежедневного мытья рук и тела, а компактную металлическую мыльницу удобно брать с собой в путешествия. Также твердое мыло можно использовать как саше: если положить его в шкаф с одеждой, гардероб наполнится любимым ароматом.",Храните мыло в гардеробе в качестве саше или используйте по прямому назначению: вспеньте в руках и смойте водой.,Россия,31
621,2026-10-01T09:58:56.614254,20261001_080712_1756e2c0,19760330285,parfjumerija/nishevaja-parfjumerija,Zielinski & Rozen,"Moisturizing cream, Universal",Крем для лица,3990.0,3990.0,0.0,1,4.8,https://goldapple.ru/19760330285-moisturizing-cream-universal/,https://goldapple.ru/parfjumerija/nishevaja-parfjumerija?p=32,"Косметическое воплощение принципа slow life: неспешного созерцания и наслаждения жизнью. Состав выверен и деликатен: масло ши, миндальное масло, витамин Е — естественный антиоксидант, борющийся с негативными факторами окружающей среды и возрастными изменениями. Текстура дневного крема — легкая и невесомая, ночного — более плотная: это средство можно использовать в качестве маски или как дневной уход в холодное время года. Подходит как женщинам, так и мужчинам.",Разогрейте небольшое количество крема в руках и нанесите на кожу. Через 15-20 минут можно наносить средство с SPF и делать макияж.,Израиль,32
622,2026-10-01T09:59:07.162301,20261001_080712_1756e2c0,83321900002,parfjumerija/nishevaja-parfjumerija,Jo Malone London,Lime Basil & Mandarin,Гель-скраб для тела,5250.0,5250.0,0.0,1,5.0,https://goldapple.ru/83321900002-lime-basil-mandarin-shower-scrub/,https://goldapple.ru/parfjumerija/nishevaja-parfjumerija?p=32,"Всего один очищающий гель-скраб для тела делает кожу чистой и гладкой. Средство с нашим фирменным ароматом Lime Basil & Mandarin заряжает кожу энергией. Попробуйте необычное сочетание пряного базилика, ароматного белого тимьяна и бодрящего карибского лайма. Благодаря идеально подобранной комбинации отшелушивающих ингредиентов средство удобно в применении, прекрасно подходит для ежедневного ухода и дарит коже мягкость и заряд энергии. Мягкие частицы орехов жожоба, апельсиновая цедра мелкого помола и стебель бамбука бережно удаляют сухие отмершие клетки кожи и загрязнения. Кожа становится мягкой и упругой. Теперь она полностью готова к нанесению крема для тела Jo Malone London.",Не указано,Великобритания,32
623,2026-10-01T09:59:19.699086,20261001_080712_1756e2c0,19000021504,parfjumerija/nishevaja-parfjumerija,Zielinski & Rozen,"Cedarwood,Patchouli,Jasmine",Нет категории,2371.0,2371.0,0.0,1,4.7,https://goldapple.ru/19000021504-717/,https://goldapple.ru/parfjumerija/nishevaja-parfjumerija?p=32,"Я хочу, чтобы парфюм трогал до глубины души, говорил о личности и отражал ее уникальность. Эрез Розен Замысловатая ольфакторная книга, сюжет которой раскрывается новыми гранями на каждом человеке. Необычные сочетания нот и оригинальное построение аккордов подчеркивают индивидуальность и раскрывают суть ярче любых слов. Все ароматы Zielinski&Rozen категории унисекс.",Наносите парфюм по обе стороны плеч или распылите впереди себя и войдите в «облако» аромата.,Россия,32
624,2026-10-01T09:59:30.524115,20261001_080712_1756e2c0,19000407551,parfjumerija/nishevaja-parfjumerija,Mancera,Cinque Terre,Нет категории,11302.0,11302.0,0.0,1,4.8,https://goldapple.ru/19000407551-cinque-terre/,https://goldapple.ru/parfjumerija/nishevaja-parfjumerija?p=32,"Cinque Terre переносит вас в утро на итальянском побережье, где солнечные лучи согревают дома на скалах. Композиция ведет вас по тропе, окруженной розмарином и лимонными деревьями, прежде чем вы доберетесь до величественных сосен, возвышающихся над морем. Постепенно, она переходит в теплую, чувственную базу, напоминающую вечер у моря, где соленый воздух смешивается с ароматом дерева и экзотическими специями. Этот аромат — приглашение отправиться на залитые солнцем берега Италии, неизгладимо впечатляя элегантностью, неподвластной времени.",Нанести на пульсирующие точки.,Франция,32
625,2026-10-01T09:59:40.269074,20261001_080712_1756e2c0,19000118293,parfjumerija/nishevaja-parfjumerija,Juliette Has A Gun,Vanilla vibes,Парфюмерная вода,4207.0,4207.0,0.0,1,4.6,https://goldapple.ru/19000118293-vanilla-vibes/,https://goldapple.ru/parfjumerija/nishevaja-parfjumerija?p=32,"Насладитесь путешествием! Ольфакторный твист двух противоположностей: теплое звучание натуральной ванили и свежие оттенки морской соли, благодаря которой ваниль предстает в необычном минеральном воплощении… В этом аромате ваниль потеряла свою сладостную сущность, и стала более атмосферной, более элегантной… Воплощение яркой, свободной, чувственной женственности. Vanilla Vibes – это гимн приключениям и свободе!",Нанести на пульсирующие точки.,Франция,32
626,2026-10-01T09:59:49.634323,20261001_080712_1756e2c0,19000355255,parfjumerija/nishevaja-parfjumerija,Hormone Paris,This is Not Serotonin,Духи,22130.0,22130.0,0.0,1,4.7,https://goldapple.ru/19000355255-serotonin/,https://goldapple.ru/parfjumerija/nishevaja-parfjumerija?p=32,"Этот аромат способен поднимать настроение, словно серотонин, известный как «гормон счастья». Пленительная парфюмерная композиция мягко пробуждает позитивные эмоции благодаря интригующему сочетанию теплых и свежих нот. Аромат встречает дразнящими нотами кофе и шоколада, которые контрастируют с бодрящими акцентами полыни и бергамота. Пробудить приятный трепет и радость помогают нежные белые цветы, волнующий аккорд табака и тонкая сладость карамели. Согревающую ауру удовольствия дополняют мягкие ваниль и сандал, умиротворяющий ладан и соблазнительный амброксан.","Нанесите 1–2 распыления аромата на запястья, шею и точки пульса. Не растирайте — это может изменить звучание композиции. Позвольте аромату раскрыться естественно.",Франция,32
627,2026-10-01T09:59:59.777296,20261001_080712_1756e2c0,26161700003,parfjumerija/nishevaja-parfjumerija,MONTALE,Pure Gold,Парфюмерная вода,13727.0,13727.0,0.0,1,4.8,https://goldapple.ru/26161700003-pure-gold/,https://goldapple.ru/parfjumerija/nishevaja-parfjumerija?p=32,"Pure Gold – согретые на солнце цветы и фрукты, похожие в ярких лучах на драгоценные украшения из чистого золота. Солнце растапливает их в своих объятьях, делая более податливыми, раскрепощенными, заставляя звучать «во весь голос», чувственно и призывно. Pure Gold медовый и маслянистый, как густой, знойный воздух летнего полудня. Никогда еще ароматы цветов и фруктов не звучали так головокружительно и так опьяняюще, как в этот день лета…",Не указано,Франция,32
628,2026-10-01T10:00:10.536965,20261001_080712_1756e2c0,19000512055,parfjumerija/nishevaja-parfjumerija,Kilian Paris,Angels' Share on the Rocks,Парфюмерная вода,17577.0,17577.0,0.0,1,5.0,https://goldapple.ru/19000512055-kilian-paris-angels-share-on-the-rocks/,https://goldapple.ru/parfjumerija/nishevaja-parfjumerija?p=32,"Совершенный баланс ледяной свежести и соблазнительной насыщенности. Новый способ поддаться искушению. Вдохновлённый наследием Килиана Хеннесси, Angels’ Share on the Rocks заново переосмысливает изысканность аромата Angels’ Share. Эксклюзивный ледяной аккорд On the Rocks, отличительная визитная карточка KILIAN PARIS, превращает композицию в искрящийся коктейль из бергамота, грейпфрута и альдегидов, даря кристальную прохладу этому роскошному эликсиру. Ослепительная свежесть постепенно раскрывается тёплой глубиной коньячной эссенции, обогащённой смолой мирры и абсолютом бобов тонка, словно морозное сияние встречается с мягким янтарным очарованием.","Нанесите аромат на запястья, шею и точки пульса на очищенную и увлажненную кожу, чтобы он раскрылся от тепла тела и остался с вами до самого вечера. 
Не растирайте.",Франция,32
629,2026-10-01T10:00:20.826253,20261001_080712_1756e2c0,19000467324,parfjumerija/nishevaja-parfjumerija,Zielinski & Rozen,Black Vanilla,Парфюмированный лосьон для рук и тела,1100.0,1100.0,0.0,1,4.6,https://goldapple.ru/19000467324-black-vanilla/,https://goldapple.ru/parfjumerija/nishevaja-parfjumerija?p=32,"Имеет легкую текстуру, увлажняет и питает кожу. Подходит для всех типов кожи.",Нанесите на сухую или влажную кожу легкими массирующими движениями до полного впитывания.,Израиль,32
630,2026-10-01T10:00:30.465965,20261001_080712_1756e2c0,19760314706,parfjumerija/nishevaja-parfjumerija,Parle Moi De Parfum,HAUTE PROVENCE,Парфюмерная вода,9075.0,9075.0,0.0,1,4.8,https://goldapple.ru/19760314706-haute-provence/,https://goldapple.ru/parfjumerija/nishevaja-parfjumerija?p=32,"У каждого француза есть свои воспоминания связанные с Провансом. Конечно у всех они разные, но есть то, что их объединяет - ощущение света, счастья и тепла.
Для взрослых и детей Прованс - это синоним отпуска, каникул, самых
беззаботных дней жизни. Haute Provence / 89 - это воплощение наших
воспоминаний, эликсир чистой радости! Конечно лаванда - звезда этой композиции, но раскрывается она не сразу, а лишь
постепенно, дополняя первые солнечные оттенки аккордов дыни и арбуза.
Лавандовая звезда никогда не остается одна, и на протяжении всей композиции
звучит в паре с невероятно соблазнительным нарциссом, создавая кокетливый,
флиртующий шлейф.",Не указано,Франция,32
631,2026-10-01T10:00:39.893969,20261001_080712_1756e2c0,19000206599,parfjumerija/nishevaja-parfjumerija,Birkholz,Mornings in Milano,Парфюмерная вода,17078.0,17078.0,0.0,1,4.7,https://goldapple.ru/19000206599-mornings-in-milano/,https://goldapple.ru/parfjumerija/nishevaja-parfjumerija?p=32,"Теплый, чарующий и нежный, как рассвет в Милане, аромат BIRKHOLZ со сливочной и фруктовой гранями заряжает бодрящей энергией утра. Парфюмерная композиция напоминает о первых мгновениях дня, когда сквозь шелковые шторы становятся видны очертания Милана, утопающего в волшебном золотистом свете восходящего солнца. Красоту этого завораживающего момента передают нежные ноты кокоса и ванили, свежесть личи и необыкновенный цветочный аккорд.",Только для наружного применения.,Германия,32
632,2026-10-01T10:00:49.106684,20261001_080712_1756e2c0,83710200010,parfjumerija/nishevaja-parfjumerija,Parle Moi De Parfum,WOODY PERFECTO/107,Парфюмерная вода,10285.0,10285.0,0.0,1,4.9,https://goldapple.ru/83710200010-woody-perfecto-107/,https://goldapple.ru/parfjumerija/nishevaja-parfjumerija?p=32,"Парфюмерная композиция Parle Moi de Parfum Woody Perfecto, по признанию ее создателя, известного французского парфюмера Мишеля Альмарка, была навеяна воспоминаниями задорной бунтарской юности. Дух рок-н-ролла, свободы, жизнелюбия и беззаботности прослеживается в каждой нотке этого восточно-древесного аромата. Woody Perfecto / 107 - это композиция, построенная на трех ярких нотах. Ветивер, кожа и кофе - то, что мгновенно дает нам почувствовать себя рок-идолом, жить в мире шумных концертов, бессонных ночей и страстных поклонниц. Woody Perfecto / 107 был создан Мишелем Альмараком и выпущен в 2016 году семейным брендом Parle Moi de Parfum. Это аромат-унисекс, предназначенный как для мужчин, так и для женщин. Относится к семейству древесных. Ольфакторная пирамида стартует пикантными и чувственными нотками кофе. В сердце аромата Parle Moi de Parfum Woody Perfecto звучат аккорды ветивера. Базовыми стали благородные кожаные ноты, придающие всей композиции настроение уюта и спокойствия. Аромат Parle Moi de Parfum Woody Perfecto представлен в минималистичном белом флакончике с черной крышечкой. Такая сдержанность дополнительно подчеркивает богатство оттенков самого парфюма.",Не указано,Франция,32
633,2026-10-01T10:00:59.774519,20261001_080712_1756e2c0,82091900004,parfjumerija/nishevaja-parfjumerija,Histoires de Parfums,1899 Hemingway,Нет категории,4940.0,4940.0,0.0,1,4.7,https://goldapple.ru/82091900004-1899-hemingway/,https://goldapple.ru/parfjumerija/nishevaja-parfjumerija?p=32,"Аромат посвящен Эрнесту Хемингуэю. Ночь срывает маски с «города огней» — Парижа, сияющего блеском свободы. На улицах города художники и писатели ищут вдохновения и переносят игры любви и соблазнения на холст и бумагу, используя современный язык искусства. Шампанское льется на горки хрустальных бокалов, а звуки музыки в исполнении первых джазовых групп заставляют стены кафе трепетать. Игривая ваниль исчезает, играя в прятки с энергичным ветивером. В такие моменты нельзя терять ни секунды; все возможно. Ночь принадлежит тем, кто знает, как ее прожить.",По мере необходимости.,Франция,32
634,2026-10-01T10:01:09.140814,20261001_080712_1756e2c0,19000209345,parfjumerija/nishevaja-parfjumerija,Zielinski & Rozen,"Grapefruit, Patchouli, White Rose",Нет категории,1690.0,1690.0,0.0,1,4.7,https://goldapple.ru/19000209345-grapefruit-patchouli-white-rose/,https://goldapple.ru/parfjumerija/nishevaja-parfjumerija?p=32,"Крем для рук интенсивно питает и смягчает кожу, легко впитывается, имеет мягкую текстуру.",Выдавить небольшое количество на чистые руки и равномерно распределить. Повторяйте по мере необходимости.,Израиль,32
635,2026-10-01T10:01:19.389299,20261001_080712_1756e2c0,19000037670,parfjumerija/nishevaja-parfjumerija,Kilian Paris,"Love, Don't Be Shy Extreme",Парфюмерная вода,39870.0,39870.0,0.0,1,5.0,https://goldapple.ru/19000037670-love-extreme/,https://goldapple.ru/parfjumerija/nishevaja-parfjumerija?p=32,"Источник вдохновения Килиана Хеннесси. Легендарный изысканный аромат Love, don't be shy приобрел новое прочтение в версии EXTREME с насыщенными нотами болгарской розы Love, don't be shy – EXTREME принадлежит к категории соблазняющих ароматов, вызывающих настоящую зависимость у особенно чувственных натур. Версия extreme отличается от оригинальной композиции роскошными, кристально чистыми цветочными акцентами. Ноты цветов апельсина и опьяняюще насыщенный аромат розы сливаются в изысканный эликсир, перед которым не устоит ни один ценитель прекрасного. Чтобы сохранить всю яркость аромата, лепестки роз собираются вручную на рассвете. Именно ручное мастерство помогает создать композицию, способную затронуть самые глубинные ноты души. Категория ароматов: Cоблазняющие Парфюмер: Калис Беккер Love, don’t be shy Extreme принадлежит к категории соблазняющих ароматов. Каждый пополняемый флакон KILIAN PARIS — это произведение искусства высочайшего качества, созданное с особым вниманием к деталям. Флаконы соблазняющих ароматов покрыты белым лаком и украшены гравировкой с изображением щита Ахиллеса. Как говорит Килиан Хеннесси: «Аромат — это не только оружие соблазнения, но и ваша защита». Золотистая металлическая пластина, на которой вручную выгравировано название аромата, делает флакон еще более утонченным. Внимание к деталям является гарантией роскоши бренда KILIAN PARIS, а как известно, настоящая роскошь не эфемерна — она длится всю жизнь. Именно поэтому флакон этого неповторимого аромата предполагает многоразовое использование.","Нанесите аромат на запястья, шею и точки пульса на очищенную и увлажненную кожу, чтобы он раскрылся от тепла тела и остался с вами до самого вечера. Не растирайте.",Франция,32
636,2026-10-01T10:01:33.367868,20261001_080712_1756e2c0,82401800002,parfjumerija/nishevaja-parfjumerija,Frederic Malle,Portrait Of A Lady,Парфюмерная вода,30000.0,30000.0,0.0,1,4.9,https://goldapple.ru/82401800002-portrait-of-a-lady/,https://goldapple.ru/parfjumerija/nishevaja-parfjumerija?p=32,"С Домиником мы познакомились в 1988 году в Roure Bertrand. Уже тогда он производил впечатление свободомыслящего человека. Его невероятное мастерство, с годами отточенное до совершенства, позволяло воплощать в жизнь любые парфюмерные причуды. Мы доверяем друг другу настолько, что порой осмеливаемся приступить к работе над ароматом, не составив точный план или не определив цель, надеясь лишь на то, что наши исследования приведут к любопытным результатам. Одно из таких парфюмерных приключений привело к созданию аромата Portrait of a Lady. Нас обоих можно назвать большими поклонниками аромата Geranium pour Monsieur. Для нас очень ценен аккорд, лежащий в основе его свежей композиции, а потому, собираясь создать современный амбровый парфюм, мы решили воспользоваться именно им. Так, в основу будущего аромата легли бензоин, мускус, сандаловое дерево и пачули. Portrait of a Lady - это результат амбициозного переосмысления амбровой категории ароматов, основанного на щедром обилии пачули, составляющим треть аромата, аккорда белого мускуса, делающего композицию более женственной, и исключительной эссенции 400 бутонов турецкой розы. Фредерик Маль","Нанесите аромат на запястья, шею и точки пульса, чтобы он раскрылся от тепла тела и остался с вами до самого вечера.",Франция,32
637,2026-10-01T10:01:44.624294,20261001_080712_1756e2c0,90150300009,parfjumerija/nishevaja-parfjumerija,Zielinski & Rozen,"Vetiver, Lemon",Жидкое мыло,2390.0,2390.0,0.0,1,4.9,https://goldapple.ru/90150300009-vetiver-lemon-bergamot/,https://goldapple.ru/parfjumerija/nishevaja-parfjumerija?p=32,"Эффективно очищает от всех видов загрязнений и подходит для ежедневного использования: средство содержит увлажняющие и смягчающие натуральные масла. Приятный бонус — ароматный шлейф, остающийся на коже несколько часов. Ароматы продукции Zielinski&Rozen изменили свое наименование без изменения состава.","Нажмите на дозатор, вспеньте мыло в руках и затем смойте водой.",Израиль,32
638,2026-10-01T10:01:54.533198,20261001_080712_1756e2c0,19000110270,parfjumerija/nishevaja-parfjumerija,Vilhelm Parfumerie,Do Not Disturb,Парфюмерная вода,14437.0,14437.0,0.0,1,4.9,https://goldapple.ru/19000110270-do-not-disturb/,https://goldapple.ru/parfjumerija/nishevaja-parfjumerija?p=32,"Тайная комната на цокольном этаже клуба Studio 54. Место, где нет никаких правил и запретов, где на двери висит табличка «Не беспокоить» - говорят, что эту табличку никогда не снимали! Ходят слухи, что здесь были замечены Фредди Меркьюри, Дэвид Боуи, Халстон и Грейс Джонс. Одно абсолютно точно – те, кто осмелился сюда войти, говорят, что они словно оказались в мире Алисы в Стране Чудес, в мире зазеркалья! Парфюмерные сцены из прошлого Мэрилин Монро и Рэт Пэк, потягивающих коктейли в холле знаменитого отеля Бэверли Хиллз.",Укутайтесь в облако любимой композиции с самого утра.,Франция,32
639,2026-10-01T10:02:04.930971,20261001_080712_1756e2c0,19000467306,parfjumerija/nishevaja-parfjumerija,Zielinski & Rozen,"Amberwood, Vanilla, Davana",Парфюмированный крем для тела,3990.0,3990.0,0.0,1,4.7,https://goldapple.ru/19000467306-amberwood-vanilla-davana/,https://goldapple.ru/parfjumerija/nishevaja-parfjumerija?p=32,"Имеет легкую текстуру, увлажняет и питает кожу. Подходит для всех типов кожи.",Нанесите на сухую или влажную кожу легкими массирующими движениями до полного впитывания.,Израиль,32
640,2026-10-01T10:02:14.771492,20261001_080712_1756e2c0,19000388852,parfjumerija/nishevaja-parfjumerija,CHOPARD,Jasmin Malika,Парфюмерная вода,12668.0,12668.0,0.0,1,4.7,https://goldapple.ru/19000388852-jasmin-malika/,https://goldapple.ru/parfjumerija/nishevaja-parfjumerija?p=32,"Представьте себе, как первый луч утренней зари играет на гранях оранжевого сапфира — яркого, сияющего и многообещающего. Аромат словно бы запечатлевает этот момент, окутывая вас аурой, которая ощущается одновременно и сильной, и безмятежной. Он не просто украшает вас, он становится частью вашего существа. В аромате раскрываются ноты искрящегося мандарина и мускатного ореха, оживлённые нероли. В сердце аромата цветут вместе жасмин самбак и грандифлорум, а также османтус. А база из пачули, киприола и амброкса придаёт глубину. Аромат идеально подходит для весны и осени.",Наносите на увлажнённые точки пульса и на одежду. Не втирайте в кожу.,Италия,32
641,2026-10-01T10:03:06.600694,20261001_080712_1756e2c0,19000315658,parfjumerija/nishevaja-parfjumerija,THOMAS KOSMALA,Ornate moon,Парфюмерная вода,20664.0,20664.0,0.0,1,4.8,https://goldapple.ru/19000315658-ornate-moon/,https://goldapple.ru/parfjumerija/nishevaja-parfjumerija?p=33,"Амброво-цветочный аромат THOMAS KOSMALA PARIS, созданный по мотивам ориентального ольфакторного профиля, погружает в атмосферу Ближнего Востока. Ладан и эфирное масло розы, традиционные для арабской парфюмерии, звучат в старте композиции. Ирис, ваниль и пачули в сердце аромата усиливают его многогранность, словно узоры на этническом орнаменте луны. Ценный уд и теплая амбра образуют нежный шлейф, дополненный современным аккордом пудрового, как вторая кожа, мускуса.",Распылять на кожу с расстояния 20-30 см.,Великобритания,33
642,2026-10-01T10:03:16.514787,20261001_080712_1756e2c0,19000240866,parfjumerija/nishevaja-parfjumerija,Jo Malone London,Vitamin E Hand & Lip Duo,Набор,6200.0,6200.0,0.0,1,4.9,https://goldapple.ru/19000240866-vitamin-e-hand-lip-duo/,https://goldapple.ru/parfjumerija/nishevaja-parfjumerija?p=33,"Два продукта из коллекции Vitamin E представлены в наборе Vitamin E Hand & Lip Duo. Питательный крем для рук, обогащенный витамином Е, обеспечивает оптимальный уход за кожей. Бальзам для губ, обогащенный витамином Е, питает, смягчает и разглаживает нежную кожу. Обладает легким ароматом ментола.​ Характеристики: Тип продукта: Крем для рук Витамин Е, Бальзам для губ Витамин Е Объем: 30мл и 15мл Текстура: Крем/ Гель Эффект: Увлажнение Для кого: Универсальный Страна производства: Бельгия",Крем для рук: разогрейте в ладонях небольшое количество крема и распределите по коже массирующими движениями. Бальзам для губ: Используйте для питания и защиты губ в течение дня и перед сном.​,Великобритания,33
643,2026-10-01T10:03:26.010881,20261001_080712_1756e2c0,19000402299,parfjumerija/nishevaja-parfjumerija,Kilian Paris,Princess Eau Fraiche,Нет категории,13590.0,13590.0,0.0,1,4.6,https://goldapple.ru/19000402299-princess-eau-fraiche/,https://goldapple.ru/parfjumerija/nishevaja-parfjumerija?p=33,"Дерзкая и одновременно нежная композиция KILIAN Paris PRINCESS EAU FRAICHE. Гурманская сладость маршмеллоу с перчинкой, PRINCESS EAU FRAICHE словно волшебный глоток чая матча, наполняет энергией и смелостью, с щепоткой дерзкого свежего бергамота, лимона и пряного имбиря, который придает остроты чувствам и смелости. «Очаровательный и трогательный аромат PRINCESS EAU FRAICHE, одновременно смелый и глубокий, будоражит своей свежестью и свободой» —объясняет Килиан Хеннесси. Ключевые ноты: бергамот, матча, зеленый чай и маршмеллоу.",Не указано,Франция,33
644,2026-10-01T10:03:35.212153,20261001_080712_1756e2c0,19000219030,parfjumerija/nishevaja-parfjumerija,Parfums de Marly,DELINA EXCLUSIF - ROYAL EDITION,Нет категории,25500.0,25500.0,0.0,1,4.7,https://goldapple.ru/19000219030-delina-exclusif-royal-edition/,https://goldapple.ru/parfjumerija/nishevaja-parfjumerija?p=33,"Чувственный, гурманский, глубокий Delina Exclusif настоящая душа аромата Delina.",Для наружного применения .,Франция,33
645,2026-10-01T10:03:43.825172,20261001_080712_1756e2c0,19000021522,parfjumerija/nishevaja-parfjumerija,Zielinski & Rozen,Nourishing,Ночной крем для лица,3990.0,3990.0,0.0,1,4.8,https://goldapple.ru/19000021522-universal/,https://goldapple.ru/parfjumerija/nishevaja-parfjumerija?p=33,Активное питание. Быстро впитывается благодаря легкой текстуре. Для всех типов кожи.,Нанесите на чистую кожу легкими массирующими движениями. Меры предосторожности: Избегайте попадания в глаза. При возникновении раздражения прекратите использование.,Израиль,33
646,2026-10-01T10:03:52.114747,20261001_080712_1756e2c0,19000285706,parfjumerija/nishevaja-parfjumerija,Ormonde Jayne,Champaca,Духи,28611.0,28611.0,0.0,1,4.8,https://goldapple.ru/19000285706-champaca/,https://goldapple.ru/parfjumerija/nishevaja-parfjumerija?p=33,"Чампака – хрупкий бледно-оранжевый цветок из Индии. Чампака – особый вид магнолии, который считается священным в долине Инда. Абсолю маленького цветка чампака – божественный, сливочно-цветочный аромат, элегантный и сокровенный. Композиция парфюма содержит ноты нероли и бамбука, дополненные ароматным рисом басмати и зеленым чаем, что по праву наделяет аромат уникальным звучанием и придает ему редкую, изысканную красоту.","Духи следует наносить в небольшом количестве, близко к коже (1-2 см), на тепловые точки: под коленями, область живота, запястья, сгибы локтей, район солнечного сплетения, точки за ушами, основание шеи со стороны спины, затылок. Как правило на одну точку достаточно несколько капель. Растирать духи не рекомендуется, так как это может нарушить правильный процесс раскрытия композиции. Для повышения стойкости рекомендуем наносить на хорошо увлажненную кожу, комбинируя с кремом, молочком или маслом для тела.",Великобритания,33
647,2026-10-01T10:04:01.185947,20261001_080712_1756e2c0,19000362512,parfjumerija/nishevaja-parfjumerija,Zielinski & Rozen,Dark Fig,Духи концентрированные,2371.0,2371.0,0.0,1,4.6,https://goldapple.ru/19000362512-dark-fig/,https://goldapple.ru/parfjumerija/nishevaja-parfjumerija?p=33,"Аромат категории унисекс. Долго сохраняется на коже, оставляя легкий шлейф. Раскрываются по системе пирамиды, сначала ноты головы, затем - ноты сердца и, наконец, базовые ноты, которые сохраняются дольше всего.",Распылять на кожу с расстояния 30 см. Для усиления стойкости аромата наносить на разогретое или влажное тело.,Россия,33
648,2026-10-01T10:04:10.620150,20261001_080712_1756e2c0,19000005034,parfjumerija/nishevaja-parfjumerija,Loewe,Esencia,Парфюмерная вода,15620.0,15620.0,0.0,1,4.7,https://goldapple.ru/19000005034-esencia/,https://goldapple.ru/parfjumerija/nishevaja-parfjumerija?p=33,"Парфюмерная вода LOEWE Esencia — культовый аромат, вдохновлённый бескрайними зелёными просторами Испании. Выразительная и насыщенная композиция объединяет более 200 компонентов, создающих неповторимое звучание. В верхних нотах раскрываются красные ягоды перца, базилик и эстрагон. Марокканский атласский кедр и пачули придают аромату глубокий древесный характер, а лаванда и бобы тонка добавляют мягкость и гармонию. Esencia Elixir  входит в коллекцию LOEWE Landscape — серию ароматов, вдохновлённую природой и испанским происхождением Дома LOEWE. Аромат  заключён в полупрозрачный стеклянный флакон глубокого тёмно-зелёного оттенка. Упаковка выдержана в фирменной монохромной эстетике и украшена изображением Polystichum munitum работы Карла Блоссфельдта — символом силы и простоты. LOEWE Esencia приглашает к чувственному путешествию в сердце природы. Это больше, чем аромат, — это воплощение ярких эмоций.","Небольшое количество нанести на тело, избегая попадания в глаза.",Испания,33
649,2026-10-01T10:04:20.383658,20261001_080712_1756e2c0,19000180812,parfjumerija/nishevaja-parfjumerija,Jo Malone London,Peony & Blush Suede,Гель для душа,8450.0,8450.0,0.0,1,5.0,https://goldapple.ru/19000180812-peony-blush-suede/,https://goldapple.ru/parfjumerija/nishevaja-parfjumerija?p=33,"Гель для душа Peony & Blush Suede бережно очищает и смягчает кожу, оставляя деликатный ароматический шлейф. Гелевая формула с кофеином и экстрактом пенника лугового при контакте с водой превращается в атласную пену. Аромат сочетает медовую сочность красного яблока, пышный букет пионов с оттенками розы и жасмина и пудровый аккорд розовой замши.",Нанесите небольшое количество геля на влажную кожу. Распределите массажными движениями. Тщательно смойте водой.,Великобритания,33
650,2026-10-01T10:04:31.205045,20261001_080712_1756e2c0,90150100004,parfjumerija/nishevaja-parfjumerija,Zielinski & Rozen,Black Vanilla,Гель для душа,2590.0,2590.0,0.0,1,4.6,https://goldapple.ru/90150100004-vanilla-blend/,https://goldapple.ru/parfjumerija/nishevaja-parfjumerija?p=33,"Уход и ароматерапия в одном флаконе. Гель для душа мягко очищает кожу, не пересушивая её благодаря ухаживающим компонентам в составе. Натуральные масла питают и увлажняют кожу, а нежная пена позволяет по-настоящему насладиться редкими минутами наедине с собой. Нежная гелевая текстура оставляет на коже ненавязчивый бодрящий аромат черной ванили. Подходит для всех типов кожи. Ароматы продукции Zielinski&Rozen изменили свое наименование без изменения состава.","Используйте гель для душа Zielinski & Rozen Black Vanilla для очищения кожи всего тела. Нанесите небольшое количество геля на влажную кожу, вспеньте руками или с помощью мочалки, избегая попадания в глаза. После вспенивания тщательно смойте гель водой.",Израиль,33
651,2026-10-01T10:04:40.295413,20261001_080712_1756e2c0,19000431986,parfjumerija/nishevaja-parfjumerija,BornToStandOut,MAD HONEY,Парфюмерная вода,8455.0,8455.0,0.0,1,5.0,https://goldapple.ru/19000431986-mad-honey/,https://goldapple.ru/parfjumerija/nishevaja-parfjumerija?p=33,"«Попробуйте всего один раз, и у вас случатся галлюцинации». Mad Honey бросает вызов условностям, сочетая в себе огромную дозу меда и рома с вызывающим привыкание абсолютом ванили. Всплеск дамасской розы и розового перца раскрывается более смелой ванилью, которая становится неотразимой благодаря абсолюту бобов тонка и резиноиду бензоина. Пачули и орканокс переплетаются, придавая аромату текстуру и стойкость, раскрывая более темные и глубокие тона для эйфорического соблазнительного ароматного объятия.","Распыляйте с расстояния 20-25 см. Не наносите на одежду, не используйте при нахождении на солнце.",Республика корея,33
652,2026-10-01T10:04:49.519362,20261001_080712_1756e2c0,36050400002,parfjumerija/nishevaja-parfjumerija,CASAMORATI,BOUQUET IDEALE,парфюмерная вода,11687.0,11687.0,0.0,1,4.7,https://goldapple.ru/36050400002-bouquet-ideale/,https://goldapple.ru/parfjumerija/nishevaja-parfjumerija?p=33,"Согревающий и обволакивающий аромат, основу которого составляют пудровый кашемир с оттенками ванили и папируса. Ноты корицы и мускатного ореха в сердце придают композиции пикантности. В нотах базы раскрывается чувственная смесь табачных цветов, абсолюта ладана, ванили, кумарина и мускуса. Bouquet Ideale переносит вас на далекий средиземноморский остров, куда ветры несут ароматы цветов и специй.",Не указано,Италия,33
653,2026-10-01T10:05:00.126902,20261001_080712_1756e2c0,19000021509,parfjumerija/nishevaja-parfjumerija,Zielinski & Rozen,Black Vanilla,Нет категории,2390.0,2390.0,0.0,1,4.7,https://goldapple.ru/19000021509-vanilla-blend/,https://goldapple.ru/parfjumerija/nishevaja-parfjumerija?p=33,"Эффективно очищает от всех видов загрязнений и подходит для ежедневного использования: средство содержит увлажняющие и смягчающие натуральные масла. Приятный бонус — ароматный шлейф, остающийся на коже несколько часов. Ароматы продукции Zielinski&Rozen изменили свое наименование без изменения состава.","Нажмите на дозатор, вспеньте мыло в руках и затем смойте водой.",Израиль,33
654,2026-10-01T10:05:10.184082,20261001_080712_1756e2c0,19000332304,parfjumerija/nishevaja-parfjumerija,Liquides Imaginaires,Lunatique,Нет категории,27360.0,27360.0,0.0,1,4.6,https://goldapple.ru/19000332304-lunatique/,https://goldapple.ru/parfjumerija/nishevaja-parfjumerija?p=33,"На латинском ""Lunaticus"" означает «находиться под влиянием Луны». Для этого аромата в серебряном флаконе Liquides Imaginaires черпает вдохновение в Луне, главном символе преображения. Она начинает свой путь в виде тонкого полумесяца, превращается в полный круг и завершает цикл в виде нежного «круассана» на небе. Парфюмерная вода Lunatique, основанная на идее признания и принятия темных и скрытых сторон, ведет по пути преображения и самопознания. Композиция побуждает исследовать тайные аспекты нашей личности и играть с ними, осваивая искусство перехода от света к тайне. Подобно тому, как луна показывает только освещенную сторону, сохраняя другую в вечной тайне, у нас есть грани, которые как открыты миру, так и скрыты от него.",Только для наружного применения.,Италия,33
655,2026-10-01T10:05:20.758155,20261001_080712_1756e2c0,82091900001,parfjumerija/nishevaja-parfjumerija,Histoires de Parfums,1899 Hemingway,Парфюмерная вода,13015.0,13015.0,0.0,1,4.9,https://goldapple.ru/82091900001-1899-hemingway/,https://goldapple.ru/parfjumerija/nishevaja-parfjumerija?p=33,"Аромат посвящен Эрнесту Хемингуэю. Ночь срывает маски с «города огней» — Парижа, сияющего блеском свободы. На улицах города художники и писатели ищут вдохновения и переносят игры любви и соблазнения на холст и бумагу, используя современный язык искусства. Шампанское льется на горки хрустальных бокалов, а звуки музыки в исполнении первых джазовых групп заставляют стены кафе трепетать. Игривая ваниль исчезает, играя в прятки с энергичным ветивером. В такие моменты нельзя терять ни секунды; все возможно. Ночь принадлежит тем, кто знает, как ее прожить.",по мере необходимости,Франция,33
656,2026-10-01T10:05:30.414049,20261001_080712_1756e2c0,19000407554,parfjumerija/nishevaja-parfjumerija,Mancera,Fig me up,Парфюмерная вода,11302.0,11302.0,0.0,1,4.9,https://goldapple.ru/19000407554-fig-me-up/,https://goldapple.ru/parfjumerija/nishevaja-parfjumerija?p=33,"Fig Me Up — это не просто аромат, а настоящее чувственное путешествие.С первых же нот сочный инжир сплетается с нежной фиалкой, окутывая теплом и радостью. Постепенно раскрываясь, аромат начинает искриться свежестью благодаря звонкому зеленому ревеню, который придает композиции энергию и яркость. Бобы тонка, в свою очередь, добавляют пряный, чуть перечный оттенок, оживляя ощущения и усиливая магнетизм звучания. Эта контрастная и завораживающая комбинация делает Fig Me Up по-настоящему уникальным ароматом, который невозможно забыть.",Нанести на пульсирующие точки.,Франция,33
657,2026-10-01T10:05:39.067362,20261001_080712_1756e2c0,19000505034,parfjumerija/nishevaja-parfjumerija,CHOPARD,Tobacco Malaki,Парфюмерная вода,12599.0,12599.0,0.0,1,5.0,https://goldapple.ru/19000505034-chopard-tobacco-malaki/,https://goldapple.ru/parfjumerija/nishevaja-parfjumerija?p=33,"Контрастный и теплый аромат Chopard раскрывает грани насыщенной и пленительной ноты табачного листа. В этом смелом и захватывающем парфюмерном путешествии согревающие и благородные древесные ноты окутывают пряный, чувственный табак. Элегантная и выразительная композиция Tobacco Malaki подчеркивает мужественность и уверенный характер. Пряные ноты шафрана в сочетании со свежестью бергамота и теплотой амбры напоминают об атмосфере Востока. В сердце аромата ярко звучит аккорд табака, дополненный древесными нотами уда и кедра. Древесная база, в которой гармонично переплетаются пачули, гваяковое дерево и лабданум с бальзамическими оттенками, усиливает интригующий и таинственный характер композиции. Парфюмеры – Дора Багриш и Альберто Морильяс.","Распылите на пульсирующие зоны: запястья, шею, за ушами и внутреннюю сторону локтя. Избегайте контакта с одеждой. Для повышения стойкости рекомендуем наносить на хорошо увлажненную кожу.",Италия,33
658,2026-10-01T10:05:51.207102,20261001_080712_1756e2c0,19000120313,parfjumerija/nishevaja-parfjumerija,Ajmal,AURUM WINTER,Парфюмерная вода,5600.0,5600.0,0.0,1,4.9,https://goldapple.ru/19000120313-aurum-winter/,https://goldapple.ru/parfjumerija/nishevaja-parfjumerija?p=33,"“Аромат - это все, что нужно для путешествия во времени, такова связь между памятью и запахом"" Ajmal производит ароматы с 1951 года, и является производителем и всемирно известным поставщиком ряда наиболее дорогих эфирных масел. Весь накопленный опыт вылился в изысканной коллекции ароматов Prestige, характер которых «читается» с одного только взгляда – игра линий, цвета, фактуры флаконов, рассказывают о пышности или сдержанности звучания аромата, его акватической свежести или жарком зное, спортивности или романтичности его настроения, и о многом другом. Женская парфюмерная вода AURUM WINTER от AJMAL. Свежий фруктово-цветочный аккорд согревается в объятиях пряной амбры, и превращается в настоящий parfumé de fourrure (меховой парфюм). Примиряя яркие контрасты, эта композиция являет собой магию ароматических превращений. Композиция: Мандарин, яблоко; Гвоздика, роза, пион, амбра; Мускус, амбра, дубовый мох.","Только на чистую кожу. Наносите парфюм только на тело, не на одежду.  Наносить парфюм на несколько точек.. Никогда не растирайте парфюм, позвольте ароматным капелькам парфюмированной воды, самостоятельно впитаться в кожу. Тогда пирамида останется целой и невредимой , соответственно, раскроется в своей естественной последовательности",Оаэ,33
659,2026-10-01T10:06:01.851626,20261001_080712_1756e2c0,26730400002,parfjumerija/nishevaja-parfjumerija,Byredo,Gypsy Water,Парфюмерная вода,29287.0,29287.0,0.0,1,4.5,https://goldapple.ru/26730400002-gypsy-water/,https://goldapple.ru/parfjumerija/nishevaja-parfjumerija?p=33,"Gypsy Water является современной интерпретацией цыганской жизни, пронизанной мифами и тайнами. Аромат свежей земли, густых лесов и костров воплощает в себе мечту о свободной, насыщенной красками жизни в гармонии с природой. Композиция:  бергамот, лимон, перец, можжевельник, ладан, сосновые иголки, ирис, амбра, ваниль, сандал.",Не указано,Испания,33
660,2026-10-01T10:06:11.588779,20261001_080712_1756e2c0,26175000002,parfjumerija/nishevaja-parfjumerija,MONTALE,Day Dreams,Парфюмерная вода,9156.0,9156.0,0.0,1,4.9,https://goldapple.ru/26175000002-day-dreams/,https://goldapple.ru/parfjumerija/nishevaja-parfjumerija?p=33,"Воспоминания о теплых летних ночах в Греции, где дневной свет, кажется, никогда не исчезает полностью. В воздухе витают ароматы цветка апельсинового дерева, жасмина и мандарина. Ночь опьяняет сочетанием ванили и кокоса, вплетая неожиданные ноты нероли, цветка тиаре и сандалового дерева. Ноты: искристый мандарин, нероли из Калабрии, цветок Тиаре, цветок апельсинового дерева, жасмин, кокосовый бриз, кашемир, сандал, ваниль, амбра.",Не указано,Франция,33
