id,created_at,session_id,item_id,category,brand,name,product_type,old_price_rub,current_price_rub,discount,in_stock,rating,url,catalog_page_url,description,usage,country_of_origin,page_number
1,2026-10-01T10:47:53.875950,20261001_104711_f22aa185,19000192479,parfjumerija/parfjumirovannyj-uhod,DUFT & DOFT,Pink breeze,Парфюмированный увлажняющий мист для тела,1474.0,1474.0,0.0,1,4.6,https://goldapple.ru/19000192479-pink-breeze/,https://goldapple.ru/parfjumerija/parfjumirovannyj-uhod,"Парфюмированный мист для тела DUFT&DOFT дарит коже увлажнение, ощущение свежести и стойкий изысканный аромат с нежными цветочно-фруктовыми нотами пиона и персика. Многогранную и вдохновляющую парфюмерную композицию дополняют чарующие ноты лимона, абрикоса, сирени, кедра и мускуса. Мист также можно распылять на волосы, одежду и ткани, чтобы окружить себя приятным ароматом.",1. Распылите на кожу тела с расстояния 20-30 см. 2. Не распыляйте на лицо.,Республика корея,1
2,2026-10-01T10:48:04.529590,20261001_104711_f22aa185,19000471442,parfjumerija/parfjumirovannyj-uhod,Rudross,Safari,Парфюмированный спрей для тела,8100.0,8100.0,0.0,1,5.0,https://goldapple.ru/19000471442-safari/,https://goldapple.ru/parfjumerija/parfjumirovannyj-uhod,"Safari — это воплощение приключений и адреналина, запечатлённое во флаконе. Экзотический цветочно‑фруктовый букет наполняет энергией и воздушностью — словно лёгкий бриз, пробуждающий чувства и вдохновляющий на смелые поступки. В сердце — чарующий пион и личи, окутанные карамельными нотами, дарящие наслаждение и восторг. Этот аромат — приглашение к яркому путешествию, полному незабываемых впечатлений и эмоций. Спрей для тела RudRoss мягко распыляется по всему телу, даря коже ощущение свежести и окутывая вас любимым ароматом. Его звучание более утончённое, чем у традиционного парфюма, но не менее многогранное и шлейфовое. Текстура спрея моментально впитывается и приносит ощущение прохлады, что делает его идеальным выбором для любого времени суток и особенно в тёплое время года. Натуральные экстракты и масла бережно позаботятся о здоровье кожи, питая и смягчая её.","Нанесите спрей на кожу с расстояния 20–30 см, уделяя внимание пульсирующим зонам, таким как запястья, шея и внутренняя сторона локтя. Избегайте попадания на лицо, глаза и область подмышек. Повторите нанесение по мере необходимости.",Оаэ,1
3,2026-10-01T10:48:13.549094,20261001_104711_f22aa185,19000418579,parfjumerija/parfjumirovannyj-uhod,L'atelier parfum,EXQUISE TENTATION,Нет категории,3744.0,3744.0,0.0,1,4.7,https://goldapple.ru/19000418579-exquise-tentation/,https://goldapple.ru/parfjumerija/parfjumirovannyj-uhod,"Чувственная и притягательная композиция в мисте для волос и тела EXQUISE TENTATION от L’ATELIER PARFUM отражает гурманское настроение. Сердце пленительной ванили окутано пралине, миндалем и неотразимыми пачули. Парфюмер – Dorothee Piot.","Нанесите спрей на кожу с расстояния 20–30 см, уделяя внимание пульсирующим зонам, таким как запястья, шея и внутренняя сторона локтя. Избегайте попадания на лицо, глаза и область подмышек. Повторите нанесение по мере необходимости.",Франция,1
4,2026-10-01T10:48:22.288883,20261001_104711_f22aa185,19000154037,parfjumerija/parfjumirovannyj-uhod,Tesori d’Oriente,Vanilla&Ginger,Нет категории,917.0,917.0,0.0,1,4.8,https://goldapple.ru/19000154037-vanilla-gingert/,https://goldapple.ru/parfjumerija/parfjumirovannyj-uhod,"Tesori d’Oriente Ароматический гель для душа «мадагаскарская ваниль И имбирь» / «VANILLA & GINGER» приглашает Вас окунуться в мир эстетики и великолепия. Уникальная разработка итальянских парфюмеров создает гель для душа с ярким ароматом, обладающим хорошей стойкостью до 3 часов и уходовыми свойствами лосьона для тела. Гель для душа обеспечит бережное увлажнение и питание для вашей кожи, сделает тело гладким и шелковистым. Ритуал, обогащенный драгоценным маслом макадамии, обладающим увлажняющими и успокаивающими свойствами, делает кожу удивительно мягкой и благоухающей. Мадагаскарский сорт ванили является одним из лучших и наиболее желанных в косметике благодаря своему интенсивному, мягкому, укутывающему аромату. Произведенный и выращенный аутентичным способом, он используется в косметике благодаря своим восстанавливающим и увлажняющим свойствам. Также известен как мощный афродизиак. Мадагаскарский имбирь - травянистое растение родом с Дальнего Востока, в основном культивируемое в тропических и субтропических регионах. Широко известно, как специя и косметический ингредиент благодаря своим стимулирующим и антиоксидантным свойствам, а также характерному согревающему аромату. Тезори Д'ориенте переводится как "" Сокровище Востока"". Натуральные масла в составе геля для душа, производство в Италии, формулы без парабенов, силиконов, синтетических красителей – это всё является атрибутом высокого ценового сегмента. Благодаря такому составу, гели для душа не только очищают кожу, но и эффективно ухаживают за ней. Ароматические композиции разработаны ведущими мировыми парфюмерными компаниями и подойдут для подарка самым близким людям, потому что привлекательная и удобная упаковка имеет премиальный вид. Верхние ноты: Бергамот. Ноты сердца: Розовое Дерево, Орхидея, Иланг-Иланг. База: Ваниль, Сандаловое Дерево, Мускус, Янтарь, Кедр.","Нанесите небольшое количество геля на влажную кожу, нежно помассируйте до образования пены, затем тщательно смойте водой.",Италия,1
5,2026-10-01T10:48:32.478608,20261001_104711_f22aa185,99000195495,parfjumerija/parfjumirovannyj-uhod,PULJERS,Эластин + пептиды,Парфюмированный бальзам для волос,715.0,715.0,0.0,1,5.0,https://goldapple.ru/99000195495-puljers-elastin-peptidy/,https://goldapple.ru/parfjumerija/parfjumirovannyj-uhod,"PULJERS — питательный восстанавливающий бальзам с эластином и маслами. Завершающий уход, который превращает сухие и пористые волосы в упругие, гладкие и сияющие. В основе — мягкие кондиционирующие компоненты, обеспечивающие легкое расчесывание без утяжеления. Главный восстанавливающий белок — гидролизованный эластин — проникает внутрь волоса, возвращая ему эластичность и способность растягиваться без разрывов. Это особенно важно для поврежденных, ослабленных и секущихся волос. Мощный масляный комплекс из кокоса, бабассу и льна глубоко питает, разглаживает кутикулу и придает зеркальный блеск. Пептид Myristoyl Pentapeptide-17 укрепляет корни, а увлажнители (глицерин и Sodium PCA) удерживают влагу внутри стержня. Волосы становятся мягкими, послушными, эластичными и выглядят здоровыми после каждого применения.","Нанесите бальзам по всей длине, избегая корней волос, уделяя особое внимание кончикам. Оставьте на 5–7 минут. Тщательно смойте водой.",Россия,1
6,2026-10-01T10:48:43.307607,20261001_104711_f22aa185,99000181355,parfjumerija/parfjumirovannyj-uhod,My Liliaz by Yuliya Zosimova,Travel,Парфюмированный гель для душа,1690.0,1690.0,0.0,1,0.0,https://goldapple.ru/99000181355-my-liliaz-by-yuliya-zosimova-travel/,https://goldapple.ru/parfjumerija/parfjumirovannyj-uhod,"Travel — парфюмированный гель для душа с многогранным ароматом, который сочетает свежие специи, легкий табачный нюанс и бархатистые древесные акценты. Начальное звучание отличается свежестью молотых пряностей, которые плавно переходят в тёплое сердце с табачным аккордом, мягкой ванилью и сушёными лепестками табака. Базовые ноты раскрывают бархатистое дерево и бобы тонка, придавая коже ощущение уюта без навязчивости. Гель образует насыщенную кремовую пену благодаря мягким очищающим компонентам из кокоса. Средство деликатно очищает кожу, не пересушивая её и сохраняя ощущение комфорта. Продукт создан для мягкого и бережного ухода, делая процесс очищения частью ежедневного ритуала внимания к себе. На каждом флаконе размещён QR‑код для аудиосопровождения, который сопровождает уходовый ритуал авторской музыкой и голосом, создавая атмосферу осознанности и глубины.",Нанеси небольшое количество парфюмированного геля на влажную кожу тела. Вспень мягкими круговыми движениями. Сделай несколько глубоких вдохов. Отсканируй QR‑код на флаконе. Включи аудио‑ритуал с музыкой и голосовым сопровождением. Продолжай душ или заверши его. Используй гель утром или вечером.,Россия,1
7,2026-10-01T10:48:53.361068,20261001_104711_f22aa185,19000471448,parfjumerija/parfjumirovannyj-uhod,Rudross,White mountains,Парфюмированный спрей для тела,8100.0,8100.0,0.0,1,0.0,https://goldapple.ru/19000471448-white-mountains/,https://goldapple.ru/parfjumerija/parfjumirovannyj-uhod,"White mountains — это величие горных вершин и спокойствие разума, заключённые в одном флаконе. Композиция аромата наполнена освежающим цитрусовым коктейлем, пробуждающим внутреннюю гармонию и ясность. Зелёный чай с нотами смородины дарит уверенность, а тёплые ноты сандала окутывают мягкостью и вдохновляют на новые достижения, наполняя внутренними силами и спокойствием. Спрей для тела RudRoss мягко распыляется по всему телу, даря коже ощущение свежести и окутывая вас любимым ароматом. Его звучание более утончённое, чем у традиционного парфюма, но не менее многогранное и шлейфовое. Текстура спрея моментально впитывается и приносит ощущение прохлады, что делает его идеальным выбором для любого времени суток и особенно в тёплое время года. Натуральные экстракты и масла бережно позаботятся о здоровье кожи, питая и смягчая её.","Нанесите спрей на кожу с расстояния 20–30 см, уделяя внимание пульсирующим зонам, таким как запястья, шея и внутренняя сторона локтя. Избегайте попадания на лицо, глаза и область подмышек. Повторите нанесение по мере необходимости.",Оаэ,1
8,2026-10-01T10:49:02.736852,20261001_104711_f22aa185,19000186495,parfjumerija/parfjumirovannyj-uhod,FOR ME by gold apple,04.midday sun,Крем для рук,243.0,243.0,0.0,1,4.7,https://goldapple.ru/19000186495-04-midday-sun/,https://goldapple.ru/parfjumerija/parfjumirovannyj-uhod,"Легкий парфюмированный крем с выразительным ароматом теплого сандалового дерева, с горькими нотами апельсина и жасмина. В составе пантенол и сквалан быстро восстанавливают кожу и возвращают мягкость. Нежность рукам придают также натуральные масла оливы и авокадо. А крепкую защиту рукам обеспечивают экстракт базилика и алоэ вера. Благодаря легкой текстуре средство быстро впитывается, не создает маслянистое ощущение и не оставляет на предметах жирные следы.",Нанесите крем массажными движениями на чистую сухую кожу рук.,Россия,1
9,2026-10-01T10:49:12.146709,20261001_104711_f22aa185,19000283181,parfjumerija/parfjumirovannyj-uhod,ESSENTIAL PARFUMS PARIS,Nice bergamote,Нет категории,2160.0,2160.0,0.0,1,4.6,https://goldapple.ru/19000283181-nice-bergamote/,https://goldapple.ru/parfjumerija/parfjumirovannyj-uhod,Увлажняющий крем для рук в алюминиевой упаковке оставляет на коже аромат NICE BERGAMOTE by Antoine Maisondieu. Содержит не менее 97% ингредиентов натурального происхождения.,Нанесите крем на кожу рук аккуратными массирующими движениями.,Франция,1
10,2026-10-01T10:49:21.416007,20261001_104711_f22aa185,19000154017,parfjumerija/parfjumirovannyj-uhod,Tesori d’Oriente,Byzantium,Парфюмированный гель для душа,405.0,405.0,0.0,1,4.8,https://goldapple.ru/19000154017-byzantium/,https://goldapple.ru/parfjumerija/parfjumirovannyj-uhod,"Tesori d’Oriente Ароматический гель для душа с ароматом черной розы и лабданума приглашает Вас окунуться в мир эстетики и великолепия древней Византии. Уникальная разработка итальянских парфюмеров создает гель для душа с ярким ароматом, обладающим хорошей стойкостью до 3 часов и уходовыми свойствами лосьона для тела. Гель для душа обеспечит бережное увлажнение и питание для вашей кожи, сделает тело гладким и шелковистым. Роскошный, сказочный аромат пробуждает грезы о древнем городе. Черная роза, в нотах парфюмерного геля для душа, – редчайший и самый загадочный цветок, сливаясь с теплыми нотами лабданума, создает драгоценную атмосферу.",1. Нанесите небольшое количество геля на влажную кожу. 2. Нежно помассируйте до образования пены. 3. Тщательно смойте водой.,Италия,1
11,2026-10-01T10:49:30.362417,20261001_104711_f22aa185,19000092358,parfjumerija/parfjumirovannyj-uhod,ESSENTIAL PARFUMS PARIS,BOIS IMPERIAL by Quentin Bisch,Парфюмированное жидкое мыло для рук и тела,3087.0,3087.0,0.0,1,4.4,https://goldapple.ru/19000092358-bois-imperial-by-quentin-bisch/,https://goldapple.ru/parfjumerija/parfjumirovannyj-uhod,"Парфюмированное жидкое мыло ESSENTIAL PARFUMS PARIS мягко очищает руки и кожу тела, оставляя изысканный аромат. Средство с растительным глицерином питает кожу и не вызывает сухости после очищения. Экологичная и мягкая формула, подходящая даже для чувствительной кожи, на 98% состоит из натуральных ингредиентов. Центром парфюмерной композиции стала необыкновенная и редкая нота – акигалавуд. Чувственный и свежий аромат с древесными, пряными и зелеными аккордами дополняют насыщенный гаитянский ветивер, пачули и нота Ambrofix со стойким звучанием амбры.","нанесите на влажную кожу рук, вспеньте, затем смойте водой. Используйте в качестве геля для душа для очищения кожи тела.",Франция,1
12,2026-10-01T10:49:39.947558,20261001_104711_f22aa185,99000045729,parfjumerija/parfjumirovannyj-uhod,JERMiNAL COSMETiCS,Амбра и Жасмин,Парфюмированное жидкое мыло,428.0,428.0,0.0,1,0.0,https://goldapple.ru/99000045729-ambra-zasmin/,https://goldapple.ru/parfjumerija/parfjumirovannyj-uhod,"Встречайте новинку от компании Жерминаль! Жидкое парфюмированное мыло ""Амбра и Жасмин"" — это истинное искусство, заключенное в каждой капле. Вдохновленное экстравагантным ароматом по мотивам аромата Баккара, это мыло дарит неповторимую роскошь и изящество, погружая вас в атмосферу утонченности и магии. С первых нот вы ощущаете нежную амбровую дымку, окутывающую вас своей теплотой и загадочностью. Амбра, известная своим обволакивающим шармом, наполняет пространство чувственностью и элегантностью. За ней следует легкий, но восхитительный шлейф жасмина, придающий композиции свежесть и цветочные акценты. Этот солнечный аромат создаёт гармонию, в которой каждая составляющая играет важную роль. Пользуясь этим мылом, вы не только очищаете кожу, но и погружаетесь в мир, где каждое движение наполнено красотой и грацией. Легкая текстура мыла нежно скользит по рукам, оставляя после себя ощущение комфорта и ухоженности. Жидкое парфюмированное мыло ""Амбра и Жасмин"" – это не просто гигиенический продукт, это ритуал, превративший обыденность в великолепие.","Нанести небольшое количество жидкого мыла на влажную кожу, вспенить, смыть теплой водой.",Россия,1
13,2026-10-01T10:49:49.116364,20261001_104711_f22aa185,19000312019,parfjumerija/parfjumirovannyj-uhod,FOR ME by gold apple,05. Old basil,Парфюмированный гель для душа,459.0,459.0,0.0,1,4.6,https://goldapple.ru/19000312019-05-old-basil/,https://goldapple.ru/parfjumerija/parfjumirovannyj-uhod,"Парфюмированный гель для душа с нотами базилика, ветивера и гальбанума бережно и эффективно очищает кожу, оставляя на теле приятный ненавязчивый аромат. Свежий и немного терпкий базилик одновременно бодрит и дарит ощущение спокойствия. Ноты ветивера и гальбанума объединяются в яркий заряд, зеленый, как скошенная трава в поле. Легко пенится, быстро смывается и не образует пленку. Мягкие ПАВ не сушат кожу и берегут ее от повреждений, а натуральные масла жожоба и инжира мягко питают, ускоряя обновление клеток. В состав входит природный антиоксидант — экстракт ламинарии, а также успокаивающий кожу экстракт алоэ вера. Гидролизованный эластин предупреждает старение кожи и делает ее более упругой. Гель подходит для ежедневного использования. При курьерской доставке и самовывозе из супермаркета «‎Золотое Яблоко» у некоторых товаров могут отсутствовать стопперы — это специальная деталь, которая фиксирует дозатор в одном положении.",Небольшое количество геля нанесите на влажную кожу тела массирующими движениями до образования пены. Смойте теплой водой.,Россия,1
14,2026-10-01T10:49:57.897931,20261001_104711_f22aa185,99000037848,parfjumerija/parfjumirovannyj-uhod,BY KAORI,Fleur,Нет категории,3290.0,3290.0,0.0,1,4.0,https://goldapple.ru/99000037848-fleur/,https://goldapple.ru/parfjumerija/parfjumirovannyj-uhod,"Уникальная формула позволяет эмульсии быстро впитываться, не оставляя липкости на руках. Благодаря уходовым компонентам в составе - масло персиковой косточки и миндаля - крем деликатно заботится о коже рук и оставляет на ней парфюмированный шлейф. Флакон из стекла темного, благородного цвета отлично впишется в стильный интерьер и не будет создавать визуальный шум. Идеальное решение для вашей ванной, а также для туалетной группы любого бизнес-пространства.","Нанесите на чистую кожу рук, равномерно распределите, через 30 секунд крем-эмульсия полность впитается.",Россия,1
15,2026-10-01T10:50:06.925163,20261001_104711_f22aa185,19000418580,parfjumerija/parfjumirovannyj-uhod,L'atelier parfum,Green crush,Парфюмированный мист для волос и тела,3744.0,3744.0,0.0,1,4.3,https://goldapple.ru/19000418580-green-crush/,https://goldapple.ru/parfjumerija/parfjumirovannyj-uhod,"Насыщенная зеленая композиция в мисте для волос и тела GREEN CRUSH от L’ATELIER PARFUM, словно мохито на закате, заряжает энергией и заставляет желать большего. Яркая смесь измельченных трав в сочетании с кедром и мускусом создают ощущение бодрящей свежести. Парфюмер – Sidonie Lancesseur. Ключевые ноты: мята, базилик, белый кедр.",Распылите на волосы и тело.,Франция,1
16,2026-10-01T10:50:16.339622,20261001_104711_f22aa185,19000499371,parfjumerija/parfjumirovannyj-uhod,Huxley,MOROCCAN GARDENER,Парфюмированный мист для рук,1237.0,1237.0,0.0,1,0.0,https://goldapple.ru/19000499371-huxley-moroccan-gardener/,https://goldapple.ru/parfjumerija/parfjumirovannyj-uhod,"Нежный мист для рук Huxley интенсивно увлажняет кожу и дарит ощущение свежести. Благодаря мелкому распылению средство будто окутывает кожу рук, оставляя изысканный аромат. Формула с маслом опунции, гиалуроновой кислотой и пантенолом обеспечивает глубокое увлажнение, питает кожу, улучшает её тон и укрепляет естественный защитный барьер. Средство с нежной кремовой текстурой быстро впитывается, не оставляя липкости. Мист придает рукам чарующий аромат с нотами цветов, древесным аккордом и теплым, мягким оттенком мускуса.",Встряхните перед использованием. Распылите несколько раз на сухую кожу рук. Равномерно распределите.,Республика корея,1
17,2026-10-01T10:50:26.426495,20261001_104711_f22aa185,99000090771,parfjumerija/parfjumirovannyj-uhod,Egomia,Mimosa&Cardamon,Скраб для тела,788.0,788.0,0.0,1,0.0,https://goldapple.ru/99000090771-mimosa-cardamon/,https://goldapple.ru/parfjumerija/parfjumirovannyj-uhod,"Деликатный парфюмированный скраб для тела с маслами. Максимально бережный сахарный скраб для кожи на основе масел. Скрабирующий эффект достигается за счёт натуральных компонентов в составе – пудры из скорлупы миндального ореха и сахарной базы. Сахарные и солевые скрабы считаются наиболее щадящими для кожи, т.к. их кристаллы быстро растворяются и не могут поцарапать кожу своими гранями. Одновременно скраб для тела с маслами оказывает увлажняющий и питательный эффект. В нём содержится комплекс масел – масла ши, сладкого миндаля, жожоба, соевых бобов, рисовых отрубей и подсолнечника. Кроме того, скраб содержит запатентованный «морской» фермент Pauseîle™, способный восстановить даже самую сухую кожу. Для питания кожи и защиты её от стрессов окружающей среды в составе скраба есть уникальный растительный комплекс, разработанный специально для линейки ресурсной косметики Egomia. Комплекс содержит мощный набор природных антиоксидантов, таких как экстракты корня женьшеня и имбиря, экстракты гвоздики, корицы, эхинацеи, а также витамины группы E. Бережный скраб для тела с маслами Egomia может подойти даже сухой и чувствительной коже. Он мягко удалит ороговевший слой, очистит поры, снизит шелушение, а после увлажнит, восстановит и напитает вашу кожу. Регулярное применение скрабов поможет поддерживать свежий и здоровый цвет кожи, избежать застоя лимфы, «апельсиновой» корки и вросших волосков. Сухую кожу следует очищать не чаще одного раза в неделю, нормальную – от одного до двух раз, жирную не более трёх раз в неделю. Чувствительную кожу можно очищать два-три раза в месяц. Позаботьтесь о себе бережно и с удовольствием вместе со скрабом Egomia. Это минуты не только расслабления и восстановления своего ресурса, но и явная польза для вашего тела. Ведь скраб действует не только за счёт своих компонентов, но и за счёт самомассажа, прикосновений и погружения в его обволакивающий аромат.","Предварительно кожу желательно распарить горячей водой или горячим полотенцем. Достаточное количество скраба для тела с маслами нанести на влажную кожу тела или специальную варежку, равномерно распределяя скраб мягкими массирующими движениями от периферии к центру и сверху вниз. Тщательно проработать зоны локтей, коленей, стоп. Осторожно промассировать зоны живота, внутренних поверхностей рук и ног. Смыть тёплой водой. В качестве альтернативного применения можно наносить скраб для тела с маслами на сухую кожу. После также смыть тёплой водой.",Россия,1
18,2026-10-01T10:50:36.868202,20261001_104711_f22aa185,19000080183,parfjumerija/parfjumirovannyj-uhod,Jmella,in france Lime & Basil Body Wash,Парфюмированный гель для душа,522.0,522.0,0.0,1,4.5,https://goldapple.ru/19000080183-in-france-lime-basil-body-wash/,https://goldapple.ru/parfjumerija/parfjumirovannyj-uhod,"Гель для душа с ароматом мандарина, базилика и ветивера мягко очищает кожу, делая её нежной и ухоженной. 25 растительных экстрактов увлажняют и смягчают, придают сияние. Масла авокадо, оливы, камелии и арганы питают. Кожа становится бархатистой и увлажненной.","Нанесите немного геля на ладони или мочалку, вспеньте и распределите легкими массирующими движениями, затем смойте теплой водой.",Республика корея,1
19,2026-10-01T10:50:47.733371,20261001_104711_f22aa185,99000084413,parfjumerija/parfjumirovannyj-uhod,PULJERS,amber & black pepper,Парфюмированный гель для душа,949.0,949.0,0.0,1,5.0,https://goldapple.ru/99000084413-amber-black-pepper/,https://goldapple.ru/parfjumerija/parfjumirovannyj-uhod,"Гель для душа Puljers Амбра и черный перец подарит вам ощущение роскоши и утонченности. Его изысканный аромат амбры окутает вас волной тепла и соблазна, оставляя на коже приятный шлейф на весь день. Формула геля бережно очищает кожу, не пересушивая ее, делая ее мягкой и шелковистой.","Снять защитный клапан с дозатора. Сделать два нажатия на дозатор. Нанести небольшое количество геля для душа на влажную кожу или мочалку, вспенить, промассажировать кожу. Смыть пену теплой водой.",Россия,1
20,2026-10-01T10:50:57.948537,20261001_104711_f22aa185,19000113551,parfjumerija/parfjumirovannyj-uhod,Frudia,Green Grape Pore Control Scrub Cleansing Foam Mini,Себорегулирующая скраб-пенка в мини-формате,246.0,246.0,0.0,1,4.4,https://goldapple.ru/19000113551-green-grape-pore-control-scrub-cleansing-foam-mini/,https://goldapple.ru/parfjumerija/parfjumirovannyj-uhod,"Нежная пенка для умывания бережно очищает кожу от загрязнений, оставляя кожу безупречно чистой, мягкой и увлажненной. Экстракт зеленого винограда, богатый танинами, регулирует себовыделение и успокаивает кожу, а натуральные частицы косточек винограда мягко удаляют омертвевшие клетки и очищают поры.","Нанесите необходимое количество на кожу лица, помассируйте. Смойте теплой водой.",Республика корея,1
21,2026-10-01T10:51:25.376192,20261001_104711_f22aa185,19000185844,parfjumerija/parfjumirovannyj-uhod,Tesori d’Oriente,BYZANTIUM,Парфюмированный гель для душа,566.0,566.0,0.0,1,4.8,https://goldapple.ru/19000185844-byzantium/,https://goldapple.ru/parfjumerija/parfjumirovannyj-uhod?p=2,"Tesori d’Oriente Ароматический гель для душа с ароматом черной розы и лабданума приглашает Вас окунуться в мир эстетики и великолепия древней Византии. Уникальная разработка итальянских парфюмеров создает гель для душа с ярким ароматом, обладающим хорошей стойкостью до 3 часов и уходовыми свойствами лосьона для тела. Гель для душа обеспечит бережное увлажнение и питание для вашей кожи, сделает тело гладким и шелковистым. Роскошный, сказочный аромат пробуждает грезы о древнем городе. Черная роза, в нотах парфюмерного геля для душа, – редчайший и самый загадочный цветок, сливаясь с теплыми нотами лабданума, создает драгоценную атмосферу.",1. Нанесите небольшое количество геля на влажную кожу. 2. Нежно помассируйте до образования пены. 3. Тщательно смойте водой.,Италия,2
22,2026-10-01T10:51:34.560219,20261001_104711_f22aa185,19000263214,parfjumerija/parfjumirovannyj-uhod,The Act,virgin,парфюмированный лосьон для тела с маслом вишнёвых косточек,679.0,679.0,0.0,1,4.8,https://goldapple.ru/19000263214-body-lotion-virgin/,https://goldapple.ru/parfjumerija/parfjumirovannyj-uhod?p=2,"Парфюмированное молочко для тела, созданное в коллаборации с Mriya Resort & Spa, окутывает кожу чарующим ароматом сакуры, вишни, чёрной смородины, миндаля и розового грейпфрута. Оно превращает уход в расслабляющую медитацию, отводящую ум от тревог. Шёлковая текстура быстро впитывается, не оставляя жирной плёнки, аккуратно увлажняет, питает, обновляет кожу и восстанавливает защитный липидный барьер. Масло вишнёвых косточек поддерживает водный баланс эпидермиса, устраняет раздражение и шелушение. Масло миндаля содержит витамин F, нормализует функцию сальных желез и предотвращает расширение пор, придавая коже здоровый красивый цвет. Экстракты гинкго билоба и вишни являются природными антиоксидантами: защищают кожу от свободных радикалов и замедляют процессы старения. Продукт можно использовать после каждого купания или при необходимости увлажнения как расслабляющую ароматерапию перед сном. Основные преимущества: — Превращает ежедневный уход в расслабляющую ароматерапию. — Не оставляет жирной плёнки, быстро впитываясь. — Восстанавливает защитный барьер и поддерживает водный баланс кожи. — Успокаивает раздражения, предотвращает шелушение. — Защищает от свободных радикалов и замедляет старение кожи. Ключевые компоненты: — Масло вишнёвых косточек. — Масло миндаля. — Экстракт гинкго билоба. — Экстракт вишни.","После душа промокните кожу полотенцем. Нанесите небольшое количество молочка на тело, массируя до полного впитывания, уделяя внимание сухим участкам. Насладитесь ароматом и ощущением увлажнения; в вечерней рутины используйте как часть ароматерапии перед сном.",Россия,2
23,2026-10-01T10:51:44.135609,20261001_104711_f22aa185,19000422399,parfjumerija/parfjumirovannyj-uhod,Tesori d’Oriente,IKIGAI,Нет категории,702.0,702.0,0.0,1,4.9,https://goldapple.ru/19000422399-ikigai/,https://goldapple.ru/parfjumerija/parfjumirovannyj-uhod?p=2,"Итальянские мастера-парфюмеры создали универсальный уход для тела — уютный, сладкий, томный, невероятно стойкий, с изысканным дуэтом цветов, фруктов и ветивера, оттенённым кремовыми нотами в шлейфе. Аромат открывается нежным цветочным букетом, который напоминает о свежести и чистоте только что распустившейся вишни, переходя в чувственный древесно-амбровый аккорд, окутывающий кожу мягкими и неосязаемыми объятиями. Этот аромат обогащён смесью эфирных масел, которые помогут вам ощутить умиротворение и расслабление, что доказано нейробиологическими тестами. Мягкое цветочное сочетание сакуры, розы, ландыша, жасмина и флердоранжа освежается бодрящими нотами бергамота и дополняется кремовой основой из пачули, амбры и ванили. Ноты аромата: - Сакура, персик, бергамот. - Роза, жасмин, апельсиновый цвет. - Пачули, ваниль, янтарь.",1. Нанесите небольшое количество геля на влажную кожу. 2. Нежно помассируйте до образования пены. 3. Тщательно смойте водой. 4. Используйте только наружно. Избегайте контакта с глазами. В случае появления раздражения немедленно прекратите использование.,Италия,2
24,2026-10-01T10:51:53.117808,20261001_104711_f22aa185,19000284931,parfjumerija/parfjumirovannyj-uhod,FOR ME by gold apple,06. Vanilla spark,Нет категории,540.0,540.0,0.0,1,4.6,https://goldapple.ru/19000284931-06-vanilla-spark/,https://goldapple.ru/parfjumerija/parfjumirovannyj-uhod?p=2,"Мист для тела — как парфюм, только более легкий и идеально подходит на каждый день. Теперь можно полностью окружить себя любимыми ароматами ухода FOR ME: благодаря невесомой текстуре спрей подходит для нанесения на кожу и волосы. Аромат 06.VANILLA SPARK ассоциируется с беззаботной прогулкой в луна-парке: ваниль напоминает сладость крем-соды и сахарной ваты, а бархатный шлейф амбры и белого мускуса мысленно переносит в теплый романтический вечер. Помимо притягательного аромата, шиммер-мист с мелкими светоотражающими частицами дарит нежное сияние, создавая эффект гладкой кожи. Бережная формула спрея не сушит кожу: пантенол обладает успокаивающим действием, гиалуроновая кислота сохраняет влагу, в то время как экстракт центеллы выравнивает текстуру.","Встряхните флакон, распылите с расстояния 20-30 см. Не наносите на лицо и поврежденные участки кожи.",Россия,2
25,2026-10-01T10:52:03.113787,20261001_104711_f22aa185,19000487846,parfjumerija/parfjumirovannyj-uhod,Sol de Janeiro,CHEIROSA 62,Парфюмированный мист для тела и волос,3250.0,3250.0,0.0,1,4.7,https://goldapple.ru/19000487846-sol-de-janeiro-cheirosa-62/,https://goldapple.ru/parfjumerija/parfjumirovannyj-uhod?p=2,"Солнечные дни и теплые ночи с бразильскими танцами самба. Волны чистой радости. Незабываемая летняя влюбленность. Теплая гурманская композиция SOL DE JANEIRO, отражающая дух Бразилии, погружает в беззаботную и романтичную атмосферу вечного лета. Название аромата CHEIROSA 62 отсылает к 1962 году, когда вышла культовая песня «Девушка из Ипанемы», написанная бразильским композитором и певцом Антониу Карлосом Жобином. Романтичное и летнее настроение помогают создать чарующие ноты фисташки и жасмина, которые гармонично сочетаются с соленой карамелью и мягкой сладостью ванили. Парфюмированный мист дарит аромат волосам и коже тела, пробуждая ощущения радости и беззаботности.",Распылите на тело и волосы с небольшого расстояния. Избегайте попадания в глаза.,Сша,2
26,2026-10-01T10:52:10.492665,20261001_104711_f22aa185,19000312025,parfjumerija/parfjumirovannyj-uhod,FOR ME by gold apple,07. Salty salt,Парфюмированный гель для душа,459.0,459.0,0.0,1,4.7,https://goldapple.ru/19000312025-07-salty-salt/,https://goldapple.ru/parfjumerija/parfjumirovannyj-uhod?p=2,"Парфюмированный гель для душа с нотами морской соли, кипариса и лимона бережно и эффективно очищает кожу, оставляя на теле приятный ненавязчивый аромат. Брызги морской воды переливаются на солнце и оставляют на коже блестящие кристаллы соли. Одновременно прозрачный и глубокий, как океан, который бодрит и манит приключениями. Легко пенится, быстро смывается и не образует пленку. Мягкие ПАВ не сушат кожу и берегут ее от повреждений, а натуральные масла жожоба и инжира мягко питают, ускоряя обновление клеток. В состав входит природный антиоксидант — экстракт ламинарии, а также успокаивающий кожу экстракт алоэ вера. Гидролизованный эластин предупреждает старение кожи и делает ее более упругой. Гель подходит для ежедневного использования. При курьерской доставке и самовывозе из супермаркета «‎Золотое Яблоко» у некоторых товаров могут отсутствовать стопперы — это специальная деталь, которая фиксирует дозатор в одном положении.",Небольшое количество геля нанесите на влажную кожу тела массирующими движениями до образования пены. Смойте теплой водой.,Россия,2
27,2026-10-01T10:52:17.963466,20261001_104711_f22aa185,19000499364,parfjumerija/parfjumirovannyj-uhod,Huxley,ROSE PICKER,Парфюмированный лосьон для тела,2610.0,2610.0,0.0,1,0.0,https://goldapple.ru/19000499364-huxley-rose-picker/,https://goldapple.ru/parfjumerija/parfjumirovannyj-uhod?p=2,"Парфюмированный лосьон для тела Huxley, содержащий масло опунции и церамиды, дарит длительное увлажнение и делает кожу более мягкой, упругой и сияющей. Средство окутывает кожу изысканным ароматом с нотой свежих роз, теплым звучанием ванили и мягким акцентом мускуса. Средство с легкой и нежной текстурой быстро впитывается, оставляя приятное ощущение свежести.","Слегка протрите кожу тела полотенцем после душа или ванны. Нанесите лосьон на кожу тела. Распределите лосьон по коже тела массирующими движениями, уделяя особое внимание сухим участкам.",Республика корея,2
28,2026-10-01T10:52:27.997195,20261001_104711_f22aa185,99000078573,parfjumerija/parfjumirovannyj-uhod,Ante Kovac,burley vanilla,Парфюмированное жидкое мыло,1590.0,1590.0,0.0,1,0.0,https://goldapple.ru/99000078573-burley-vanilla/,https://goldapple.ru/parfjumerija/parfjumirovannyj-uhod?p=2,Парфюмированное жидкое мыло с изысканным ароматом Burley Vanilla подарит особое настроение и превратит обычную гигиеническую процедуру в изысканный ритуал красоты и внимания к себе.,"Нанести небольшое количество средства на влажную кожу рук, вспенить и смыть водой.",Россия,2
29,2026-10-01T10:52:36.812736,20261001_104711_f22aa185,99000197398,parfjumerija/parfjumirovannyj-uhod,PULJERS,Японский юдзу,Минеральный дезодорант-спрей для тела,600.0,600.0,0.0,1,4.9,https://goldapple.ru/99000197398-puljers-aponskij-udzu/,https://goldapple.ru/parfjumerija/parfjumirovannyj-uhod?p=2,"Натуральный дезодорант от PULJERS на квасцах и цинке обеспечивает защиту от запаха на 12 часов без парабенов, спирта и солей алюминия (вредных форм). Квасцы создают на коже невидимый минеральный барьер, который подавляет рост бактерий — причину запаха. Цинк подсушивает, успокаивает и регулирует потоотделение. Не забивает поры, не оставляет следов на одежде, не блокирует естественное потоотделение. Подходит для чувствительной кожи.","Распылить спрей на чистую кожу, удерживая флакон на расстоянии 5 см, три-четыре нажатия. Дождаться полного высыхания до контакта с одеждой. Применять по необходимости.",Россия,2
30,2026-10-01T10:52:46.237281,20261001_104711_f22aa185,19000486499,parfjumerija/parfjumirovannyj-uhod,Jmella,in france Lazy vibes NO. 03,Парфюмированный шампунь для волос,426.0,426.0,0.0,1,5.0,https://goldapple.ru/19000486499-jmella-in-france-lazy-vibes-no-03/,https://goldapple.ru/parfjumerija/parfjumirovannyj-uhod?p=2,"Шампунь бережно очищает волосы и кожу головы, оставляя изысканный и стойкий аромат, в котором сочетаются мягкие и расслабляющие ноты ириса, белого мускуса и альдегидов. Средство с растительными экстрактами, в том числе экстрактом листьев земляники, питает и увлажняет волосы, делая их более мягкими, послушными и блестящими. Цветочно-мускусная парфюмерная композиция окутывает ощущением комфорта, напоминая об атмосфере беззаботного и неспешного утра выходного дня.","Нанесите шампунь на влажные волосы, распределяя массирующими движениями. Помассируйте кожу головы. Смойте шампунь теплой водой.",Республика корея,2
31,2026-10-01T10:52:55.452248,20261001_104711_f22aa185,99000042945,parfjumerija/parfjumirovannyj-uhod,NihenhaO,Лаванда,Масло для тела,576.0,576.0,0.0,1,3.0,https://goldapple.ru/99000042945-lavanda/,https://goldapple.ru/parfjumerija/parfjumirovannyj-uhod?p=2,"Лаванда — это признанный афродизиак. Она стимулирует пробуждение чувственности. Ее выразительный аромат снимает напряжение, избавляет от комплексов. Эфирное масло лаванды улучшают мозговое кровообращение, обладают ярко выраженным противоспазматическим и седативным свойством. В древности считалось, что лаванда избавляет женщин от бесплодия, помогает при родах. Она пробуждает у женщин интерес к интимной стороне жизни.",Небольшое количество масла нанесите на чистую сухую кожу. Равномерно распределите по поверхности и начните массаж. После процедуры удалите остатки масла.,Россия,2
32,2026-10-01T10:53:04.905622,20261001_104711_f22aa185,19000154026,parfjumerija/parfjumirovannyj-uhod,Tesori d’Oriente,Lotus flower,Парфюмированный гель для душа,702.0,702.0,0.0,1,4.8,https://goldapple.ru/19000154026-lotus-flower/,https://goldapple.ru/parfjumerija/parfjumirovannyj-uhod?p=2,"Лотос издавна почитался поклонниками всего загадочного и мистического. Прорастая из ила и мутноватой воды, он выпускает на поверхность водоема ослепительно белый цветок. Не потому ли в восточной философии лотосу отвели почетную роль символа непорочности? Неповторимый аромат Tesori d’Oriente ласкает чувства, создавая приятное ощущение благополучия, которое будет сопровождать Вас в течение всего дня. ГЕЛЬ ДЛЯ ДУША: МАСЛА ЛОТОСА И ШИ оказывают Омолаживающее, Увлажняющее, Очищающее, Противовоспалительное, Заживляющее и Укрепляющее свойства. Tesori d’Oriente Ароматический гель для душа приглашает Вас окунуться в мир эстетики и великолепия. Уникальная разработка итальянских парфюмеров создает гель для душа с ярким ароматом, обладающим хорошей стойкостью до 3 часов и уходовыми свойствами лосьона для тела. Гель для душа обеспечит бережное увлажнение и питание для вашей кожи, сделает тело гладким и шелковистым. Тезори Д'ориенте переводится как "" Сокровище Востока"". Натуральные масла в составе геля для душа, производство в Италии, формулы без парабенов, силиконов, синтетических красителей – это всё является атрибутом высокого ценового сегмента. Благодаря такому составу, гели для душа не только очищают кожу, но и эффективно ухаживают за ней. Ароматические композиции разработаны ведущими мировыми парфюмерными компаниями и подойдут для подарка самым близким людям, потому что привлекательная и удобная упаковка имеет премиальный вид. ВЕРХНИЕ НОТЫ: Апельсин, Персик, Роза НОТЫ СЕРДЦА: Жасмин, Ландыш, Тубероза БАЗА: Ваниль, Сандаловое Дерево, Мускус","Нанесите небольшое количество геля на влажную кожу, нежно помассируйте до образования пены, затем тщательно смойте водой.",Италия,2
33,2026-10-01T10:53:13.147736,20261001_104711_f22aa185,19000283182,parfjumerija/parfjumirovannyj-uhod,ESSENTIAL PARFUMS PARIS,Rose magnetic,Нет категории,2160.0,2160.0,0.0,1,4.6,https://goldapple.ru/19000283182-rose-magnetic/,https://goldapple.ru/parfjumerija/parfjumirovannyj-uhod?p=2,Увлажняющий крем для рук в алюминиевой упаковке оставляет на коже аромат ROSE MAGNETIC by Sophie Labbé. Содержит не менее 97% ингредиентов натурального происхождения.,Нанесите крем на кожу рук аккуратными массирующими движениями.,Франция,2
34,2026-10-01T10:53:23.254650,20261001_104711_f22aa185,19000458965,parfjumerija/parfjumirovannyj-uhod,Janeke,liquid musk,Нет категории,1513.0,1513.0,0.0,1,0.0,https://goldapple.ru/19000458965-liquid-musk/,https://goldapple.ru/parfjumerija/parfjumirovannyj-uhod?p=2,"Liquid Musk Shampoo мягко очищает волосы и кожу головы. Идеально подходит для сухой кожи головы, склонной к раздражениям. Древесные и бальзамические ноты кедра сочетаются с мускусом, экзотическими и ванильными оттенками бобов тонка и амбры. Этот изысканный аромат придаст вам очарование чувственной лесной нимфы. — Верхние ноты: кедр — Ноты сердца: мускус — Базовые ноты: бобы тонка и амбра Активные компоненты включают растительный глицерин и сок листьев алоэ вера, которые обеспечивают глубокое увлажнение. Они обладают антибактериальными и заживляющими свойствами, уменьшающими любые кожные воспаления.",Смочите волосы. Вспеньте небольшое количество шампуня в руках. Нанесите пену на кожу головы. Помассируйте кожу головы. Тщательно смойте пену.,Италия,2
35,2026-10-01T10:53:34.010245,20261001_104711_f22aa185,19000154029,parfjumerija/parfjumirovannyj-uhod,Tesori d’Oriente,Persian dream,Парфюмированный гель для душа,736.0,736.0,0.0,1,4.8,https://goldapple.ru/19000154029-persian-dream/,https://goldapple.ru/parfjumerija/parfjumirovannyj-uhod?p=2,"Tesori d’Oriente Ароматический гель для душа «Персидские грёзы»/«Persian dream» приглашает Вас окунуться в мир эстетики и великолепия. Уникальная разработка итальянских парфюмеров создает гель для душа с ярким ароматом, обладающим хорошей стойкостью до 3 часов и уходовыми свойствами лосьона для тела. Гель для душа обеспечит бережное увлажнение и питание для вашей кожи, сделает тело гладким и шелковистым. Аромат отправит вас в путешествие мечты — в волшебную страну Шахерезады. Гранат богат антиоксидантами и витаминами — это драгоценный эликсир красоты для кожи! Чай поможет вернуть хорошее самочувствие и восстановить баланс тела и духа. Тезори Д'ориенте переводится как «Сокровище Востока». Натуральные масла в составе геля для душа, производство в Италии, формулы без парабенов, силиконов, синтетических красителей. Благодаря такому составу гели для душа не только очищают кожу, но и эффективно ухаживают за ней. Ароматические композиции разработаны ведущими мировыми парфюмерными компаниями и подойдут для подарка самым близким людям, потому что привлекательная и удобная упаковка имеет премиальный вид. Верхние ноты: мента, красное яблоко, апельсин. Ноты сердца: жасмин, гранат, тиковое дерево. База: белый мускус, ваниль, амбра.",1. Нанесите небольшое количество геля на влажную кожу. 2. Нежно помассируйте до образования пены. 3. Тщательно смойте водой.,Италия,2
36,2026-10-01T10:53:42.161819,20261001_104711_f22aa185,19000094654,parfjumerija/parfjumirovannyj-uhod,DEXCLUSIVE,Morning Sandalwood Jasmine,парфюмированный гель для душа,293.0,293.0,0.0,1,4.7,https://goldapple.ru/19000094654-morning/,https://goldapple.ru/parfjumerija/parfjumirovannyj-uhod?p=2,"Подарите себе приятный ритуал ухода в сопровождении чарующих ароматов вместе с DEXCLUSIVE. Гель для душа Morning – настоящий взрыв. Аромат яркий, приятный. Остается на теле еще в течение нескольких часов, но не перебивает аромат парфюма. Гель для душа отлично расслабляет после тяжелого дня. Гель для душа очень приятный, не липкий, хорошо распределяется по телу, как с помощью мочалки, так и рук. Консистенция геля достаточно жидкая, расход продукта экономичный. После использования кожа нежная, мягкая, обновленная. Это настоящая находка для любителей глубокого очищения кожи. Избегайте попадания в глаза. В случае попадания в глаза, промыть большим количеством воды.","Вспеньте средство с водой и нанесите на тело с помощью мочалки или губки. Хорошо помассируйте тело, затем хорошо смойте.",Турция,2
37,2026-10-01T10:53:51.047649,20261001_104711_f22aa185,19000018833,parfjumerija/parfjumirovannyj-uhod,FELCE AZZURRA,Sea Salts,Гель для душа,570.0,570.0,0.0,1,4.8,https://goldapple.ru/19000018833-sea-salts-regenerating-essence/,https://goldapple.ru/parfjumerija/parfjumirovannyj-uhod?p=2,"Свежесть и воздушность белого чая раскрываются нотами кристального морского аккорда и водяной лилии. Шлейф аромата состоит из нот мускуса, кедрового дерева и пачули. Пирамида аромата: — Верхние ноты: белый чай и калоновый аккорд. — Срединные ноты: морской аккорд и водяная лилия. — Шлейфовые ноты: мускус, пачули и кедровое дерево.","1. Нанесите гель на влажную кожу, затем смойте водой. 2. Подходит для ежедневного применения. 3. Рекомендуется использовать для вечернего ритуала перед сном. 4. Избегайте попадания в глаза. 5. Не используйте в пищу.",Италия,2
38,2026-10-01T10:53:59.039821,20261001_104711_f22aa185,19000471440,parfjumerija/parfjumirovannyj-uhod,Rudross,Proud,Парфюмированный спрей для тела,8100.0,8100.0,0.0,1,0.0,https://goldapple.ru/19000471440-proud/,https://goldapple.ru/parfjumerija/parfjumirovannyj-uhod?p=2,"Proud — это воплощение чувства гордости и уверенности, которое приходит с преодолением препятствий на пути к своим целям. Аромат создан для активных и амбициозных личностей, привыкших побеждать и занимать лидирующие позиции. Его композиция насыщенная, чувственная и бодрящая: спелые фрукты в сочетании с дымными специями наполнят вас энергией, а восточные ноты шафрана, тёмных стручков ванили и бобов тонка зарядят силой и подчеркнут внутреннюю силу. Спрей для тела RudRoss мягко распыляется по всему телу, даря коже ощущение свежести и окутывая вас любимым ароматом. Его звучание более утончённое, чем у традиционного парфюма, но не менее многогранное и шлейфовое. Текстура спрея моментально впитывается и приносит ощущение прохлады, что делает его идеальным выбором для любого времени суток и особенно в тёплое время года. Натуральные экстракты и масла бережно позаботятся о здоровье кожи, питая и смягчая её.","Распылите на чистую кожу, волосы или одежду, избегая попадания в глаза.",Оаэ,2
39,2026-10-01T10:54:09.184658,20261001_104711_f22aa185,19000269137,parfjumerija/parfjumirovannyj-uhod,PAYOT,Lait corps parfumé NEROLI DeTe,Парфюмированное молочко для тела,2386.0,2386.0,0.0,1,4.6,https://goldapple.ru/19000269137-lait-corps-parfume-neroli-dete/,https://goldapple.ru/parfjumerija/parfjumirovannyj-uhod?p=2,"Молочко для тела PAYOT с легкой и тающей текстурой питает и увлажняет, оставляя нежный аромат нероли, петитгрейна, белого кедра и мускуса. Масло ши восстанавливает кожу, придает мягкость и шелковистость. Цветочный мед успокаивает, поддерживает увлажненность кожи. Эфирное масло петитгрейна дарит успокаивающий и расслабляющий эффект.",Нанесите молочко на чистую и сухую кожу.,Франция,2
40,2026-10-01T10:54:19.270587,20261001_104711_f22aa185,19000499362,parfjumerija/parfjumirovannyj-uhod,Huxley,BLUE MEDINA TANGERINE,Парфюмированный лосьон для тела,2610.0,2610.0,0.0,1,0.0,https://goldapple.ru/19000499362-huxley-blue-medina-tangerine/,https://goldapple.ru/parfjumerija/parfjumirovannyj-uhod?p=2,"Парфюмированный лосьон Huxley, содержащий масло опунции и масло ши, интенсивно увлажняет сухую кожу тела и дарит ей чарующий аромат с яркой нотой танжерина, зелеными нотами и древесно-амбровым аккордом. Средство с легкой и нежной текстурой быстро впитывается, делая кожу более гладкой и мягкой и оставляя приятное ощущение свежести.","Слегка протрите кожу тела полотенцем после душа или ванны. Нанесите лосьон на кожу тела. Распределите лосьон по коже тела массирующими движениями, уделяя особое внимание сухим участкам.",Республика корея,2
41,2026-10-01T10:54:45.767718,20261001_104711_f22aa185,19000486497,parfjumerija/parfjumirovannyj-uhod,Jmella,in france Lazy vibes NO. 03,Парфюмированный гель для душа,426.0,426.0,0.0,1,4.2,https://goldapple.ru/19000486497-jmella-in-france-lazy-vibes-no-03/,https://goldapple.ru/parfjumerija/parfjumirovannyj-uhod?p=3,"Гель для душа бережно очищает кожу тела, окутывая расслабляющим ароматом с нотами альдегидов, ириса и белого мускуса. Средство, содержащее растительные экстракты и масла камелии, авокадо и арганы, дарит увлажнение, питает кожу и делает её мягкой, более сияющей и бархатистой. Цветочно-мускусная парфюмерная композиция окружает ощущением комфорта, напоминая о беззаботном и неспешном утре выходного дня.",Нанесите немного геля на ладони или мочалку. Вспеньте. Распределите легкими массирующими движениями по коже тела. Смойте теплой водой.,Республика корея,3
42,2026-10-01T10:54:56.179166,20261001_104711_f22aa185,19000154031,parfjumerija/parfjumirovannyj-uhod,Tesori d’Oriente,Royal oud,Парфюмированный гель для душа,645.0,645.0,0.0,1,4.8,https://goldapple.ru/19000154031-royal-oud/,https://goldapple.ru/parfjumerija/parfjumirovannyj-uhod?p=3,"Tesori d’Oriente Ароматический гель для душа «королевский УД» / «ROYAL OUD» приглашает Вас окунуться в мир эстетики и великолепия. Уникальная разработка итальянских парфюмеров создает гель для душа с ярким ароматом, обладающим хорошей стойкостью до 3 часов и уходовыми свойствами лосьона для тела. Гель для душа обеспечит бережное увлажнение и питание для вашей кожи, сделает тело гладким и шелковистым. Аромат отправит в ольфакторное путешествие в полный очарования регион Йемена. Древесина уда, полученная из агарового дерева, представляет собой темную смолу, которую добывают из коры определенных деревьев в Юго-Восточной Азии и используют в парфюмерии для приготовления самых востребованных эссенций. Существуют различные виды и качества древесины уда; Йеменский - самый редкий и самый ценный. Кунжут — растение древнего происхождения, выращиваемое в тропических регионах. Его богатые семена, которые на 50-60% состоят из масла, обычно используются в косметике из-за их антиоксидантных и успокаивающих свойств. Тезори Д'ориенте переводится как "" Сокровище Востока"". Натуральные масла в составе геля для душа, производство в Италии, формулы без парабенов, силиконов, синтетических красителей – это всё является атрибутом высокого ценового сегмента. Благодаря такому составу, гели для душа не только очищают кожу, но и эффективно ухаживают за ней. Ароматические композиции разработаны ведущими мировыми парфюмерными компаниями и подойдут для подарка самым близким людям, потому что привлекательная и удобная упаковка имеет премиальный вид. ВЕРХНИЕ НОТЫ: Мандарин, Лимон, Цветок миндаля НОТЫ СЕРДЦА: Флердоранж, Жасмин БАЗА: Ваниль, Древесные ноты, Амбра, Мускус","Нанесите небольшое количество геля на влажную кожу, нежно помассируйте до образования пены, затем тщательно смойте водой.",Италия,3
43,2026-10-01T10:55:05.523977,20261001_104711_f22aa185,19000312020,parfjumerija/parfjumirovannyj-uhod,FOR ME by gold apple,05. Old basil,Нет категории,243.0,243.0,0.0,1,4.7,https://goldapple.ru/19000312020-05-old-basil/,https://goldapple.ru/parfjumerija/parfjumirovannyj-uhod?p=3,"Легкий парфюмированный крем с ароматом базилика, ветивера и гальбанума. Свежий и немного терпкий базилик одновременно бодрит и дарит ощущение спокойствия. Ноты ветивера и гальбанума объединяются в яркий заряд, зеленый, как скошенная трава в поле. Он увлажняет руки, питает кожу и при продолжительном использовании делает ее менее чувствительной к окружающей среде. Благодаря легкой текстуре средство быстро впитывается, не создает маслянистое ощущение и не оставляет на предметах жирные следы. Крем подходит для сухой кожи — пантенол и сквалан быстро восстанавливают ее и возвращают мягкость. Нежность рукам придают также натуральные масла оливы и авокадо. А крепкую защиту рукам обеспечивают экстракт базилика и алоэ вера.",Нанесите крем массажными движениями на чистую сухую кожу рук.,Россия,3
44,2026-10-01T10:55:14.465687,20261001_104711_f22aa185,19000499368,parfjumerija/parfjumirovannyj-uhod,Huxley,MOROCCAN GARDENER,Нет категории,3090.0,3090.0,0.0,1,0.0,https://goldapple.ru/19000499368-huxley-moroccan-gardener/,https://goldapple.ru/parfjumerija/parfjumirovannyj-uhod?p=3,"Легкое парфюмированное масло Huxley гладко распределяется по коже тела, делает её шелковистой и оставляет изысканный аромат с нотами цветов, древесным аккордом и мягким акцентом мускуса. Продукт, содержащий масла миндаля и опунции, питает и увлажняет кожу, придавая ей мягкость. Масло с невесомой текстурой быстро впитывается и оставляет свежий, нелипкий финиш.",Используйте после душа или ванны. Распределите массирующими движениями по влажной коже тела.,Республика корея,3
45,2026-10-01T10:55:22.726575,20261001_104711_f22aa185,19000154038,parfjumerija/parfjumirovannyj-uhod,Tesori d’Oriente,White musk,Парфюмированный гель для душа,307.0,307.0,0.0,1,4.7,https://goldapple.ru/19000154038-white-musk/,https://goldapple.ru/parfjumerija/parfjumirovannyj-uhod?p=3,"Tesori d'Oriente. Для физического и душевного равновесия. Уход за телом с Tesori d'Oriente — это возможность освободиться от стресса и повседневной рутины, испытать глубокое внутреннее чувство удовольствия и релаксации. Линия ритуалов красоты Tesori d'Oriente, которую высоко ценят за качество продукции, произведённой в Италии, и её уникальные парфюмерные композиции, оставляет чувственный аромат. Натуральные компоненты на основе оливкового масла нежно очищают кожу. Данный вид поверхностно-активных веществ используется в детской косметике и средствах для интимной гигиены. Нежный, мягкий, гармоничный аромат кристальной чистоты с бархатной цветочной нотой. Неповторимое звучание белого мускуса в композиции Tesori d'Oriente оставляет на теле и одежде обволакивающий кремовый запах чистоты и спокойствия. Классические альдегиды на старте плавно переходят в нежную россыпь ирисовой пудры. По мере раскрытия белый мускус смягчается, становится пушистым, лаская кожу и пробуждая тайные желания.",1. Нанесите небольшое количество геля на влажную кожу. 2. Нежно помассируйте до образования пены. 3. Тщательно смойте водой.,Италия,3
46,2026-10-01T10:55:34.117168,20261001_104711_f22aa185,99000066307,parfjumerija/parfjumirovannyj-uhod,THAT’SO,gradual tanning moisturizer,Увлажняющий лосьон для тела,3740.0,3740.0,0.0,1,0.0,https://goldapple.ru/99000066307-gradual-tanning-moisturizer/,https://goldapple.ru/parfjumerija/parfjumirovannyj-uhod?p=3,"Увлажняющий лосьон для тела. Нежный мгновенный оттенок загара, придающий коже фантастический цвет. Ультра-увлажняющий лосьон для тела, который постепенно придает естественный загар для всех типов кожи, который сохраняется в течение 2 дней. Его состав богат алоэ, экстрактом ананаса и витамином Е, которые оказывают успокаивающее и увлажняющее действие. Аромат: Черника, Лаванда, Ваниль. Активные компоненты: Бронзирующие пищевые пигменты: мгновенный загар получается благодаря косметическому бронзатору - смеси цветных пигментов, также используемых в пищевой промышленности и безопасных для кожи. Дгк (дигидроксиацетон): Ингредиент растительного происхождения гарантирует постепенный и длительный загар, не наносит никакого вреда коже. Лосьон воздействует на поверхностный слой эпидермиса, придавая яркую и интенсивную окраску, которая постепенно уменьшается при естественном отшелушивании кожи, не оставляя пятен. Продукт не содержит эритрулозы. Алое Вера(Aloe Barbadensis): Известный с древних времен своими успокаивающими и увлажняющими свойствами, экстракт растения алоэ оказывает смягчающее и увлажняющее действие вместе с мгновенным ощущением свежести. Растительные масла и витамин Е: Увлажнение и придает тонус коже. Витамин Е действует как антиоксидант, который помогает предотвратить повреждение кожи свободными радикалами. Экстракт ананаса: Стимулирует обновление клеток. Оказывает успокаивающее и увлажняющее действие, мгновенно придавая ощущение свежести.",Наносите ежедневно или время от времени на чистую сухую кожу круговыми движениями. Дайте лосьону впитаться. Избегайте контакта с водой в течение 3-4 часов после нанесения. Вымойте руки после использования.,Италия,3
47,2026-10-01T10:55:44.719398,20261001_104711_f22aa185,19000154019,parfjumerija/parfjumirovannyj-uhod,Tesori d’Oriente,Dragon flower,Парфюмированный гель для душа,781.0,781.0,0.0,1,4.8,https://goldapple.ru/19000154019-dragon-flower/,https://goldapple.ru/parfjumerija/parfjumirovannyj-uhod?p=3,"Tesori d’Oriente Ароматический гель для душа «цветок дракона» / «DRAGON FLOWER» приглашает Вас окунуться в мир эстетики и великолепия. Уникальная разработка итальянских парфюмеров создает гель для душа с ярким ароматом, обладающим хорошей стойкостью до 3 часов и уходовыми свойствами лосьона для тела. Гель для душа обеспечит бережное увлажнение и питание для вашей кожи, сделает тело гладким и шелковистым. Аромат отправит вас в аутентичное путешествие умиротворения. Цветок дракона — тропическое растение редкой красоты, произрастающее в Китае и Юго-Восточной Азии. Его великолепные белые цветы, освещенные луной, источают магнетический аромат, который исчезает с первыми лучами рассвета. В древнем Китае его плоды, известные как питайя, ценятся своими антиоксидантными и тонизирующими свойствами и назывались они эликсиром долголетия. Тезори Д'ориенте переводится как "" Сокровище Востока"". Натуральные масла в составе геля для душа, производство в Италии, формулы без парабенов, силиконов, синтетических красителей – это всё является атрибутом высокого ценового сегмента. Благодаря такому составу, гели для душа не только очищают кожу, но и эффективно ухаживают за ней. Ароматические композиции разработаны ведущими мировыми парфюмерными компаниями и подойдут для подарка самым близким людям, потому что привлекательная и удобная упаковка имеет премиальный вид. Верхние ноты: Горький Миндаль, Абрикос. Ноты сердца: Флердоранж, Жасмин, Иланг-Иланг, Тубероза. База: Ваниль, Сандаловое дерево, Амбра, Мускус.","Нанесите небольшое количество геля на влажную кожу, нежно помассируйте до образования пены, затем тщательно смойте водой.",Италия,3
48,2026-10-01T10:55:53.350927,20261001_104711_f22aa185,19000486490,parfjumerija/parfjumirovannyj-uhod,Jmella,in france Dark orchid NO. 04,Парфюмированный бальзам для волос,479.0,479.0,0.0,1,4.5,https://goldapple.ru/19000486490-jmella/,https://goldapple.ru/parfjumerija/parfjumirovannyj-uhod?p=3,"Бальзам для волос с натуральными экстрактами, в том числе экстрактом листьев земляники, и маслами камелии, авокадо, оливы и арганы питает, увлажняет и укрепляет волосы, делая их более мягкими, послушными и блестящими. Парфюмированное средство оставляет на волосах чарующий и стойкий аромат с чувственными нотами трюфеля, орхидеи и пачули.",Нанесите бальзам на чистые и влажные волосы. Оставьте на несколько минут. Тщательно смойте водой.,Республика корея,3
49,2026-10-01T10:56:03.459967,20261001_104711_f22aa185,99000179237,parfjumerija/parfjumirovannyj-uhod,PULJERS,табак и ваниль,Минеральный дезодорант-спрей,600.0,600.0,0.0,1,4.9,https://goldapple.ru/99000179237-puljers-tabak-i-vanil/,https://goldapple.ru/parfjumerija/parfjumirovannyj-uhod?p=3,"Натуральный дезодорант от PULJERS на квасцах и цинке обеспечивает защиту от запаха на 12 часов без парабенов, спирта и солей алюминия (вредных форм). Квасцы создают на коже невидимый минеральный барьер, который подавляет рост бактерий — причину запаха. Цинк подсушивает, успокаивает и регулирует потоотделение. Не забивает поры, не оставляет следов на одежде, не блокирует естественное потоотделение (антиперспирант). Подходит для чувствительной кожи.","Распылить спрей на чистую кожу, удерживая флакон на расстоянии 5 см, три-четыре нажатия. Дождаться полного высыхания до контакта с одеждой. Применять по необходимости.",Россия,3
50,2026-10-01T10:56:11.951589,20261001_104711_f22aa185,99000041610,parfjumerija/parfjumirovannyj-uhod,BOTANIKA MARRAKECH,MAINS PALAIS BAHIA,Жидкое мыло для рук,1560.0,1560.0,0.0,1,0.0,https://goldapple.ru/99000041610-mains-palais-bahia/,https://goldapple.ru/parfjumerija/parfjumirovannyj-uhod?p=3,"Парфюмированное жидкое мыло для рук из линейки Botanika Marrakech на основе экстрактов листьев арганы деликатно очищает ваши руки и придает им аромат, сохраняя естественный баланс вашей кожи. Верхние ноты: Уд, Ладан, Шафран, Шиповник. Средние ноты: Амирис, Древесная смола, Кедр, Ладан, Корица, Кожа. Базовые ноты: Сандал, Амбра, Пачули.","Нанесите на влажную кожу рук, вспеньте, затем смойте водой.",Марокко,3
51,2026-10-01T10:56:20.143396,20261001_104711_f22aa185,19000094653,parfjumerija/parfjumirovannyj-uhod,DEXCLUSIVE,Night Patchouli Vanilla,Парфюмированный гель для душа,293.0,293.0,0.0,1,4.8,https://goldapple.ru/19000094653-night/,https://goldapple.ru/parfjumerija/parfjumirovannyj-uhod?p=3,"Подарите себе приятный ритуал ухода в сопровождении чарующих ароматов вместе с DEXCLUSIVE. Гель для душа Night – настоящий взрыв. Аромат яркий, приятный. Остается на теле еще в течение нескольких часов, но не перебивает аромат парфюма. Гель для душа отлично расслабляет после тяжелого дня. Гель для душа очень приятный, не липкий, хорошо распределяется по телу, как с помощью мочалки, так и рук. Консистенция геля достаточно жидкая, расход продукта экономичный. После использования кожа нежная, мягкая, обновленная. Это настоящая находка для любителей глубокого очищения кожи. Избегайте попадания в глаза. В случае попадания в глаза, промыть большим количеством воды.","Вспеньте средство с водой и нанесите на тело с помощью мочалки или губки. Хорошо помассируйте тело, затем хорошо смойте.",Турция,3
52,2026-10-01T10:56:31.037494,20261001_104711_f22aa185,19000192478,parfjumerija/parfjumirovannyj-uhod,DUFT & DOFT,Sophy soapy,Парфюмированный увлажняющий мист для тела,1228.0,1228.0,0.0,1,4.1,https://goldapple.ru/19000192478-sophy-soapy/,https://goldapple.ru/parfjumerija/parfjumirovannyj-uhod?p=3,"Парфюмированный мист для тела DUFT&DOFT дарит коже увлажнение, ощущение свежести и стойкий изысканный аромат с чистыми нотами мускуса, мыла и орхидеи. Многогранную парфюмерную композицию дополняют чарующие ноты имбиря, груши, чайной розы, кедра и пачулей. Мист также можно распылять на волосы, одежду и ткани, чтобы окружить себя приятным ароматом.",Распылите на кожу тела с расстояния 20-30 см. Не распыляйте на лицо.,Республика корея,3
53,2026-10-01T10:56:38.847537,20261001_104711_f22aa185,19000312022,parfjumerija/parfjumirovannyj-uhod,FOR ME by gold apple,06. Vanilla spark,Нет категории,459.0,459.0,0.0,1,4.7,https://goldapple.ru/19000312022-06-vanilla-spark/,https://goldapple.ru/parfjumerija/parfjumirovannyj-uhod?p=3,"Парфюмированный гель для душа с нотами ванили, белого мускуса и амбры бережно и эффективно очищает кожу, оставляя на теле приятный ненавязчивый аромат. Это атмосфера свидания в луна-парке, полного беззаботной радости: ваниль напоминает сладость крем-соды и сахарной ваты, а бархатный шлейф амбры и белого мускуса мысленно переносит в теплый романтический вечер. Легко пенится, быстро смывается и не образует пленку. Мягкие ПАВ не сушат кожу и берегут ее от повреждений, а натуральные масла жожоба и инжира мягко питают, ускоряя обновление клеток. В состав входит природный антиоксидант — экстракт ламинарии, а также успокаивающий кожу экстракт алоэ вера. Гидролизованный эластин предупреждает старение кожи и делает ее более упругой. Гель подходит для ежедневного использования. При курьерской доставке и самовывозе из супермаркета «‎Золотое Яблоко» у некоторых товаров могут отсутствовать стопперы — это специальная деталь, которая фиксирует дозатор в одном положении.",Небольшое количество геля нанесите на влажную кожу тела массирующими движениями до образования пены. Смойте теплой водой.,Россия,3
54,2026-10-01T10:56:49.651998,20261001_104711_f22aa185,19000482474,parfjumerija/parfjumirovannyj-uhod,FELCE AZZURRA,Black Orchid,Нет категории,431.0,431.0,0.0,1,4.9,https://goldapple.ru/19000482474-black-orchid/,https://goldapple.ru/parfjumerija/parfjumirovannyj-uhod?p=3,"Гель для ванны и душа «Черная орхидея» — это утонченный, интригующий аромат и нежное очищение вашей кожи. Обладает необычной и загадочной парфюмерной композицией. Ноты аромата: — Верхние ноты: перец и мандарин. — Срединные ноты: черная орхидея, слива и солодка. — Шлейфовые ноты: бобы тонка, ваниль и кофе.","1. Нанесите гель на влажную кожу, затем смойте водой. 2. Подходит для ежедневного применения. 3. Рекомендуется использовать для вечернего ритуала перед сном. 4. Избегайте попадания в глаза. 5. Не используйте в пищу.",Италия,3
55,2026-10-01T10:57:00.878372,20261001_104711_f22aa185,19000092355,parfjumerija/parfjumirovannyj-uhod,ESSENTIAL PARFUMS PARIS,ORANGE X SANTAL by Natalie Gracia-Cetto,Парфюмированное жидкое мыло для рук и тела,3087.0,3087.0,0.0,1,3.8,https://goldapple.ru/19000092355-orange-x-santal-by-natalie-gracia-cetto/,https://goldapple.ru/parfjumerija/parfjumirovannyj-uhod?p=3,"Парфюмированное жидкое мыло ESSENTIAL PARFUMS PARIS мягко очищает руки и кожу тела, оставляя изысканный аромат. Средство с растительным глицерином питает кожу и не вызывает сухости после очищения. Экологичная и мягкая формула, подходящая даже для чувствительной кожи, на 98% состоит из натуральных ингредиентов. Чувственный и яркий аромат объединяет ноты горького апельсина, сандалового дерева, базилика, дубового мха и кипариса.","нанесите на влажную кожу рук, вспеньте, затем смойте водой. Используйте в качестве геля для душа для очищения кожи тела.",Франция,3
56,2026-10-01T10:57:11.071859,20261001_104711_f22aa185,19000471438,parfjumerija/parfjumirovannyj-uhod,Rudross,Monkey,Парфюмированный спрей для тела,8100.0,8100.0,0.0,1,0.0,https://goldapple.ru/19000471438-monkey/,https://goldapple.ru/parfjumerija/parfjumirovannyj-uhod?p=3,"Умение рисовать — это удивительная способность выражать себя, свой внутренний мир, чувства и идеи через творчество. Monkey — это взрывная и одновременно с этим гармоничная композиция, вдохновлённая искусством. Она сочетает в себе яркие ягодные ноты, мягко переходящие в водянистый, кремово‑молочный подтекст, создавая ощущение нежности и глубины. Этот аромат — отражение вашей уникальной личности и творческого вдохновения. Спрей для тела RudRoss мягко распыляется по всему телу, даря коже ощущение свежести и окутывая вас любимым ароматом. Его звучание более утончённое, чем у традиционного парфюма, но не менее многогранное и шлейфовое. Текстура спрея моментально впитывается и приносит ощущение прохлады, что делает его идеальным выбором для любого времени суток и особенно в тёплое время года. Натуральные экстракты и масла бережно позаботятся о здоровье кожи, питая и смягчая её.","Распылите на чистую кожу, волосы или одежду, избегая попадания в глаза.",Оаэ,3
57,2026-10-01T10:57:20.420285,20261001_104711_f22aa185,19000098966,parfjumerija/parfjumirovannyj-uhod,Jmella,in france Blooming Peony Body Lotion,Парфюмированный лосьон для тела,589.0,589.0,0.0,1,4.7,https://goldapple.ru/19000098966-in-france-blooming-peony-body-lotion/,https://goldapple.ru/parfjumerija/parfjumirovannyj-uhod?p=3,"Лосьон с ароматом мандарина, розового пиона и белого мускуса увлажняет, возвращает коже упругость и эластичность. Смягчает, устраняет раздражение и воспаление, шелушение, зуд и ощущение стянутости. Лосьон быстро впитывается, не оставляет липкости и дискомфорта, экономно расходуется.",После душа нанесите лосьон на кожу и распределите мягкими массирующими движениями.,Республика корея,3
58,2026-10-01T10:57:29.432556,20261001_104711_f22aa185,19000440151,parfjumerija/parfjumirovannyj-uhod,MIXIT,Spa Rituals wild cherry,Парфюмированный мист для тела и волос,297.0,297.0,0.0,1,4.7,https://goldapple.ru/19000440151-spa-rituals-wild-cherry/,https://goldapple.ru/parfjumerija/parfjumirovannyj-uhod?p=3,"Мист для тела и волос от MIXIT станет отличной альтернативой парфюму. Аромат дикой вишни в сочетании с древесными аккордами и ванилью раскрывается с особой чувственностью. Активные компоненты в составе увлажняют и освежают кожу и волосы, а универсальный размер флакона позволяет брать мист с собой и обновлять аромат в любое время дня. Погрузись в атмосферу цветущего вишневого сада и насладись чувственным ароматом! Экстракт малины восстанавливает и выравнивает тон кожи, удерживает в ней влагу. Экстракт вишни тонизирует кожу и смягчает волосы. Витамин С повышает упругость и оказывает антиоксидантное действие. Витамины А и Е поддерживают упругость и эластичность кожи, укрепляют волосы. В интернет-магазине представлен актуальный дизайн продукта. Обращаем внимание, возможно поступление товара в старом дизайне.","Распылить на чистую сухую кожу тела и/или волос с расстояния 15-20 см, дождаться полного впитывания.",Россия,3
59,2026-10-01T10:57:38.115485,20261001_104711_f22aa185,19000245147,parfjumerija/parfjumirovannyj-uhod,FOR ME by gold apple,Скраб для тела PINK WOODS,Скраб для тела,540.0,540.0,0.0,1,4.7,https://goldapple.ru/19000245147-pink-woods/,https://goldapple.ru/parfjumerija/parfjumirovannyj-uhod?p=3,"Скраб с морской солью и абрикосовой косточкой эффективно удаляет ороговевшие клетки, выравнивает рельеф и повышает тонус. Он отшелушивает кожу максимально нежно и бережно, не допуская повреждений. Формула обогащена ценными компонентами для комплексного ухода. Масла грейпфрута и розмарина обладают антиоксидантным эффектом, а экстракт базилика глубоко увлажняет и придает упругость. Скраб имеет рассыпчатую текстуру, но соль, пропитанная маслами, легко распределяется по коже. После применения он оставляет легкий масляный финиш и бодрящий древесно-цитрусовый аромат, в котором свежий мандарин сочетается с терпкостью кедра и мягкостью лаванды.","Нанесите скраб на влажную кожу и распределите его по телу круговыми движениями, после смойте остатки скраба теплой водой. Используйте скраб 1–2 раза в неделю.",Россия,3
60,2026-10-01T10:57:46.668707,20261001_104711_f22aa185,19000018836,parfjumerija/parfjumirovannyj-uhod,FELCE AZZURRA,Coconut & Bamboo,Гель для душа,590.0,590.0,0.0,1,4.8,https://goldapple.ru/19000018836-coconut-bamboo-vitality-essence/,https://goldapple.ru/parfjumerija/parfjumirovannyj-uhod?p=3,"Яркий аромат кокоса и свежесть бамбука дарят моменты радости и энергии во время принятия душа или ванны. Средство деликатно очищает кожу, увлажняет её и оставляет изысканный аромат надолго. Ароматическая композиция: — Яркие ноты кокоса сочетаются с игривыми цитрусовыми нотами бергамота. — Травяные и воздушные ноты бамбука и алоэ раскрывают цветочное сердце аромата в виде жасмина. — Базу аромата подчеркивают ноты мускуса, окутанные сладкими тонами бобов тонка. Пирамида аромата: — Верхние ноты: кокос и бергамот. — Срединные ноты: бамбук и жасмин. — Шлейфовые ноты: мускус и бобы тонка.","1. Нанесите гель на влажную кожу, затем смойте водой. 2. Подходит для ежедневного применения. 3. Рекомендуется использовать для вечернего ритуала перед сном. 4. Избегайте попадания в глаза. 5. Не используйте в пищу.",Италия,3
61,2026-10-01T10:58:13.896129,20261001_104711_f22aa185,19000471444,parfjumerija/parfjumirovannyj-uhod,Rudross,Thai mango,Парфюмированный спрей для тела,8100.0,8100.0,0.0,1,0.0,https://goldapple.ru/19000471444-thai-mango/,https://goldapple.ru/parfjumerija/parfjumirovannyj-uhod?p=4,"В современном мире социальные сети стали неотъемлемой частью нашей жизни, а ведение личного блога — отражением уникальности. Thai mango — для тех, кто смело делится своей историей в мире цифровых возможностей. В центре композиции — сочное манго, придающее аромату яркость и свежесть, наполняя его солнечным светом и позитивом. Этот аромат станет отражением вашей индивидуальности и подарит стимул к новым свершениям. Спрей для тела RudRoss мягко распыляется по всему телу, даря коже ощущение свежести и окутывая вас любимым ароматом. Его звучание более утончённое, чем у традиционного парфюма, но не менее многогранное и шлейфовое. Текстура спрея моментально впитывается и приносит ощущение прохлады, что делает его идеальным выбором для любого времени суток и особенно в тёплое время года. Натуральные экстракты и масла бережно позаботятся о здоровье кожи, питая и смягчая её.","Распылите на чистую кожу, волосы или одежду, избегая попадания в глаза.",Оаэ,4
62,2026-10-01T10:58:24.132528,20261001_104711_f22aa185,19000420969,parfjumerija/parfjumirovannyj-uhod,CLOZ,"Ambra, pepper",Гель-крем для душа,841.0,841.0,0.0,1,4.9,https://goldapple.ru/19000420969-ambra-pepper/,https://goldapple.ru/parfjumerija/parfjumirovannyj-uhod?p=4,"Откройте для себя атмосферу чувственного наслаждения с натуральным парфюмированным гелем для душа CLOZ. Погрузитесь в чувственный аромат, который останется с Вами на протяжении всего дня, даря ощущение свежести и комфорта. Изысканное сочетание пряного черного перца и теплой, бархатистой амбры рождает роскошный дуэт, который создает неповторимую ароматическую симфонию, пробуждает чувства и заряжает энергией на весь день. Уникальная формула с натуральными компонентами обеспечивает интенсивное питание и длительное увлажнение, деликатно очищают кожу, не оставляя чувство сухости и стянутости. Нежная кремовая текстура обеспечивает обильную пену и дарит коже мягкость и шелковистость после каждого применения. Подарите себе моменты истинного удовольствия с CLOZ – где натуральность встречается с роскошью!","Нанесите небольшое количество геля на влажную кожу, вспеньте, скажите себе слова любви и благодарности, затем смойте водой.",Россия,4
63,2026-10-01T10:58:36.083096,20261001_104711_f22aa185,90150600001,parfjumerija/parfjumirovannyj-uhod,Zielinski & Rozen,"Black Pepper, Vetiver, Neroli, Amber",Нет категории,1690.0,1690.0,0.0,1,4.8,https://goldapple.ru/90150600001-black-pepper-amber-neroli/,https://goldapple.ru/parfjumerija/parfjumirovannyj-uhod?p=4,"Питательный крем для рук бережно восстанавливает и смягчает кожу, помогая ей оставаться гладкой, нежной и ухоженной в любое время года. Масло сладкого миндаля придает коже мягкость, а пчелиный воск помогает защитить её от внешних факторов и надолго сохранить ощущение увлажнённости. Благодаря легкой текстуре средство быстро впитывается, оставляя на коже яркий шлейф любимого аромата. Свежие ноты нероли, терпкий чёрный перец, дымный ветивер, тёплая амбра, смола элеми и хвойные оттенки кедра создают смелое, запоминающееся звучание, которое остаётся на коже мягким шлейфом. Удобный формат позволяет всегда держать крем под рукой — в сумке, в кармане или в поездке. Ароматы продукции Zielinski&Rozen изменили свое наименование без изменения состава.","Возьмите немного крема, нанесите на ладони и равномерно распределите по чистой коже рук. Используйте в течение дня по мере необходимости.",Израиль,4
64,2026-10-01T10:58:46.208919,20261001_104711_f22aa185,99000045121,parfjumerija/parfjumirovannyj-uhod,gulsha,Rose micellar water,Нет категории,1950.0,1950.0,0.0,1,0.0,https://goldapple.ru/99000045121-rose-micellar-water/,https://goldapple.ru/parfjumerija/parfjumirovannyj-uhod?p=4,"Благодаря эксклюзивной формуле с мягкой мицеллярной технологией и розовой водой высшего качества, мицеллярная вода удаляет макияж, очищает и смягчает кожу в один шаг, включая стойкий макияж. Обогащенная антиоксидантной розовой водой для успокаивающего и расслабляющего эффекта, она мгновенно захватывает все загрязнения. Очищает лицо, шею, глаза и губы без необходимости смывать. Кожа остается свежей, мягкой и с гладким сиянием. Подходит для всех типов кожи. 99,95% натуральных компонентов. Дерматологически протестировано. Формула разработана во Франции, произведено в Турции.","Нанесите мицеллярную воду на ватный диск. Аккуратно протрите лицо, глаза, шею и губы для очищения и удаления макияжа. Повторите, пока ватный диск не станет чистым. Смывать не нужно.",Турция,4
65,2026-10-01T10:58:58.001154,20261001_104711_f22aa185,19760302796,parfjumerija/parfjumirovannyj-uhod,Givenchy,IRRESISTIBLE,Парфюмированное молочко для тела,7420.0,7420.0,0.0,1,4.9,https://goldapple.ru/19760302796-irresistible/,https://goldapple.ru/parfjumerija/parfjumirovannyj-uhod?p=4,"Нежное парфюмированное молочко для тела Irresistible от Givenchy глубоко увлажняет кожу, дарит ей мягкость, и обволакивает легким цветочным ароматом. Композиция Irresistible Givenchy представляет собой дуэт роскошной розы и аккорда светлого дерева. Восхитительная роза сверкает, раскрываясь фруктовыми сочными гранями груши, амбретты и пудровой ноты ириса. Это великолепное цветочно-фруктовое сочетание, дополняется аккордами кедра, янтарного дерева и едва уловимой нотой Мускуса. Упаковка продукта на 50% состоит из переработанного пластика, что соответствует принципам ответственного потребления. В банную линию Irresistible от Givenchy также входят гель для душа, мыло для тела, дезодорант в виде спрея и дымка для волос.",Нанесите небольшое количество средства на предварительно очищенную кожу тела и тщательно  распределите его,Франция,4
66,2026-10-01T10:59:06.508061,20261001_104711_f22aa185,19000080194,parfjumerija/parfjumirovannyj-uhod,Jmella,IN FRANCE QUEEN 5 HAIR SHAMPOO,Парфюмированный шампунь для волос,534.0,534.0,0.0,1,4.4,https://goldapple.ru/19000080194-in-france-queen-5-hair-shampoo/,https://goldapple.ru/parfjumerija/parfjumirovannyj-uhod?p=4,"Шампунь с ароматом жасмина, белого мускуса и нотой альдегида тщательно очищает кожу головы и восстанавливает ослабленные и поврежденные волосы. Уменьшает выработку себума, чтобы волосы оставались чистыми. Экстракт земляники делает волосы гладкими, послушными, блестящими без утяжеления. Предупреждает ломкость, расслоение кончиков и увеличивает объем.","Нанесите шампунь на влажные волосы, помассируйте кожу головы, а затем смойте теплой водой.",Республика корея,4
67,2026-10-01T10:59:21.158237,20261001_104711_f22aa185,19000190228,parfjumerija/parfjumirovannyj-uhod,FOR ME by gold apple,03. Milky silk,Бомбочка для ванны,251.0,251.0,0.0,1,4.6,https://goldapple.ru/19000190228-03-milky-silk-bath-bomb/,https://goldapple.ru/parfjumerija/parfjumirovannyj-uhod?p=4,"Мы обожаем домашние спа-ритуалы, ведь они не только дарят заботу о теле, но и поднимают настроение. Бомбочка для ванны 03.MILKY SILK действует именно так! Опустите уточку в теплую воду — и купание станет по-настоящему приятным, как в детстве. Пока она бурлит, вода постепенно приобретает красивый молочный оттенок, а воздух наполняется нежным ароматом сливок, шафрана и марципана. Бомбочка создает атмосферу расслабления, а заодно и ухаживает за кожей — бережно увлажняет ее, делает мягкой и гладкой. Чтобы по-максимуму насладиться эффектом бомбочки, нужно дождаться ее полного растворения. После процедуры продукт легко смоется с поверхности ванны и не оставит на коже следов — только легкий аромат. Уверены, такой сеанс релакса захочется повторять каждый вечер!","Опустите бомбочку в теплую воду, дождитесь ее полного растворения. Принимайте ванну не более 20 минут. Не используйте при раздражении кожи и индивидуальной непереносимости компонентов. Рекомендуемый возраст использования товара с 14 лет.",Россия,4
68,2026-10-01T10:59:30.536005,20261001_104711_f22aa185,19000274980,parfjumerija/parfjumirovannyj-uhod,HFC,DEVIL'S INTRIGUE,Парфюмерный крем для тела,10125.0,10125.0,0.0,1,4.9,https://goldapple.ru/19000274980-devil-s-intrigue/,https://goldapple.ru/parfjumerija/parfjumirovannyj-uhod?p=4,"Культовые ароматы HFC Paris доступны в форме средств по уходу за кожей. Роскошный крем для тела "" Devil's Intrigue"". Его богатая бархатистая текстура, питательная формула и фирменный аромат придадут вашей коже сияние, ощущение мягкости и глубокого увлажнения. Обеспечьте своей коже максимальный уход, которого она заслуживает. Попробуйте исключительный крем для тела "" Devil's Intrigue "" от HFC Paris. Крем для тела Devil’s Intrigue представлен в изящной декоративной упаковке, украшенной изысканной иллюстрацией, доставляющей истинное эстетическое наслаждение. Легкий и воздушный лосьон для тела обеспечит вашей коже необходимый уход, не только даря ей глубокое увлажнение и мягкость в течение 24 часов, но и окутывая ее нежной вуалью изысканного аромата.",Наносить на очищенную кожу.,Франция,4
69,2026-10-01T10:59:42.493110,20261001_104711_f22aa185,99000179649,parfjumerija/parfjumirovannyj-uhod,PULJERS,хлопок,Минеральный дезодорант-спрей,600.0,600.0,0.0,1,4.8,https://goldapple.ru/99000179649-puljers-hlopok/,https://goldapple.ru/parfjumerija/parfjumirovannyj-uhod?p=4,"Натуральный дезодорант от PULJERS на квасцах и цинке обеспечивает защиту от запаха на 12 часов без парабенов, спирта и солей алюминия (вредных форм). Квасцы создают на коже невидимый минеральный барьер, который подавляет рост бактерий — причину запаха. Цинк подсушивает, успокаивает и регулирует потоотделение. Не забивает поры, не оставляет следов на одежде, не блокирует естественное потоотделение (антиперспирант). Подходит для чувствительной кожи.","Распылить спрей на чистую кожу, удерживая флакон на расстоянии 5 см, три-четыре нажатия. Дождаться полного высыхания до контакта с одеждой. Применять по необходимости.",Россия,4
70,2026-10-01T10:59:58.918132,20261001_104711_f22aa185,19000391714,parfjumerija/parfjumirovannyj-uhod,myTAUI,meriggiare,Ароматная расслабляющая соль для ванны,711.0,711.0,0.0,1,4.6,https://goldapple.ru/19000391714-bath-salt-meriggiare/,https://goldapple.ru/parfjumerija/parfjumirovannyj-uhod?p=4,"Чтобы унестись мыслями на берег теплого моря, достаточно просто добавить в воду стакан ароматной соли mytaui. Морская соль с экстрактами цитрусовых и глиной очищает, успокаивает и смягчает кожу, улучшает состояние волос, расслабляет организм и приводит к балансу эмоциональное состояние.","Всыпьте в наполненную теплой водой ванну 150–200 граммов ароматной соли. Перемешайте до полного растворения. Погрузитесь в воду на 15–20 минут. Чтобы получить стойкий эффект, проведите 10–15 процедур с интервалом в 1–2 дня.",Россия,4
71,2026-10-01T11:00:09.029935,20261001_104711_f22aa185,99000019880,parfjumerija/parfjumirovannyj-uhod,Beshedoo,Coconut,скраб для тела,1670.0,1670.0,0.0,1,0.0,https://goldapple.ru/99000019880-coconut/,https://goldapple.ru/parfjumerija/parfjumirovannyj-uhod?p=4,"Питательный скраб для тела на основе кокосового масла, с добавлением морской соли и сахара, обеспечивает отличную эксфолиацию кожи тела от ороговевших частиц. Абразивные солевые частички способствуют оттоку лимфы и устранению неровностей. Кокосовое масло в составе бережно обволакивает, увлажняет и питает кожу в завершении процесса очищения. Скраб имеет стойкий сладкий аромат кокоса.",Использовать после банных процедур на распаренной мягкой коже для достижения наилучшего эффекта. Избавляет от отеков и неровностей. Подходит для ежедневного использования.,Россия,4
72,2026-10-01T11:00:20.390705,20261001_104711_f22aa185,19000080182,parfjumerija/parfjumirovannyj-uhod,Jmella,in france Femme Fatale Body Wash,Парфюмированный гель для душа,522.0,522.0,0.0,1,4.8,https://goldapple.ru/19000080182-in-france-femme-fatale-body-wash/,https://goldapple.ru/parfjumerija/parfjumirovannyj-uhod?p=4,"Гель для душа с ароматом личи, лилии и ванили мягко очищает кожу, делая её нежной и ухоженной. 25 растительных экстрактов увлажняют и смягчают, придают сияние. Масла авокадо, оливы, камелии и арганы питают. Кожа становится бархатистой и увлажненной.",1. Нанесите немного геля на ладони или мочалку. Вспеньте и распределите легкими массирующими движениями. Смойте теплой водой.,Республика корея,4
73,2026-10-01T11:00:30.136929,20261001_104711_f22aa185,19000300231,parfjumerija/parfjumirovannyj-uhod,Make Sense,Sense of Warmness,Нет категории,626.0,626.0,0.0,1,4.8,https://goldapple.ru/19000300231-warmness/,https://goldapple.ru/parfjumerija/parfjumirovannyj-uhod?p=4,"Коллекция 'Sense of Warmness' обволакивает вас теплом и уютом. - Амбра создает ауру загадочности - Ветивер обеспечивает глубоким чувством спокойствия - Кедр с его теплыми, древесными нотами переносит вас в гармонию с природой 8 Мускус придает нотку интимности и умиротворения, завершая эту уникальную коллекцию. Нежный мусс для душа из коллекции 'Sense of Warmness' бережно очищает, делает кожу нежной и шелковистой.","Перед использованием встряхните баллон. Смочите кожу водой. Держа баллон вертикально, выдавите пену на ладонь или мочалку. Равномерно нанесите пену на кожу. Помассируйте легкими круговыми движениями и смойте водой.",Россия,4
74,2026-10-01T11:00:42.834899,20261001_104711_f22aa185,19000514379,parfjumerija/parfjumirovannyj-uhod,Тресемме,BARBER STYLE,Нет категории,315.0,315.0,0.0,1,5.0,https://goldapple.ru/19000514379-tresemme-barber-style/,https://goldapple.ru/parfjumerija/parfjumirovannyj-uhod?p=4,"Прохладный душ, бодрящий аромат кофе, последние штрихи перед выходом - утро в мегаполисе задает тон твоему дню. Но вид выпавших волос на расческе способен нарушить это равновесие: каждый волосок кажется маленькой потерей твоей уверенности. Пора вернуть гармонию! Шампунь мужской для волос, склонных к выпадению, ТРЕСеммé MEN BARBER STYLE Укрепление и сила поможет тебе превратить ежедневную процедуру очищения кожи головы и волос в начало твоего преображения - шаг за шагом, день за днем! Мужской шампунь для волос разработан на основе насыщенной формулы с витамином С, таурином и ниацинамидом. Укрепляющая формула с активными компонентами глубоко очищает волосы и кожу головы от излишков себума и загрязнений, а также обеспечивает укрепление ослабленных прядей и восстановление их структуры. Она эффективно борется с ломкостью волос, придавая им жизненную силу и эластичность. Средство для ухода за волосами и кожей головы насыщает волосы питательными веществами и придает им привлекательный внешний вид. Восстанавливающий шампунь для мужчин имеет пряный парфюмированный аромат, который раскрывается свежими и бодрящими нотами сосновой иглы и цитруса, оттененными пряностью мускатного ореха. В сердце композиции - благородное сочетание розового перца и ванили на фоне древесных оттенков кедра. Завершают аромат глубокие и стойкие базовые ноты: бархатистый дубовый мох, теплая амбра и благородный мускус, создающие запоминающийся шлейф. Очищающий шампунь для укрепления волос заботится о каждом волосе по всей длине - от корней до самых кончиков. Укрепляющий шампунь для волос мужской подходит для ежедневного применения и для любого типа волос у мужчин, особенно для жирных, склонных к выпадению и ломкости. Удобный формат флакона обеспечивает длительный и экономичный расход средства. Коллекция ТРЕСеммé MEN, вдохновленная опытом барберов, создана специально для мужчин для ухода за волосами и бородой!","Нанесите шампунь на влажные волосы. Вспеньте, аккуратно массируя кожу головы. Смойте шампунь теплой водой. При необходимости повторите процедуру.",Россия,4
75,2026-10-01T11:00:53.619958,20261001_104711_f22aa185,19000406807,parfjumerija/parfjumirovannyj-uhod,Zielinski & Rozen,"Amberwood, Vanilla, Davana",Мыло для тела,890.0,890.0,0.0,1,4.9,https://goldapple.ru/19000406807-amberwood-vanilla-davana/,https://goldapple.ru/parfjumerija/parfjumirovannyj-uhod?p=4,"Бережно и эффективно очищает кожу, сохраняя ее мягкость. Подходит для ежедневного использования для рук и тела.","Вспеньте мыло ладонями, затем тщательно смойте теплой водой.",Россия,4
76,2026-10-01T11:01:13.039757,20261001_104711_f22aa185,19000080205,parfjumerija/parfjumirovannyj-uhod,Jmella,In France Sparkling Rosé,Парфюмированный гель для душа,1121.0,1121.0,0.0,1,4.7,https://goldapple.ru/19000080205-in-france-sparkling-rose-body-wash/,https://goldapple.ru/parfjumerija/parfjumirovannyj-uhod?p=4,"Гель для душа с ароматом черной смородины, розы и мускуса мягко очищает кожу, делая её нежной и ухоженной. 25 растительных экстрактов увлажняют и смягчают, придают сияние. Масла авокадо, оливы, камелии и арганы питают. Кожа становится бархатистой и увлажненной.","нанесите немного геля на ладони или мочалку, вспеньте и распределите легкими массирующими движениями, затем смойте теплой водой.",Республика корея,4
77,2026-10-01T11:01:23.372075,20261001_104711_f22aa185,90150100002,parfjumerija/parfjumirovannyj-uhod,Zielinski & Rozen,"Black Pepper, Vetiver, Neroli, Amber",Гель для душа,2590.0,2590.0,0.0,1,4.8,https://goldapple.ru/90150100002-black-pepper-amber-neroli/,https://goldapple.ru/parfjumerija/parfjumirovannyj-uhod?p=4,"Уход, ароматерапия и признание в любви в одном флаконе. Бодрящий аромат способствует пробуждению, натуральные масла увлажняют кожу и питают, а мягкая пена позволяет по-настоящему насладиться редкими минутами наедине с собой. Ароматы продукции Zielinski&Rozen изменили свое наименование без изменения состава.","1. Используйте гель для душа для очищения кожи всего тела. Нанесите небольшое количество геля на влажную кожу, вспеньте руками или с помощью мочалки, избегая попадания в глаза. 3. После вспенивания тщательно смойте гель водой. Гель совместим с другими средствами ухода, подходит для всех типов кожи и увлажняет кожу благодаря натуральным маслам в составе.",Израиль,4
78,2026-10-01T11:01:32.623296,20261001_104711_f22aa185,19000269138,parfjumerija/parfjumirovannyj-uhod,PAYOT,Eau de soin corps parfumée,Парфюмированный спрей для тела,1801.0,1801.0,0.0,1,3.9,https://goldapple.ru/19000269138-eau-de-soin-corps-parfumee/,https://goldapple.ru/parfjumerija/parfjumirovannyj-uhod?p=4,"Парфюмированный спрей PAYOT увлажняет и освежает кожу, оставляя нежный аромат нероли, петитгрейна, белого кедра и мускуса. Вода из цветков апельсина, известная своими успокаивающими и смягчающими свойствами, восстанавливает сияние и увлажненность кожи. Эфирное масло петитгрейна дарит успокаивающий и расслабляющий эффект.",Распылите спрей с расстояния нескольких сантиметров по всему телу и волосам.,Франция,4
79,2026-10-01T11:01:42.755524,20261001_104711_f22aa185,19000487795,parfjumerija/parfjumirovannyj-uhod,Sol de Janeiro,CHEIROSA 59,Парфюмированный мист для тела и волос,3250.0,3250.0,0.0,1,4.7,https://goldapple.ru/19000487795-sol-de-janeiro-cheirosa-59/,https://goldapple.ru/parfjumerija/parfjumirovannyj-uhod?p=4,"Встреча на закате. Чувство блаженства. Солнце исчезает в ночной фиолетовой дымке. Древесно-гурманский аромат SOL DE JANEIRO погружает в атмосферу интригующего вечернего свидания. Название парфюмерного миста CHEIROSA 59 намекает на 1959 год, когда бразильский певец и гитарист Жуан Жилберту выпустил свой первый альбом в стиле босса-нова. О расслабляющей, неторопливой и чувственной музыке напоминают восхитительные ноты цветов ванили и засахаренной фиалки. Мягкий сандал и кремовая амбра погружают в тепло и поднимают настроение.",Распылите на тело и волосы с небольшого расстояния. Избегайте попадания в глаза.,Сша,4
80,2026-10-01T11:01:51.400000,20261001_104711_f22aa185,99000066306,parfjumerija/parfjumirovannyj-uhod,THAT’SO,"Pure sun, tatoo guardian",Солнцезащитный спрей для тела SPF 50+,3500.0,3500.0,0.0,1,0.0,https://goldapple.ru/99000066306-pure-sun-tatoo-guardian/,https://goldapple.ru/parfjumerija/parfjumirovannyj-uhod?p=4,"Солнцезащитный спрей сухого распыления, который делает кожу увлажненной, гладкой и сияющей. Его специальная формула, основанная на высокотехнологичных ингредиентах, предотвращает помутнение и размывание татуировок, вызванное воздействием солнца. Обогащен маслом авокадо, жожоба и витамином Е, которые помогают уменьшить количество свободных радикалов, предотвращая фотостарение кожи. Равномерное дозирование, не требует растирания. Распыление с непрерывной подачей на 360°. Технология BOV (мешок на клапане), экологично, без газа. Аромат: Имбирь и лимон. Активные ингредиенты: UVA/UVB фильтры: Быстро поглощающие фотостабильные химические фильтры, позволяющие наносить их многослойным распылением (защитные фильтры широкого спектра действия последнего поколения), защищают от UVA / UVB лучей, не оставляя эффекта белых разводов на коже. Масло авокадо и Жожоба: Обладают смягчающими и увлажняющими свойствами, идеально подходят для сухой, обезвоженной или зрелой кожи. Увлажняют и питают, сохраняют тонус и эластичность кожи. Витамин E: Антиоксидант, который помогает предотвратить повреждение кожи свободными радикалами. Tattoo Guardiant : Сочетание фильтров UVA/UVB, ИК-фильтров, защиты от видимого света и натуральных масел в заранее рассчитанных и изученных количествах, которое помогает предотвратить появление прозрачности, плохой четкости и выцветания татуировки под воздействием солнечного света.","Наносите в любое удобное для вас время. Распылите на расстоянии 20 см от кожи непрерывными и равномерными движениями для идеального нанесения. Для лица нанесите спрей на руки, а затем распределите его по лицу круговыми движениями. Не вдыхайте и не глотайте намеренно.",Италия,4
81,2026-10-01T11:02:40.981574,20261001_104711_f22aa185,19000094655,parfjumerija/parfjumirovannyj-uhod,DEXCLUSIVE,Amore Rose Iris,Парфюмированный гель для душа,293.0,293.0,0.0,1,4.8,https://goldapple.ru/19000094655-amore/,https://goldapple.ru/parfjumerija/parfjumirovannyj-uhod?p=5,"Подарите себе приятный ритуал ухода в сопровождении чарующих ароматов вместе с DEXCLUSIVE. Гель для душа Amore – настоящий взрыв. Аромат яркий, приятный. Остается на теле еще в течение нескольких часов, но не перебивает аромат парфюма. Гель для душа отлично расслабляет после тяжелого дня. Гель для душа очень приятный, не липкий, хорошо распределяется по телу, как с помощью мочалки, так и рук. Консистенция геля достаточно жидкая, расход продукта экономичный. После использования кожа нежная, мягкая, обновленная. Это настоящая находка для любителей глубокого очищения кожи. Избегайте попадания в глаза. В случае попадания в глаза, промыть большим количеством воды.","Вспеньте средство с водой и нанесите на тело с помощью мочалки или губки. Хорошо помассируйте тело, затем хорошо смойте.",Турция,5
82,2026-10-01T11:02:49.572123,20261001_104711_f22aa185,19000499358,parfjumerija/parfjumirovannyj-uhod,Huxley,ROSE PICKER,Парфюмированный гель для душа,2610.0,2610.0,0.0,1,0.0,https://goldapple.ru/19000499358-huxley-rose-picker/,https://goldapple.ru/parfjumerija/parfjumirovannyj-uhod?p=5,"Парфюмированный гель для душа Huxley бережно очищает кожу тела, оставляя её мягкой и увлажненной. Средство окутывает изысканным ароматом с нотой свежих роз, теплым звучанием ванили и мягким акцентом мускуса. Формула, включающая масло опунции и церамиды, питает кожу и предотвращает появление сухости после очищения. Гель помогает сделать кожу чистой, более ровной и сияющей.",Вспеньте гель руками или с помощью мочалки. Распределите по влажной коже тела массирующими движениями. Тщательно смойте водой.,Республика корея,5
83,2026-10-01T11:02:59.771583,20261001_104711_f22aa185,19000283183,parfjumerija/parfjumirovannyj-uhod,ESSENTIAL PARFUMS PARIS,Bois imperial,Нет категории,2160.0,2160.0,0.0,1,4.6,https://goldapple.ru/19000283183-bois-imperial/,https://goldapple.ru/parfjumerija/parfjumirovannyj-uhod?p=5,Увлажняющий крем для рук в алюминиевой упаковке оставляет на коже аромат BOIS IMPERIAL by Quentin Bisch. Содержит не менее 97% ингредиентов натурального происхождения.,Нанесите крем на кожу рук аккуратными массирующими движениями.,Франция,5
84,2026-10-01T11:03:07.180232,20261001_104711_f22aa185,19000447221,parfjumerija/parfjumirovannyj-uhod,ESSENTIAL PARFUMS PARIS,THE MUSC by Calice Becker,Нет категории,4626.0,4626.0,0.0,1,4.1,https://goldapple.ru/19000447221-the-musc-by-calice-becker/,https://goldapple.ru/parfjumerija/parfjumirovannyj-uhod?p=5,"Парфюмированный мист ESSENTIAL PARFUMS PARIS освежает и питает кожу тела и волосы, оставляя легкий и нежный аромат. Он окутывает нотами чарующего мускуса и свежей французской лаванды в сочетании с имбирем, сандалом и легкой сладостью пчелиного воска. Не содержит спирта.","Перед использованием встряхнуть. Распылить мист на кожу и волосы на расстоянии 20 см, избегая попадания в глаза.",Франция,5
85,2026-10-01T11:03:17.152446,20261001_104711_f22aa185,7195500004,parfjumerija/parfjumirovannyj-uhod,DIOR,Sauvage,Парфюмированный Дезодорант-спрей,5300.0,5300.0,0.0,1,4.9,https://goldapple.ru/7195500004-sauvage/,https://goldapple.ru/parfjumerija/parfjumirovannyj-uhod?p=5,Ароматная формула свежести для длительной и мягкой защиты.,Не указано,Франция,5
86,2026-10-01T11:03:26.046877,20261001_104711_f22aa185,19000080169,parfjumerija/parfjumirovannyj-uhod,Jmella,In France Queen 5',Парфюмированный лосьон для тела,589.0,589.0,0.0,1,4.4,https://goldapple.ru/19000080169-in-france-queen-5-body-lotion/,https://goldapple.ru/parfjumerija/parfjumirovannyj-uhod?p=5,"Лосьон с ароматом жасмина, белого мускуса и нотой альдегида увлажняет, возвращает коже упругость и эластичность. Смягчает, устраняет раздражение и воспаление, шелушение, зуд и ощущение стянутости. Лосьон быстро впитывается, не оставляет липкости и дискомфорта, экономно расходуется.",После душа нанесите лосьон на кожу и распределите мягкими массирующими движениями.,Республика корея,5
87,2026-10-01T11:03:39.478106,20261001_104711_f22aa185,19760314264,parfjumerija/parfjumirovannyj-uhod,Zielinski & Rozen,"Tobacco, Cedarwood, Pepper",Гель для душа,2590.0,2590.0,0.0,1,4.9,https://goldapple.ru/19760314264-fiction/,https://goldapple.ru/parfjumerija/parfjumirovannyj-uhod?p=5,"Уход, ароматерапия и признание в любви в одном флаконе. Бодрящий аромат способствует пробуждению, натуральные масла увлажняют кожу и питают, а мягкая пена позволяет по-настоящему насладиться редкими минутами наедине с собой. Ароматы продукции Zielinski&Rozen изменили свое наименование без изменения состава.","Нанесите небольшое количество геля на влажную кожу, вспеньте руками или с помощью мочалки, а затем смойте.",Израиль,5
88,2026-10-01T11:03:49.102751,20261001_104711_f22aa185,19000080208,parfjumerija/parfjumirovannyj-uhod,Jmella,in france Queen 5' Body Wash,Парфюмированный гель для душа,781.0,781.0,0.0,1,4.6,https://goldapple.ru/19000080208-in-france-queen-5-body-wash/,https://goldapple.ru/parfjumerija/parfjumirovannyj-uhod?p=5,"Гель для душа с ароматом жасмина, белого мускуса и нотой альдегида мягко очищает кожу, делая её нежной и ухоженной. 25 растительных экстрактов увлажняют и смягчают, придают сияние. Масла авокадо, оливы, камелии и арганы питают. Кожа становится бархатистой и увлажненной.","Нанесите немного геля на ладони или мочалку, вспеньте и распределите легкими массирующими движениями, затем смойте теплой водой.",Республика корея,5
89,2026-10-01T11:04:03.811678,20261001_104711_f22aa185,19000514378,parfjumerija/parfjumirovannyj-uhod,Тресемме,BARBER STYLE,шампунь для волос и бороды,315.0,315.0,0.0,1,5.0,https://goldapple.ru/19000514378-tresemme-barber-style/,https://goldapple.ru/parfjumerija/parfjumirovannyj-uhod?p=5,"Шампунь для волос и бороды 2в1 ТРЕСеммé MEN BARBER STYLE станет отличным решением для современных мужчин, ценящих скорость и эффективность ухода. В его составе кератин, пантенол и гиалуроновая кислота, которые позволяют ухаживать как за волосами, так и за бородой, мягко удаляя загрязнения и излишки себума. Шампунь разработан специально для бережного очищения кожи головы и волос, обеспечивая их увлажнение и смягчение. Используя это универсальное средство, каждый мужчина будет выглядеть стильно, словно только что вышел из барбершопа. Пряный парфюмированный аромат шампуня раскрывается свежими нотами сосновой иглы, цитруса и мускатного ореха, дополняясь розовым перцем, ванилью и древесными оттенками кедра. Средство подходит для ежедневного использования и особенно рекомендуется для сухих и ломких волос, заботясь о каждом волосе от корней до кончиков. Удобный формат флакона обеспечивает экономичный расход. Коллекция ТРЕСеммé MEN BARBER STYLE, вдохновленная опытом барберов, предназначена для ухода за волосами и бородой, подчеркивая ухоженность и стиль в любой ситуации.","Нанесите небольшое количество шампуня на влажные волосы или бороду. Вспеньте средство, массируя кожу головы или бороду лёгкими движениями. Тщательно смойте тёплой водой. Подходит для ежедневного использования.",Россия,5
90,2026-10-01T11:04:13.577696,20261001_104711_f22aa185,19000277458,parfjumerija/parfjumirovannyj-uhod,Only Bio,Art&Natural Масло подсолнуха и протеины,Крем для рук,343.0,343.0,0.0,1,4.9,https://goldapple.ru/19000277458-smoothness-and-tenderness-sunflower-oil-and-proteins/,https://goldapple.ru/parfjumerija/parfjumirovannyj-uhod?p=5,"Крем для рук с восхитительным летним ароматом французского подсолнуха, миндального круассана и нагретого солнцем пшеничного поля бережно ухаживает за кожей рук. Протеины пшеницы и масло подсолнуха, богатые витаминами, полезными жирными кислотами, питают и смягчают кожу, придавая ей потрясающую гладкость.",Небольшое количество крема нанесите на руки и распределите его. Наслаждайтесь эффектом и приятным ароматом.,Россия,5
91,2026-10-01T11:04:22.436716,20261001_104711_f22aa185,90151100001,parfjumerija/parfjumirovannyj-uhod,Zielinski & Rozen,"Black Pepper, Vetiver, Neroli, Amber",Парфюмированное твердое мыло,890.0,890.0,0.0,1,4.8,https://goldapple.ru/90151100001-black-pepper-amber-neroli/,https://goldapple.ru/parfjumerija/parfjumirovannyj-uhod?p=5,"Твердое мыло Zielinski & Rozen превращает обычное очищение в эстетичный и ароматный ритуал. При контакте с водой оно дает легкую, кремообразную пену, мягко и эффективно удаляет загрязнения и при этом не пересушивает кожу. Мыло отлично держит форму, не размокает и не оставляет следов на раковине или мыльнице. Свежие ноты нероли, терпкий черный перец, дымный ветивер, теплая амбра, смола элеми и хвойные оттенки кедра создают глубокую композицию, которая оставляет выразительный шлейф на коже. Подходит для ежедневного мытья рук и тела, даря коже чистоту, комфорт и ощущение особенного ухода. Ароматы продукции Zielinski & Rozen изменили свое наименование без изменения состава.",Вспеньте мыло в руках. Тщательно смойте теплой водой.,Россия,5
92,2026-10-01T11:04:32.140478,20261001_104711_f22aa185,19000499367,parfjumerija/parfjumirovannyj-uhod,Huxley,BLUE MEDINA TANGERINE,Парфюмированное масло для тела,3090.0,3090.0,0.0,1,0.0,https://goldapple.ru/19000499367-huxley-blue-medina-tangerine/,https://goldapple.ru/parfjumerija/parfjumirovannyj-uhod?p=5,"Легкое парфюмированное масло Huxley гладко распределяется по коже тела, делает её шелковистой и оставляет изысканный аромат с яркой нотой танжерина, зелеными нотами и древесно-амбровым аккордом. Продукт, содержащий масла миндаля и опунции, питает и увлажняет кожу, придавая ей мягкость. Масло с невесомой текстурой быстро впитывается и оставляет свежий, нелипкий финиш.",Используйте после душа или ванны. Распределите массирующими движениями по влажной коже тела.,Республика корея,5
93,2026-10-01T11:04:45.930700,20261001_104711_f22aa185,19000284930,parfjumerija/parfjumirovannyj-uhod,FOR ME by gold apple,02. Date night,Нет категории,495.0,495.0,0.0,1,4.5,https://goldapple.ru/19000284930-02-date-night/,https://goldapple.ru/parfjumerija/parfjumirovannyj-uhod?p=5,"Мист для тела — как парфюм, только более легкий и идеально подходит на каждый день. Теперь можно полностью окружить себя любимыми ароматами ухода FOR ME: благодаря невесомой текстуре спрей подходит для нанесения на кожу, волосы и даже текстиль. 02.DATE NIGHT — по-настоящему чувственный пряный аромат: насыщенные теплые ноты черного перца, сандала и кожи погружают в атмосферу жаркого летнего вечера перед свиданием и дарят особое романтичное настроение. Парфюмированный мист не только оставляет приятный аромат на несколько часов, но и не сушит кожу за счет бережной формулы. Пантенол обладает успокаивающим действием, гиалуроновая кислота сохраняет влагу, в то время как ниацинамид помогает устранить шелушения.",Распылите с расстояния 20-30 см. Не наносите на лицо и поврежденные участки кожи.,Россия,5
94,2026-10-01T11:04:54.531617,20261001_104711_f22aa185,19000343906,parfjumerija/parfjumirovannyj-uhod,State Of Mind,ORIENTAL OPULENCE,Нет категории,4703.0,4703.0,0.0,1,4.3,https://goldapple.ru/19000343906-oriental-opulence/,https://goldapple.ru/parfjumerija/parfjumirovannyj-uhod?p=5,"Насыщенный древесно-амбровый аромат STATE OF MIND воспевает изобилие, процветание и роскошь в восточном стиле. Источником вдохновения при создании этой парфюмерной композиции стал балет Шехеразада, поставленный на музыку Николая Римского-Корсакова в знаменитых Русских сезонах Сергея Дягилева. Восточный колорит, яркие краски Шехеразады и дух знаменитых сказок из Книги тысячи и одной ночи отображены в сочетании аккорда цейлонского чая, экзотической ноты опунции и шафрана – одной из самых ценных пряностей в мире. Особенной композицию делает уникальное трио: необычная нота иерихонской розы, способной выживать в пустыне, сочетается с дамасской розой и таифской розой. Интригующий шлейф, сотканный из ярких оттенков уда и акигалавуда, подчеркивает гипнотический и таинственный характер аромата.",Только для наружного применения.,Франция,5
95,2026-10-01T11:05:04.994758,20261001_104711_f22aa185,19000318136,parfjumerija/parfjumirovannyj-uhod,FELCE AZZURRA,Moon Flowers,Гель для душа,530.0,530.0,0.0,1,4.8,https://goldapple.ru/19000318136-moon-flowers/,https://goldapple.ru/parfjumerija/parfjumirovannyj-uhod?p=5,"Парфюмированный гель для ванны и душа обладает очень деликатным и необычным ароматом, который раскрывается нотами мандарина и грейпфрута, поднимающими настроение и благотворно влияющими на головной мозг. Цветочная композиция в сердце аромата создает изысканную чувственную базу, оказывает седативный эффект и способствует расслаблению. Завершает аромат обволакивающий аккорд теплой ванили и слегка терпкого сандалового дерева, оказывающий успокаивающее действие. Пирамида аромата: — Верхние ноты: мандарин, грейпфрут. — Срединные ноты: жасмин, лаванда. — Шлейфовые ноты: сандаловое дерево, ваниль. Запатентованная ольфакторная технология Dreamscentz работает через компоненты, воздействующие на ту часть головного мозга, которая контролирует процесс сна. Технология нацелена на пробуждение конкретных эмоций, способствующих более быстрому засыпанию, создает спокойную атмосферу, расслабляет тело и разум и улучшает качество сна. В составе геля содержатся натуральные эфирные масла для полноценного сна. — Масло лаванды оказывает седативное действие, снимает напряжение и стресс, влияя на высвобождение нейромедиаторов (например, серотонина и ГАМК) и гормонов (дофамина и мелатонина). Именно баланс этих гормонов важен для здорового сна и пробуждения. Линалоол, основной компонент масла лаванды, оказывает успокаивающее и седативное действие на рецепторы ГАМК, тормозит возбуждение нервных клеток и тем самым снижает общий стресс. — Эфирное масло, получаемое из кожуры апельсина, обладает фруктовым ароматом, который дарит ощущение свежести и умиротворения. Это расслабляющее и анксиолитическое средство, действие которого проявляется в уменьшении тревоги, страха и эмоциональной напряженности.","1. Нанесите гель на влажную кожу, затем смойте водой. 2. Подходит для ежедневного применения. 3. Рекомендуется использовать для вечернего ритуала перед сном. 4. Избегайте попадания в глаза. 5. Не используйте в пищу.",Италия,5
96,2026-10-01T11:05:15.288552,20261001_104711_f22aa185,19000447219,parfjumerija/parfjumirovannyj-uhod,ESSENTIAL PARFUMS PARIS,BOIS IMPERIAL by Quentin Bisch,Парфюмированный мист для волос и тела,4626.0,4626.0,0.0,1,4.3,https://goldapple.ru/19000447219-bois-imperial-by-quentin-bisch/,https://goldapple.ru/parfjumerija/parfjumirovannyj-uhod?p=5,"Парфюмированный мист ESSENTIAL PARFUMS PARIS освежает и питает кожу тела и волосы, оставляя лёгкий и свежий аромат. Он окутывает древесными, пряными и зелёными аккордами, дополненными гаитянским ветивером, пачули, нотами акигалавуда и Ambrofix со стойким звучанием амбры. Не содержит спирта.","Перед использованием встряхнуть. Распылить мист на кожу и волосы на расстоянии 20 см, избегая попадания в глаза.",Франция,5
97,2026-10-01T11:05:24.776392,20261001_104711_f22aa185,19000312023,parfjumerija/parfjumirovannyj-uhod,FOR ME by gold apple,06. Vanilla spark,Парфюмированный крем для рук,148.0,148.0,0.0,1,4.7,https://goldapple.ru/19000312023-06-vanilla-spark/,https://goldapple.ru/parfjumerija/parfjumirovannyj-uhod?p=5,"Легкий парфюмированный крем с ароматом ванили, белого мускуса и амбры. Это атмосфера свидания в луна-парке, полного беззаботной радости: ваниль напоминает сладость крем-соды и сахарной ваты, а бархатный шлейф амбры и белого мускуса мысленно переносит в теплый романтический вечер. Он увлажняет руки, питает кожу и при продолжительном использовании делает ее менее чувствительной к окружающей среде. Благодаря легкой текстуре средство быстро впитывается, не создает маслянистое ощущение и не оставляет на предметах жирные следы. Крем подходит для сухой кожи — пантенол и сквалан быстро восстанавливают ее и возвращают мягкость. Нежность рукам придают также натуральные масла оливы и авокадо. А крепкую защиту рукам обеспечивают экстракт базилика и алоэ вера.",Нанесите крем массажными движениями на чистую сухую кожу рук.,Россия,5
98,2026-10-01T11:05:33.158374,20261001_104711_f22aa185,19000154013,parfjumerija/parfjumirovannyj-uhod,Tesori d’Oriente,Aegyptus,Парфюмированный гель для душа,702.0,702.0,0.0,1,4.8,https://goldapple.ru/19000154013-aegyptus/,https://goldapple.ru/parfjumerija/parfjumirovannyj-uhod?p=5,"Tesori d’Oriente Ароматический гель для душа «Египет» / «Aegyptus» приглашает Вас окунуться в мир эстетики и великолепия. Уникальная разработка итальянских парфюмеров создает гель для душа с ярким ароматом, обладающим хорошей стойкостью до 3 часов и уходовыми свойствами лосьона для тела. Гель для душа обеспечит бережное увлажнение и питание для вашей кожи, сделает тело гладким и шелковистым. Аромат отправит вас в аутентичное путешествие мечты, в загадочный Египет. Молочный экстракт папируса богат минеральными солями и витаминами, –это настоящий эликсир красоты с питательными и восстанавливающими свойствами. Цветок Агапантус, также известный как «Голубая лилия Нила», считался египтянами «волшебным» и использовался из-за его расслабляющих и успокаивающих свойств. Тезори Д'ориенте переводится как ""Сокровище Востока"".Натуральные масла в составе геля для душа, производство в Италии, формулы без парабенов, силиконов, синтетических красителей – это всё является атрибутом высокого ценового сегмента. Благодаря такому составу, гели для душа не только очищают кожу, но и эффективно ухаживают за ней. Ароматические композиции разработаны ведущими мировыми парфюмерными компаниями и подойдут для подарка самым близким людям, потому что привлекательная и удобная упаковка имеет премиальный вид. Верхние ноты: Бергамот, Иланг-иланг, Зеленые и Фруктовые ноты. Ноты сердца: Ирис, Жасмин, Роза. База: Мускусные и Восточные ноты, Древесные ноты.","Нанесите небольшое количество геля на влажную кожу, нежно помассируйте до образования пены, затем тщательно смойте водой.",Италия,5
99,2026-10-01T11:05:43.094132,20261001_104711_f22aa185,19000149524,parfjumerija/parfjumirovannyj-uhod,Clarins,Eau des Jardins,Парфюмированный спрей для тела,4505.0,4505.0,0.0,1,4.8,https://goldapple.ru/19000149524-eau-des-jardins/,https://goldapple.ru/parfjumerija/parfjumirovannyj-uhod?p=5,"Вслед за легендарной тонизирующей водой Eau Dynamisante в линейке Clarins появилась освежающая вода Eau des Jardins с цветочными нотами. Она на 93% состоит из ингредиентов натурального происхождения, оставляет легкий аромат на коже и поднимает настроение. Продукт идеально подходит для того, чтобы избавиться от хандры и начать день на позитивной ноте. Цитрусовый аккорд лимона, апельсина и грейпфрута бодрит и придает свежести. В сердце звучат ноты мяты, лавра и герани. Ноты кедра уравновешивают композицию, создавая приятное ощущение радости и легкости. Восстанавливающий органический экстракт рябины и успокаивающий органический экстракт почек черной смородины способствуют сиянию кожи. Зеленые оттенки в дизайне флакона прославляют природу.","Нанесите на все тело: зачерпните средство в ладонь и распределите по телу. Используйте в качестве духов: чтобы в полной мере ощутить ароматические свойства вашей воды, побрызгайте ею на руки, разотрите в ладонях, сделайте глубокий вдох три раза. Затем распылите на пульсирующие точки на теле, а также на одежду. Окутайте себя дымкой: вы даже можете нанести ароматическую воду поверх своего любимого аромата.",Франция,5
100,2026-10-01T11:05:50.299295,20261001_104711_f22aa185,19000144348,parfjumerija/parfjumirovannyj-uhod,DEXCLUSIVE,Men Black Amber Vetiver,Парфюмированный гель для душа,293.0,293.0,0.0,1,4.7,https://goldapple.ru/19000144348-perfumed-shower-gel-men/,https://goldapple.ru/parfjumerija/parfjumirovannyj-uhod?p=5,"Подарите себе приятный ритуал ухода в сопровождении чарующих ароматов вместе с DEXCLUSIVE. Гель для душа Men – настоящий взрыв. Аромат яркий, приятный. Остается на теле еще в течение нескольких часов, но не перебивает аромат парфюма. Гель для душа отлично расслабляет после тяжелого дня. Гель для душа очень приятный, не липкий, хорошо распределяется по телу, как с помощью мочалки, так и рук. Консистенция геля достаточно жидкая, расход продукта экономичный. После использования кожа нежная, мягкая, обновленная. Это настоящая находка для любителей глубокого очищения кожи. Избегайте попадания в глаза. В случае попадания в глаза, промыть большим количеством воды.","1. Вспеньте средство с водой и нанесите на тело с помощью мочалки или губки. 2. Хорошо помассируйте тело, затем хорошо смойте.",Турция,5
101,2026-10-01T11:06:21.194971,20261001_104711_f22aa185,19760343572,parfjumerija/parfjumirovannyj-uhod,Zielinski & Rozen,"Black Pepper, Vetiver, Neroli, Amber",Твердое мыло в алюминиевой мыльнице,1590.0,1590.0,0.0,1,4.9,https://goldapple.ru/19760343572-black-pepper-amber-neroli/,https://goldapple.ru/parfjumerija/parfjumirovannyj-uhod?p=6,"Ароматное мыло — беспроигрышный подарок по любому поводу и любому человеку: в том числе, самому себе. В составе — только натуральные ингредиенты, которые мягко и эффективно очищают кожу от загрязнений и не оставляют ощущения сухости после мытья. Подходит для ежедневного мытья рук и тела, а компактную металлическую мыльницу удобно брать с собой в путешествия. Также твердое мыло можно использовать как саше: если положить его в шкаф с одеждой, гардероб наполнится любимым ароматом. Ароматы продукции Zielinski&Rozen изменили свое наименование без изменения состава.",Храните мыло в гардеробе в качестве саше или используйте по прямому назначению: вспеньте в руках и смойте водой.,Россия,6
102,2026-10-01T11:06:30.112017,20261001_104711_f22aa185,19000499359,parfjumerija/parfjumirovannyj-uhod,Huxley,SUNSET FOG,Парфюмированный гель для душа,2610.0,2610.0,0.0,1,0.0,https://goldapple.ru/19000499359-huxley-sunset-fog/,https://goldapple.ru/parfjumerija/parfjumirovannyj-uhod?p=6,"Парфюмированный гель для душа Huxley бережно очищает кожу тела, делая её мягкой и увлажненной. Формула с маслом и экстрактом опунции повышает гладкость кожи и предотвращает появление сухости после очищения. Средство, также содержащее масла кокоса и баобаба, увлажняет, успокаивает и питает кожу тела, помогая улучшить её текстуру. Гель окутывает кожу изысканным ароматом с освежающими цитрусовыми нотами и мягким звучанием мускуса.",Вспеньте гель руками или с помощью мочалки. Распределите по влажной коже тела массирующими движениями. Тщательно смойте водой.,Республика корея,6
103,2026-10-01T11:06:37.525714,20261001_104711_f22aa185,19760314277,parfjumerija/parfjumirovannyj-uhod,Zielinski & Rozen,"Tobacco, Cedarwood, Pepper",Нет категории,890.0,890.0,0.0,1,4.8,https://goldapple.ru/19760314277-fiction/,https://goldapple.ru/parfjumerija/parfjumirovannyj-uhod?p=6,"Твердое мыло никогда не выйдет из моды, ведь тактильные ощущения — самое приятное, что можно испытывать. А положив кусочек мыла в гардероб одежда будет всегда пропитана любимым ароматом. Мыло имеет уникальную базу, создающую ощущение крема. От него не остаются мыльные следы на раковине или мыльнице. В составе только натуральные ингредиенты. Твердое мыло мягко и эффективно очищает кожу от жира и других видов загрязнений. Гигиеническое мыло Zielinski & Rozen подходит для ежедневного умывания лица, мытья рук и тела. Ароматы продукции Zielinski&Rozen изменили свое наименование без изменения состава.",Вспенить мыло в руках. Тщательно смыть теплой водой.,Россия,6
104,2026-10-01T11:06:46.986977,20261001_104711_f22aa185,19000312026,parfjumerija/parfjumirovannyj-uhod,FOR ME by gold apple,07. Salty salt,Нет категории,243.0,243.0,0.0,1,4.7,https://goldapple.ru/19000312026-07-salty-salt/,https://goldapple.ru/parfjumerija/parfjumirovannyj-uhod?p=6,"Легкий парфюмированный крем с ароматом морской соли, кипариса и лимона. Брызги морской воды переливаются на солнце и оставляют на коже блестящие кристаллы соли. Одновременно прозрачный и глубокий, как океан, который бодрит и манит приключениями. Он увлажняет руки, питает кожу и при продолжительном использовании делает ее менее чувствительной к окружающей среде. Благодаря легкой текстуре средство быстро впитывается, не создает маслянистое ощущение и не оставляет на предметах жирные следы. Крем подходит для сухой кожи — пантенол и сквалан быстро восстанавливают ее и возвращают мягкость. Нежность рукам придают также натуральные масла оливы и авокадо. А крепкую защиту рукам обеспечивают экстракт базилика и алоэ вера.",Нанесите крем массажными движениями на чистую сухую кожу рук.,Россия,6
105,2026-10-01T11:06:55.445742,20261001_104711_f22aa185,7192300027,parfjumerija/parfjumirovannyj-uhod,DIOR,Dior Homme,Парфюмированный дезодорант для тела,5300.0,5300.0,0.0,1,4.9,https://goldapple.ru/7192300027-dior-homme/,https://goldapple.ru/parfjumerija/parfjumirovannyj-uhod?p=6,"Дезодорант-спрей Dior Homme со свежими нотами Dior Homme сочетает удовольствие и эффективность, обеспечивая коже свежесть. Средства для ванны и душа из линии Dior Homme имеют легкий древесный аромат новой туалетной воды. Они дарят коже приятное ощущение полного комфорта, оставляя чувственный шлейф Dior Homme.",Не указано,Франция,6
106,2026-10-01T11:07:05.211491,20261001_104711_f22aa185,19000284929,parfjumerija/parfjumirovannyj-uhod,FOR ME by gold apple,01. Moon grass,Мист для тела,495.0,495.0,0.0,1,4.7,https://goldapple.ru/19000284929-01-moon-grass/,https://goldapple.ru/parfjumerija/parfjumirovannyj-uhod?p=6,"Мист для тела — как парфюм, только более легкий и идеально подходит на каждый день. Теперь можно полностью окружить себя любимыми ароматами ухода FOR ME: благодаря невесомой текстуре спрей подходит для нанесения на кожу, волосы и даже текстиль. 01.MOON GRASS — это аромат прохладного раннего утра в саду: свежесть зелени переплетается с деликатной сладостью сочного инжира, а хвойные ноты кедра соединяют композицию воедино. Парфюмированный мист не только оставляет приятный аромат на несколько часов, но и не сушит кожу за счет бережной формулы. Пантенол обладает успокаивающим действием, гиалуроновая кислота сохраняет влагу, в то время как ниацинамид помогает устранить шелушения.",Распылите с расстояния 20-30 см. Не наносите на лицо и поврежденные участки кожи.,Россия,6
107,2026-10-01T11:07:12.837362,20261001_104711_f22aa185,19000320785,parfjumerija/parfjumirovannyj-uhod,Tesori d’Oriente,КУПАНИЕ В ЛЕСУ,Гель для душа,405.0,405.0,0.0,1,4.8,https://goldapple.ru/19000320785-kupanie-v-lesu/,https://goldapple.ru/parfjumerija/parfjumirovannyj-uhod?p=6,"Tesori d’Oriente Ароматический гель для душа КУПАНИЕ В ЛЕСУ со смесью эфирных масел / FOREST RITUAL 500мл приглашает Вас окунуться в мир эстетики и великолепия. Уникальная разработка итальянских парфюмеров создает гель для душа с ярким ароматом, обладающим хорошей стойкостью до 3 часов и уходовыми свойствами лосьона для тела. Гель для душа обеспечит бережное увлажнение и питание для вашей кожи, сделает тело гладким и шелковистым. Лесное купание, буквально «Ванна в лесу», представляет собой японский оздоровительный ритуал – прогулка по лесу, наслаждение воздухом и атмосферой, которая помогает ощутить все преимущества чистой и незагрязненной окружающей среды. Доказано, что время, проведенное на свежем воздухе и в лесах помогает пробудить наши чувства, снимает стресс и укрепляет иммунную систему. ДЕРЕВО ХИНОКИ - одно из пяти священных деревьев Японии, символ чистоты и исцеления, которое веками использовалось для строительства храмов и святилищ. Его аромат с цитрусовыми и древесными нотами обладает успокаивающими и расслабляющими свойствами. Водяная лилия с древних времен считалась символом возрождения. Она широко используется в восточных ритуалах красоты благодаря своим успокаивающим и увлажняющим свойствам. Тезори Д'ориенте переводится как """"Сокровище Востока"""". Натуральные масла в составе геля для душа, производство в Италии, формулы без парабенов, силиконов, синтетических красителей – это всё является атрибутом высокого ценового сегмента. Благодаря такому составу, гели для душа не только очищают кожу, но и эффективно ухаживают за ней. Ароматические композиции разработаны ведущими мировыми парфюмерными компаниями и подойдут для подарка самым близким людям, потому что привлекательная и удобная упаковка имеет премиальный вид. Гель для душа Tesori d’Oriente - Позвольте себе искушение!","Нанесите небольшое количество геля на влажную кожу, нежно помассируйте до образования пены, затем тщательно смойте водой.",Италия,6
108,2026-10-01T11:07:20.920314,20261001_104711_f22aa185,19000080199,parfjumerija/parfjumirovannyj-uhod,Jmella,In France Blooming Peony,Парфюмированный гель для душа,855.0,855.0,0.0,1,4.8,https://goldapple.ru/19000080199-in-frange-blooming-peony-body-wash/,https://goldapple.ru/parfjumerija/parfjumirovannyj-uhod?p=6,"Гель для душа с ароматом мандарина, розового пиона и белого мускуса мягко очищает кожу, делая её нежной и ухоженной. 25 растительных экстрактов увлажняют и смягчают, придают сияние. Масла авокадо, оливы, камелии и арганы питают. Кожа становится бархатистой и увлажненной.","нанесите немного геля на ладони или мочалку, вспеньте и распределите легкими массирующими движениями, затем смойте теплой водой.",Республика корея,6
109,2026-10-01T11:07:29.469355,20261001_104711_f22aa185,19000202046,parfjumerija/parfjumirovannyj-uhod,DIOR,J'adore Sparkling Body Gel,Мерцающий гель для тела,8450.0,8450.0,0.0,1,4.9,https://goldapple.ru/19000202046-j-adore-gelee-d-or/,https://goldapple.ru/parfjumerija/parfjumirovannyj-uhod?p=6,"Свежий и легкий золотистый гель J'adore Les Adorables придает коже сияние благодаря перламутровым пигментам и частицам 24-каратного золота в его формуле. Его ультрачувственная и освежающая текстура тает на коже, озаряя ее свежими и цветочными нотами J'adore в течение всего дня. Его формула, насыщенная экстрактами жасмина и хлопка, на 95 % состоит из ингредиентов натурального происхождения. Золотое мерцание геля можно увидеть сквозь тонкую стеклянную банку, изгибы которой напоминают бусину на бутылке J'adore.",Нанесите небольшое количество средства на предварительно очищенную кожу тела и тщательно  распределите его.,Франция,6
110,2026-10-01T11:07:38.809902,20261001_104711_f22aa185,19000499365,parfjumerija/parfjumirovannyj-uhod,Huxley,sUNSET FOG,Парфюмированный лосьон для тела,2610.0,2610.0,0.0,1,0.0,https://goldapple.ru/19000499365-huxley-sunset-fog/,https://goldapple.ru/parfjumerija/parfjumirovannyj-uhod?p=6,"Парфюмированный лосьон для тела Huxley с маслом и экстрактом опунции дарит длительное увлажнение и помогает сделать кожу тела более гладкой. Нежное средство, также содержащее масло кокоса, экстракт и масло баобаба, помогает улучшить текстуру и тон кожи, питает, увлажняет и успокаивает её. Средство с нежной, молочной текстурой гладко распределяется по коже, оставляя комфортный, нелипкий финиш. Лосьон окутывает кожу изысканным ароматом с освежающими цитрусовыми нотами и мягким звучанием мускуса.","Слегка протрите кожу тела полотенцем после душа или ванны. Нанесите лосьон на кожу тела. Распределите лосьон по коже тела массирующими движениями, уделяя особое внимание сухим участкам.",Республика корея,6
111,2026-10-01T11:07:47.618913,20261001_104711_f22aa185,19000209901,parfjumerija/parfjumirovannyj-uhod,Tesori d’Oriente,KARMA,Парфюмированный гель для душа,793.0,793.0,0.0,1,4.8,https://goldapple.ru/19000209901-karma/,https://goldapple.ru/parfjumerija/parfjumirovannyj-uhod?p=6,"Tesori d’Oriente Ароматический гель для душа «Карма» / «Karma» приглашает Вас окунуться в мир эстетики и великолепия. Уникальная разработка итальянских парфюмеров создает гель для душа с ярким ароматом, обладающим хорошей стойкостью до 3 часов и уходовыми свойствами лосьона для тела. Гель для душа обеспечит бережное увлажнение и питание для вашей кожи, сделает тело гладким и шелковистым. Tesori d'Oriente Karma — аромат, дарящий позитив и хорошее настроение. Этот аромат с бодрящим аккордом лимона и бергамота, жизнерадостными цветочными нотами цветка наши и успокаивающими нотами кедрового дерева. Аромат, способный вселять счастье и позитивную энергию. Тезори Д'ориенте переводится как ""Сокровище Востока"". Натуральные масла в составе геля для душа, производство в Италии, формулы без парабенов, силиконов, синтетических красителей – это всё является атрибутом высокого ценового сегмента. Благодаря такому составу, гели для душа не только очищают кожу, но и эффективно ухаживают за ней. Ароматические композиции разработаны ведущими мировыми парфюмерными компаниями и подойдут для подарка самым близким людям, потому что привлекательная и удобная упаковка имеет премиальный вид.","Нанесите небольшое количество геля на влажную кожу, нежно помассируйте до образования пены, затем тщательно смойте водой.",Италия,6
112,2026-10-01T11:07:57.278514,20261001_104711_f22aa185,19000186237,parfjumerija/parfjumirovannyj-uhod,FRANCK BOCLET,SUGAR,Духи,9900.0,9900.0,0.0,1,4.4,https://goldapple.ru/19000186237-sugar/,https://goldapple.ru/parfjumerija/parfjumirovannyj-uhod?p=6,"Sugar Franck Boclet- словно коричневый сахар, вкусный зефир, ноты подслащенные, но при этом немного кисловатые с фруктовой основой и амбровыми аккордами. Гурманский, притягательный.",Для наружного применения.,Франция,6
113,2026-10-01T11:08:14.603531,20261001_104711_f22aa185,19000269136,parfjumerija/parfjumirovannyj-uhod,PAYOT,Douche parfumée NEROLI DeTe,Нет категории,2177.0,2177.0,0.0,1,4.7,https://goldapple.ru/19000269136-douche-parfumee-neroli-dete/,https://goldapple.ru/parfjumerija/parfjumirovannyj-uhod?p=6,"Гель для душа PAYOT мягко очищает кожу, оставляя нежный аромат нероли, петитгрейна, белого кедра и мускуса. Мицеллы натурального происхождения убирают загрязнения. Эфирное масло петитгрейна дарит успокаивающий и расслабляющий эффект.","Нанесите гель на влажную кожу, вспеньте и помассируйте, затем тщательно смойте водой.",Франция,6
114,2026-10-01T11:08:23.566405,20261001_104711_f22aa185,19000254679,parfjumerija/parfjumirovannyj-uhod,FOR ME by gold apple,Крем-баттер для тела NUTS & CRUMBS,Нет категории,585.0,585.0,0.0,1,4.6,https://goldapple.ru/19000254679-nuts-crumbs/,https://goldapple.ru/parfjumerija/parfjumirovannyj-uhod?p=6,"Крем-баттер глубоко питает и увлажняет кожу, делает ее гладкой и бархатистой. Насыщенная текстура буквально тает при нанесении, создавая ощущение комфорта. В составе — комплекс компонентов для интенсивного питания. Масла какао и кокоса смягчают и успокаивают кожу, а масло ши, богатое витаминами А и Е, улучшает ее текстуру. Сквалан помогает сохранить влагу, поддерживая естественный уровень увлажненности. После применения кожа остается напитанной и сохраняет приятный аромат, напоминающий домашнюю свежую выпечку: в нем сочетаются ноты кленового сиропа, ореха пекан, карамели и корицы.",Нанесите на чистую кожу массирующими движениями до полного впитывания.,Россия,6
115,2026-10-01T11:08:33.568778,20261001_104711_f22aa185,19000324116,parfjumerija/parfjumirovannyj-uhod,Jo Malone London,Wood Sage & Sea Salt,Гель-скраб для душа,5250.0,5250.0,0.0,1,5.0,https://goldapple.ru/19000324116-wood-sage-sea-salt/,https://goldapple.ru/parfjumerija/parfjumirovannyj-uhod?p=6,"Гель-скраб для душа с обволакивающим ароматом Wood Sage & Sea Salt бережно очищает и подготавливает кожу к последующему уходу, оставляя на ней деликатный шлейф. Чувственная свежесть спелой груши в букете белых фрезий, украшенная амброй, пачули и древесным оттенком. Формула, обогащенная маслом жожоба, касторового семени и мелкодисперсным порошком стебля бамбука смягчает и полирует кожу. Философия сочетания ароматов: Все ароматы и текстуры Jo Malone London можно использовать самостоятельно и в сочетании с другими, создавая уникальные композиции. Чтобы придать аромату свежих акцентов и создать более яркий образ сочетайте Wood Sage & Sea Salt с сочным ароматом ягод ежевики - Blackberry & Bay. Чтобы придать аромату теплых оттенков и создать более чувственный образ сочетайте Wood Sage & Sea Salt с дурманящим ароматом африканской мирры - Myrrh & Tonka.",Нанесите небольшое количество средства массирующими движениями на влажную кожу и тщательно смойте водой. Подходит для ежедневного использования.,Великобритания,6
116,2026-10-01T11:08:48.101752,20261001_104711_f22aa185,19000154020,parfjumerija/parfjumirovannyj-uhod,Tesori d’Oriente,Forest rituals,Парфюмированный гель для душа,781.0,781.0,0.0,1,4.8,https://goldapple.ru/19000154020-forest-rituals/,https://goldapple.ru/parfjumerija/parfjumirovannyj-uhod?p=6,"Tesori d’Oriente Ароматический гель для душа «купание В лесу» / «FOREST RIITUAL» 500мл приглашает Вас окунуться в мир эстетики и великолепия. Уникальная разработка итальянских парфюмеров создает гель для душа с ярким ароматом, обладающим хорошей стойкостью до 3 часов и уходовыми свойствами лосьона для тела. Гель для душа обеспечит бережное увлажнение и питание для вашей кожи, сделает тело гладким и шелковистым. Лесное купание, буквально «Ванна в лесу», представляет собой японский оздоровительный ритуал – прогулка по лесу, наслаждение воздухом и атмосферой, которая помогает ощутить все преимущества чистой и незагрязненной окружающей среды. Доказано, что время, проведенное на свежем воздухе и в лесах помогает пробудить наши чувства, снимает стресс и укрепляет иммунную систему. Дерево хиноки - одно из пяти священных деревьев Японии, символ чистоты и исцеления, которое веками использовалось для строительства храмов и святилищ. Его аромат с цитрусовыми и древесными нотами обладает успокаивающими и расслабляющими свойствами. Водяная лилия с древних времен считалась символом возрождения. Она широко используется в восточных ритуалах красоты благодаря своим успокаивающим и увлажняющим свойствам. Тезори Д'ориенте переводится как "" Сокровище Востока"". Натуральные масла в составе геля для душа, производство в Италии, формулы без парабенов, силиконов, синтетических красителей – это всё является атрибутом высокого ценового сегмента. Благодаря такому составу, гели для душа не только очищают кожу, но и эффективно ухаживают за ней. Ароматические композиции разработаны ведущими мировыми парфюмерными компаниями и подойдут для подарка самым близким людям, потому что привлекательная и удобная упаковка имеет премиальный вид. Верхние ноты: Лимон, Имбирь. Ноты сердца: Роза, Белая Водяная Лилия. База: Древесина Хиноки, Амбра, Мускус.","Нанесите небольшое количество геля на влажную кожу, нежно помассируйте до образования пены, затем тщательно смойте водой.",Италия,6
117,2026-10-01T11:08:58.203820,20261001_104711_f22aa185,19000487821,parfjumerija/parfjumirovannyj-uhod,Sol de Janeiro,CHEIROSA 40,Парфюмированный мист для тела и волос,3250.0,3250.0,0.0,1,4.8,https://goldapple.ru/19000487821-sol-de-janeiro-cheirosa-40/,https://goldapple.ru/parfjumerija/parfjumirovannyj-uhod?p=6,"Бокалы шампанского на мраморных столиках. Шелк, ниспадающий на кожу. Проблеск предвкушения. Парфюмированный мист CHEIROSA 40 приглашает окунуться в одновременно игривую и элегантную атмосферу легендарного карнавального бала в Рио, проводимого с 1840 года. Соблазнительный и нежный аромат SOL DE JANEIRO встречает сочной нотой сливы «Блэк Амбер». Легкая цветочная вуаль жасмина окутывает теплую ваниль, древесные ноты и мягкий, согревающий мускус.",Распылите на тело и волосы с небольшого расстояния. Избегайте попадания в глаза.,Сша,6
118,2026-10-01T11:09:07.109297,20261001_104711_f22aa185,7753700003,parfjumerija/parfjumirovannyj-uhod,Guerlain,Mon Guerlain,Парфюмированный лосьон для тела,7630.0,7630.0,0.0,1,4.8,https://goldapple.ru/7753700003-mon-guerlain/,https://goldapple.ru/parfjumerija/parfjumirovannyj-uhod?p=6,"Гамма средств по уходу за телом Mon Guerlain продлевает пленительное благоухание аромата. Легкая, тающая текстура лосьона мгновенно впитывается, обволакивая кожу мягкой атласной пеленой. Средство глубоко увлажняет кожу, придавая ей удивительную нежность и тонкий изысканный аромат Вашего любимого парфюма.
Mon Guerlain – это восточный свежий аромат. Свежесть лаванды карла, особая разновидность которой культивируется в Провансе, контрастирует с негой индийского жасмина самбак и белого сандала из Австралии в сочетании с чувственной таитянской ванилью из Папуа-Новой Гвинеи.",Не указано,Франция,6
119,2026-10-01T11:09:16.428109,20261001_104711_f22aa185,19000272933,parfjumerija/parfjumirovannyj-uhod,Camomilla Blu,SOFT SHOWER,Успокаивающий гель для душа для чувствительной кожи,820.0,820.0,0.0,1,4.9,https://goldapple.ru/19000272933-chamomile/,https://goldapple.ru/parfjumerija/parfjumirovannyj-uhod?p=6,"Мягкое очищение особенно важно для кожи, которая быстро реагирует сухостью или раздражением. Гель для душа удаляет повседневные загрязнения без ощущения жесткого обезжиривания, помогает сохранить комфорт после мытья и рассчитан на чувствительную, нежную и склонную к раздражению кожу взрослых и детей. Экстракт ромашки и сок алоэ вера дополняют мягкую очищающую основу, а глицерин и мочевина поддерживают более увлажненное ощущение после смывания. Гелевая текстура дает деликатное очищение и легко смывается, не делая акцент на плотной пене или интенсивном обезжиривающем эффекте. Формат подходит для ежедневного душа и частого использования, когда коже нужен более щадящий подход. Средство удобно включить в семейный уход, если приоритетом остаются мягкость, ощущение чистоты и снижение дискомфорта, который иногда появляется после обычных очищающих средств.",Нанесите небольшое количество на влажную кожу непосредственно или предварительно разбавьте водой. Мягко помассируйте и тщательно смойте. Подходит для ежедневного применения.,Италия,6
120,2026-10-01T11:09:25.154354,20261001_104711_f22aa185,19000145855,parfjumerija/parfjumirovannyj-uhod,FOR ME by gold apple,03.Milky silk,Гель для душа,382.0,382.0,0.0,1,4.3,https://goldapple.ru/19000145855-03-milky-silk/,https://goldapple.ru/parfjumerija/parfjumirovannyj-uhod?p=6,"Парфюмированный гель для душа с ароматом сливок, марципана и шафрана бережно и эффективно очищает кожу, оставляя на теле приятный ненавязчивый аромат. Он сочетает нежную, сливочную сладость, терпкость и деликатную горчинку. Очень женственный аромат, который ставит время на паузу. Легко пенится, быстро смывается и не образует плёнку. Мягкие ПАВ не сушат кожу и берегут её от повреждений, а масла жожоба и инжира мягко питают, ускоряя обновление клеток. В состав входит природный антиоксидант - экстракт ламинарии, а также успокаивающий кожу экстракт алоэ вера. Гидролизованный эластин предупреждает старение кожи и делает её более упругой. Гель подходит для ежедневного использования. При курьерской доставке и самовывозе из супермаркета «‎Золотое Яблоко» у некоторых товаров могут отсутствовать стопперы — это специальная деталь, которая фиксирует дозатор в одном положении.",Небольшое количество геля нанесите на влажную кожу тела массирующими движениями до образования пены. Смойте теплой водой.,Россия,6
121,2026-10-01T11:09:49.460440,20261001_104711_f22aa185,19000080177,parfjumerija/parfjumirovannyj-uhod,Jmella,In France Sparkling Rosé,Парфюмированный лосьон для тела,582.0,582.0,0.0,1,4.8,https://goldapple.ru/19000080177-in-france-sparkling-rose-body-lotion/,https://goldapple.ru/parfjumerija/parfjumirovannyj-uhod?p=7,"Лосьон с ароматом черной смородины, розы и мускуса увлажняет, возвращает коже упругость и эластичность. Смягчает, устраняет раздражение и воспаление, шелушение, зуд и ощущение стянутости. Лосьон быстро впитывается, не оставляет липкости и дискомфорта, экономно расходуется.",после душа нанесите лосьон на кожу и распределите мягкими массирующими движениями.,Республика корея,7
122,2026-10-01T11:09:57.506509,20261001_104711_f22aa185,19000167823,parfjumerija/parfjumirovannyj-uhod,Givenchy,IRRESISTIBLE,Дымка для волос,6710.0,6710.0,0.0,1,4.9,https://goldapple.ru/19000167823-irresistible/,https://goldapple.ru/parfjumerija/parfjumirovannyj-uhod?p=7,"Парфюмированная спрей-дымка для волос Irresistible усиливает шлейф любимого аромата Irresistible от Givenchy. Композиция представляет собой красочный дуэт роскошной розы и светлого дерева. В начале аромат раскрывается фруктовыми сочными гранями, подчеркнутыми нотами груши, амбретты и пудровым ирисом. Это великолепное цветочно-фруктовое сочетание объединяется с едва уловимой нотой мускуса и аккордами янтарного дерева. Эта комплементарная версия аромата делает волосы мягкими и блестящими, продлевая их сияние. В линию Irresistible также входят парфюмированное масло для душа и увлажняющее молочко для тела.",Распылить на волосы небольшое количество средства с расстояния 20-30 см.,Франция,7
123,2026-10-01T11:10:05.416066,20261001_104711_f22aa185,19000447220,parfjumerija/parfjumirovannyj-uhod,ESSENTIAL PARFUMS PARIS,NICE BERGAMOTE by Antoine Maisondieu,Нет категории,4626.0,4626.0,0.0,1,4.6,https://goldapple.ru/19000447220-nice-bergamote-by-antoine-maisondieu/,https://goldapple.ru/parfjumerija/parfjumirovannyj-uhod?p=7,"Парфюмированный мист ESSENTIAL PARFUMS PARIS освежает и питает кожу тела и волосы, оставляя легкий и игривый аромат. Он окутывает нотами бергамота, жасмина, иланг-иланга и лепестков розы, а изысканный кедр и сладость бобов тонка дополняют яркую композицию. Не содержит спирта.","Перед использованием встряхнуть. Распылить мист на кожу и волосы на расстоянии 20 см, избегая попадания в глаза.",Франция,7
124,2026-10-01T11:10:14.251436,20261001_104711_f22aa185,19000084089,parfjumerija/parfjumirovannyj-uhod,Zielinski & Rozen,"oakmoss, amber",Нет категории,2590.0,2590.0,0.0,1,4.8,https://goldapple.ru/19000084089-oakmoss-amber/,https://goldapple.ru/parfjumerija/parfjumirovannyj-uhod?p=7,"Уход, ароматерапия и признание в любви в одном флаконе. Бодрящий аромат способствует пробуждению, натуральные масла увлажняют кожу и питают, а мягкая пена позволяет по-настоящему насладиться редкими минутами наедине с собой.","Нанесите небольшое количество геля на влажную кожу, вспеньте руками или с помощью мочалки, а затем смойте.",Израиль,7
125,2026-10-01T11:10:22.439915,20261001_104711_f22aa185,98260300012,parfjumerija/parfjumirovannyj-uhod,Kerasys,LOVELY & ROMANTIC,Парфюмированный Шампунь для волос,1080.0,1080.0,0.0,1,4.6,https://goldapple.ru/98260300012-lovely-romantic/,https://goldapple.ru/parfjumerija/parfjumirovannyj-uhod?p=7,"Парфюмированный шампунь для поврежденных волос Kerasys Perfumed Line Lovely & Romantic Shampoo благодаря протеинами пшеницы, органическим экстрактам маргаритки и базилика способствует восстановлению поврежденных волос с секущимися кончиками. Особая формула шампуня действует в структуре волоса, укрепляя его по всей длине, уменьшая сечение и ломкость. При регулярном использовании волосы вновь становятся сильными и гладкими. Обладает романтичным ароматом с яркими нотками цветов: апельсина, персика, фрезии, жасмина, магнолии, маргаритки, ландыша, кедра.",Нанесите на мокрые волосы небольшое количество шампуня. Равномерно распределите средство по коже головы и по всей длине волос. Вспеньте и после тщательно смойте теплой водой. При необходимости повторите. Для достижения максимального эффекта после шампуня рекомендуется использовать кондиционер.,Республика корея,7
126,2026-10-01T11:10:29.463847,20261001_104711_f22aa185,19000130591,parfjumerija/parfjumirovannyj-uhod,Flame moscow,Marie,Соль для ванны,370.0,370.0,0.0,1,4.9,https://goldapple.ru/19000130591-marie/,https://goldapple.ru/parfjumerija/parfjumirovannyj-uhod?p=7,"Земляные и бальзамические ноты сосны, лесной хвои и мускуса балансируют с яркими лимонными и мятными акцентами. Сандал и кедр добавляют теплоты и близости. Этот аромат напоминает старого хорошего друга: он утонченный, но по-семейному близкий. Верхние ноты: Сосновая хвоя, мята Средние ноты: Кипарис, лимон Базовые ноты: Мох, мускус, сандаловое дерево, кедр Морская соль Северного и Средиземного морей пропитана ароматическими маслами. Смесь способствует ароматерапии, а также общему расслаблению и восстановлению, поддержанию тонуса и уменьшению напряжения в мышцах.","Наполните не менее половины ванной, рас- творите содержимое в горячей воде и дайте настояться 5 минут, затем разбавьте воду до комфортной температуры при необходимости. Пакетика хватает на 1-2 применения. Будьте осторожны! После использования поверхность ванны может быть чуть более скользкой, чем обычно.",Россия,7
127,2026-10-01T11:10:37.727932,20261001_104711_f22aa185,19000499357,parfjumerija/parfjumirovannyj-uhod,Huxley,MOROCCAN GARDENER,Парфюмированный гель для душа,2610.0,2610.0,0.0,1,0.0,https://goldapple.ru/19000499357-huxley-moroccan-gardener/,https://goldapple.ru/parfjumerija/parfjumirovannyj-uhod?p=7,"Гель для душа Huxley бережно очищает кожу тела, оставляя её мягкой и увлажненной. Средство окутывает изысканным ароматом с нотами цветов, древесным аккордом и мягким акцентом мускуса. Формула, включающая масло опунции, экстракт опунции и масло авокадо, дарит длительное увлажнение, питает кожу и укрепляет естественный защитный барьер.",Вспеньте гель руками или с помощью мочалки. Распределите по влажной коже тела массирующими движениями. Тщательно смойте водой.,Республика корея,7
128,2026-10-01T11:10:48.015921,20261001_104711_f22aa185,15040900014,parfjumerija/parfjumirovannyj-uhod,DIOR,Homme After-shave balm,Парфюмированный Бальзам после бритья,7700.0,7700.0,0.0,1,4.9,https://goldapple.ru/15040900014-homme-after-shave-balm/,https://goldapple.ru/parfjumerija/parfjumirovannyj-uhod?p=7,"Бальзам после бритья Dior Homme снимает раздражение после бритья, обеспечивая коже мгновенное ощущение мягкости и комфорта. Его инновационная текстура обволакивает кожу мягким чувственным шлейфом Dior Homme.
Средства для бритья из линии Dior Homme имеют легкий древесный аромат новой туалетной воды. Они дарят коже приятное ощущение полного комфорта, оставляя чувственный шлейф Dior Homme.",Не указано,Франция,7
129,2026-10-01T11:10:56.677357,20261001_104711_f22aa185,19000154021,parfjumerija/parfjumirovannyj-uhod,Tesori d’Oriente,Hammam,Парфюмированный гель для душа,405.0,405.0,0.0,1,4.8,https://goldapple.ru/19000154021-hammam/,https://goldapple.ru/parfjumerija/parfjumirovannyj-uhod?p=7,"Tesori d’Oriente ароматический гель для душа HAMMAM 250мл приглашает Вас окунуться в мир эстетики и великолепия. Уникальная разработка итальянских парфюмеров создает гель для душа с ярким ароматом, обладающим хорошей стойкостью до 3 часов и уходовыми свойствами лосьона для тела. Гель для душа обеспечит бережное увлажнение и питание для вашей кожи, сделает тело гладким и шелковистым. Аромат подойдет как для мужчин, так и для женщин, объединяя их на пути к соблазнительным восточным сказкам. Лимон, сладкий мандарин, цветок миндаля пробудят вас от сна, подарят утреннюю прохладу и живительную кислинку. Ноты жасмина и лепестков апельсинового цвета закружат в экзотическом танце. Тезори Д'ориенте переводится как "" Сокровище Востока"". Натуральные масла в составе геля для душа, производство в Италии, формулы без парабенов, силиконов, синтетических красителей – это всё является атрибутом высокого ценового сегмента. Благодаря такому составу, гели для душа не только очищают кожу, но и эффективно ухаживают за ней. Ароматические композиции разработаны ведущими мировыми парфюмерными компаниями и подойдут для подарка самым близким людям, потому что привлекательная и удобная упаковка имеет премиальный вид. Верхние ноты: Мандарин, Лимон, Цветок миндаля. Ноты сердца: Апельсиновый цвет, Жасмин. База: Ваниль, Древесные ноты, Амбра, Мускус. Обращаем внимание, продукт может поступить как в новом, так и в старом дизайне.","Нанесите небольшое количество геля на влажную кожу, нежно помассируйте до образования пены, затем тщательно смойте водой.",Италия,7
130,2026-10-01T11:11:04.908450,20261001_104711_f22aa185,19000322298,parfjumerija/parfjumirovannyj-uhod,Zielinski & Rozen,"Pink Pepper, Elemi, Cinnamon, Leather",Гель для душа,1790.0,1790.0,0.0,1,4.9,https://goldapple.ru/19000322298-pink-pepper-elemi-cinnamon-leather/,https://goldapple.ru/parfjumerija/parfjumirovannyj-uhod?p=7,"Эффективно очищает кожу, обогащает её витаминами, нормализует гидробаланс, восстанавливает тонус и жизненные силы. Подходит для ухода за кожей любого типа.","Небольшое количество геля нанести на влажную кожу, вспенить и тщательно смыть водой. Хранить в сухом, защищенном от света и недоступном для детей месте при температуре от +5 °С до +25 °С.",Израиль,7
131,2026-10-01T11:11:12.804498,20261001_104711_f22aa185,90150300002,parfjumerija/parfjumirovannyj-uhod,Zielinski & Rozen,"Black Pepper, Vetiver, Neroli, Amber",Жидкое мыло,2390.0,2390.0,0.0,1,4.8,https://goldapple.ru/90150300002-black-pepper-amber-neroli/,https://goldapple.ru/parfjumerija/parfjumirovannyj-uhod?p=7,"Эффективно очищает от всех видов загрязнений и подходит для ежедневного использования: средство содержит увлажняющие и смягчающие натуральные масла. Приятный бонус — ароматный шлейф, остающийся на коже несколько часов. Ароматы продукции Zielinski&Rozen изменили свое наименование без изменения состава.","Нажмите на дозатор, вспеньте мыло в руках и затем смойте водой.",Израиль,7
132,2026-10-01T11:11:22.254166,20261001_104711_f22aa185,19000487823,parfjumerija/parfjumirovannyj-uhod,Sol de Janeiro,CHEIROSA 48,Парфюмированный мист для тела и волос,3250.0,3250.0,0.0,1,4.6,https://goldapple.ru/19000487823-sol-de-janeiro-cheirosa-48/,https://goldapple.ru/parfjumerija/parfjumirovannyj-uhod?p=7,"Это сезон бикини! Капли воды блестят на коже. Бармен разливает коктейли у бассейна. Мягкие лучи солнца согревают тело. Парфюмированный мист CHEIROSA 48 воспевает освобождающую энергию Рио в 1948 году, когда бикини впервые появились на пляжах Бразилии. Тропический и сочный аромат открывается ярким аккордом нектара гуавы, а экзотическая орхидея расцветает под мягким облаком ванили и мускуса.",Распылите на тело и волосы с небольшого расстояния. Избегайте попадания в глаза.,Сша,7
133,2026-10-01T11:11:31.709074,20261001_104711_f22aa185,19000272935,parfjumerija/parfjumirovannyj-uhod,Camomilla Blu,FACE AND BODY CLEANSER,Нет категории,1181.0,1181.0,0.0,1,4.8,https://goldapple.ru/19000272935-cleanser/,https://goldapple.ru/parfjumerija/parfjumirovannyj-uhod?p=7,"Сухая и чувствительная кожа получает более деликатный вариант ежедневного очищения в одном средстве для лица и тела. Гель помогает удалить повседневные загрязнения, не оставляя выраженного ощущения стянутости, и подходит для кожи, склонной к раздражению и дискомфорту после умывания или душа. Экстракт ромашки входит в мягкую очищающую основу вместе с глицерином и мочевиной, которые поддерживают более комфортное ощущение после смывания. Текстура рассчитана одновременно на лицо и тело и очищает без необходимости добиваться обильной пены или жесткого обезжиривающего эффекта. Универсальный формат упрощает уход, когда обеим зонам требуется мягкое очищение без лишнего количества средств. Гель подходит для частого использования и особенно актуален для сухой, чувствительной и легко раздражаемой кожи, которой важны спокойное очищение и мягкость после воды.",Нанесите небольшое количество на влажную кожу непосредственно или предварительно разбавьте водой. Мягко помассируйте и тщательно смойте. Подходит для ежедневного применения.,Италия,7
134,2026-10-01T11:11:39.843309,20261001_104711_f22aa185,19000499356,parfjumerija/parfjumirovannyj-uhod,Huxley,BLUE MEDINA TANGERINE,Нет категории,2610.0,2610.0,0.0,1,0.0,https://goldapple.ru/19000499356-huxley-blue-medina-tangerine/,https://goldapple.ru/parfjumerija/parfjumirovannyj-uhod?p=7,"Гель для душа Huxley бережно очищает кожу тела, оставляя её мягкой и увлажненной. Средство окутывает изысканным ароматом с яркой нотой танжерина, зелеными нотами и древесно-амбровым аккордом. Формула, включающая масло опунции, увлажняет кожу и дарит приятное ощущение свежести и комфорта.",Вспеньте гель руками или с помощью мочалки. Распределите по влажной коже тела массирующими движениями. Тщательно смойте водой.,Республика корея,7
135,2026-10-01T11:11:46.873227,20261001_104711_f22aa185,19000467325,parfjumerija/parfjumirovannyj-uhod,Zielinski & Rozen,"Vetiver, Lemon",Парфюмированный лосьон для рук и тела,1100.0,1100.0,0.0,1,5.0,https://goldapple.ru/19000467325-vetiver-lemon/,https://goldapple.ru/parfjumerija/parfjumirovannyj-uhod?p=7,"Имеет легкую текстуру, увлажняет и питает кожу. Подходит для всех типов кожи.",Нанесите на сухую или влажную кожу легкими массирующими движениями до полного впитывания.,Израиль,7
136,2026-10-01T11:11:55.187007,20261001_104711_f22aa185,19000479889,parfjumerija/parfjumirovannyj-uhod,LUVSCENT,COZY FIRE,Гель-скраб для душа,1431.0,1431.0,0.0,1,5.0,https://goldapple.ru/19000479889-cozy-fire/,https://goldapple.ru/parfjumerija/parfjumirovannyj-uhod?p=7,"Увлажняющий гель-скраб с натуральными маслами и ароматом от французского парфюмера. Его теплый древесный аромат с нотками кедра напоминает уютный и неспешный вечер у камина на зимних каникулах в загородном доме. Хруст и щелчки горящего дерева, легкий запах дыма и сладковатый аромат пряностей наполняют пространство теплом и уютом.","1. Нанесите необходимое количество геля на губку. 2. Вспеньте. 3. Вымойте тело, применяя лёгкий массаж. 4. Тщательно смойте водой.",Республика корея,7
137,2026-10-01T11:12:04.234148,20261001_104711_f22aa185,99000028484,parfjumerija/parfjumirovannyj-uhod,Somna Secra,Eternal Moon,Молочко для тела,896.0,896.0,0.0,1,4.7,https://goldapple.ru/99000028484-eternal-moon/,https://goldapple.ru/parfjumerija/parfjumirovannyj-uhod?p=7,"Представляем увлажняющий крем с легкой текстурой ""Eternal Moon"" от Сомна Секра - ваш незаменимый помощник в ежедневном уходе за кожей. Женское косметическое средство эффективно работает, обеспечивая глубокое увлажнение и питание 24 часа в сутки. Секрет эффективности кроется в составе из набора масел. Масло ши, известное своими смягчающими и восстанавливающими свойствами, помогает сохранять естественную мягкость и эластичность. Сухая, чувствительная и обезвоженная кожа мгновенно преображается, становясь более гладкой и увлажненной. Масло сладкого миндаля, богатое витаминами и питательными веществами - оно создает защитный слой, защищающий от вредного воздействия внешней среды и ультрафиолета. Тающее, нежное, быстро впитывается, не оставляя ощущения липкости и следов на одежде. Это идеальный вариант для женщин всех возрастов и любого типа и состояния кожи. Предотвращает потерю влаги, питает, придавая здоровое сияние. Парфюмерное молочко превращает процедуру в СПА ритуал, благодаря швейцарской отдушке с нотками запаха пряной ванили, амбры, мускуса и мандарина - аромат, который останется с Вами на весь день. Рекомендуется использовать после душа или ванны, нанося его массажными движениями. Косметика бренда somna secra производится на белорусском производстве, которое славится своим качеством выпускаемой продукции. Создатель и вдохновитель бренда Екатерина Гребенко. Подарите себе или своим близким профессиональную салонную атмосферу в домашних условиях. Почувствуйте нежность и комфорт после применения этого потрясающего продукта.",Нанести на чистую кожу. Распределить массирующими движениями до полного впитывания.,Беларусь,7
138,2026-10-01T11:12:12.248369,20261001_104711_f22aa185,19000357690,parfjumerija/parfjumirovannyj-uhod,Emmanuelle Jane,BUTTERFLY BLOOM,Спрей для тела и волос,2010.0,2010.0,0.0,1,4.6,https://goldapple.ru/19000357690-butterfly-bloom/,https://goldapple.ru/parfjumerija/parfjumirovannyj-uhod?p=7,"Подари себе новые впечатления и еще большую уверенность на каждый день! Микс лепестков роз и пудровых и фиалковых нот принесёт благоухание летних цветочных садов и яркие и незабываемые эмоции. Твой билет в такое парфюмерное путешествие – спрей для тела butterfly bloom. Лепестки роз с их завораживающим, романтичным ароматом дарят яркие эмоции и драйв творить и достигать. Пудровая нота придает композиции мягкость и деликатность, вызывая теплые чувства и романтичное настроение. Фиалка завершает композицию своим тонким, элегантным ароматом. Цветочный аромат придает изысканность, даря твоему образу особую утонченность и стиль. Коллекция Emmanuelle Jane parfum mist brume — 11 ароматов, где каждый представляет собой уникальное облако эмоций, которое помогает выразить настроение и вдохновить на новые свершения. Мист обладает легкой текстурой и свежим ароматом — идеален для повседневного использования. Такой формат можно использовать не только на коже, но и на волосах, одежде или в помещении. Откройте для себя мир утонченной элегантности с коллекцией ароматов Emmanuelle Jane parfum mist brume. Бренд французской парфюмерии emmanuelle jane в своем творчестве объединил восточную культуру, средиземноморскую легкость и французский образ жизни. Сочетание популярных и редких нот парфюмерии позволило создать поистине шедевры парфюмерного искусства, которые сегодня пользуются большой популярностью на рынках Европы и Азии. Бренд постоянно сотрудничает с лучшими парфюмерами со всего мира. Главная цель Emmanuelle Jane — поиск наиболее совершенных парфюмерных композиций, эффектно дополняющих образ и имидж своих потребителей.",Распылите на расстоянии 20 см на открытые участки тела и волосы после ванны или душа. При желании можно наносить мист в течение дня.,Греция,7
139,2026-10-01T11:12:22.756365,20261001_104711_f22aa185,19000300230,parfjumerija/parfjumirovannyj-uhod,Make Sense,Sense of Security,Парфюмированный мусс для душа,626.0,626.0,0.0,1,4.9,https://goldapple.ru/19000300230-security/,https://goldapple.ru/parfjumerija/parfjumirovannyj-uhod?p=7,"Коллекция 'Sense of Security' дарит вам ощущение комфорта и умиротворения. - Сандал наполняет нежностью и спокойствием - Жасмин, с его цветочными и сладкими нотами, добавляет ноту изысканности и элегантности - Терпкий, пряный чёрный перец завершает эту уникальную коллекцию и создает ощущение уверенности и благополучия. Нежный мусс для душа из коллекции 'Sense of Security' бережно очищает, делает кожу нежной и шелковистой.","Перед использованием встряхните баллон. Смочите кожу водой. Держа баллон вертикально, выдавите пену на ладонь или мочалку. Равномерно нанесите пену на кожу. Помассируйте легкими круговыми движениями и смойте водой.",Россия,7
140,2026-10-01T11:12:31.268154,20261001_104711_f22aa185,19000135087,parfjumerija/parfjumirovannyj-uhod,Tesori d’Oriente,Lotus flower and shea butter,Парфюмированное жидкое мыло,440.0,440.0,0.0,1,4.8,https://goldapple.ru/19000135087-lotus-flower-and-shea-butter/,https://goldapple.ru/parfjumerija/parfjumirovannyj-uhod?p=7,"Tesori d'Oriente жидкое крем-мыло "" Цветок лотоса и масло ши"". Этот ароматный мыльный крем, обогащенный увлажняющими и успокаивающими ингредиентами, надолго оставляет кожу мягкой, шелковистой и ароматной. Имеет аромат одноименной парфюмерной воды, в котором гармонично сочетаются нотки лотоса, гвоздики и туберозы. Это пудровый, теплый и сладковатый аромат.Подходит не только для рук и лица, но и для всего тела.","нанести на влажную кожу массирующими движениями, вспенить, затем смыть теплой водой.",Италия,7
141,2026-10-01T11:12:52.339112,20261001_104711_f22aa185,19000345270,parfjumerija/parfjumirovannyj-uhod,Zielinski & Rozen,Powder,Твердое мыло,890.0,890.0,0.0,1,4.9,https://goldapple.ru/19000345270-powder/,https://goldapple.ru/parfjumerija/parfjumirovannyj-uhod?p=8,"Мягко и эффективно очищает кожу от жира и других видов загрязнений. Подходит для ежедневного умывания, мытья рук и тела.",Вспенить мыло в руках. Тщательно смыть теплой водой. Хранить в сухом месте при комнатной температуре.,Россия,8
142,2026-10-01T11:12:59.872681,20261001_104711_f22aa185,19000499363,parfjumerija/parfjumirovannyj-uhod,Huxley,MOROCCAN GARDENER,Парфюмированный лосьон для тела,2610.0,2610.0,0.0,1,0.0,https://goldapple.ru/19000499363-huxley-moroccan-gardener/,https://goldapple.ru/parfjumerija/parfjumirovannyj-uhod?p=8,"Парфюмированный лосьон Huxley с маслом опунции увлажняет и смягчает кожу тела, оставляя изысканный аромат с нотами цветов, древесным аккордом и мягким акцентом мускуса. Средство с легкой и нежной текстурой быстро впитывается, делая кожу более гладкой и мягкой, и оставляет приятное ощущение свежести.","Слегка протрите кожу тела полотенцем после душа или ванны. Нанесите лосьон на кожу тела. Распределите лосьон по коже тела массирующими движениями, уделяя особое внимание сухим участкам.",Республика корея,8
143,2026-10-01T11:13:08.386365,20261001_104711_f22aa185,7190100005,parfjumerija/parfjumirovannyj-uhod,DIOR,Fahrenheit,Нет категории,5300.0,5300.0,0.0,1,4.9,https://goldapple.ru/7190100005-fahrenheit/,https://goldapple.ru/parfjumerija/parfjumirovannyj-uhod?p=8,Освежающая формула с легким ароматом для длительной и мягкой защиты.,Не указано,Франция,8
144,2026-10-01T11:13:15.676635,20261001_104711_f22aa185,19760322898,parfjumerija/parfjumirovannyj-uhod,La Sultane de Saba,AMBRE VANILLE PATCHOULI,Нет категории,8550.0,8550.0,0.0,1,4.7,https://goldapple.ru/19760322898-lait-corporel-ayurvedique-ambre-vanille-patchouli/,https://goldapple.ru/parfjumerija/parfjumirovannyj-uhod?p=8,"Увлажняющий лосьон для тела La Sultane de Saba дарит коже мягкость, питание и глубокое увлажнение, погружая в атмосферу внутреннего баланса и умиротворения. Масла сладкого миндаля, карите и кокоса обеспечивают интенсивный уход, смягчают и питают кожу, а аллантоин оказывает антиоксидантное и успокаивающее действие. Легкая, быстро впитывающаяся текстура не оставляет липкости и дарит ощущение комфорта на весь день. Ароматная композиция с нотами амбры, ванили и пачули окутывает тело тёплым, пряным шлейфом, превращая уход за кожей в чувственный ритуал расслабления. La Sultane de Saba — это ремесленный французский бренд, в основе которого уникальные парфюмерные композиции, редкие натуральные ингредиенты и роскошные текстуры.","1. Выдавите небольшое количество лосьона на ладонь. 2. Распределите по чистому влажному телу легкими массажными движениями, уделяя внимание сухим участкам. 3. Используйте ежедневно после душа или ванны. Подходит для всех типов кожи, оставляет тонкий стойкий аромат.",Франция,8
145,2026-10-01T11:13:23.403612,20261001_104711_f22aa185,19000154032,parfjumerija/parfjumirovannyj-uhod,Tesori d’Oriente,Sandal&Vetiver,Парфюмированный гель для душа,482.0,482.0,0.0,1,4.8,https://goldapple.ru/19000154032-sandal-vetiver/,https://goldapple.ru/parfjumerija/parfjumirovannyj-uhod?p=8,"Tesori d’Oriente Ароматический гель для душа «кашмирское сандаловое дерево И ветивер» / «SANDAL & VETIVER» приглашает Вас окунуться в мир эстетики и великолепия. Уникальная разработка итальянских парфюмеров создает гель для душа с ярким ароматом, обладающим хорошей стойкостью до 3 часов и уходовыми свойствами лосьона для тела. Гель для душа обеспечит бережное увлажнение и питание для вашей кожи, сделает тело гладким и шелковистым. Аромат отправит в ольфакторное путешествие на таинственный воображаемый остров, полный очарований и тайн, которые нужно раскрыть. Сандаловое масло используется в косметике из-за его теплого и чарующего аромата, а также обладает расслабляющими и увлажняющими свойствами. В восточной мифологии ветивер считался растением, обладающим полезными свойствами в отношении отсекания негативной энергии, а его аромат, как полагали, способен отгонять злых духов. Эфирное масло ветивера, получаемое из корней, широко используется благодаря своим бодрящим и освежающим свойствам. Тезори Д'ориенте переводится как "" Сокровище Востока"". Натуральные масла в составе геля для душа, производство в Италии, формулы без парабенов, силиконов, синтетических красителей – это всё является атрибутом высокого ценового сегмента. Благодаря такому составу, гели для душа не только очищают кожу, но и эффективно ухаживают за ней. Ароматические композиции разработаны ведущими мировыми парфюмерными компаниями и подойдут для подарка самым близким людям, потому что привлекательная и удобная упаковка имеет премиальный вид. Верхние ноты: Ветивер. Ноты сердца: Имбирь, Бергамот. База: Ценные Породы Дерева, Сандаловое Дерево.","Нанесите небольшое количество геля на влажную кожу, нежно помассируйте до образования пены, затем тщательно смойте водой.",Италия,8
146,2026-10-01T11:13:31.243724,20261001_104711_f22aa185,19000232569,parfjumerija/parfjumirovannyj-uhod,Only Bio,Бархатистый пион и масло розы,Парфюмированный гель для душа,539.0,539.0,0.0,1,4.8,https://goldapple.ru/19000232569-neznost-kozi-barhatistyj-pion-i-maslo-rozy/,https://goldapple.ru/parfjumerija/parfjumirovannyj-uhod?p=8,"Мягкий гель для душа с изысканным ароматом пудровой розы, бархатного пиона и терпкой ванили деликатно очищает и увлажняет кожу, словно окутывая ее нежностью лепестков. Теплое обаяние аромата подчеркиваются древесно-пряными аккордами. Верхние ноты: пудровая роза, пачули, флердоранж; Ноты сердца: бархатный пион, табак, ваниль; Базовые ноты: мускус, амбра, уд.","Небольшое количество геля нанесите на влажную кожу, вспеньте и смойте водой.",Россия,8
147,2026-10-01T11:13:39.666770,20261001_104711_f22aa185,19000467301,parfjumerija/parfjumirovannyj-uhod,Zielinski & Rozen,"Amberwood, Vanilla, Davana",Гель для душа,2590.0,2590.0,0.0,1,4.8,https://goldapple.ru/19000467301-amberwood-vanilla-davana/,https://goldapple.ru/parfjumerija/parfjumirovannyj-uhod?p=8,"Эффективно очищает кожу, нормализует гидробаланс, не сушит кожу, помогает ей сохранять естественную влажность. Подходит для всех типов кожи.","Нанесите небольшое количество геля на влажную кожу, вспеньте, затем смойте водой.",Израиль,8
148,2026-10-01T11:13:49.208839,20261001_104711_f22aa185,19000232574,parfjumerija/parfjumirovannyj-uhod,Only Bio,Art&Natural Цветущий миндаль,Крем-масло для тела,385.0,385.0,0.0,1,4.8,https://goldapple.ru/19000232574-roskosnyj-uhod-cvetusij-mindal/,https://goldapple.ru/parfjumerija/parfjumirovannyj-uhod?p=8,Фактурный крем для тела с ароматом миндаля.,Небольшое количество крема нанесите на тело.,Россия,8
149,2026-10-01T11:13:57.022986,20261001_104711_f22aa185,19000463181,parfjumerija/parfjumirovannyj-uhod,Feel Moment,"с маслами миндаля, жожоба и макадамии",Парфюмированный скраб-бальзам для тела,627.0,627.0,0.0,1,4.9,https://goldapple.ru/19000463181-feel-moment-bd-scrb-blm-ts-6x300g/,https://goldapple.ru/parfjumerija/parfjumirovannyj-uhod?p=8,"Откройте дверь к совершенству вашей кожи с новинкой от Feel Moment. Скраб-бальзам для тела с маслами ши, миндаля, жожоба и макадамии, а также витамином А из линии Earth — это не просто уход, а настоящий спа-ритуал у вас дома. Формула средства насыщена активными компонентами, которые бережно ухаживают за кожей тела, рук и ног. Масла ши и миндаля интенсивно смягчают и питают, а витамин А поддерживает упругость и эластичность. Скраб с нежной кремовой текстурой и мелкокристаллической солью тает при контакте с водой, мягко обновляя кожу и делая ее мягкой и увлажненной. Он стимулирует микроциркуляцию и обновление клеток, борясь с дряблостью кожи и повышая ее тонус. Скраб также предотвращает появление вросших волосков после эпиляции и депиляции. В аромате сливаются сливочная мягкость миндального молочка и нежная магнолия, уступая место теплой ванили, благородному сандалу и пряным бобам тонка. Этот мягкий скраб станет неотъемлемой частью вашего ежедневного ухода. Линия Earth окутывает нежным и теплым ароматом, даря ощущение спокойствия и уюта. Почувствуйте тепло и заботу с каждым средством этой линии. Парфюмированные средства от Feel Moment создают атмосферу, в которой можно расслабиться и насладиться настоящим моментом. Наша уходовая косметика создана для бескомпромиссной красоты и заботы о вашей коже. предостережения Содержит производное ретинола, рекомендуем использовать с осторожностью.",1. Перед использованием при необходимости перемешайте. 2. Нанесите скраб мягкими массирующими движениями на влажную кожу тела. 3. Смойте водой. 4. Рекомендуется использовать 1–2 раза в неделю.,Россия,8
150,2026-10-01T11:14:06.670632,20261001_104711_f22aa185,19000144151,parfjumerija/parfjumirovannyj-uhod,Givenchy,Gentleman Society SHOWER GEL,Гель для душа,5340.0,5340.0,0.0,1,4.9,https://goldapple.ru/19000144151-gentleman-society-shower-gel/,https://goldapple.ru/parfjumerija/parfjumirovannyj-uhod?p=8,"Гель для душа Gentleman Society от Givenchy мягко очищает кожу, увлажняет и обеспечивает бодрящее ощущение свежести. Ноты ветивера и шалфея в сочетании с цветами дикого нарцисса усиливают шлейф древесно-цветочного аромата Gentleman Society. Флакон на 50% состоит из переработанного пластика, что соответствует принципам ответственного потребления. В линию Gentleman от Givenchy также входит парфюмерная вода и дезодорант.","Наносить на влажную кожу, распределить по телу, смыть достаточным количеством воды. При необходимости повторить.",Франция,8
151,2026-10-01T11:14:14.800473,20261001_104711_f22aa185,19000232575,parfjumerija/parfjumirovannyj-uhod,Only Bio,Art&Natural Пион и масло розы,Увлажняющий Арома-крем для тела,385.0,385.0,0.0,1,4.7,https://goldapple.ru/19000232575-uvlaznausij-pion-i-maslo-rozy/,https://goldapple.ru/parfjumerija/parfjumirovannyj-uhod?p=8,Фактурный крем для тела с ароматом Розы и пиона.,Небольшое количество крема нанесите на тело.,Россия,8
152,2026-10-01T11:14:23.840618,20261001_104711_f22aa185,19000204030,parfjumerija/parfjumirovannyj-uhod,Zielinski & Rozen,"Pink Pepper, Elemi, Cinnamon, Leather",Крем для тела,3990.0,3990.0,0.0,1,4.8,https://goldapple.ru/19000204030-pink-pepper-elemi-cinnamon-leather/,https://goldapple.ru/parfjumerija/parfjumirovannyj-uhod?p=8,"Интенсивно увлажняет и питает кожу, имеет легкую текстуру. Подходит для всех типов кожи.","Нанести на влажное или сухое тело, массажными движениями втирать до полного впитывания / Хранить в сухом, защищенном от света и недоступном для детей месте при температуре от +5 °С до +25 °С.",Израиль,8
153,2026-10-01T11:14:33.136846,20261001_104711_f22aa185,19000499361,parfjumerija/parfjumirovannyj-uhod,Huxley,MOROCCAN GARDENER,Нет категории,3090.0,3090.0,0.0,1,0.0,https://goldapple.ru/19000499361-huxley-moroccan-gardener/,https://goldapple.ru/parfjumerija/parfjumirovannyj-uhod?p=8,"Нежный парфюмированный крем Huxley увлажняет и питает кожу тела, окутывая изысканным ароматом с нотами цветов, древесным аккордом и мягким акцентом мускуса. Средство, содержащее масло опунции, делает кожу более мягкой, дарит ей гладкость и ощущение комфорта. Благодаря нежной текстуре крем тает на коже, легко распределяется и быстро впитывается, не оставляя липкости.","После душа или ванны слегка протрите кожу тела полотенцем. Нанесите крем на кожу тела. Распределите крем по коже тела массирующими движениями, уделяя особое внимание сухим участкам.",Республика корея,8
154,2026-10-01T11:14:41.928236,20261001_104711_f22aa185,3680300011,parfjumerija/parfjumirovannyj-uhod,Givenchy,L'INTERDIT,Нет категории,6710.0,6710.0,0.0,1,4.8,https://goldapple.ru/3680300011-l-interdit/,https://goldapple.ru/parfjumerija/parfjumirovannyj-uhod?p=8,"В 2018 году бренд GIVENCHY представил невероятно притягательный, ставший уже легендарным, аромат L’INTERDIT Eau de Parfum. Сегодня бренд закрепляет успех вместе с чувственной вариацией – парфюмерной дымкой для волос L’INTERDIT HAIR MIST, которая окутывает нежной ароматной вуалью. Новинка призвана усилить звучание вашего любимого аромата линии L’INTERDIT. А ее облегченная формула станет идеальным решением для жарких дней.",Не указано,Франция,8
155,2026-10-01T11:14:49.406144,20261001_104711_f22aa185,19000463153,parfjumerija/parfjumirovannyj-uhod,Feel Moment,Вишня и горький миндаль,Парфюмированный спрей-мист для тела и волос,378.0,378.0,0.0,1,4.7,https://goldapple.ru/19000463153-visna-i-gor-kij-mindal/,https://goldapple.ru/parfjumerija/parfjumirovannyj-uhod?p=8,"Мист для тела и волос Feel Moment из новой линейки Fire приглашает вас в мир красоты и ухода. Сделайте его частью ежедневного ритуала, чтобы всегда выглядеть безупречно. Этот продукт создан для тех, кто хочет заботиться о своей коже и волосах. Мист увлажняет кожу и волосы благодаря миндальному маслу и витамину Е. Миндальное масло смягчает и успокаивает кожу, придает волосам блеск. Витамин Е увлажняет и защищает кожу, действуя как антиоксидант. Парфюмированный мист окутывает манящим ароматом дорогого парфюма. В нем сочетаются сочные ноты вишни и красных фруктов, горьковато-сладкий миндаль, теплая амбра и нежный мускус. Несмываемый уход за волосами облегчает расчесывание, увлажняет и питает локоны. Мист легко наносится благодаря удобному распылителю, создавая легкую дымку. Он не утяжеляет волосы и не оставляет жирных следов. Мист можно наносить на тело или волосы от корней до кончиков, чтобы завершить уход и насладиться моментами красоты каждый день. Линия Fire пробуждает энергию и наполняет теплом. Ощутите искры страсти с этой линией средств. Мисты Feel Moment помогают расслабиться и насладиться уходом. Они созданы для безупречной красоты и заботы о коже.",1. Распылите мист на кожу тела и волосы с расстояния 15-20 см. 2. Избегайте попадания средства на лицо. 3. Не наносите средство на одежду.,Россия,8
156,2026-10-01T11:14:57.382373,20261001_104711_f22aa185,19000152731,parfjumerija/parfjumirovannyj-uhod,Zielinski & Rozen,"Pink Pepper, Elemi, Cinnamon, Leather",Мыло твердое,890.0,890.0,0.0,1,4.8,https://goldapple.ru/19000152731-pink-pepper-elemi-cinnamon-leaher/,https://goldapple.ru/parfjumerija/parfjumirovannyj-uhod?p=8,"Мягко и эффективно очищает кожу от жира и других видов загрязнений. Подходит для ежедневного умывания, мытья рук и тела","Способ применения: Вспенить мыло в руках. Тщательно смыть теплой водой / Хранить в сухом месте при комнатной температуре. В случае попадания в глаза, немедленно промыть их большим количеством воды, при необходимости обратиться к врачу / Для наружного применения / Использование в пищевых целях опасно для жизни",Россия,8
157,2026-10-01T11:15:05.996948,20261001_104711_f22aa185,19000467326,parfjumerija/parfjumirovannyj-uhod,Zielinski & Rozen,Rosemary & Lemon,Парфюмированный лосьон для рук и тела,1100.0,1100.0,0.0,1,4.8,https://goldapple.ru/19000467326-rosemary-lemon/,https://goldapple.ru/parfjumerija/parfjumirovannyj-uhod?p=8,"Имеет легкую текстуру, увлажняет и питает кожу. Подходит для всех типов кожи.",Нанесите на сухую или влажную кожу легкими массирующими движениями до полного впитывания.,Израиль,8
158,2026-10-01T11:15:14.382937,20261001_104711_f22aa185,99000115284,parfjumerija/parfjumirovannyj-uhod,HONGSAM,"black pepper, amber",Парфюмированный гель для душа,1209.0,1209.0,0.0,1,5.0,https://goldapple.ru/99000115284-spa-effect/,https://goldapple.ru/parfjumerija/parfjumirovannyj-uhod?p=8,"Парфюмированный гель для душа HONGSAM раскрывает благородные пряные ноты чёрного перца и тёплую глубину амбры, превращая привычный уход в чувственный ритуал. Его манящий шлейф дарит уверенность и подчёркивает природный магнетизм. Нежная формула мягко очищает и тонизирует кожу, сохраняя её естественный pH-баланс и предотвращая сухость. Лёгкая пена обволакивает тело, оставляя ощущение свежести, комфорта и изысканного аромата. Активные компоненты: — Масло чёрного перца стимулирует и тонизирует, наполняя энергией. — Амбра активирует синтез коллагена и выравнивает тон кожи. — Аминокислотный комплекс восстанавливает и поддерживает упругость. — Натуральные масла питают, смягчают и омолаживают, укрепляя защитный барьер кожи. Результат: — Деликатное очищение и тонизирование. — Кожа гладкая, увлажнённая и сияющая. — Стойкий изысканный шлейф амбры и чёрного перца.","Нанесите небольшое количество геля на влажную кожу или мочалку, вспеньте мягкими движениями, затем смойте тёплой водой. Подходит для ежедневного использования.",Россия,8
159,2026-10-01T11:15:22.640424,20261001_104711_f22aa185,19000499369,parfjumerija/parfjumirovannyj-uhod,Huxley,ROSE PICKER,Парфюмированное масло для тела,3090.0,3090.0,0.0,1,0.0,https://goldapple.ru/19000499369-huxley-rose-picker/,https://goldapple.ru/parfjumerija/parfjumirovannyj-uhod?p=8,"Легкое парфюмированное масло Huxley гладко распределяется по коже тела и делает её сияющей и более упругой. Средство, содержащее комплекс масел, в том числе масла миндаля и опунции, дарит увлажнение и мягкость, улучшает тон кожи и повышает её эластичность. Продукт с приятной и легкой текстурой быстро впитывается, оставляя невесомый, комфортный финиш. Масло окутывает кожу тела изысканным ароматом с нотой свежих роз, теплым звучанием ванили и мягким акцентом мускуса.",Используйте после душа или ванны. Распределите массирующими движениями по влажной коже тела.,Республика корея,8
160,2026-10-01T11:15:30.847161,20261001_104711_f22aa185,19000240973,parfjumerija/parfjumirovannyj-uhod,Moschino,Toy 2 Pearl,Парфюмированный гель для душа и ванны,2450.0,2450.0,0.0,1,5.0,https://goldapple.ru/19000240973-toy-2-pearl/,https://goldapple.ru/parfjumerija/parfjumirovannyj-uhod?p=8,"Гель для душа MOSCHINO мягко и эффективно очищает кожу тела, оставляя на ней чарующий аромат. Игривая и переливающаяся композиция TOY 2 PEARL с нотами лимонного сорбета, жасмина, орегано, фрезии и песка переносит на залитый солнцем и омываемый свежими морскими волнами райский остров.","Добавьте в ванну или нанесите на влажную кожу тела во время принятия душа, вспеньте и распределите круговыми массажными движениями, затем смойте водой.",Италия,8
161,2026-10-01T11:16:00.495101,20261001_104711_f22aa185,19000342845,parfjumerija/parfjumirovannyj-uhod,Amouage,Guidance,Лосьон для тела,16896.0,16896.0,0.0,1,4.9,https://goldapple.ru/19000342845-guidance/,https://goldapple.ru/parfjumerija/parfjumirovannyj-uhod?p=9,"Башня из слоновой кости, окутанная редкими облаками… Из нежного грушевого тумана, манящего аромата миндального молочка и жемчужной росы ладана складывается образ уютного убежища. Лосьон для тела GUIDANCE — непривычная интерпретация триады Amouage, состоящей из лесного ореха, груши и шафрана— звучит как поэма, ощущается как объятья, воспринимается как мудрое изречение.","Нанести легкими массажными движениями на чистую и сухую кожу тела после принятия душа или ванны, либо по мере необходимости.",Оман,9
162,2026-10-01T11:16:09.978582,20261001_104711_f22aa185,19000304196,parfjumerija/parfjumirovannyj-uhod,HELDI,Lost cherry,Крем-баттер для тела,749.0,749.0,0.0,1,4.8,https://goldapple.ru/19000304196-heldi-krem-dla-tela-parfumirovannyj-uvlaznausij-visna/,https://goldapple.ru/parfjumerija/parfjumirovannyj-uhod?p=9,"Парфюмированный крем-баттер HELDI — крем для тела для интенсивного ухода для сухой кожи и аромат, который остаётся после нанесения. Этот увлажняющий крем для тела обладает насыщенной кремовой текстурой, питает и увлажняет, устраняет сухость и стянутость, делает кожу мягкой и гладкой. Баттер быстро впитывается, не оставляет липкости и жирной плёнки. Особый уход для сухих зон. Подходит для ежедневного ухода за телом и особенно для сухих участков: локтей, коленей, голеней, стоп и рук. Идеален в осенне-зимний период, когда кожа особенно страдает от холода, ветра и сухого воздуха, а также после душа, солнца и моря. Аромат. Насыщенная парфюмированная композиция с тёплым вишнёво-миндальным характером: — вишня — сочное, насыщенное начало — горький миндаль — тёплый, обволакивающий акцент — древесно-амбровые ноты — глубокий чувственный шлейф Аромат раскрывается на коже и превращает ежедневный уход в парфюмированный ритуал. Формула для питания и увлажнения. — масла ши и какао питают и смягчают — кокосовое и миндальное масла защищают от сухости — мочевина увлажняет и удерживает влагу — церамид поддерживает защитный барьер кожи — витамин Е обеспечивает антиоксидантный уход Результат. Мягкая, гладкая и напитанная кожа без сухости и стянутости — с насыщенным вишнёво-миндальным ароматом, который остаётся на коже.",Нанесите необходимое количество крем-баттера на чистую кожу тела легкими массажными движениями.,Россия,9
163,2026-10-01T11:16:20.432083,20261001_104711_f22aa185,99000076069,parfjumerija/parfjumirovannyj-uhod,LOVIX,ritual 01,Нет категории,486.0,486.0,0.0,1,4.8,https://goldapple.ru/99000076069-ritual-01/,https://goldapple.ru/parfjumerija/parfjumirovannyj-uhod?p=9,"Мист для тела нежно увлажняет и освежает кожу, оставляя ощущение лёгкости и свежести. Формула спрея обогащена соком листьев алоэ вера, который защищает от УФ-лучей, и провитамином В5, питающим и выравнивающим тон кожи. Экстракт камелии глубоко увлажняет кожу, делая её мягкой и упругой. Парфюмированный мист обеспечивает деликатный, но стойкий шлейф чувственного сочетания кашемирового дерева, розы и ванили. Не содержит спирта. Аромат: кашемировое дерево, роза, ваниль. Настроение аромата: важные встречи, роскошные вечеринки, блеск успеха и бесконечное великолепие жизни — этот мист с ароматом розы и ванили станет твоим секретным оружием соблазнения. Феромоны в составе усиливают восприятие аромата, добавляя магнетизма и уверенности в себе. Позволь себе быть страстной и почувствуй прикосновение роскоши, которое привлечёт внимание окружающих. Активные компоненты в составе: — Сок листьев алоэ вера. Обеспечивает глубокое увлажнение кожи, защищает от УФ-лучей. — Провитамин В5. Удерживает влагу в коже, предотвращая сухость и шелушение. — Экстракт листьев камелии. Делает кожу более гладкой и сияющей. Свойства продукта: — стойкость на протяжении 3–6 часов; — быстро впитывается; — не оставляет следов на одежде; — подходит для чувствительной кожи; — продукта хватит на 4–6 месяцев использования.","1. Используйте мист в завершении ухода за кожей, после увлажнения и перед выходом. Распылите равномерно на тело с расстояния 25–30 см, избегая попадания в глаза и на повреждённые участки кожи. Достаточно 2–3 лёгких распылений для создания деликатного аромата. Применяйте утром и при необходимости в течение дня для обновления аромата.",Россия,9
164,2026-10-01T11:16:29.718613,20261001_104711_f22aa185,19000210123,parfjumerija/parfjumirovannyj-uhod,Zielinski & Rozen,"Peach, Passion fruit, Musk",Нет категории,1690.0,1690.0,0.0,1,4.7,https://goldapple.ru/19000210123-peach-passion-fruit-musk/,https://goldapple.ru/parfjumerija/parfjumirovannyj-uhod?p=9,"Крем для рук интенсивно питает и смягчает кожу, легко впитывается, имеет мягкую текстуру.",Выдавить небольшое количество на чистые руки и равномерно распределить. Повторяйте по мере необходимости.,Израиль,9
165,2026-10-01T11:16:40.034842,20261001_104711_f22aa185,19000166868,parfjumerija/parfjumirovannyj-uhod,AnnBleor,Sexy sensitive,Парфюмированные крем-сливки для тела,1750.0,1750.0,0.0,1,4.6,https://goldapple.ru/19000166868-sexy-sensitive/,https://goldapple.ru/parfjumerija/parfjumirovannyj-uhod?p=9,"Крем-сливки для тела с роскошной, нежной, тающей текстурой моментально впитывается в кожу, увлажняет и смягчает. Насыщает кожу минералами и витаминами, обладает разглаживающим и подтягивающим действием, возвращает ее естественное здоровое сияние. Входящие в состав масла обеспечивают максимальное увлажнение, придают коже эластичность, гладкость и бархатистость. Главные компоненты: Масло Карите. Масло сладкого миндаля. Масло подсолнуха. Рапсовое масло. Аромат крема: Нежная ваниль, сексуальная амбра, белый мускус и деликатная нотка сладкого персика создают незабываемую композицию. В составе присутствуют активные кислоты.",1. Очистите кожу тела. 2. Нанесите нужное количество крема. 3. Распределите крем массажными движениями снизу вверх.,Россия,9
166,2026-10-01T11:16:49.412790,20261001_104711_f22aa185,19760343571,parfjumerija/parfjumirovannyj-uhod,Zielinski & Rozen,"Tobacco, Cedarwood, Pepper",Твердое мыло в алюминиевой мыльнице,1590.0,1590.0,0.0,1,4.9,https://goldapple.ru/19760343571-fiction/,https://goldapple.ru/parfjumerija/parfjumirovannyj-uhod?p=9,"Ароматное мыло — беспроигрышный подарок по любому поводу и любому человеку: в том числе, самому себе. В составе — только натуральные ингредиенты, которые мягко и эффективно очищают кожу от загрязнений и не оставляют ощущения сухости после мытья. Подходит для ежедневного мытья рук и тела, а компактную металлическую мыльницу удобно брать с собой в путешествия. Также твердое мыло можно использовать как саше: если положить его в шкаф с одеждой, гардероб наполнится любимым ароматом.",Храните мыло в гардеробе в качестве саше или используйте по прямому назначению: вспеньте в руках и смойте водой.,Россия,9
167,2026-10-01T11:17:00.273854,20261001_104711_f22aa185,19000479888,parfjumerija/parfjumirovannyj-uhod,LUVSCENT,FLOWER MARKET,Гель-скраб для душа,1570.0,1570.0,0.0,1,4.8,https://goldapple.ru/19000479888-flower-market/,https://goldapple.ru/parfjumerija/parfjumirovannyj-uhod?p=9,"Увлажняющий гель-скраб с натуральными маслами и ароматом от французского парфюмера. Окунитесь в яркий свежий аромат цветочного магазина – корзины с цветами, букеты, охапки весенних тюльпанов, роскошные пионы, льдистый аромат фрезий, ирисы и лилии, свежая зелень и лучи весеннего солнца. Гель-скраб бережно очищает кожу, обеспечивая мягкий отшелушивающий эффект. Натуральные масла в составе интенсивно увлажняют и питают, оставляя кожу гладкой и обновленной. Аромат создан французским парфюмером для создания ощущения свежести и гармонии.","1. Нанесите необходимое количество геля на губку. 2. Вспеньте. 3. Вымойте тело, применяя лёгкий массаж. 4. Тщательно смойте водой.",Республика корея,9
168,2026-10-01T11:17:08.537306,20261001_104711_f22aa185,19000208556,parfjumerija/parfjumirovannyj-uhod,Zielinski & Rozen,"Apple, Lotus",Крем для рук,1690.0,1690.0,0.0,1,4.8,https://goldapple.ru/19000208556-apple-lotus/,https://goldapple.ru/parfjumerija/parfjumirovannyj-uhod?p=9,Питает и смягчает кожу. Быстро впитывается и имеет легкую текстуру.,Выдавите небольшое количество крема на чистые руки и распределите равномерно. При необходимости повторите.,Израиль,9
169,2026-10-01T11:17:18.695265,20261001_104711_f22aa185,19000499370,parfjumerija/parfjumirovannyj-uhod,Huxley,SUNSET FOG,Парфюмированное масло для тела,3090.0,3090.0,0.0,1,0.0,https://goldapple.ru/19000499370-huxley-sunset-fog/,https://goldapple.ru/parfjumerija/parfjumirovannyj-uhod?p=9,"Парфюмированное масло Huxley интенсивно увлажняет кожу тела и помогает сделать её более гладкой. Средство, содержащее масла миндаля и опунции, кокоса и баобаба, питает кожу, улучшает её текстуру и оказывает антиоксидантное действие. Благодаря легкой текстуре продукт гладко распределяется по коже и быстро впитывается, оставляя комфортный, нелипкий финиш. Нежное масло окутывает кожу изысканным ароматом с освежающими цитрусовыми нотами и мягким звучанием мускуса.",Используйте после душа или ванны. Распределите массирующими движениями по влажной коже тела.,Республика корея,9
170,2026-10-01T11:17:30.928740,20261001_104711_f22aa185,19000135076,parfjumerija/parfjumirovannyj-uhod,Tesori d’Oriente,Lotus Flower,Парфюмированный увлажняющий крем для тела,886.0,886.0,0.0,1,4.8,https://goldapple.ru/19000135076-lotus-flower/,https://goldapple.ru/parfjumerija/parfjumirovannyj-uhod?p=9,"Tesori d'Oriente крем для тела ""Цветок лотоса"". Мягкий крем с гладкой и кремовой текстурой. Идеально подходит для ежедневной защиты кожи от внешних факторов и для сохранения увлажненности кожи в течение длительного времени для приятного ощущения мягкости.Подходит для ежедневного использования.","нанести крем на чистую, сухую кожу, массажными движениями распределить по телу до полного его впитывания.",Италия,9
171,2026-10-01T11:17:42.034868,20261001_104711_f22aa185,19000420967,parfjumerija/parfjumirovannyj-uhod,CLOZ,Tobacco vanilla,Гель-крем для душа,841.0,841.0,0.0,1,4.9,https://goldapple.ru/19000420967-tobacco-vanilla/,https://goldapple.ru/parfjumerija/parfjumirovannyj-uhod?p=9,"Откройте для себя атмосферу чувственного наслаждения с натуральным парфюмированным гелем для душа CLOZ. Погрузитесь в чувственный аромат, который останется с Вами на протяжении всего дня, даря ощущение свежести и комфорта. Изысканный дуэт табака и мягкой ванили создает теплую, чувственную симфонию, превращая ежедневный душ в настоящий ритуал красоты и удовольствия. Уникальная формула с натуральными компонентами обеспечивает интенсивное питание и длительное увлажнение, деликатно очищают кожу, не оставляя чувство сухости и стянутости. Нежная кремовая текстура обеспечивает обильную пену и дарит коже мягкость и шелковистость после каждого применения. Подарите себе моменты истинного удовольствия с CLOZ – где натуральность встречается с роскошью!","Нанесите небольшое количество геля на влажную кожу, вспеньте, скажите себе слова любви и благодарности, затем смойте водой.",Россия,9
172,2026-10-01T11:17:54.605802,20261001_104711_f22aa185,19000154035,parfjumerija/parfjumirovannyj-uhod,Tesori d’Oriente,Thalasso therapy,Парфюмированный гель для душа,827.0,827.0,0.0,1,4.7,https://goldapple.ru/19000154035-thalasso-therapy/,https://goldapple.ru/parfjumerija/parfjumirovannyj-uhod?p=9,"Tesori d’Oriente Гель для душа талассотерапия с экстрактами морских водорослей 500 мл приглашает Вас окунуться в мир эстетики и великолепия. Уникальная разработка итальянских парфюмеров создает гель для душа с ярким ароматом, обладающим хорошей стойкостью до 3 часов и уходовыми свойствами лосьона для тела. Гель для душа обеспечит бережное увлажнение и питание для вашей кожи, сделает тело гладким и шелковистым. Аромат отправит вас в аутентичное путешествие умиротворения. Драгоценная смесь морских водорослей обладает антиоксидантными, успокаивающими и увлажняющими свойствами. Вода островов Фиджи добывается в самом сердце Тихого океана, - это одна из самых чистых минеральных вод в мире. Благодаря высокому содержанию кальция, магния и диоксида кремния она придает коже необходимое увлажнение и свежесть. Тезори Д'ориенте переводится как "" Сокровище Востока"". Натуральные масла в составе геля для душа, производство в Италии, формулы без парабенов, силиконов, синтетических красителей – это всё является атрибутом высокого ценового сегмента. Благодаря такому составу, гели для душа не только очищают кожу, но и эффективно ухаживают за ней. Ароматические композиции разработаны ведущими мировыми парфюмерными компаниями и подойдут для подарка самым близким людям, потому что привлекательная и удобная упаковка имеет премиальный вид. Верхние ноты: Лимон, Бергамот. Ноты сердца: Соль, Морские Водоросли. База: Белый Мускус, Кедр.","Нанесите небольшое количество геля на влажную кожу, нежно помассируйте до образования пены, затем тщательно смойте водой.",Италия,9
173,2026-10-01T11:18:03.424675,20261001_104711_f22aa185,90150600002,parfjumerija/parfjumirovannyj-uhod,Zielinski & Rozen,"Vetiver, Lemon",Нет категории,1690.0,1690.0,0.0,1,4.8,https://goldapple.ru/90150600002-vetiver-lemon-bergamot/,https://goldapple.ru/parfjumerija/parfjumirovannyj-uhod?p=9,"Универсальные кремы для рук подходят для использования в любое время года и в любом климате. Благодаря легкой текстуре средство быстро впитывается, а обогащенная натуральными маслами формула надолго оставляет кожу мягкой и нежной. Тюбик удобного travel-формата поместится даже в очень маленькой сумке или кармане. Ароматы продукции Zielinski&Rozen изменили свое наименование без изменения состава.",Выдавите небольшое количество крема на руки и равномерно распределите на коже.,Израиль,9
174,2026-10-01T11:18:14.514889,20261001_104711_f22aa185,19000277459,parfjumerija/parfjumirovannyj-uhod,Only Bio,Art&Natural Масло ириса и бурбонской ванили,Нет категории,284.0,284.0,0.0,1,4.7,https://goldapple.ru/19000277459-iris-and-bourbon-vanilla/,https://goldapple.ru/parfjumerija/parfjumirovannyj-uhod?p=9,"Арома-крем для рук с драгоценным маслом ириса и бурбонской ванилью деликатно ухаживает за кожей рук. Питательная и насыщенная формула крема дарит коже гладкость, упругость и терпкий изысканный аромат, погружая в глубину красочной живописи Ван Гога.",Небольшое количество крема нанесите на руки и распределите его. Наслаждайтесь эффектом и приятным ароматом.,Россия,9
175,2026-10-01T11:18:23.936184,20261001_104711_f22aa185,19000154016,parfjumerija/parfjumirovannyj-uhod,Tesori d’Oriente,Ayurveda,Парфюмированный гель для душа,398.0,398.0,0.0,1,4.7,https://goldapple.ru/19000154016-ayurveda/,https://goldapple.ru/parfjumerija/parfjumirovannyj-uhod?p=9,"Tesori d’Oriente парфюмерный гель для душа «Аюрведа. Масло амлы и пачули» / «OLIO DI AMLA E PATCHOULI», 250 мл приглашает вас окунуться в мир баланса и гармонии. Уникальная разработка итальянских парфюмеров — гель для душа с ярким ароматом, обладающим хорошей стойкостью до 3 часов, и уходовыми свойствами лосьона для тела. Гель для душа обеспечивает бережное увлажнение и питание кожи, делает тело гладким и шелковистым. Вдохновлённый философией Аюрведы, её ингредиентами и ароматами, Tesori d'Oriente создаёт новый ритуал благополучия для возрождения тела и ума, восстанавливая состояние внутренней гармонии. Древесные и янтарные ноты с капелькой сладкого апельсина и лимона дополнены ароматами пачули и кедра. Такой аромат создаёт шарм загадочности и восточной роскоши, а 5 драгоценных масел ухаживают за кожей, делая её нежной, как шёлк. Tesori d'Oriente переводится как «Сокровище Востока». Натуральные масла в составе геля для душа, итальянское производство, формулы без парабенов, силиконов и синтетических красителей — всё это является атрибутом высокого ценового сегмента. Благодаря такому составу гели для душа не только очищают кожу, но и эффективно ухаживают за ней. Ароматические композиции разработаны ведущими мировыми парфюмерными компаниями и подойдут в качестве подарка самым близким людям, поскольку привлекательная и удобная упаковка имеет премиальный вид. Верхние ноты: сладкий апельсин, цитрусы Ноты сердца: ирис, фиалка, иланг-иланг, перец База: амбра, ветивер, перуанский бальзам, кедр.","Нанесите небольшое количество геля на влажную кожу, нежно помассируйте до образования пены, затем тщательно смойте водой.",Италия,9
176,2026-10-01T11:18:33.582762,20261001_104711_f22aa185,19000210130,parfjumerija/parfjumirovannyj-uhod,Zielinski & Rozen,"Pink Pepper, Elemi, Cinnamon, Leather",Гель для душа,2590.0,2590.0,0.0,1,4.7,https://goldapple.ru/19000210130-pink-pepper-elemi-cinnamon-leather/,https://goldapple.ru/parfjumerija/parfjumirovannyj-uhod?p=9,"Эффективно очищает кожу, обогащает её витаминами, нормализует гидробаланс, восстанавливает тонус и жизненные силы. Подходит для ухода за кожей любого типа.","Небольшое количество геля нанести на влажную кожу, вспенить и тщательно смыть водой. Хранить в сухом, защищенном от света и недоступном для детей месте при температуре от +5 °С до +25 °С.",Израиль,9
177,2026-10-01T11:18:45.176927,20261001_104711_f22aa185,19000463180,parfjumerija/parfjumirovannyj-uhod,Feel Moment,"Жасмин, апельсин и ваниль",Парфюмированный скраб для тела,627.0,627.0,0.0,1,5.0,https://goldapple.ru/19000463180-zasmin-apel-sin-i-vanil/,https://goldapple.ru/parfjumerija/parfjumirovannyj-uhod?p=9,"Откройте дверь к совершенству своей кожи с новинкой от Feel Moment — парфюмированным скрабом для тела с маслами ши, кокоса и кожуры мандарина, экстрактом апельсина и витамином C из линии Air. Это средство не только бережно ухаживает за кожей, но и погружает вас в атмосферу расслабляющего спа-ритуала дома. Его насыщенная формула увлажняет кожу тела, рук и ног. Масла ши, кокоса и кожуры мандарина питают и смягчают кожу, а витамин C и экстракт апельсина придают ей сияние и выравнивают тон. Скраб с густой текстурой и частицами соли тает при контакте с водой, обеспечивая интенсивное отшелушивание и стимулируя обновление клеток. Он борется с дряблостью кожи, улучшает её упругость и тонус, а также помогает провести антицеллюлитный массаж. Этот кокосовый скраб также предотвращает врастание волос после эпиляции и депиляции. Чувственный аромат скраба начинается с цитрусовых нот бергамота и лимона, переходящих в свежесть цветов апельсина и жасмина. Затем следуют мягкие древесные аккорды сандала, мускуса и теплой ванили. Этот мягкий скраб с кокосом станет вашим любимым ритуалом красоты. Линия Air дарит ощущение легкости, свободы и внутренней гармонии. Почувствуйте дыхание утреннего сада с каждым средством этой линии. Парфюмированные средства Feel Moment помогают расслабиться и насладиться уходом. Уходовая косметика Feel Moment создана для вашей красоты и заботы о коже. предостережения Содержит витамин С, рекомендуем использовать с осторожностью.",1. Нанесите скраб мягкими массирующими движениями на влажную кожу тела. 2. Смойте водой. 3. Рекомендуется использовать 1-2 раза в неделю.,Россия,9
178,2026-10-01T11:18:56.792199,20261001_104711_f22aa185,19000420964,parfjumerija/parfjumirovannyj-uhod,CLOZ,"Cashmere, vanilla, pink pepper",Гель-крем для душа,841.0,841.0,0.0,1,5.0,https://goldapple.ru/19000420964-cashmere-vanilla-pink-pepper/,https://goldapple.ru/parfjumerija/parfjumirovannyj-uhod?p=9,"Откройте для себя атмосферу чувственного наслаждения с натуральным парфюмированным гелем для душа CLOZ. Погрузитесь в чувственный аромат, который останется с Вами на протяжении всего дня, даря ощущение свежести и комфорта. Благородная симфония раскрывается теплыми нотами ванили, пикантными акцентами розового перца и нежными оттенками кашемира, создавая вокруг Вас ауру утонченности и элегантности. Уникальная формула с натуральными компонентами обеспечивает интенсивное питание и длительное увлажнение, деликатно очищают кожу, не оставляя чувство сухости и стянутости. Нежная кремовая текстура обеспечивает обильную пену и дарит коже мягкость и шелковистость после каждого применения. Подарите себе моменты истинного удовольствия с CLOZ – где натуральность встречается с роскошью!","Нанесите небольшое количество геля на влажную кожу, вспеньте, скажите себе слова любви и благодарности, затем смойте водой.",Россия,9
179,2026-10-01T11:19:06.414689,20261001_104711_f22aa185,19000304195,parfjumerija/parfjumirovannyj-uhod,HELDI,Black pepper and amber,Парфюмированный крем-баттер для тела,699.0,699.0,0.0,1,4.7,https://goldapple.ru/19000304195-heldi-krem-dla-tela-parfumirovannyj-cernyj-perec-i-ambra/,https://goldapple.ru/parfjumerija/parfjumirovannyj-uhod?p=9,"Парфюмированный крем-баттер HELDI — крем для тела для интенсивного ухода для сухой кожи и аромат, который остаётся после нанесения. Этот увлажняющий крем для тела обладает насыщенной кремовой текстурой, питает и увлажняет, устраняет сухость и стянутость, делает кожу мягкой и гладкой. Баттер быстро впитывается, не оставляет липкости и жирной плёнки. Особый уход для сухих зон. Подходит для ежедневного ухода за телом и особенно для сухих участков: локтей, коленей, голеней, стоп и рук. Идеален в осенне-зимний период, когда кожа особенно страдает от холода, ветра и сухого воздуха, а также после душа, солнца и моря. Аромат. Тёплая парфюмированная композиция с пряным характером: — чёрный перец — пикантный пряный старт — нероли — свежий цитрусово-цветочный акцент — амбра — тёплый чувственный шлейф Аромат раскрывается на коже и превращает ежедневный уход в парфюмированный ритуал. Формула для питания и увлажнения. — масла ши и какао питают и смягчают — кокосовое и миндальное масла защищают от сухости — мочевина увлажняет и удерживает влагу — церамид поддерживает защитный барьер кожи — витамин Е обеспечивает антиоксидантный уход Результат. Мягкая, гладкая и напитанная кожа без сухости и стянутости — с тёплым пряным ароматом, который остаётся на коже.",Нанесите необходимое количество крем-баттера на чистую кожу тела легкими массажными движениями.,Россия,9
180,2026-10-01T11:19:15.553726,20261001_104711_f22aa185,99000125540,parfjumerija/parfjumirovannyj-uhod,PULJERS,Pure Angel,Парфюмированный минеральный дезодорант-спрей для тела,600.0,600.0,0.0,1,4.7,https://goldapple.ru/99000125540-pure-angel/,https://goldapple.ru/parfjumerija/parfjumirovannyj-uhod?p=9,"Познакомьтесь с революцией в мире ухода за телом — минеральным дезодорантом-спреем, созданным для тех, кто ценит натуральность, эффективность и безупречный комфорт. В его основе — мощный дуэт природных компонентов: алюмокалиевые квасцы и цинк. Эта формула не маскирует запах, а предотвращает его появление на физиологическом уровне, даря ощущение свежести на 24 часа. Алюмокалиевые квасцы, известные своими уникальными свойствами, образуют на коже невидимый защитный барьер. Они обладают мощным антибактериальным эффектом, устраняя саму причину неприятного запаха — размножение бактерий. При этом не закупоривают поры и не нарушают естественные процессы терморегуляции организма. Цинк усиливает и дополняет действие алюмокалиевых квасцов. Он бережно ухаживает за кожей, оказывая противовоспалительное и подсушивающее действие, что особенно важно для чувствительной кожи и после депиляции. Верхние ноты: коньяк Средние ноты: корица, дуб, бобы тонка Базовые ноты: пралине, ваниль, сандал, кедр",Нанесите средство на чистую и сухую кожу подмышечных впадин.,Россия,9
181,2026-10-01T11:19:41.617073,20261001_104711_f22aa185,19000130589,parfjumerija/parfjumirovannyj-uhod,Flame moscow,Jackie,Соль для ванны,370.0,370.0,0.0,1,4.9,https://goldapple.ru/19000130589-jackie/,https://goldapple.ru/parfjumerija/parfjumirovannyj-uhod?p=10,"Ноты амбры, цветов табака, сладкой мадагаскарской ванили, кориандра и бобов тонка создают слегка карамельный, немного пряный, но при этом достаточно темный и глубокий аромат. Верхние ноты: Кориандр, цветы табака, лимон Средние ноты: Специи, Мадагаскарская ваниль Базовые ноты: Бобы Тонка, амбра Морская соль Северного и Средиземного морей пропитана ароматическими маслами. Смесь способствует аро матерапии, а также общему расслаблению и восстановлению, поддержанию тонуса и уменьшению напряжения в мышцах.","Наполните не менее половины ванной, рас- творите содержимое в горячей воде и дайте настояться 5 минут, затем разбавьте воду до комфортной температуры при необходимости. Пакетика хватает на 1-2 применения. Будьте осторожны! После использования поверхность ванны может быть чуть более скользкой, чем обычно.",Россия,10
182,2026-10-01T11:19:50.379231,20261001_104711_f22aa185,19000398345,parfjumerija/parfjumirovannyj-uhod,Zielinski & Rozen,Dark Fig,Твердое мыло,667.0,667.0,0.0,1,4.9,https://goldapple.ru/19000398345-dark-fig/,https://goldapple.ru/parfjumerija/parfjumirovannyj-uhod?p=10,"Бережно и эффективно очищает кожу, сохраняя ее мягкость. Подходит для ежедневного использования для рук и тела.","Вспеньте мыло ладонями, затем тщательно смойте теплой водой.",Россия,10
183,2026-10-01T11:19:59.244846,20261001_104711_f22aa185,19000261021,parfjumerija/parfjumirovannyj-uhod,Givenchy,IRRESISTIBLE,Нет категории,6000.0,6000.0,0.0,1,4.7,https://goldapple.ru/19000261021-irresistible/,https://goldapple.ru/parfjumerija/parfjumirovannyj-uhod?p=10,"Парфюмированный дезодорант-спрей Irresistible от Givenchy обволакивает кожу легким цветочным ароматом и дарит ей комфорт и ощущение свежести. Композиция Irresistible Givenchy представляет собой дуэт роскошной розы и аккорда светлого дерева. Восхитительная роза сверкает, раскрываясь фруктовыми сочными гранями груши, амбретты и пудровой ноты ириса. Это великолепное цветочно-фруктовое сочетание, дополняется аккордами кедра, янтарного дерева и едва уловимой нотой Мускуса. Упаковка продукта на 100% состоит из переработанного алюминия, что соответствует принципам ответственного потребления. В банную линию Irresistible от Givenchy также входят гель для душа, дымка для волос, мыло и молочко для тела.","Нанести на тело, избегая попадания в глаза",Франция,10
184,2026-10-01T11:20:07.552884,20261001_104711_f22aa185,19000154024,parfjumerija/parfjumirovannyj-uhod,Tesori d’Oriente,Japanese rituals,Нет категории,865.0,865.0,0.0,1,4.8,https://goldapple.ru/19000154024-japanise-rituals/,https://goldapple.ru/parfjumerija/parfjumirovannyj-uhod?p=10,"Tesori d’Oriente Ароматический гель для душа япония «Масло камелии и пион» / «OLIO DI TSUBAKI Е PEONIA» приглашает Вас окунуться в мир эстетики и великолепия. Уникальная разработка итальянских парфюмеров создает гель для душа с ярким ароматом, обладающим хорошей стойкостью до 3 часов и уходовыми свойствами лосьона для тела. Гель для душа обеспечит бережное увлажнение и питание для вашей кожи, сделает тело гладким и шелковистым, потому что в его составе есть масло камелии, которое содержит жирные кислоты, витамины А, В, Е, отвечающие за регенерацию. Япония – это искусство оздоровления души и тела. Цель японских ритуалов – избавление от повседневного стресса. Чувственный аромат открывается насыщенными и взрывными цитрусовыми нотами, заряжая позитивом и энергией. Нежно сливаясь с кожей, становятся слышны аккорды сладкой оливы, розы и жасмина. А шлейф из кедра и пачули никого не оставит равнодушным. Тезори Д'ориенте переводится как "" Сокровище Востока"". Натуральные масла в составе геля для душа, итальянское производство, формулы без парабенов, силиконов, синтетических красителей – это всё является атрибутом высокого ценового сегмента. Благодаря такому составу, гели для душа не только очищают кожу, но и эффективно ухаживают за ней. Ароматические композиции разработаны ведущими мировыми парфюмерными компаниями и подойдут для подарка самым близким людям, потому что привлекательная и удобная упаковка имеет премиальный вид. ВЕРХНИЕ НОТЫ: Цитрусовые ноты, грейпфрут, бергамот НОТЫ СЕРДЦА: Фрезия, Жасмин, Ландыш, Роза, Сладкая Олива БАЗА: Пачули, Кедр, Мускус","Нанесите небольшое количество геля на влажную кожу, нежно помассируйте до образования пены, затем тщательно смойте водой.",Италия,10
185,2026-10-01T11:20:15.372188,20261001_104711_f22aa185,83320700015,parfjumerija/parfjumirovannyj-uhod,Jo Malone London,Wood Sage & Sea Salt,Гель для душа,5250.0,5250.0,0.0,1,4.8,https://goldapple.ru/83320700015-wood-sage-sea-salt/,https://goldapple.ru/parfjumerija/parfjumirovannyj-uhod?p=10,"Побег из повседневности к продуваемому ветрам побережью. Волны разбиваются в белую пену, соленые морские брызги наполняют воздух свежестью. Полный жизни с минеральным запахом скалистых утесов. Тающий в древесной теплоте шалфея. Живой, одухотворенный и абсолютно радостный. Обладающий роскошной пеной и заряжающим ароматом, гель для душа освежает и смягчает кожу, оставляя на ней тонкий аромат.",Нанесите небольшое количество геля массирующими движениями на влажную кожу и тщательно смойте водой.,Великобритания,10
186,2026-10-01T11:20:25.407849,20261001_104711_f22aa185,19000368995,parfjumerija/parfjumirovannyj-uhod,Clinique,HAPPY FOR HIM,Набор,12665.0,12665.0,0.0,1,5.0,https://goldapple.ru/19000368995-happy-for-him/,https://goldapple.ru/parfjumerija/parfjumirovannyj-uhod?p=10,Набор средств для мужчин. Одеколон для мужчин Happy For Men Cologne Spray 100 мл. Скраб для лица Clinique For Men Face Scrub 100 мл используйте 2-3 раза в неделю или по мере необходимости. Особенно рекомендуется перед бритьем. Happy For Men Hair & Body Wash 50 мл гель для душа с ароматом Clinique Happy для тела и волос.,Одеколон для мужчин Happy For Men Cologne Spray. Скраб для лица Clinique For Men Face Scrub используйте 2-3 раза в неделю или по мере необходимости. Особенно рекомендуется перед бритьем. Happy For Men Hair & Body Wash гель для душа с ароматом Clinique Happy для тела и волос.,Польша,10
187,2026-10-01T11:20:34.114722,20261001_104711_f22aa185,19000487828,parfjumerija/parfjumirovannyj-uhod,Sol de Janeiro,CHEIROSA 76,Парфюмированный мист для тела и волос,3250.0,3250.0,0.0,1,4.6,https://goldapple.ru/19000487828-sol-de-janeiro-cheirosa-76/,https://goldapple.ru/parfjumerija/parfjumirovannyj-uhod?p=10,"Мерцающий свет дискотеки. Воодушевляющая энергия толпы. Погружение в ритм. Парфюмированный мист SOL DE JANEIRO заряжает ослепительной энергией бразильских дискотек 70-х. Яркая и пьянящая цветочно-амбровая композиция CHEIROSA 76 будто переносит в Рио 1976 года, когда зажигательные танцы продолжались до рассвета. В гипнотическом аромате переплетаются ноты свежей черной смородины, жасмина и насыщенной фрезии, которые кружатся в чувственном танце с амброво-древесным аккордом. Парфюмированный мист окутывает волосы и тело чарующими нотами, погружающими в ритм ночного Рио-де-Жанейро.",Распылите на тело и волосы с небольшого расстояния. Избегайте попадания в глаза.,Сша,10
188,2026-10-01T11:20:42.433505,20261001_104711_f22aa185,19000492969,parfjumerija/parfjumirovannyj-uhod,ECOLATIER,"Amber, musk, vanilla",Парфюмированное масло для душа,237.0,237.0,0.0,1,4.7,https://goldapple.ru/19000492969-ecolatier-amber-musk-vanilla/,https://goldapple.ru/parfjumerija/parfjumirovannyj-uhod?p=10,"Масло для душа деликатно очищает кожу, не нарушая её естественный липидный барьер. Формула с высоким содержанием масел делает кожу после душа мягкой, увлажнённой и шелковистой. Идеальное средство для ухода за сухой и чувствительной кожей. Аромат раскрывается тёплыми, обволакивающими оттенками амбры и мягкой сладостью ванили, с пудровым гелиотропом, пряным анисом и тонким мускусным аккордом, создавая ощущение уюта, комфорта и утончённой нежности. Активные ингредиенты: — масло арганы питает, смягчает и повышает эластичность кожи; — церамиды восстанавливают защитный барьер кожи и препятствуют потере влаги; — масла оливы и фисташки питают кожу липидами и повышают её упругость; — постбиотики поддерживают баланс микробиома и укрепляют естественные защитные механизмы кожи.","Нанесите масло на влажную кожу или мочалку, вспеньте, затем смойте теплой водой. Подходит для ежедневного использования.",Россия,10
189,2026-10-01T11:20:52.162516,20261001_104711_f22aa185,19000463152,parfjumerija/parfjumirovannyj-uhod,Feel Moment,"Миндаль, ваниль и бобы тонка",Увлажняющее масло для тела,627.0,627.0,0.0,1,4.8,https://goldapple.ru/19000463152-mindal-vanil-i-boby-tonka/,https://goldapple.ru/parfjumerija/parfjumirovannyj-uhod?p=10,"Масло для тела Feel Moment из новой линейки Earth увлажняет кожу и дарит ей чарующий аромат, который переносит в мир наслаждения и покоя. Средство создано для глубокого увлажнения, питания и восстановления кожи, обеспечивая ей интенсивный уход. Массажное масло с насыщенной формулой включает натуральные компоненты, которые заботятся о сухой коже. — Миндальное масло смягчает и питает эпидермис, успокаивая его. — Масло жожоба глубоко питает и восстанавливает кожу. — Экстракт зеленого кофе и витамин А повышают тонус кожи, делая ее упругой и эластичной. Несмываемое масло с нежной текстурой легко распределяется, окутывая кожу невесомой вуалью. Его стойкий аромат раскрывается сливочной мягкостью миндального молочка, нежной магнолией, теплой ванилью, благородным сандалом и пряными бобами тонка. Этот чувственный шлейф создает спа-эффект прямо у вас дома. Масло рекомендуется наносить на живот и ягодицы для профилактики растяжек, отеков и целлюлита. После душа и ванны его можно использовать на руках и ногах для глубокого увлажнения, питания и восстановления. Масло также подходит для расслабляющего массажа и укрепления кожи. Регулярное применение обеспечивает антицеллюлитный, подтягивающий, восстанавливающий и питательный эффект. Удобный флакон с дозатором позволяет экономично расходовать средство. Линия Earth окутывает нежными и теплыми ароматами спокойствия и уюта. Почувствуйте тепло и уют с продуктами Earth. Парфюмированные масла Feel Moment создают атмосферу для расслабления и наслаждения. Уходовая косметика Feel Moment создана для безупречной красоты и заботы о коже. предостережения Содержит производное ретинола, рекомендуем использовать с осторожностью.",1. Нанесите масло на сухую кожу тела массирующими движениями. 2. Не смывайте.,Россия,10
190,2026-10-01T11:20:59.538851,20261001_104711_f22aa185,19000041992,parfjumerija/parfjumirovannyj-uhod,PRESS GURWITZ PERFUMERIE,"№3 Tobacco, Cinnamon, Vanilla",увлажняющий Лосьон для тела,1264.0,1264.0,0.0,1,4.8,https://goldapple.ru/19000041992-no3/,https://goldapple.ru/parfjumerija/parfjumirovannyj-uhod?p=10,"Увлажняющий лосьон для тела и рук Press Gurwitz Perfumerie быстро впитывается, глубоко увлажняет и восстанавливает гидролипидную пленку кожи. Дымчатый, уютный и пряный аромат. в котором ярко сочетаются ноты мадагаскарской ванили, табака, жгучей корицы. Гипоаллергенный лосьон содержит питательное масло ши, витамин Е и пантенол, благодаря которым кожа быстро восстанавливается и удерживает влагу, становится мягкой и ухоженной. Входящие в состав пребиотики защищают кожу от негативного воздействия окружающей среды.  В коллекции используются селекционные авторские ароматы, которые остаются с вами надолго. Все ароматы унисекс.",Нанести небольшое количество молочка на чистое тело и руки,Россия,10
191,2026-10-01T11:21:09.253920,20261001_104711_f22aa185,19000012394,parfjumerija/parfjumirovannyj-uhod,La Sultane de Saba,Amber Vanilla Patchouli,Крем для душа,4589.0,4589.0,0.0,1,4.7,https://goldapple.ru/19000012394-ayurvedic/,https://goldapple.ru/parfjumerija/parfjumirovannyj-uhod?p=10,"Крем для душа La Sultane de Saba дарит коже мягкость, увлажнение, способствует гармонизации тела и души. Экстракты алоэ вера, мёда и лотоса смягчают, тонизируют и повышают упругость кожи, а полупрозрачная текстура крема при контакте с водой превращается в нежное молочко, эффективно очищая и увлажняя. Пленительный восточный аромат с древесно-пряными нотами амбры, ванили и пачули превращает ежедневный уход в чувственный ритуал расслабления и наслаждения. La Sultane de Saba — это ремесленный французский бренд, в основе которого уникальные парфюмерные композиции, редкие натуральные ингредиенты и роскошные текстуры. Обращаем внимание, что текстура и оформление упаковки продукта могут незначительно отличаться от представленного изображения на сайте.",1. Нанесите крем для душа на влажные ладони. 2. Вспеньте до создания густой пены. 3. Нанесите на тело. 4. Смойте теплой водой.,Франция,10
192,2026-10-01T11:21:17.371736,20261001_104711_f22aa185,19000467323,parfjumerija/parfjumirovannyj-uhod,Zielinski & Rozen,"Black Pepper, Vetiver, Neroli, Amber",Парфюмированный лосьон для рук и тела,1100.0,1100.0,0.0,1,4.7,https://goldapple.ru/19000467323-black-pepper-vetiver-neroli-amber/,https://goldapple.ru/parfjumerija/parfjumirovannyj-uhod?p=10,"Имеет легкую текстуру, увлажняет и питает кожу. Подходит для всех типов кожи.",Нанесите на сухую или влажную кожу легкими массирующими движениями до полного впитывания.,Израиль,10
193,2026-10-01T11:21:27.025924,20261001_104711_f22aa185,19000172136,parfjumerija/parfjumirovannyj-uhod,Tesori d’Oriente,White Musk,Нет категории,352.0,352.0,0.0,1,4.7,https://goldapple.ru/19000172136-white-musk/,https://goldapple.ru/parfjumerija/parfjumirovannyj-uhod?p=10,"Уникальная разработка итальянских парфюмеров создает твердое мыло с ярким ароматом. Ароматы созданы на основе натуральных масел, с натуральными компонентами. Продукция вдохновлена древней идеей превратить ежедневный уход за домом в красивый ритуал, с помощью которого можно гармонизировать тело и душу. Парфюмерия данного бренда содержит традиционные восточные компоненты, использующиеся в течение многих веков при изготовлении косметики.","Нанесите необходимое количество мыла на влажную кожу. Массируйте до появления пены, затем смойте теплой водой.",Италия,10
194,2026-10-01T11:21:35.863182,20261001_104711_f22aa185,19760324881,parfjumerija/parfjumirovannyj-uhod,Zielinski & Rozen,"Tobacco, Cedarwood, Pepper",Нет категории,1690.0,1690.0,0.0,1,4.8,https://goldapple.ru/19760324881-fiction/,https://goldapple.ru/parfjumerija/parfjumirovannyj-uhod?p=10,"Универсальные кремы для рук подходят для использования в любое время года и в любом климате. Благодаря легкой текстуре средство быстро впитывается, а обогащенная натуральными маслами формула надолго оставляет кожу мягкой и нежной. Тюбик удобного travel-формата поместится даже в очень маленькой сумке или кармане. Ароматы продукции Zielinski&Rozen изменили свое наименование без изменения состава.",Выдавите небольшое количество крема на руки и равномерно распределите на коже.,Израиль,10
195,2026-10-01T11:21:43.072918,20261001_104711_f22aa185,7195500003,parfjumerija/parfjumirovannyj-uhod,DIOR,Sauvage,Парфюмированный Лосьон после бритья,8900.0,8900.0,0.0,1,5.0,https://goldapple.ru/7195500003-sauvage/,https://goldapple.ru/parfjumerija/parfjumirovannyj-uhod?p=10,"Бодрящий лосьон с легким ароматом во флаконе без распылителя очищает и защищает кожу после бритья, даря ощущения свежести.",Не указано,Франция,10
196,2026-10-01T11:21:52.373281,20261001_104711_f22aa185,19000422957,parfjumerija/parfjumirovannyj-uhod,Tesori d’Oriente,BYZANTIUM,Парфюмированный крем для рук,301.0,301.0,0.0,1,4.5,https://goldapple.ru/19000422957-byantium/,https://goldapple.ru/parfjumerija/parfjumirovannyj-uhod?p=10,"Итальянский парфюмированный крем для рук от Tesori d’Oriente приглашает Вас окунуться в расслабляющий SPA, тёплые нишевые ноты лабданума и розы, слегка винтажный шлейф корицы и мимозы. Итальянские мастера парфюмеры создали универсальный уход для рук и тела - яркий, сладкий, томный, невероятно стойкий, оттенённый пудровыми нотами в шлейфе. Благодаря проверенному дерматологами составу, итальянская уходовая косметика Tesori увлажняет и питает кожу.","1. Нанесите небольшое количество крема на чистые и сухие руки. 2. Массируйте крем в кожу рук до полного впитывания. 3. Повторяйте процедуру несколько раз в течение дня, особенно после контакта с водой или в условиях сухого воздуха. 4. Помните, что кремы для рук могут использоваться ежедневно для увлажнения и смягчения кожи рук.",Италия,10
197,2026-10-01T11:22:00.134551,20261001_104711_f22aa185,19760307718,parfjumerija/parfjumirovannyj-uhod,Maison Francis Kurkdjian,OUD satin mood,Парфюмированное масло для тела,11700.0,11700.0,0.0,1,5.0,https://goldapple.ru/19760307718-oud-satin-mood-scented/,https://goldapple.ru/parfjumerija/parfjumirovannyj-uhod?p=10,"Парфюмированное масло для тела OUD satin mood деликатно покрывает кожу нежным ароматом, а его легкая текстура оставляет ее смягченной и более сияющей. Быстро впитывается, создавая мгновенное ощущение комфорта. Кожа увлажнена и напитана. OUD satin mood отражает желание парфюмера привнести в жизнь мерцающую грань. Окутайте себя древесно-амбровой вуалью, чтобы приостановить время и почувствовать себя здесь и сейчас. Утонченные фиалковые аккорды, ноты удового дерева, эссенция розы и абсолю розы сливаются с богатым ванильно-амбровым шлейфом. Парфюмированное масло OUD satin mood , заключенное в иконический стеклянный флакон Дома, обогащено маслами сладкого миндаля, макадамии, абрикосовых косточек и аргановым маслом. Чтобы насладиться моментом ухода за собой и продлить звучание вашего аромата OUD satin mood , попробуйте также парфюмированную дымку для волос OUD satin mood .",Нанести на кожу и распределить по всему телу легкими массирующими движениями.,Франция,10
198,2026-10-01T11:22:08.440442,20261001_104711_f22aa185,19000463142,parfjumerija/parfjumirovannyj-uhod,Feel Moment,"Миндаль, ваниль и бобы тонка",Парфюмированный крем-баттер для тела,691.0,691.0,0.0,1,4.9,https://goldapple.ru/19000463142-mindal-vanil-i-boby-tonka/,https://goldapple.ru/parfjumerija/parfjumirovannyj-uhod?p=10,"Крем-баттер для тела Feel Moment от Earth — это увлажняющий эликсир, который заботится о вашей коже при каждом нанесении. Он идеально подходит для сухой и очень сухой кожи благодаря содержанию ценных масел миндаля, жожоба и макадамии. Эта уходовая формула с натуральными маслами и витамином А глубоко увлажняет, питает и восстанавливает кожу тела, рук и ног. Миндальное, жожоба и масло макадамии интенсивно смягчают, питают и успокаивают эпидермис, придавая ему нежность и увлажнение. Витамин А поддерживает упругость и эластичность кожи. Крем с насыщенной сливочной текстурой мягко тает на коже, даря ей мягкость и увлажнение. Баттер обладает воздушным обволакивающим ароматом, где сливочная мягкость миндального молочка, нежная магнолия и теплая ваниль гармонично сочетаются с благородным сандалом и пряными бобами тонка. Этот крем идеально подходит для восстановления и питания сухой кожи на пятках и локтях. Наносите его на чистую сухую кожу после бани, ванны или душа, массируя до полного впитывания. Линия Earth дарит ощущение спокойствия и уюта, окутывая нежным и теплым ароматом. Почувствуйте тепло и комфорт с уходовыми средствами для тела Earth. Парфюмированные средства Feel Moment создают атмосферу для расслабления и наслаждения. Бьюти-косметика Feel Moment — это забота о женской красоте и коже. предостережения Содержит производное ретинола, рекомендуем использовать с осторожностью.",1. Нанесите на чистую сухую кожу. 2. Легко массируйте до полного впитывания. 3. Используйте по мере необходимости.,Россия,10
199,2026-10-01T11:22:15.585350,20261001_104711_f22aa185,19000033771,parfjumerija/parfjumirovannyj-uhod,DIOR,Sauvage After Shave Balm,Бальзам после бритья,7700.0,7700.0,0.0,1,4.9,https://goldapple.ru/19000033771-sauvage-after-shave-balm/,https://goldapple.ru/parfjumerija/parfjumirovannyj-uhod?p=10,"Бальзам После Бритья Sauvage на 94% состоит из ингредиентов натурального происхождения. Этот бальзам с экстрактом Кактуса обладает нелипкой, нежирной текстурой, которая дарит ощущение свежести и комфорта, защищая от раздражения после бритья. Бальзам после бритья Sauvage быстро впитывается и придаёт коже матовость, оставляя на ней свежий и древесный аромат композиции Sauvage. Бальзам после бритья Sauvage — это основное средство парфюмерного ритуала ухода для мужчин Sauvage. Обращаем ваше внимание, произошла смена упаковки товара.",Не указано,Франция,10
200,2026-10-01T11:22:23.424959,20261001_104711_f22aa185,19000277456,parfjumerija/parfjumirovannyj-uhod,Only Bio,Art&Natural Ароматные цветы Живерни,Крем для тела,385.0,385.0,0.0,1,4.8,https://goldapple.ru/19000277456-refreshing-fragrant-flowers-of-giverny/,https://goldapple.ru/parfjumerija/parfjumirovannyj-uhod?p=10,"Освежающий арома-крем со звонким летним ароматом раскрывается на коже, как симфония природы: переливами ландыша, нежностью жасмина и нотами бергамота. Он бережно ухаживает за кожей, увлажняет, придает упругость, а его аромат переносит Вас в волшебный мир благоухающих лугов Живерни.",Небольшое количество крема нанесите на тело и распределите его. Наслаждайтесь эффектом и приятным ароматом.,Россия,10
201,2026-10-01T11:22:47.687607,20261001_104711_f22aa185,19000185845,parfjumerija/parfjumirovannyj-uhod,Tesori d’Oriente,AYURVEDA,Парфюмированный гель для душа,702.0,702.0,0.0,1,4.7,https://goldapple.ru/19000185845-ayurveda/,https://goldapple.ru/parfjumerija/parfjumirovannyj-uhod?p=11,"Tesori d’Oriente парфюмерный гель для душа масло амлы и пачули / OLIO DI AMLA E PATCHOULI 500мл приглашает Вас окунуться в мир баланса и гармонии. Уникальная разработка итальянских парфюмеров создает гель для душа с ярким ароматом, обладающим хорошей стойкостью до 3 часов и уходовыми свойствами лосьона для тела. Гель для душа обеспечит бережное увлажнение и питание для вашей кожи, сделает тело гладким и шелковистым. Вдохновленный философией Аюрведы, ингредиентами и ароматами, Tesori d'Oriente создает новый ритуал благополучия для возрождения тела и ума, восстанавливая состояние внутренней гармонии. Древесные и янтарные ноты, с капелькой сладкого апельсина и лимона, дополнены ароматом пачули и кедра. Такой аромат создает шарм загадочности и восточной роскоши, а 5 драгоценных масел ухаживают за кожей, делая ее нежной как шелк.","Нанесите небольшое количество геля на влажную кожу, нежно помассируйте до образования пены, затем Тщательно смойте водой.",Италия,11
202,2026-10-01T11:22:56.392473,20261001_104711_f22aa185,19000395786,parfjumerija/parfjumirovannyj-uhod,Camay,DÉSIR Пион и ягоды,Парфюмированный гель для душа,362.0,362.0,0.0,1,4.8,https://goldapple.ru/19000395786-desir-pion-i-agody/,https://goldapple.ru/parfjumerija/parfjumirovannyj-uhod?p=11,"Гель для душа женский парфюмированный Camay Désir с ароматом пиона и красных ягод — идеальный выбор для женщин и девушек, которые ценят истинное наслаждение и бережный уход. Это косметическое средство личной гигиены предназначено для обладательниц любого типа кожи. Уходовая формула геля помогает сохранить естественное увлажнение кожи и предотвратить возникновение чувства сухости и стянутости после использования. Купаж цветочных масел и эфирные масла лаванды, иланг-иланга и душицы создают неповторимую симфонию ароматов, даря коже роскошный уход. Благодаря насыщенной гелеобразной текстуре средство легко превращается в нежную пену и полностью смывается водой, позволяя коже дышать. Верхние ноты аромата представлены пионом, османтусом и фрезией, которые плавно переходят в сердце композиции — сочные красные ягоды, вишню и клубнику. Завершающие акценты обволакивающего кашемира и белого кедра создают шлейф аромата, который сохраняется на коже до 8 часов согласно тесту оценки интенсивности на основе ольфакторного анализа экспертами лаборатории изготовителя.",1. Нанесите на влажную кожу или ладонь. 2. Вспеньте. 3. Распределите по всему телу. 4. Смойте водой.,Россия,11
203,2026-10-01T11:23:04.771735,20261001_104711_f22aa185,19000437812,parfjumerija/parfjumirovannyj-uhod,The Act,VIRGIN,Нет категории,830.0,830.0,0.0,1,4.7,https://goldapple.ru/19000437812-virgin/,https://goldapple.ru/parfjumerija/parfjumirovannyj-uhod?p=11,"Погрузитесь в атмосферу японского сада, не выходя из ванной комнаты. Гель для душа Virgin мягко очищает кожу, образуя плотную, деликатную пену — такую, какую хочется держать на теле чуть дольше. Она обволакивает, не пересушивая, и смягчает. Продукт продолжает коллаборацию The Act Mriya Resort & Spa. Virgin — праздник первозданной красоты тела и разума, ода пробуждению внутренней чувственности, навеянная нежным очарованием цветущей сакуры в японском саду. Гель для душа оставляет на коже парфюмированный шлейф. Аромат-фантазия, созданный незрячими парфюмерами, пробуждает чувственность и уносит в атмосферу спокойствия и созерцания. Вишнёвая косточка, растворённая в миндальном молоке, с акцентами чёрной смородины и лёгкой горечью розового грейпфрута уносят в тайны цветущего японского сада.","Нанесите на влажную кожу тела, вспеньте и тщательно смойте теплой водой.",Россия,11
204,2026-10-01T11:23:13.480614,20261001_104711_f22aa185,19000422958,parfjumerija/parfjumirovannyj-uhod,Tesori d’Oriente,HAMMAM,Нет категории,293.0,293.0,0.0,1,4.6,https://goldapple.ru/19000422958-hammam/,https://goldapple.ru/parfjumerija/parfjumirovannyj-uhod?p=11,"Итальянский парфюмированный крем для рук от Tesori d’Oriente приглашает Вас окунуться в расслабляющий SPA, тёплые нишевые ноты цветов апельсина, слегка винтажный шлейф жасмина и ванили. Итальянские мастера парфюмеры создали универсальный уход для рук и тела - яркий, сладкий, томный, невероятно стойкий, оттенённый пудровыми нотами в шлейфе. Благодаря проверенному дерматологами составу, итальянская уходовая косметика Tesori увлажняет и питает кожу.","1. Нанесите небольшое количество крема на чистые и сухие руки. 2. Массируйте крем в кожу рук до полного впитывания. 3. Повторяйте процедуру несколько раз в течение дня, особенно после контакта с водой или в условиях сухого воздуха. 4. Помните, что кремы для рук могут использоваться ежедневно для увлажнения и смягчения кожи рук.",Италия,11
205,2026-10-01T11:23:23.071756,20261001_104711_f22aa185,19000197220,parfjumerija/parfjumirovannyj-uhod,HELDI,mango,Парфюмированный крем-баттер для тела,699.0,699.0,0.0,1,4.8,https://goldapple.ru/19000197220-mango/,https://goldapple.ru/parfjumerija/parfjumirovannyj-uhod?p=11,"Парфюмированный крем-баттер HELDI — крем для тела для интенсивного ухода для сухой кожи и аромат, который остаётся после нанесения. Этот увлажняющий крем для тела обладает насыщенной кремовой текстурой, питает и увлажняет, устраняет сухость и стянутость, делает кожу мягкой и гладкой. Баттер быстро впитывается, не оставляет липкости и жирной плёнки. Особый уход для сухих зон. Подходит для ежедневного ухода за телом и особенно для сухих участков: локтей, коленей, голеней, стоп и рук. Идеален в осенне-зимний период, когда кожа особенно страдает от холода, ветра и сухого воздуха, а также после душа, солнца и моря. Аромат. Сочная тропическая композиция с ярким фруктовым характером: — манго, ежевика и чёрный перец — сочный фруктовый старт с пикантным акцентом — ирис, лотос и жасмин — нежное цветочное сердце — ваниль, пачули и розовый сахар — тёплый сладковатый шлейф Аромат раскрывается на коже и превращает ежедневный уход в парфюмированный ритуал. Формула для питания и увлажнения. — масла ши и какао питают и смягчают — кокосовое и миндальное масла защищают от сухости — мочевина увлажняет и удерживает влагу — церамид поддерживает защитный барьер кожи — витамин Е обеспечивает антиоксидантный уход Результат. Мягкая, гладкая и напитанная кожа без сухости и стянутости — с сочным ароматом манго и тёплым сладковатым шлейфом, который остаётся на коже.",Нанесите необходимое количество крем-баттера на чистую кожу тела легкими массажными движениями.,Россия,11
206,2026-10-01T11:23:30.122248,20261001_104711_f22aa185,19000468884,parfjumerija/parfjumirovannyj-uhod,Tashe professional,Sunbeam glow,Сияющий мист для тела,576.0,576.0,0.0,1,4.8,https://goldapple.ru/19000468884-sunbeam-glow/,https://goldapple.ru/parfjumerija/parfjumirovannyj-uhod?p=11,"Tashe professional Sunbeam Glow body mist сияющий мист 2в1: блеск и увлажнение Сияющий мист Sunbeam Glow body mist — выполняет сразу 2 функции: уход за кожей, её глубокое увлажнение и поддержание гидробаланса. Дарит невероятное нежное сияние и глубокий чарующий аромат спелой вишни, которые создают особое настроение на весь день. Комплекс из увлажняющих компонентов увлажняет кожу, защищая её от обезвоженности, сухости, стянутости и раздражений. Усиливает её защитные функции и оказывает лифтинг-эффект, возвращая коже упругость и эластичность. Мист можно использовать как многофункциональный уход: для тела, лица и волос. Он смягчает кожу, придаёт волосам лёгкий блеск и ароматную вуаль, освежая образ в любое время дня. Активные компоненты формулы: Комплекс из 8 аминокислот — поддерживает гидробаланс и pH кожи, укрепляет защитный барьер, повышает эластичность и упругость, снижает сухость и раздражение. Д-пантенол (5%) — интенсивно увлажняет, смягчает и успокаивает кожу, способствует восстановлению и улучшает комфорт. Бетаин — удерживает влагу, смягчает кожу и делает её более гладкой и эластичной. Для кого подходит: Подходит для всех типов кожи и волос. Для кого не подходит: Может не подойти людям, чувствительным к выраженным ароматам и парфюмированным средствам — аромат довольно стойкий и насыщенный. Также не рекомендуется тем, кто предпочитает полностью нейтральные средства или формулы без отдушек. Аромат: Раскрывается насыщенной вишнёвой композицией: в верхних нотах звучат спелая вишня и ликёрные акценты, в сердце — вишнёвый сироп, жасмин и турецкая роза, а в шлейфе остаются тёплые ноты сандала, ветивера, бобов тонка и ванили, создавая глубокий гурманский восточный характер.",Встряхните флакон и распылите средство на чистую сухую кожу тела с расстояния 15-20 см. Подходит для нанесения на волосы для придания сияния.,Беларусь,11
207,2026-10-01T11:23:40.113799,20261001_104711_f22aa185,19000311739,parfjumerija/parfjumirovannyj-uhod,Touch&Relax,"Черный перец, нероли и амбра",Парфюмированный гель для душа,558.0,558.0,0.0,1,4.7,https://goldapple.ru/19000311739-cernyj-perec-neroli-i-ambra/,https://goldapple.ru/parfjumerija/parfjumirovannyj-uhod?p=11,"Парфюмированный гель для душа Черный перец, нероли и амбра. Эксклюзивная формула с ароматом селективного парфюма. Гель для душа с непревзойденным ароматом черного перца, нероли и амбры превратит банальную процедуру в истинное наслаждение! Его нежная воздушная пена бережно очищает, не нарушая pH кожи, и предотвращает ее сухость. Насыщенная формула геля содержит все необходимые ингредиенты для молодости, красоты и сияния кожи. После душа Ваша кожа гладкая и нежная, с загадочным стойким шлейфом эксклюзивного парфюма. -Гиалуроновая кислота глубоко увлажняет и разглаживает кожу. -Аминокислотный комплекс обновляет, восстанавливает и улучшает тургор кожи, стимулирует выработку коллагена и эластина. -Комплекс натуральных масел глубоко питает, дарит гладкость и эластичность. -Д-пантенол и витамин Е защищают липидный барьер, смягчают и омолаживают кожу.","Небольшое количество геля нанесите на влажную кожу или спонж, помассируйте до образования пены, смойте водой.",Россия,11
208,2026-10-01T11:23:47.696311,20261001_104711_f22aa185,19000463154,parfjumerija/parfjumirovannyj-uhod,Feel Moment,"Розмарин, лимон и нероли",Парфюмированное молочко для тела,691.0,691.0,0.0,1,5.0,https://goldapple.ru/19000463154-rozmarin-limon-i-neroli/,https://goldapple.ru/parfjumerija/parfjumirovannyj-uhod?p=11,"Увлажняющее молочко для тела Feel Moment из новой линейки Water создано специально для сухой и чувствительной кожи. Оно станет незаменимым помощником в ежедневном уходе, обеспечивая коже необходимое увлажнение и питание. Этот продукт идеально подходит для тех, кто ценит комфорт и деликатный уход после душа или ванны. Молочко содержит аквасберегающую формулу с ценными маслами миндаля и кокоса, а также увлажняющие и успокаивающие компоненты, такие как пантенол и алоэ вера. Пантенол проникает в глубокие слои кожи, создавая длительный увлажняющий эффект, повышая её эластичность и упругость. Он также помогает уменьшить сухость и шелушение, предотвращая раздражение и покраснение. Парфюмированное молочко с невесомой текстурой быстро впитывается, интенсивно увлажняя кожу. Его аромат раскрывается постепенно: свежесть цитрусов переходит в нежность нероли и ландыша, завершаясь чистым аккордом мускуса и кедра. Этот аромат напоминает прикосновение прохладной воды, оставляя ощущение свежести и бодрости. Молочко идеально подходит для интенсивного питания и увлажнения после пребывания на солнце или в солярии. Оно также помогает избежать пересушивания кожи после купания в море или бассейне, обеспечивая ей необходимый уход. Удобный флакон с дозатором позволяет экономично использовать продукт. Линейка Water дарит ощущение свежести и легкости, создавая атмосферу для полного расслабления. Средства Feel Moment предназначены для тех, кто стремится к безупречной красоте и заботе о своей коже.",1. Нанесите молочко на чистую кожу тела. 2. Распределите легкими массирующими движениями.,Россия,11
209,2026-10-01T11:23:56.509811,20261001_104711_f22aa185,19000035804,parfjumerija/parfjumirovannyj-uhod,Zielinski & Rozen,"Apple, Lotus",Твердое мыло,890.0,890.0,0.0,1,4.7,https://goldapple.ru/19000035804-abloko-lotos/,https://goldapple.ru/parfjumerija/parfjumirovannyj-uhod?p=11,"Бережно и эффективно очищает кожу, сохраняя ее мягкость. Подходит для ежедневного использования для рук и тела.","Способ применения: Вспеньте мыло ладонями, затем тщательно смойте теплой водой.",Россия,11
210,2026-10-01T11:24:04.176448,20261001_104711_f22aa185,19000492964,parfjumerija/parfjumirovannyj-uhod,ECOLATIER,"Osmantus, peach, jasmine",Парфюмированный гель для душа,233.0,233.0,0.0,1,4.8,https://goldapple.ru/19000492964-ecolatier-osmantus-peach-jasmine/,https://goldapple.ru/parfjumerija/parfjumirovannyj-uhod?p=11,"Гель для душа мягко очищает кожу, не нарушая её естественный баланс. Увлажняет, смягчает и тонизирует, не вызывая ощущения сухости и стянутости. После использования кожа становится гладкой, ухоженной и увлажнённой. Аромат раскрывается цветочной нежностью османтуса, переплетается с бархатистыми оттенками абрикоса и персика и завершается мягким кремовым шлейфом жасмина и кедра. Активные ингредиенты: — трегалоза — увлажняет и защищает кожу от потери влаги; — таурин — тонизирует и укрепляет кожу; — экстракты персика и жасмина — освежают, смягчают и придают коже здоровое сияние; — масло хлопка — питает, смягчает и повышает упругость кожи; — постбиотики — поддерживают баланс микробиома и укрепляют естественный защитный барьер кожи.","Нанесите гель на влажную кожу или мочалку, вспеньте, затем смойте теплой водой.",Россия,11
211,2026-10-01T11:24:11.671089,20261001_104711_f22aa185,19000472780,parfjumerija/parfjumirovannyj-uhod,4FRESH beauty,White Jasmine & Amber,Парфюмированный крем для рук и тела,685.0,685.0,0.0,1,4.8,https://goldapple.ru/19000472780-white-jasmine-amber/,https://goldapple.ru/parfjumerija/parfjumirovannyj-uhod?p=11,"Парфюмированный крем для рук и тела 4FRESH — прикосновение роскоши каждый день. Нежная бархатистая текстура обеспечивает мгновенную впитываемость и превосходное увлажнение. Без липкости и масляной плёнки. Роскошный аромат с нотами белого жасмина, амбры, ванили и флердоранжа окутает чарующей вуалью, оставит лёгкий чувственный шлейф, который хочется ощущать снова и снова. Поможет освободить разум от тревог и окунуться в состояние гармонии и спокойствия за счёт запатентованных аромамолекул Scentease ТМ. Формула с двойной концентрацией активов интенсивно питает и смягчает, делая даже самую сухую кожу нежной и гладкой как шёлк. В составе нет силиконов — только натуральные работающие компоненты с доказанной эффективностью: • Гиалуроновая кислота и мочевина увлажняют на молекулярном уровне, улучшают текстуру кожи и препятствуют трансэпидермальной потере влаги. • Пантенол и сок алоэ вера успокаивают, снимают покраснение и раздражение, активизируют процесс клеточной регенерации. • Масло ши и сквалан насыщает кожу ценными липидами и восстанавливает её естественный защитный барьер. • Экстракт ламинарии стимулирует синтез коллагена и эластина, делая кожу более молодой и подтянутой. • Пребиотики поддерживают здоровый микробиом, усиливают кожный иммунитет. Нейтральный физиологичный рН 5,0–5,5. Подходит для чувствительной кожи. 99 % натуральных компонентов. Не тестируется на животных.",Нанести массирующими движениями на чистую сухую кожу.,Россия,11
212,2026-10-01T11:24:18.726777,20261001_104711_f22aa185,19000322297,parfjumerija/parfjumirovannyj-uhod,Zielinski & Rozen,"Apple, Lotus",Гель для душа,2590.0,2590.0,0.0,1,4.8,https://goldapple.ru/19000322297-apple-lotus/,https://goldapple.ru/parfjumerija/parfjumirovannyj-uhod?p=11,"Эффективно очищает кожу, обогащает её витаминами, нормализует гидробаланс, восстанавливает тонус и жизненные силы. Подходит для ухода за кожей любого типа.","Небольшое количество геля нанести на влажную кожу, вспенить и тщательно смыть водой. Хранить в сухом, защищенном от света и недоступном для детей месте при температуре от +5 °С до +25 °С.",Израиль,11
213,2026-10-01T11:24:26.482622,20261001_104711_f22aa185,19000466061,parfjumerija/parfjumirovannyj-uhod,JOVELLE,black pepper&amber,Нет категории,540.0,540.0,0.0,1,4.9,https://goldapple.ru/19000466061-black-pepper-amber/,https://goldapple.ru/parfjumerija/parfjumirovannyj-uhod?p=11,"Премиальная коллекция парфюмированных гелей для душа Jovelle создана для тех, кто ценит роскошь в повседневном уходе. Деликатные текстуры и утончённые парфюмерные композиции — идеальный выбор для утреннего пробуждения или вечернего расслабления. Jovelle — когда уход становится наслаждением. Пробуждающий чёрный перец в верхних нотах переходит в насыщенную амбру в сердце композиции. Завершает аромат нежная горчинка цветущего нероли — тонкий, стойкий акцент, который звучит на коже уверенно и чисто. Формула с пантенолом, аллантоином и глицерином увлажняет, смягчает и поддерживает естественный pH-баланс кожи. Мягкие ПАВы деликатно очищают, не пересушивая, а кондиционирующие добавки дарят ощущение гладкости и комфорта после душа.","1. Нанесите небольшое количество геля на влажную кожу или мочалку. 2. Позвольте аромату раскрыться. 3. Вспеньте гель, наслаждаясь каждым моментом. 4. Смойте остатки геля водой.",Россия,11
214,2026-10-01T11:24:34.980276,20261001_104711_f22aa185,19000172137,parfjumerija/parfjumirovannyj-uhod,Tesori d’Oriente,Chinese Orchid,Нет категории,308.0,308.0,0.0,1,4.7,https://goldapple.ru/19000172137-chinese-orchid/,https://goldapple.ru/parfjumerija/parfjumirovannyj-uhod?p=11,"Уникальная разработка итальянских парфюмеров создает твердое мыло с ярким ароматом, обладающим хорошей стойкостью до 10 часов. Ароматы, произведенные в Италии, созданы на основе натуральных масел, с натуральными компонентами. Продукция вдохновлена древней идеей превратить ежедневный уход за телом в красивый ритуал, с помощью которого можно гармонизировать тело и душу. Парфюмерия данного бренда содержит традиционные восточные компоненты, использующиеся в течение многих веков при изготовлении косметики.","Нанесите необходимое количество мыла на влажную кожу. Массируйте до появления пены, затем смойте теплой водой.",Италия,11
215,2026-10-01T11:24:42.714239,20261001_104711_f22aa185,19000513234,parfjumerija/parfjumirovannyj-uhod,MIXIT,Дикая вишня,Парфюмированное мыло для рук,334.0,334.0,0.0,1,4.9,https://goldapple.ru/19000513234-mixit-dikaa-visna/,https://goldapple.ru/parfjumerija/parfjumirovannyj-uhod?p=11,"Парфюмированное жидкое мыло с ароматом дикой вишни превращает ежедневный ритуал очищения в удовольствие. Композиция окутывает нотами дикой вишни в окружении благородной горчинки миндаля и свежести жасмина. Древесные аккорды переплетаются с садовой розой и ванилью, придавая аромату особую чувственность. Нежная текстура бережно очищает кожу рук, а природные экстракты увлажняют и делают ее бархатистой. Экстракт хлопка способствует сохранению естественного защитного барьера кожи, дарит ощущение спокойствия и увлажненности. Экстракт вишни обеспечивает антиоксидантный уход, помогая поддерживать тонус и упругость кожи. Витамин В5 эффективно смягчает кожу и способствует повышению ее эластичности. Витамин Е помогает защитить кожу от негативного воздействия факторов окружающей среды. Сорбитол помогает удерживать влагу в верхних слоях кожи, способствуя снижению ощущения сухости и обеспечивая комфорт.",Нанести небольшое количество жидкого мыла на влажные руки и вспенить средство. Смыть пену теплой проточной водой.,Россия,11
216,2026-10-01T11:24:50.342488,20261001_104711_f22aa185,19000180340,parfjumerija/parfjumirovannyj-uhod,Zielinski & Rozen,"Grapefruit, Basil, Petitgrain",Крем для рук,1690.0,1690.0,0.0,1,4.7,https://goldapple.ru/19000180340-grapefruit-basil-petitgrain/,https://goldapple.ru/parfjumerija/parfjumirovannyj-uhod?p=11,"Универсальные кремы для рук подходят для использования в любое время года и в любом климате. Благодаря легкой текстуре средство быстро впитывается, а обогащенная натуральными маслами формула надолго оставляет кожу мягкой и нежной. Тюбик удобного travel-формата поместится даже в очень маленькой сумке или кармане.",Выдавите небольшое количество крема на руки и равномерно распределите на коже.,Израиль,11
217,2026-10-01T11:24:59.401229,20261001_104711_f22aa185,19000360049,parfjumerija/parfjumirovannyj-uhod,La Fabrique,Tobacco and bergamot,Парфюмированное мыло для рук,355.0,355.0,0.0,1,4.8,https://goldapple.ru/19000360049-tobacco-and-bergamot/,https://goldapple.ru/parfjumerija/parfjumirovannyj-uhod?p=11,"Парфюмированное мыло для рук обладает стойким фужерно-цветочным ароматом с теплыми кожаными полутонами, где бергамот придает легкость и свежесть дымным нотам. Продукт создаёт баланс между очищающими и уходовыми качествами, делая процесс ежедневного использования приятным и комфортным. Формула обогащена экстрактами алоэ вера, ромашки, зелёного чая и виноградной косточки для поддержания оптимального уровня увлажнения, смягчения и восстановления кожи рук и тела. Благодаря наличию д-пантенола мыло способствует питанию и снятию чувства стянутости, поддерживает гладкость и эластичность кожи, снижая риск появления шелушений. Текстура мыла деликатная, что подходит для частого применения, а упаковка дополнительно подчеркивает эстетичность и утонченность продукта.","Нанесите немного средства на влажные ладони, вспеньте и тщательно смойте водой.",Россия,11
218,2026-10-01T11:25:08.917056,20261001_104711_f22aa185,19000487843,parfjumerija/parfjumirovannyj-uhod,Sol de Janeiro,CHEIROSA 87,Парфюмированный мист для тела и волос,3250.0,3250.0,0.0,1,4.7,https://goldapple.ru/19000487843-sol-de-janeiro-cheirosa-87/,https://goldapple.ru/parfjumerija/parfjumirovannyj-uhod?p=11,"Свежесть морского бриза в разгар солнечного дня. Тепло нагретого песка. Мягкий загар на коже. Солнечный и яркий аромат CHEIROSA 87 напоминает об атмосфере бразильского пляжа Копакабана в 1987 году. То особенное лето в Рио-де-Жанейро заметно повлияло на музыку, искусство и стиль вечеринок. Пляжный и ностальгический аромат SOL DE JANEIRO – словно теплые лучи солнца на коже. Он переносит в беззаботную, летнюю атмосферу благодаря нотам кокосового молока, солнечной туберозы и нежной, сливочной ванили. Парфюмированный мист окутывает волосы и тело восхитительным ароматом, приглашая наслаждаться солнечным и расслабленным настроением.",Распылите на тело и волосы с небольшого расстояния. Избегайте попадания в глаза.,Сша,11
219,2026-10-01T11:25:17.833654,20261001_104711_f22aa185,19000306202,parfjumerija/parfjumirovannyj-uhod,banka_home,Чёрное море,Жидкое мыло,891.0,891.0,0.0,1,4.8,https://goldapple.ru/19000306202-cernoe-more/,https://goldapple.ru/parfjumerija/parfjumirovannyj-uhod?p=11,"Жидкое мыло ""Черное море"". Сладкие, но в то же время, соленые океанические аккорды сочетаются с нотами янтаря и ванили. Черное море было известно древним цивилизациям как ""конец известного мира"". Есть легенды, что его воды скрывают потерянную Атлантиду. Его тайны и интриги вдохновили на создание этого соблазнительного аромата. Верхние ноты: Озон, морская соль, цитрусовые. Ноты сердца: Кардамон, слива. Базовые ноты: Темный мускус, амбра.","Применение: нанести необходимое количество на руки, либо загрязненное место, вспенить, добавляя воду, обработать загрязнённый участок, затем тщательно промыть водой.",Россия,11
220,2026-10-01T11:25:25.495413,20261001_104711_f22aa185,19000084123,parfjumerija/parfjumirovannyj-uhod,Zielinski & Rozen,"peach, passion fruit, musk",Жидкое мыло,2390.0,2390.0,0.0,1,4.8,https://goldapple.ru/19000084123-peach-passion-fruit-musk/,https://goldapple.ru/parfjumerija/parfjumirovannyj-uhod?p=11,"Эффективно очищает от всех видов загрязнений и подходит для ежедневного использования: средство содержит увлажняющие и смягчающие натуральные масла. Приятный бонус — ароматный шлейф, остающийся на коже несколько часов.","Нажмите на дозатор, вспеньте мыло в руках и затем смойте водой.",Израиль,11
221,2026-10-01T11:25:47.646006,20261001_104711_f22aa185,19000259599,parfjumerija/parfjumirovannyj-uhod,Zielinski & Rozen,"Neroli, Patchouli, Honey, Amber",Твердое мыло,890.0,890.0,0.0,1,4.8,https://goldapple.ru/19000259599-neroli-patchouli-honey-amber/,https://goldapple.ru/parfjumerija/parfjumirovannyj-uhod?p=12,"Мягко и эффективно очищает кожу от жира и других видов загрязнений. Подходит для ежедневного умывания, мытья рук и тела.",Вспенить мыло в руках. Тщательно смыть теплой водой. Хранить в сухом месте при комнатной температуре.,Россия,12
222,2026-10-01T11:25:57.053009,20261001_104711_f22aa185,19000232567,parfjumerija/parfjumirovannyj-uhod,Only Bio,Масло таитянского манго,Парфюмированный гель для душа,539.0,539.0,0.0,1,4.7,https://goldapple.ru/19000232567-gladkost-kozi-maslo-taitanskogo-mango/,https://goldapple.ru/parfjumerija/parfjumirovannyj-uhod?p=12,"Гель для душа с манящим тропическим ароматом раскрывается нотами спелого таитянского манго, нежных цветков мандарина и фруктовой ванили. Бархатный и нежный, гель идеально очищает кожу, придавая ей атласную гладкость. Верхние ноты: цветки мандарина, фруктовая ваниль, персик; Ноты сердца: таитянское манго, личи, апельсиновый цвет; Базовые ноты: ванильная орхидея, белый мускус, иланг- иланг.","Небольшое количество геля нанесите на влажную кожу, вспеньте и смойте водой.",Россия,12
223,2026-10-01T11:26:06.113226,20261001_104711_f22aa185,19760300583,parfjumerija/parfjumirovannyj-uhod,DIOR,Homme Deodorant-Stick,Нет категории,5000.0,5000.0,0.0,1,4.8,https://goldapple.ru/19760300583-homme-deodorant-stick/,https://goldapple.ru/parfjumerija/parfjumirovannyj-uhod?p=12,"Дезодорант-стик с бодрящим ароматом Dior Homme мягко воздействует на кожу, обеспечивая ей свежесть и комфорт. Средства для ванны и душа из линии Dior Homme имеют легкий древесный аромат новой туалетной воды. Они дарят коже приятное ощущение полного комфорта, оставляя чувственный шлейф Dior Homme.",Не указано,Франция,12
224,2026-10-01T11:26:14.173148,20261001_104711_f22aa185,99000104269,parfjumerija/parfjumirovannyj-uhod,HELDI,L'Imperatrice,Нет категории,645.0,645.0,0.0,1,4.8,https://goldapple.ru/99000104269-l-imperatrice/,https://goldapple.ru/parfjumerija/parfjumirovannyj-uhod?p=12,"Парфюмированный крем для рук и тела HELDI с ароматом «Императрица» сочетает уход за кожей и свежую фруктово-цветочную композицию с сочным, женственным характером. Увлажняющий крем поддерживает мягкость и комфорт кожи в течение дня. Лёгкая кремовая текстура быстро впитывается, не оставляя липкости и жирной плёнки, а аромат постепенно раскрывается на коже мягким чувственным шлейфом. Увлажнение и комфорт каждый день. Крем восполняет необходимое увлажнение, устраняет чувство стянутости и поддерживает комфорт кожи в течение дня. Подходит для рук и всего тела, в том числе участков, особенно склонных к сухости: локтей, коленей, голеней и стоп. Формат с дозатором удобно использовать дома или держать на рабочем столе. Аромат. Свежая фруктово-цветочная композиция с сочным характером: — киви и ревень — свежий фруктовый старт с лёгкой кислинкой — арбуз и жасмин — сочное, воздушное сердце — мускус и сандал — мягкий, чувственный шлейф Аромат раскрывается на коже и превращает ежедневный уход в парфюмированный ритуал. Формула для питания и увлажнения. — масла ши, оливы и авокадо питают и смягчают кожу — витамин Е обеспечивает антиоксидантный уход — пантенол и бетаин поддерживают увлажнённость и ощущение комфорта — мочевина и глицерин притягивают и удерживают влагу Результат. Мягкая, гладкая и увлажнённая кожа без ощущения сухости и стянутости — с фруктово-цветочным ароматом, который остаётся после нанесения. HELDI — когда уход звучит как любимый аромат.","Нанесите необходимое количество крема на чистую сухую кожу рук или тела и распределите массажными движениями до полного впитывания. После душа нанесите средство на всё тело, уделяя особое внимание участкам, склонным к сухости и шелушению: локтям, коленям, голеням и стопам. Для рук используйте после контакта с водой или в течение дня, когда коже требуется дополнительное увлажнение. Подходит для ежедневного применения.",Россия,12
225,2026-10-01T11:26:23.733827,20261001_104711_f22aa185,19000144152,parfjumerija/parfjumirovannyj-uhod,Givenchy,Gentleman Society DEODORANT SPRAY,Дезодорант-спрей,4880.0,4880.0,0.0,1,4.9,https://goldapple.ru/19000144152-gentleman-society-deodorant-spray/,https://goldapple.ru/parfjumerija/parfjumirovannyj-uhod?p=12,"Дезодорант-спрей Gentleman Society от Givenchy обеспечивает бодрящее ощущение свежести и дарит коже комфорт. Ноты ветивера и шалфея в сочетании с цветами дикого нарцисса усиливают шлейф древесно-цветочного аромата Gentleman Society. Флакон на 100% состоит из переработанного алюминия, что соответствует принципам ответственного потребления. В линию Gentleman от Givenchy также входит парфюмерная вода и гель для душа.","Нанести на тело, избегая попадания в глаза",Франция,12
226,2026-10-01T11:26:31.617564,20261001_104711_f22aa185,19000026906,parfjumerija/parfjumirovannyj-uhod,BARBARO,Morion,Парфюмированное масло для бороды,1310.0,1310.0,0.0,1,4.9,https://goldapple.ru/19000026906-morion/,https://goldapple.ru/parfjumerija/parfjumirovannyj-uhod?p=12,"Парфюмированное масло для бороды Barbaro Morion имеет богатый, роскошный, мужской аромат. Притягивающий оттенками сладкого мандарина, черного перца и кардамона, переходящий в сочетание кожи, гвоздики, ветивера и оставляющий шлейф нотами сандала и мускуса. Масло оптимально подходит для питания и увлажнения бороды, способствует росту и восстановлению волос. Благодаря натуральным маслам и экстракту зеленого кофе в составе, делает бороду мягкой и послушной, а при систематическом применении более густой и красивой.","Нанесите  масло на ладони, разогрейте в руках и массажными движениями нанесите на всю бороду, затем расчешите волосы.",Россия,12
227,2026-10-01T11:26:39.911243,20261001_104711_f22aa185,19000232750,parfjumerija/parfjumirovannyj-uhod,Only Bio,Art&Natural Цветущие маки и вербена,Натуральный Арома-крем для рук,343.0,343.0,0.0,1,4.7,https://goldapple.ru/19000232750-uvlaznausij-cvetusie-maki-i-verbena/,https://goldapple.ru/parfjumerija/parfjumirovannyj-uhod?p=12,Теплый фактурный крем для рук с ароматом Маков и вербена,небольшое количество крема нанесите на кожу рук,Россия,12
228,2026-10-01T11:26:49.847758,20261001_104711_f22aa185,90151100008,parfjumerija/parfjumirovannyj-uhod,Zielinski & Rozen,Orange & Jasmine,Мыло твердое,890.0,890.0,0.0,1,4.8,https://goldapple.ru/90151100008-orange-jasmine-vanilla/,https://goldapple.ru/parfjumerija/parfjumirovannyj-uhod?p=12,"Твердое мыло никогда не выйдет из моды, ведь тактильные ощущения — самое приятное, что можно испытывать. А положив кусочек мыла в гардероб одежда будет всегда пропитана любимым ароматом. Мыло имеет уникальную базу, создающую ощущение крема. От него не остаются мыльные следы на раковине или мыльнице. В составе только натуральные ингредиенты. Твердое мыло мягко и эффективно очищает кожу от жира и других видов загрязнений. Гигиеническое мыло Zielinski&Rozen подходит для ежедневного умывания лица, мытья рук и тела.",Вспенить мыло в руках. Тщательно смыть теплой водой,Россия,12
229,2026-10-01T11:26:57.875840,20261001_104711_f22aa185,19000398339,parfjumerija/parfjumirovannyj-uhod,Zielinski & Rozen,"Black Pepper, Vetiver, Neroli, Amber",Дезодорант–антиперспирант шариковый для тела,2690.0,2690.0,0.0,1,4.6,https://goldapple.ru/19000398339-black-pepper-vetiver-neroli-amber/,https://goldapple.ru/parfjumerija/parfjumirovannyj-uhod?p=12,"Обеспечивает свежесть и защиту от пота на 24 часа, без ощущения липкости и следов на одежде, подходит для всех типов кожи.","Для ежедневного применения. Наносите на чистую, сухую и неповрежденную кожу.",Италия,12
230,2026-10-01T11:27:06.380544,20261001_104711_f22aa185,19000347895,parfjumerija/parfjumirovannyj-uhod,Lab Fragrance,Ambroxan,Лосьон для тела,1275.0,1275.0,0.0,1,4.8,https://goldapple.ru/19000347895-ambroxan/,https://goldapple.ru/parfjumerija/parfjumirovannyj-uhod?p=12,"Насыщенный активными компонентами лосьон для тела возвращает нежность и мягкость даже очень сухой коже. Питает и разглаживает, придавая ей шелковистость. Масло ши обеспечивает интенсивное питание, выравнивает тон, возвращает сияние, смягчает, повышает эластичность. Масло кокоса увлажняет, тонизирует, устраняет сухость и шелушения. Быстро впитывается, оставляя на коже изысканный шлейф аромата Ambroxan.",Нанести лосьон на чистую кожу тела массирующими движениями до полного впитывания.,Россия,12
231,2026-10-01T11:27:14.413299,20261001_104711_f22aa185,19000360774,parfjumerija/parfjumirovannyj-uhod,KONDOR,Sandalwood,Лосьон для тела,1007.0,1007.0,0.0,1,4.8,https://goldapple.ru/19000360774-sandalwood/,https://goldapple.ru/parfjumerija/parfjumirovannyj-uhod?p=12,"Лосьон обеспечивает интенсивное увлажнение, устраняет сухость и раздражение, а также глубоко питает кожу. Насыщенный древесно-восточный аромат с нотами удовой древесины, кожи и крепкого кофе помогает избавиться от стресса, погрузив в атмосферу настоящего спа. Эфирное масло сандала в составе увлажняет и успокаивает. Глицерин создает защитный барьер на коже, предотвращающий потерю влаги. Масло жожоба питает и смягчает. Гидроксиэтилмочевина эффективно устраняет сухость и раздражение. Специальный комплекс компонентов увлажняет и ускоряет процессы заживления. Гидролизованный эластин и коллаген укрепляют и восстанавливают структуру кожи. Подходит для ежедневного ухода. Для всех типов кожи.",Необходимое количество лосьона круговыми массажными движениями нанесите на чистую сухую кожу тела. Мягко помассируйте до полного впитывания. Для достижения наилучшего результата используйте средство ежедневно.,Россия,12
232,2026-10-01T11:27:23.872575,20261001_104711_f22aa185,19000210120,parfjumerija/parfjumirovannyj-uhod,Zielinski & Rozen,Oakmoss & Amber,Крем для рук,1690.0,1690.0,0.0,1,4.7,https://goldapple.ru/19000210120-oakmoss-amber/,https://goldapple.ru/parfjumerija/parfjumirovannyj-uhod?p=12,"Крем для рук интенсивно питает и смягчает кожу, легко впитывается, имеет мягкую текстуру.",Выдавить небольшое количество на чистые руки и равномерно распределить. Повторяйте по мере необходимости.,Израиль,12
233,2026-10-01T11:27:32.450659,20261001_104711_f22aa185,19000021495,parfjumerija/parfjumirovannyj-uhod,Zielinski & Rozen,"Tobacco, Vetiver & Amber",Нет категории,2590.0,2590.0,0.0,1,4.7,https://goldapple.ru/19000021495-tobacco-vetiver-amber/,https://goldapple.ru/parfjumerija/parfjumirovannyj-uhod?p=12,"Уход, ароматерапия и признание в любви в одном флаконе. Бодрящий аромат способствует пробуждению, натуральные масла увлажняют кожу и питают, а мягкая пена позволяет по-настоящему насладиться редкими минутами наедине с собой.","Нанесите небольшое количество геля на влажную кожу, вспеньте руками или с помощью мочалки, а затем смойте.",Израиль,12
234,2026-10-01T11:27:41.885362,20261001_104711_f22aa185,19000412896,parfjumerija/parfjumirovannyj-uhod,Yves Rocher,GRANIT BLEU,Нет категории,761.0,761.0,0.0,1,5.0,https://goldapple.ru/19000412896-granit-bleu/,https://goldapple.ru/parfjumerija/parfjumirovannyj-uhod?p=12,"Ощутите силу морских и древесных нот туалетной воды Granit Bleu в одноименном Шампуне-Геле для Душа. Мягкий пенящийся гель с моющей основой растительного происхождения и без сульфатов* нежно очищает ваши волосы и кожу, оставляя приятный аромат. Аромат: Бергамот - ветивер. Текстура: нежная гелевая. Преимущество: очищает волосы и кожу, дарит легкий аромат* Без сульфатных ПАВ. Granit Bleu, или Океанские Скалы. Сортируя отходы, вы каждый раз помогаете дать им вторую жизнь.","Наносите на влажные волосы или кожу тела, помассируйте до появления пены, затем тщательно смойте водой. Избегайте попадания в глаза.",Франция,12
235,2026-10-01T11:27:51.352274,20261001_104711_f22aa185,19000232572,parfjumerija/parfjumirovannyj-uhod,Only Bio,ART&NATURAL Цветущий миндаль,Натуральный Крем-масло для рук,343.0,343.0,0.0,1,4.7,https://goldapple.ru/19000232572-roskosnyj-uhod-cvetusij-mindal/,https://goldapple.ru/parfjumerija/parfjumirovannyj-uhod?p=12,Теплый фактурный крем для рук с ароматом миндаля.,Небольшое количество крема нанесите на кожу рук.,Россия,12
236,2026-10-01T11:27:59.988969,20261001_104711_f22aa185,19000197222,parfjumerija/parfjumirovannyj-uhod,HELDI,gentle vanilla flavor,Парфюмированный крем-баттер для тела,679.0,679.0,0.0,1,4.8,https://goldapple.ru/19000197222-gentle-vanilla-flavor/,https://goldapple.ru/parfjumerija/parfjumirovannyj-uhod?p=12,"Крем-баттер HELDI — крем для тела для интенсивного ухода для сухой кожи и тёплый аромат ванили, который остаётся после нанесения. Этот увлажняющий крем для тела обладает насыщенной кремовой текстурой, питает и увлажняет, устраняет сухость и стянутость, делает кожу мягкой и гладкой. Баттер быстро впитывается, не оставляет липкости и жирной плёнки. Особый уход для сухих зон. Подходит для ежедневного ухода за телом и особенно для сухих участков: локтей, коленей, голеней, стоп и рук. Идеален в осенне-зимний период, когда кожа особенно страдает от холода, ветра и сухого воздуха, а также после душа, солнца и моря. Аромат. Тёплый сладкий аромат с мягким гурманским характером: — ваниль — нежный сладкий старт — ванильный крем — мягкое сливочное сердце — тёплые сладкие оттенки — уютный обволакивающий шлейф Аромат остаётся на коже и превращает ежедневный уход в уютный ритуал. Формула для питания и увлажнения. — масла ши и какао питают и смягчают — кокосовое и миндальное масла защищают от сухости — мочевина увлажняет и удерживает влагу — церамид поддерживает защитный барьер кожи — витамин Е обеспечивает антиоксидантный уход Результат. Мягкая, гладкая и напитанная кожа без сухости и стянутости — с тёплым сладким ароматом ванили, который остаётся на коже.",Нанесите необходимое количество крем-баттера на чистую кожу тела легкими массажными движениями.,Россия,12
237,2026-10-01T11:28:08.210038,20261001_104711_f22aa185,19760324884,parfjumerija/parfjumirovannyj-uhod,Zielinski & Rozen,"Tobacco, Cedarwood, Pepper",Крем для тела,3990.0,3990.0,0.0,1,4.9,https://goldapple.ru/19760324884-fiction/,https://goldapple.ru/parfjumerija/parfjumirovannyj-uhod?p=12,"Имеет легкую текстуру, увлажняет и питает кожу. Подходит для всех типов кожи. Ароматы продукции Zielinski&Rozen изменили свое наименование без изменения состава.",Способ применения: Нанесите на сухую или влажную кожу легкими массирующими движениями до полного впитывания.,Израиль,12
238,2026-10-01T11:28:17.243972,20261001_104711_f22aa185,19000386842,parfjumerija/parfjumirovannyj-uhod,Emi,Perfumed Lotion №1,Парфюмированный лосьон для тела,142.0,142.0,0.0,1,4.8,https://goldapple.ru/19000386842-perfumed-lotion-no1/,https://goldapple.ru/parfjumerija/parfjumirovannyj-uhod?p=12,"Perfumed Lotion – это легкий лосьон, с мягкой текстурой, которая впитывается за считанные секунды, не создавая ощущения липкости, тяжести и пленки на коже.","Нанесите небольшое количество лосьона на тело, втирайте массажными движениями до полного впитывания. Подходит для ежедневного применения.",Россия,12
239,2026-10-01T11:28:26.578956,20261001_104711_f22aa185,19000467305,parfjumerija/parfjumirovannyj-uhod,Zielinski & Rozen,"Amberwood, Vanilla, Davana",Парфюмированный крем для тела,3990.0,3990.0,0.0,1,4.8,https://goldapple.ru/19000467305-amberwood-vanilla-davana/,https://goldapple.ru/parfjumerija/parfjumirovannyj-uhod?p=12,"Имеет легкую текстуру, увлажняет и питает кожу. Подходит для всех типов кожи.",Нанесите на сухую или влажную кожу легкими массирующими движениями до полного впитывания.,Израиль,12
240,2026-10-01T11:28:34.810972,20261001_104711_f22aa185,19000220968,parfjumerija/parfjumirovannyj-uhod,Botavikos,Anti-Age,Сыворотка для лица,363.0,363.0,0.0,1,4.7,https://goldapple.ru/19000220968-anti-age/,https://goldapple.ru/parfjumerija/parfjumirovannyj-uhod?p=12,"ЭКСТРАКТЫ/ EXTRACTS центелла азиатская /клюква centella asiatica /cranberry Омолаживающая сыворотка оказывает мощное антиоксидантное действие и замедляет процесс старения, придавая коже упругость. Пептиды делают кожу более плотной и способствуют сокращению морщин. Гидролизованные протеины пшеницы оказывают эффект лифтинга, поддерживают оптимальный уровень увлажненности кожи и выравнивают ее микрорельеф. Ниацинамид смягчает кожу, укрепляет ее защитный барьер и активизирует микроциркуляцию. Гидролизованные протеины пшеницы оказывают эффект лифтинга, поддерживают оптимальный уровень увлажненности кожи и выравнивают ее микрорельеф. Экстракт центеллы азиатской повышает эластичность кожи, ускоряя выработку коллагена, а также оказывает увлажняющее и регенерирующее действие. Экстракт клюквы эффективно питает, увлажняет и тонизирует кожу. Бодрящий аромат эфирных масел илнг-иланга и грейпфрута покоряет своей чистотой и романтичностью, пробуждая энергию.","Нанесите небольшое количество сыворотки на предварительно очищенную кожу лица, оставьте до полного впитывания. Используйте средство 1-2 раза в день. Рекомендуется применять курсом длительностью 30 дней через каждые 2 месяца.",Россия,12
241,2026-10-01T11:28:55.609513,20261001_104711_f22aa185,99000018041,parfjumerija/parfjumirovannyj-uhod,HELDI,lost cherry & black pepper & amber,Набор парфюмированных кремов для тела,1210.0,1210.0,0.0,1,4.8,https://goldapple.ru/99000018041-lost-cherry-black-pepper-amber/,https://goldapple.ru/parfjumerija/parfjumirovannyj-uhod?p=13,"Набор парфюмированных кремов-баттеров от Heldi — это профессиональный уход за телом в домашних условиях, не прибегая к салонным процедурам. Это набор легендарных бестселлеров. Что внутри? 1. Крем-баттер LOST CHERRY. Твой вечерний ритуал. Формула глубоко восстанавливает, борется с сухостью и «гусиной кожей». Наносишь — и кожа погружается в запретную ароматерапию: от пьянящей вишни до стойкого шлейфа с розой и жасмином. Это инвестиция в упругое тело и интимный вечерний шлейф. 2. Крем-баттер BLACK PEPPER & AMBER. Твоя дневная броня. Мгновенно впитывается, насыщает и укрепляет защитный барьер. Дерзкий аккорд чёрного перца и тёплой амбры создаёт ауру спокойной силы. Идеальная основа под одежду и твой магнитный парфюмерный след на весь день. Почему это выгодно? — Максимум результата: две формулы = круглосуточный уход и непрерывное улучшение кожи. — Два культовых аромата в одном наборе по специальной цене. — Пробуйте оба. Не нужно выбирать — в ваших руках сразу два бестселлера. — Делитесь. Оставьте себе любимый, а второй станет лучшим подарком для той, кто ценит качественный уход и стильные ароматы.",Нанесите необходимое количество крем-баттера на чистую кожу тела легкими массажными движениями.,Россия,13
242,2026-10-01T11:29:04.055833,20261001_104711_f22aa185,19000210128,parfjumerija/parfjumirovannyj-uhod,Zielinski & Rozen,"Pink Pepper, Elemi, Cinnamon, Leather",Жидкое мыло,2390.0,2390.0,0.0,1,4.8,https://goldapple.ru/19000210128-pink-pepper-elemi-cinnamon-leather/,https://goldapple.ru/parfjumerija/parfjumirovannyj-uhod?p=13,"Мягко и эффективно очищает кожу от жира и других видов загрязнений. Подходит для ежедневного умывания, мытья рук и тела.","небольшое количество мыла нанести на влажную кожу, вспенить и тщательно смыть водой. Хранить в сухом, защищенном от света и недоступном для детей месте при температуре от +5 °С до +25 °С.",Израиль,13
243,2026-10-01T11:29:11.704157,20261001_104711_f22aa185,19000284673,parfjumerija/parfjumirovannyj-uhod,Jo Malone London,Myrrh & Tonka,Нет категории,6500.0,6500.0,0.0,1,4.9,https://goldapple.ru/19000284673-myrrh-tonka/,https://goldapple.ru/parfjumerija/parfjumirovannyj-uhod?p=13,"Гель для душа Myrrh & Tonka с чувственным звучанием смолы мирры и с теплыми оттенками миндаля, ванили и бобов тонка бережно очищает кожу, а благодаря натуральному глицерину и экстракту самфиры формула превращается в бархатистую пену. Привнесите незабываемое ароматическое впечатление в повседневную рутину вместе с гелями для душа Cologne Intense. Философия сочетания ароматов: Все ароматы и текстуры Jo Malone London можно использовать самостоятельно и в сочетании с другими, создавая уникальные композиции. Чтобы придать аромату свежих акцентов и создать более яркий образ сочетайте Myrrh & Tonka с минеральным ароматом морской соли - Wood Sage & Sea Salt. Чтобы придать аромату теплых оттенков и создать более чувственный образ сочетайте Myrrh & Tonka с гипнотическим ароматом удового дерева - Oud & Bergamot.",Нанесите небольшое количество геля массирующими движениями на влажную кожу и тщательно смойте водой.,Великобритания,13
244,2026-10-01T11:29:20.193758,20261001_104711_f22aa185,7192300026,parfjumerija/parfjumirovannyj-uhod,DIOR,Dior Homme,Нет категории,5500.0,5500.0,0.0,1,5.0,https://goldapple.ru/7192300026-dior-homme/,https://goldapple.ru/parfjumerija/parfjumirovannyj-uhod?p=13,"Средства для ванны и душа из линии Dior Homme имеют легкий древесный аромат новой туалетной воды. Они дарят коже приятное ощущение полного комфорта, оставляя чувственный шлейф Dior Homme. Освежающий гель для душа Dior Homme оставляет на коже легкий цитрусовый аромат. Его обильная пена делает момент принятие душа или ванны особенным.",Не указано,Франция,13
245,2026-10-01T11:29:28.140306,20261001_104711_f22aa185,19000388644,parfjumerija/parfjumirovannyj-uhod,Olea,Драгоценная амбра,Парфюмированный гель для душа,326.0,326.0,0.0,1,4.7,https://goldapple.ru/19000388644-dragocennaa-ambra/,https://goldapple.ru/parfjumerija/parfjumirovannyj-uhod?p=13,"Обволакивающий аромат: Верхняя нота: шафран, жасмин Нота сердца: древесный янтарь, амбра Базовая нота: драгоценные породы древесины","Небольшое количество геля нанесите на тело, массирующими движениями равномерно распределите до образования пены и смойте водой.",Россия,13
246,2026-10-01T11:29:36.495846,20261001_104711_f22aa185,19000386844,parfjumerija/parfjumirovannyj-uhod,Emi,Perfumed Lotion №3,Парфюмированный лосьон для тела,150.0,150.0,0.0,1,4.8,https://goldapple.ru/19000386844-perfumed-lotion-no3/,https://goldapple.ru/parfjumerija/parfjumirovannyj-uhod?p=13,"Perfumed Lotion – это легкий лосьон, с мягкой текстурой, которая впитывается за считанные секунды, не создавая ощущения липкости, тяжести и пленки на коже.","Нанесите небольшое количество лосьона на тело, втирайте массажными движениями до полного впитывания. Подходит для ежедневного применения.",Россия,13
247,2026-10-01T11:29:46.416169,20261001_104711_f22aa185,19000204029,parfjumerija/parfjumirovannyj-uhod,Zielinski & Rozen,"Iris, Lily, Vanilla",Крем для рук,1690.0,1690.0,0.0,1,4.7,https://goldapple.ru/19000204029-iris-lily-vanill/,https://goldapple.ru/parfjumerija/parfjumirovannyj-uhod?p=13,"Крем для рук интенсивно питает и смягчает кожу, легко впитывается, имеет мягкую текстуру.",Выдавить небольшое количество на чистые руки и равномерно распределить. Повторяйте по мере необходимости.,Израиль,13
248,2026-10-01T11:29:54.967269,20261001_104711_f22aa185,19000438931,parfjumerija/parfjumirovannyj-uhod,Synergetic,табак-ваниль,Парфюмированный скраб для тела,296.0,296.0,0.0,1,4.7,https://goldapple.ru/19000438931-tabak-vanil/,https://goldapple.ru/parfjumerija/parfjumirovannyj-uhod?p=13,"Парфюмированный скраб для тела SYNERGETIC tobacco-vanille/табак-ваниль деликатно отшелушивает и очищает кожу. Гиалуроновая кислота увлажняет кожу, а масла ши и макадамии питают и дарят эластичность. Парфюмерная композиция наполнена восхитительными сочетаниями сладких восточных, древесно-пряных и пьянящих табачных нот. Загадочный характер аромата открывается дымными и терпкими оттенками специй и табачных листьев, которые плавно перетекают в сладость ванили, какао и обжаренных бобов тонка. Завершается симфония аккордами многогранных древесных акцентов с нотами сухофруктов. Аромат наполнен тёплым вечерним настроением, он восхищает своей многогранной красотой и смелым темпераментом.","Нанести скраб на влажную кожу, помассировать и тщательно смыть водой. Возможно отслоение масла и незначительное изменение цвета скраба, не влияющие на его качество и свойства.",Россия,13
249,2026-10-01T11:30:03.097087,20261001_104711_f22aa185,99000015605,parfjumerija/parfjumirovannyj-uhod,LAMONNET,black pepper & amber,Парфюмированный гель для душа,890.0,890.0,0.0,1,4.7,https://goldapple.ru/99000015605-black-pepper-amber/,https://goldapple.ru/parfjumerija/parfjumirovannyj-uhod?p=13,"Парфюмированный гель для душа от LAMONNET. Профессиональный уход и забота о вашей коже. Нежная кремовая пена и активный увлажняющий комплекс восстанавливают гидробаланс кожи, повышая её мягкость, тонус и упругость. Сбалансированная формула с высокой концентрацией натуральных природных компонентов бережно и в то же время глубоко очищает кожу от загрязнений. Густая текстура геля обеспечит маленький и экономный расход. Большой объем 750 мл станет идеальным выбором для всей семьи. Гармония и расслабление. Парфюмированная отдушка из Франции подарит легкий и ненавязчивый шлейф на протяжении нескольких часов. Роскошный дизайн флакона с удобным дозатором будет украшением любой ванной комнаты. Парфюмерная композиция: ""Черный перец, амбра, нероли"". Роскошный, манящий, дерзкий. Взрывной микс из дразнящего черного перца, чувственного нероли, удового дерева, выделанной кожи, приглушенный аккордами амбры и ветивера. Универсальный шлейфовый аромат подойдёт как для женщин, так и для мужчин на каждый день.","Нанесите небольшое количество геля на влажную кожу, тщательно вспеньте и распределите по телу, смойте теплой водой.",Россия,13
250,2026-10-01T11:30:10.242203,20261001_104711_f22aa185,19000266762,parfjumerija/parfjumirovannyj-uhod,DIOR,J'adore Body Milk,Парфюмированное молочко для тела,8200.0,8200.0,0.0,1,4.8,https://goldapple.ru/19000266762-j-adore/,https://goldapple.ru/parfjumerija/parfjumirovannyj-uhod?p=13,"Молочко для тела J'adore Les Adorables увлажняет кожу, оставляя ощущение комфорта и свежести. Молочко для тела на 92%* состоит из натуральных ингредиентов и содержит экстракт Жасмина. Продукт оставляет на коже цветочный аромат парфюмерной композиции J'adore. * Количество рассчитывается исходя из стандарта ISO 16128-1 и ISO 16128-2. Включено процентное содержание воды. Остальные 8% отвечают за функциональность и стабильность формулы и комфорт в применении.","1. Нажмите на помпу флакона, чтобы получить необходимое количество средства. 2. Нанесите молочко на тело.",Франция,13
251,2026-10-01T11:30:18.122075,20261001_104711_f22aa185,19000498536,parfjumerija/parfjumirovannyj-uhod,Sol de Janeiro,CHEIROSA 91,Парфюмированный мист для тела и волос,3250.0,3250.0,0.0,1,4.8,https://goldapple.ru/19000498536-sol-de-janeiro-cheirosa-91/,https://goldapple.ru/parfjumerija/parfjumirovannyj-uhod?p=13,"Поп-хиты пульсируют в наушниках. Городские цветы расцветают у твоих ног. Каждый твой шаг привлекает внимание. Парфюмерная композиция CHEIROSA 91 напоминает о неуёмной энергии поп-музыки. Название переносит в 1991 год, когда в бразильской музыке началась эпоха зажигательных ремиксов. Воодушевляющий цветочный аромат SOL DE JANEIRO задает новый ритм благодаря нотам сочной маракуйи, медовой карамели и розы с нежными розовыми лепестками. Мист придает яркий аромат телу и волосам, окутывая аурой жизнерадостности и очарования. Пришло время открыть розу с новой стороны!",Распылите на тело и волосы с небольшого расстояния. Избегайте попадания в глаза.,Сша,13
252,2026-10-01T11:30:26.002844,20261001_104711_f22aa185,19000204025,parfjumerija/parfjumirovannyj-uhod,Zielinski & Rozen,"Pink Pepper, Elemi, Cinnamon, Leather",Крем для тела,3990.0,3990.0,0.0,1,4.8,https://goldapple.ru/19000204025-pink-pepper-elemi-cinnamon-leather/,https://goldapple.ru/parfjumerija/parfjumirovannyj-uhod?p=13,"Интенсивно увлажняет и питает кожу, имеет легкую текстуру. Подходит для всех типов кожи.","Нанести на влажное или сухое тело, массажными движениями втирать до полного впитывания / Хранить в сухом, защищенном от света и недоступном для детей месте при температуре от +5 °С до +25 °С.",Израиль,13
253,2026-10-01T11:30:34.265973,20261001_104711_f22aa185,19000080323,parfjumerija/parfjumirovannyj-uhod,Holy Land,B FIRST ANTI-AGE GEL SOAP,Нет категории,1840.0,1840.0,0.0,1,4.9,https://goldapple.ru/19000080323-b-first/,https://goldapple.ru/parfjumerija/parfjumirovannyj-uhod?p=13,Мыло-гель для щадящего очищения кожи лица с ароматом мужского парфюма.,"Нанесите влажными руками на влажную кожу небольшое количество геля, помассируйте круговыми движениями, тщательно смойте водой.",Израиль,13
254,2026-10-01T11:30:42.528196,20261001_104711_f22aa185,99000018037,parfjumerija/parfjumirovannyj-uhod,HELDI,TOBACCO & VANILLA,Нет категории,699.0,699.0,0.0,1,4.7,https://goldapple.ru/99000018037-tobacco-tonka-flavour/,https://goldapple.ru/parfjumerija/parfjumirovannyj-uhod?p=13,"Парфюмированный крем-баттер HELDI — крем для тела для интенсивного ухода для сухой кожи и аромат, который остаётся после нанесения. Этот увлажняющий крем для тела обладает насыщенной кремовой текстурой, питает и увлажняет, устраняет сухость и стянутость, делает кожу мягкой и гладкой. Баттер быстро впитывается, не оставляет липкости и жирной плёнки. Особый уход для сухих зон. Подходит для ежедневного ухода за телом и особенно для сухих участков: локтей, коленей, голеней, стоп и рук. Идеален в осенне-зимний период, когда кожа особенно страдает от холода, ветра и сухого воздуха, а также после душа, солнца и моря. Аромат. Тёплая парфюмированная композиция с пряным, обволакивающим характером: — табачные листья — насыщенное, пряное начало — ваниль и специи — тёплое, сладковатое сердце — какао и древесные ноты — глубокий, бархатистый шлейф Аромат раскрывается на коже и превращает ежедневный уход в парфюмированный ритуал. Формула для питания и увлажнения. — масла ши и какао питают и смягчают — кокосовое и миндальное масла защищают от сухости — мочевина увлажняет и удерживает влагу — церамид поддерживает защитный барьер кожи — витамин Е обеспечивает антиоксидантный уход Результат. Мягкая, гладкая и напитанная кожа без сухости и стянутости — с тёплым табачно-ванильным ароматом, который остаётся на коже.",Нанесите необходимое количество крем-баттера на чистую кожу тела легкими массажными движениями.,Россия,13
255,2026-10-01T11:30:51.024902,20261001_104711_f22aa185,19000232571,parfjumerija/parfjumirovannyj-uhod,Only Bio,Масло персика и спелая груша,Парфюмированный гель для душа,539.0,539.0,0.0,1,4.7,https://goldapple.ru/19000232571-pitatel-nyj-maslo-persika-i-spelaa-grusa/,https://goldapple.ru/parfjumerija/parfjumirovannyj-uhod?p=13,"Теплый фактурный аромат геля для душа раскрывается нотами спелой груши, персика и медового апельсина. Гель деликатно очищает и питает кожу, возвращая ей свежесть и сияние. Верхние ноты: пудровый ирис, мускус, медовый апельсин; Ноты сердца: персик, груша, ваниль; Базовые ноты: пачули, иланг-иланг, сливочное пралине.","Небольшое количество геля нанесите на влажную кожу, вспеньте и смойте водой.",Россия,13
256,2026-10-01T11:31:00.680113,20261001_104711_f22aa185,19000103282,parfjumerija/parfjumirovannyj-uhod,HFC,Diamond in the sky body lotion,Лосьон для тела,5475.0,5475.0,0.0,1,4.7,https://goldapple.ru/19000103282-diamond-in-the-sky-body-lotion/,https://goldapple.ru/parfjumerija/parfjumirovannyj-uhod?p=13,"Легкий ухаживающий лосьон освежает кожу, даря ей длительное ощущение нежности и сладкий аромат мадагаскарской ванили. Роскошная ароматическая композиция с искрящимися нотами шафрана и розовых ягод позволит вам получить максимальное удовольствие от ежедневного ритуала ухода за собой.",Не указано,Франция,13
257,2026-10-01T11:31:09.784669,20261001_104711_f22aa185,19000277455,parfjumerija/parfjumirovannyj-uhod,Only Bio,Art&Natural Масло ириса и Бурбонская ваниль,Крем для тела,642.0,642.0,0.0,1,4.7,https://goldapple.ru/19000277455-iris-oil-and-bourbon-vanilla/,https://goldapple.ru/parfjumerija/parfjumirovannyj-uhod?p=13,"Арома-крем для тела с драгоценным маслом ириса и бурбонской ванилью питает кожу, дарит ей упругость, эластичность и бархатистую мягкость, придает терпкий изысканный аромат, погружая в глубину красочной живописи Ван Гога.",Небольшое количество крема нанесите на тело и распределите его. Наслаждайтесь эффектом и приятным ароматом.,Россия,13
258,2026-10-01T11:31:17.283383,20261001_104711_f22aa185,99000055137,parfjumerija/parfjumirovannyj-uhod,MOYORY,Amber & Black Pepper и Tobacco & Vanille,Подарочный набор для рук,815.0,815.0,0.0,1,4.9,https://goldapple.ru/99000055137-amber-black-pepper-i-tobacco-vanille/,https://goldapple.ru/parfjumerija/parfjumirovannyj-uhod?p=13,"Ваш идеальный выбор для подарка - это эксклюзивный набор жидкого мыла для рук от MOYÖRY, включающий в себя два флакона объемом по 500 мл. каждый. Этот набор представляет собой уникальную коллекцию ароматов Amber&black pepper и Tabacco&vanille, которые обогатят ваш ежедневный уход за собой и превратят обычное мытье рук в настоящее ароматерапевтическое наслаждение. Сочетание ярких и соблазнительных нот черного перца с благородными аккордами табачного листа создает ощущение роскоши и утонченности, подчеркивая вкус и стиль владельца.","Нанесите небольшое количество средства на влажную кожу, вспеньте, смойте водой.",Россия,13
259,2026-10-01T11:31:26.370567,20261001_104711_f22aa185,7190300078,parfjumerija/parfjumirovannyj-uhod,DIOR,J'adore Body Cream,Парфюмированный Крем для тела,10800.0,10800.0,0.0,1,4.9,https://goldapple.ru/7190300078-j-adore/,https://goldapple.ru/parfjumerija/parfjumirovannyj-uhod?p=13,"Настоящая чувственность от J'Adore Густой и насыщенный крем для тела питает, увлажняет и защищает кожу благодаря Хлопковому Нектару и Экстракту из Лепестков Анютиных глазок. Он мгновенно придает коже упругость и сияние. А его яркий аромат обволакивает кожу насыщенным цветочным букетом J’adore.",Не указано,Франция,13
260,2026-10-01T11:31:34.878366,20261001_104711_f22aa185,90150800003,parfjumerija/parfjumirovannyj-uhod,Zielinski & Rozen,Black Vanilla,Масло для тела,2990.0,2990.0,0.0,1,4.6,https://goldapple.ru/90150800003-vanilla-blend/,https://goldapple.ru/parfjumerija/parfjumirovannyj-uhod?p=13,"SOS-средство для экстремального климата, холодного времени года и обезвоженной кожи. Обогащенная увлажняющими и ухаживающими компонентами формула позволяет защитить кожу от агрессивных внешних факторов и быстро восстановить ее после стрессового воздействия. Масло Zielinski & Rozen делает кожу мягкой и приятной на ощупь, мгновенно впитывается и не оставляет следов на одежде. Ароматы продукции Zielinski&Rozen изменили свое наименование без изменения состава.",Нанесите масло на кожу и распределите легкими массажными движениями до полного впитывания.,Израиль,13
261,2026-10-01T11:31:55.233175,20261001_104711_f22aa185,90150100010,parfjumerija/parfjumirovannyj-uhod,Zielinski & Rozen,Orange & Jasmine,Гель для душа,2590.0,2590.0,0.0,1,4.8,https://goldapple.ru/90150100010-orange-jasmine-vanilla/,https://goldapple.ru/parfjumerija/parfjumirovannyj-uhod?p=14,"Уход, ароматерапия и признание в любви в одном флаконе. Бодрящий аромат способствует пробуждению, натуральные масла увлажняют кожу и питают, а мягкая пена позволяет по-настоящему насладиться редкими минутами наедине с собой. Ароматы продукции Zielinski&Rozen изменили свое наименование без изменения состава.","Нанесите небольшое количество геля на влажную кожу, вспеньте руками или с помощью мочалки, а затем смойте.",Израиль,14
262,2026-10-01T11:32:03.966168,20261001_104711_f22aa185,19000295720,parfjumerija/parfjumirovannyj-uhod,Tesori d’Oriente,AYURVEDA,Крем для рук,280.0,280.0,0.0,1,4.7,https://goldapple.ru/19000295720-ayurveda/,https://goldapple.ru/parfjumerija/parfjumirovannyj-uhod?p=14,"Крем для рук обволакивает чарующим ароматом, придавая коже ощущение бархатной мягкости. Идеален для ежедневного увлажнения.",Нанесите небольшое количество крема на чистую кожу рук лёгкими массажными движениями. Дождитесь полного впитывания. Подходит для ежедневного применения.,Италия,14
263,2026-10-01T11:32:11.925416,20261001_104711_f22aa185,19000145087,parfjumerija/parfjumirovannyj-uhod,Versace,Dylan Purple,Нет категории,5220.0,5220.0,0.0,1,4.8,https://goldapple.ru/19000145087-dylan-purple/,https://goldapple.ru/parfjumerija/parfjumirovannyj-uhod?p=14,"Dylan Purple — яркое и элегантное творение. Искрящийся бергамот смешивается с радостными тонами свежесорванного апельсина. Сочная груша добавляет нотку современности к аккорду, столь же привлекательному, сколь и яркому. Взрыв красок переходит в лиловый с появлением прекрасной пурпурной фрезии. . Цветочная нежность его лепестков усилена магонией и помарозой®, диффузным и мощным. Яркая элегантность Belambre® и Ambrofix™ подчеркивается мягкостью Iso E Super и кедра. Silkolide® придает композиции мускусный оттенок с легкими фруктовыми акцентами. Лосьон для тела питает и смягчает кожу, придавая ей мягкость и тонкий аромат.",Наносить утром и/или вечером круговыми движениями на очищенную кожу всего тела.,Италия,14
264,2026-10-01T11:32:19.160237,20261001_104711_f22aa185,99000104271,parfjumerija/parfjumirovannyj-uhod,HELDI,Blanche Secret,Нет категории,645.0,645.0,0.0,1,4.7,https://goldapple.ru/99000104271-blanche-secret/,https://goldapple.ru/parfjumerija/parfjumirovannyj-uhod?p=14,"Парфюмированный крем для рук и тела HELDI с нотами розы, пиона, мускуса и сандала сочетает уход за кожей и свежее цветочно-мускусное звучание с ощущением чистоты. Увлажняющий крем поддерживает мягкость и комфорт кожи в течение дня. Лёгкая кремовая текстура быстро впитывается, не оставляя липкости и жирной плёнки, а аромат постепенно раскрывается на коже мягким, деликатно-пудровым шлейфом. Увлажнение и комфорт каждый день. Крем восполняет необходимое увлажнение, устраняет чувство стянутости и поддерживает комфорт кожи в течение дня. Подходит для рук и всего тела, в том числе участков, особенно склонных к сухости: локтей, коленей, голеней и стоп. Формат с дозатором удобно использовать дома или держать на рабочем столе. Аромат. Свежая цветочно-мускусная композиция с ощущением чистоты: — альдегиды и роза — чистый, свежий цветочный старт — пион и фиалка — нежное, воздушное сердце — мускус и сандал — мягкий, деликатно-пудровый шлейф Аромат напоминает свежевыстиранное бельё и чистую белую рубашку — лёгкий, прохладный и чуть пудровый, словно кожа сразу после душа. Формула для питания и увлажнения. — масла ши, оливы и авокадо питают и смягчают кожу — витамин Е обеспечивает антиоксидантный уход — пантенол и бетаин поддерживают увлажнённость и ощущение комфорта — мочевина и глицерин притягивают и удерживают влагу Результат. Мягкая, гладкая и увлажнённая кожа без ощущения сухости и стянутости — со свежим цветочно-мускусным ароматом, который остаётся после нанесения. HELDI — когда уход звучит как любимый аромат.","Нанесите необходимое количество крема на чистую сухую кожу рук или тела и распределите массажными движениями до полного впитывания. После душа нанесите средство на всё тело, уделяя особое внимание участкам, склонным к сухости и шелушению: локтям, коленям, голеням и стопам. Для рук используйте после контакта с водой или в течение дня, когда коже требуется дополнительное увлажнение. Подходит для ежедневного применения.",Россия,14
265,2026-10-01T11:32:27.027401,20261001_104711_f22aa185,19760331243,parfjumerija/parfjumirovannyj-uhod,Zielinski & Rozen,Oakmoss & Amber,Твердое мыло,890.0,890.0,0.0,1,4.8,https://goldapple.ru/19760331243-oakmoss-amber/,https://goldapple.ru/parfjumerija/parfjumirovannyj-uhod?p=14,"Ароматное мыло — беспроигрышный подарок по любому поводу и любому человеку: в том числе, самому себе. В составе — только натуральные ингредиенты, которые мягко и эффективно очищают кожу от загрязнений и не оставляют ощущения сухости после мытья. Подходит для ежедневного мытья рук и тела, а компактную металлическую мыльницу удобно брать с собой в путешествия. Также твердое мыло можно использовать как саше: если положить его в шкаф с одеждой, гардероб наполнится любимым ароматом.",Храните мыло в гардеробе в качестве саше или используйте по прямому назначению: вспеньте в руках и смойте водой.,Россия,14
266,2026-10-01T11:32:34.339772,20261001_104711_f22aa185,90150100009,parfjumerija/parfjumirovannyj-uhod,Zielinski & Rozen,"Vetiver, Lemon",Гель для душа,2590.0,2590.0,0.0,1,4.7,https://goldapple.ru/90150100009-vetiver-lemon-bergamot/,https://goldapple.ru/parfjumerija/parfjumirovannyj-uhod?p=14,"Уход, ароматерапия и признание в любви в одном флаконе. Бодрящий аромат способствует пробуждению, натуральные масла увлажняют кожу и питают, а мягкая пена позволяет по-настоящему насладиться редкими минутами наедине с собой. Ароматы продукции Zielinski&Rozen изменили свое наименование без изменения состава.","Нанесите небольшое количество геля на влажную кожу, вспеньте руками или с помощью мочалки, а затем смойте.",Израиль,14
267,2026-10-01T11:32:46.408945,20261001_104711_f22aa185,19760330285,parfjumerija/parfjumirovannyj-uhod,Zielinski & Rozen,"Moisturizing cream, Universal",Крем для лица,3990.0,3990.0,0.0,1,4.8,https://goldapple.ru/19760330285-moisturizing-cream-universal/,https://goldapple.ru/parfjumerija/parfjumirovannyj-uhod?p=14,"Косметическое воплощение принципа slow life: неспешного созерцания и наслаждения жизнью. Состав выверен и деликатен: масло ши, миндальное масло, витамин Е — естественный антиоксидант, борющийся с негативными факторами окружающей среды и возрастными изменениями. Текстура дневного крема — легкая и невесомая, ночного — более плотная: это средство можно использовать в качестве маски или как дневной уход в холодное время года. Подходит как женщинам, так и мужчинам.",Разогрейте небольшое количество крема в руках и нанесите на кожу. Через 15-20 минут можно наносить средство с SPF и делать макияж.,Израиль,14
268,2026-10-01T11:32:55.043057,20261001_104711_f22aa185,83321900002,parfjumerija/parfjumirovannyj-uhod,Jo Malone London,Lime Basil & Mandarin,Гель-скраб для тела,5250.0,5250.0,0.0,1,5.0,https://goldapple.ru/83321900002-lime-basil-mandarin-shower-scrub/,https://goldapple.ru/parfjumerija/parfjumirovannyj-uhod?p=14,"Всего один очищающий гель-скраб для тела делает кожу чистой и гладкой. Средство с нашим фирменным ароматом Lime Basil & Mandarin заряжает кожу энергией. Попробуйте необычное сочетание пряного базилика, ароматного белого тимьяна и бодрящего карибского лайма. Благодаря идеально подобранной комбинации отшелушивающих ингредиентов средство удобно в применении, прекрасно подходит для ежедневного ухода и дарит коже мягкость и заряд энергии. Мягкие частицы орехов жожоба, апельсиновая цедра мелкого помола и стебель бамбука бережно удаляют сухие отмершие клетки кожи и загрязнения. Кожа становится мягкой и упругой. Теперь она полностью готова к нанесению крема для тела Jo Malone London.",Не указано,Великобритания,14
269,2026-10-01T11:33:03.550224,20261001_104711_f22aa185,19000467324,parfjumerija/parfjumirovannyj-uhod,Zielinski & Rozen,Black Vanilla,Парфюмированный лосьон для рук и тела,1100.0,1100.0,0.0,1,4.6,https://goldapple.ru/19000467324-black-vanilla/,https://goldapple.ru/parfjumerija/parfjumirovannyj-uhod?p=14,"Имеет легкую текстуру, увлажняет и питает кожу. Подходит для всех типов кожи.",Нанесите на сухую или влажную кожу легкими массирующими движениями до полного впитывания.,Израиль,14
270,2026-10-01T11:33:13.690156,20261001_104711_f22aa185,19000418227,parfjumerija/parfjumirovannyj-uhod,DOMIX GREEN PROFESSIONAL,Anti-age therapy,Лосьон для рук,105.0,105.0,0.0,1,4.8,https://goldapple.ru/19000418227-anti-age-therapy/,https://goldapple.ru/parfjumerija/parfjumirovannyj-uhod?p=14,"Anti-age therapy. Мегапитание и комплексный уход. Профессиональная терапия для рук: в составе лосьона – 14 ценных ингредиентов для усиленного ухода за кожей и ногтями. Парфюмированный лосьон быстро впитывается и дарит рукам изысканный аромат, где на фоне чувственной мелодии сандала и ванили солируют аристократичная орхидея и сладкий мандарин. Эксклюзивная композиция обладает невероятной глубиной и долго звучит, воспевая элегантность и безупречную красоту. • Карбамид и D-пантенол восстанавливают водный баланс в клетках кожи. • Ланолин укрепляет эпидермальный барьер и препятствует потере влаги. • Натуральные масла кокоса, сафлора и виноградной косточки питают и смягчают кожу, устраняют шелушение и сухость. • Аллантоин, витамины А, Е и экстракт алоэ разглаживают кожу, обеспечивают антиоксидантную защиту и выраженный anti-age эффект. • Коллоидное серебро и экстракт прополиса активируют защитные функции кожи. • Гидролизат коллагена повышает тургор и стимулирует синтез собственного коллагена. • Гидролизат кератина возвращает ногтям прочность и естественный блеск. Продукт клинически протестирован. Сделано в России.",Нанести на кожу мягкими массирующими движениями.,Россия,14
271,2026-10-01T11:33:21.352848,20261001_104711_f22aa185,90150300009,parfjumerija/parfjumirovannyj-uhod,Zielinski & Rozen,"Vetiver, Lemon",Жидкое мыло,2390.0,2390.0,0.0,1,4.9,https://goldapple.ru/90150300009-vetiver-lemon-bergamot/,https://goldapple.ru/parfjumerija/parfjumirovannyj-uhod?p=14,"Эффективно очищает от всех видов загрязнений и подходит для ежедневного использования: средство содержит увлажняющие и смягчающие натуральные масла. Приятный бонус — ароматный шлейф, остающийся на коже несколько часов. Ароматы продукции Zielinski&Rozen изменили свое наименование без изменения состава.","Нажмите на дозатор, вспеньте мыло в руках и затем смойте водой.",Израиль,14
272,2026-10-01T11:33:28.895850,20261001_104711_f22aa185,19000360046,parfjumerija/parfjumirovannyj-uhod,La Fabrique,Tobacco and vanilla,Парфюмированное мыло для рук,297.0,297.0,0.0,1,4.8,https://goldapple.ru/19000360046-tobacco-and-vanilla/,https://goldapple.ru/parfjumerija/parfjumirovannyj-uhod?p=14,"Парфюмированное мыло для рук обладает утонченным ароматом с сочетанием терпких нот табачного листа, сладости ванили и насыщенного букета пряностей. Такой аромат придает очищающей процедуре особую атмосферу и оставляет на коже мягкий роскошный шлейф. Текстура мыла обеспечивает деликатное очищение кожи рук и тела, не вызывая ощущения сухости и делая процесс ухода приятным.","Нанесите немного средства на влажные ладони, вспеньте и тщательно смойте водой.",Россия,14
273,2026-10-01T11:33:37.334312,20261001_104711_f22aa185,19000467306,parfjumerija/parfjumirovannyj-uhod,Zielinski & Rozen,"Amberwood, Vanilla, Davana",Нет категории,3990.0,3990.0,0.0,1,4.7,https://goldapple.ru/19000467306-amberwood-vanilla-davana/,https://goldapple.ru/parfjumerija/parfjumirovannyj-uhod?p=14,"Имеет легкую текстуру, увлажняет и питает кожу. Подходит для всех типов кожи.",Нанесите на сухую или влажную кожу легкими массирующими движениями до полного впитывания.,Израиль,14
274,2026-10-01T11:33:45.527821,20261001_104711_f22aa185,19000295737,parfjumerija/parfjumirovannyj-uhod,4FRESH beauty,"Сливочная ваниль и бобы тонка, Attractive",Нет категории,605.0,605.0,0.0,1,4.7,https://goldapple.ru/19000295737-creamy-vanilla-and-tonka-beans/,https://goldapple.ru/parfjumerija/parfjumirovannyj-uhod?p=14,"Парфюмированный гель для душа «Сливочная ваниль и бобы тонка» уникальным селективным ароматом Scentease деликатно очищает и увлажняет кожу, повышает уверенность в себе и очаровывает. Формула с пантенолом ускоряет регенерацию клеток, препятствует трансэпидермальной потере влаги и успокаивает кожу. Экстракт хлопка улучшает защитные функции эпидермиса, а масло ши глубоко питает и смягчает. Верхние ноты: карамельное яблоко Ноты сердца: сладкая ваниль, жасмин Нижние ноты: сандал, бобы тонка Сложный многогранный аромат Scentease Attractive со сливочно-ванильным послевкусием раскрывает внутреннюю привлекательность и улучшает эмоциональный фон. Эффективность доказана научными исследованиями.",Нанесите небольшое количество геля на влажную кожу и распределите нежными массажными движениями. Затем смойте теплой водой.,Россия,14
275,2026-10-01T11:33:53.899107,20261001_104711_f22aa185,99000159092,parfjumerija/parfjumirovannyj-uhod,LOVE REPUBLIC,MOSSTONE,Парфюмированный мист для тела и волос,2599.0,2599.0,0.0,1,4.8,https://goldapple.ru/99000159092-love-republic-mosstone/,https://goldapple.ru/parfjumerija/parfjumirovannyj-uhod?p=14,"Парфюмированный мист для тела и волос MOSSTONE — это чувственная вариация одноименного аромата. Дымка окутывает тело и волосы яркой вуалью, добавляя градус образу и усиливая звучание парфюма. Свежий имбирь, минеральный мох, зеленый ветивер — новый вид гедонизма: без компромиссов. Натуральные эфирные масла пачули, можжевельника и кедра делают звучание аромата особенно глубоким и неповторимым. Эту комплементарную версию аромата в уникальном минималистичном флаконе из матового стекла удобно брать с собой в путешествия, усиливая парфюмерный шлейф.","Распылите на волосы или на чистую кожу на желаемый участок тела, избегая лица и глаз. Используйте самостоятельно или поверх парфюмерной воды для более чувственного эффекта.",Китай (китайская народная республика),14
276,2026-10-01T11:34:03.458351,20261001_104711_f22aa185,19000240866,parfjumerija/parfjumirovannyj-uhod,Jo Malone London,Vitamin E Hand & Lip Duo,Набор,6200.0,6200.0,0.0,1,4.9,https://goldapple.ru/19000240866-vitamin-e-hand-lip-duo/,https://goldapple.ru/parfjumerija/parfjumirovannyj-uhod?p=14,"Два продукта из коллекции Vitamin E представлены в наборе Vitamin E Hand & Lip Duo. Питательный крем для рук, обогащенный витамином Е, обеспечивает оптимальный уход за кожей. Бальзам для губ, обогащенный витамином Е, питает, смягчает и разглаживает нежную кожу. Обладает легким ароматом ментола.​ Характеристики: Тип продукта: Крем для рук Витамин Е, Бальзам для губ Витамин Е Объем: 30мл и 15мл Текстура: Крем/ Гель Эффект: Увлажнение Для кого: Универсальный Страна производства: Бельгия",Крем для рук: разогрейте в ладонях небольшое количество крема и распределите по коже массирующими движениями. Бальзам для губ: Используйте для питания и защиты губ в течение дня и перед сном.​,Великобритания,14
277,2026-10-01T11:34:12.846384,20261001_104711_f22aa185,19000180812,parfjumerija/parfjumirovannyj-uhod,Jo Malone London,Peony & Blush Suede,Гель для душа,8450.0,8450.0,0.0,1,5.0,https://goldapple.ru/19000180812-peony-blush-suede/,https://goldapple.ru/parfjumerija/parfjumirovannyj-uhod?p=14,"Гель для душа Peony & Blush Suede бережно очищает и смягчает кожу, оставляя деликатный ароматический шлейф. Гелевая формула с кофеином и экстрактом пенника лугового при контакте с водой превращается в атласную пену. Аромат сочетает медовую сочность красного яблока, пышный букет пионов с оттенками розы и жасмина и пудровый аккорд розовой замши.",Нанесите небольшое количество геля на влажную кожу. Распределите массажными движениями. Тщательно смойте водой.,Великобритания,14
278,2026-10-01T11:34:21.873884,20261001_104711_f22aa185,19000471779,parfjumerija/parfjumirovannyj-uhod,VOIS,Perfumed,крем баттер для рук и тела,402.0,402.0,0.0,1,4.7,https://goldapple.ru/19000471779-perfumed/,https://goldapple.ru/parfjumerija/parfjumirovannyj-uhod?p=14,"VOIS CREAM-BUTTER — это парфюмированный баттер для тела и рук с насыщенной текстурой, который обеспечивает коже мягкость и гладкость без липкой пленки. Он идеально подходит для питания очень сухой кожи и создания домашнего spa-ритуала после душа, ванны или бани, оставляя кожу ухоженной и сияющей. Аромат баттера — шлейфовый и многослойный, комбинирует клубнику, апельсин, мандарин и нотки арбуза с сердцем из пиона, жасмина, дурмана и нероли, завершающийся базой из мускуса, ванили, дубового мха и кедра. Основу баттера составляют натуральные масла и увлажняющие компоненты. Масло ши глубоко смягчает и защищает кожу от сухости, кокосовое масло обеспечивает длительный комфорт, масло виноградной косточки придает тонус и эластичность, а миндальное масло успокаивает и улучшает текстуру кожи. Витамин Е и D-пантенол обеспечивают антиоксидантную защиту и глубокое увлажнение. Текстура крема плотная в банке, но при соприкосновении с кожей быстро тает, создавая тонкий защитный слой. Баттер удобен для использования в качестве массажного крема и идеально подходит для ухода за руками и сухими участками кожи, такими как локти, колени, ноги и пятки, оставляя их увлажненными и мягкими. Продукт быстро впитывается и не оставляет жирной пленки, что делает его отличным как крем для рук.",Разогрейте небольшое количество баттера в ладонях. Нанесите на чистую влажную кожу. Для SOS-зон нанесите слой плотнее.,Китай (китайская народная республика),14
279,2026-10-01T11:34:31.365983,20261001_104711_f22aa185,19000319126,parfjumerija/parfjumirovannyj-uhod,INNATURE,La Niche Tobacco Vanille,парфюмированный гель для душа,698.0,698.0,0.0,1,4.7,https://goldapple.ru/19000319126-tobacco-vanille/,https://goldapple.ru/parfjumerija/parfjumirovannyj-uhod?p=14,"Натуральный гель для душа Tobacco Vanille эффективно и деликатно очищает кожу, оставляя на ней легкий аромат с нотами ванили и цветов табака. Верхние ноты: Ваниль, древесные ноты; Средние ноты: Листья табака, бобы тонка; Базовые ноты: Цветок табака, пряности. В интернет-магазине представлен актуальный дизайн продукта. Обращаем внимание, возможно поступление товара в старом дизайне.","Массирующими движениями нанести гель на влажную кожу, тщательно смыть теплой водой. Рекомендуется использовать с кремом для тела и рук Innature La Niche Tobacco Vanille.",Россия,14
280,2026-10-01T11:34:41.592018,20261001_104711_f22aa185,19000135099,parfjumerija/parfjumirovannyj-uhod,Tesori d’Oriente,Chinese Orchid,Парфюмированный гель для душа,482.0,482.0,0.0,1,4.6,https://goldapple.ru/19000135099-china-orchid/,https://goldapple.ru/parfjumerija/parfjumirovannyj-uhod?p=14,"Привлекательный ритуал, что позволяет побаловать себя сладкими и бархатистыми ароматами китайской орхидеи и сделать кожу мягкой, как шелк. Комплекс активных компонентов оказывает мягкое очищающее, успокаивающее и восстанавливающее действия. Нежная консистенция геля обеспечивает легкое распределение по коже, а также дарит восхитительный тонкий аромат. Приятная гелевая консистенция превращается в пену при малейшем взаимодействии с водой.Путешествуйте по различным SPA ритуалам мира не выходя из дома вместе с Tesori d’Oriente.","Увлажнить кожу, нанести необходимое количество геля для душа на руки или влажную губку и вспенить. Нанести на кожу и тщательно промойте водой.",Италия,14
281,2026-10-01T11:35:04.245396,20261001_104711_f22aa185,19000319127,parfjumerija/parfjumirovannyj-uhod,INNATURE,La Niche Tobacco Сherry,парфюмированный гель для душа,698.0,698.0,0.0,1,4.7,https://goldapple.ru/19000319127-tobacco-cherry/,https://goldapple.ru/parfjumerija/parfjumirovannyj-uhod?p=15,"Натуральный гель для душа Tobacco Сherry эффективно и деликатно очищает кожу, оставляя на ней легкий аромат с нотами вишни и цветов табака. Верхние ноты: Вишня, жженая древесина; Средние ноты: Лист табака, бобы тонка; Базовые ноты: Цветы вишни, цветы табака.","Массирующими движениями нанести гель на влажную кожу, тщательно смыть теплой водой. Рекомендуется использовать с кремом для тела и рук Innature La Niche Tobacco Cherry.",Россия,15
282,2026-10-01T11:35:14.778135,20261001_104711_f22aa185,90150100004,parfjumerija/parfjumirovannyj-uhod,Zielinski & Rozen,Black Vanilla,Гель для душа,2590.0,2590.0,0.0,1,4.6,https://goldapple.ru/90150100004-vanilla-blend/,https://goldapple.ru/parfjumerija/parfjumirovannyj-uhod?p=15,"Уход и ароматерапия в одном флаконе. Гель для душа мягко очищает кожу, не пересушивая её благодаря ухаживающим компонентам в составе. Натуральные масла питают и увлажняют кожу, а нежная пена позволяет по-настоящему насладиться редкими минутами наедине с собой. Нежная гелевая текстура оставляет на коже ненавязчивый бодрящий аромат черной ванили. Подходит для всех типов кожи. Ароматы продукции Zielinski&Rozen изменили свое наименование без изменения состава.","Используйте гель для душа Zielinski & Rozen Black Vanilla для очищения кожи всего тела. Нанесите небольшое количество геля на влажную кожу, вспеньте руками или с помощью мочалки, избегая попадания в глаза. После вспенивания тщательно смойте гель водой.",Израиль,15
283,2026-10-01T11:35:22.416596,20261001_104711_f22aa185,19000084097,parfjumerija/parfjumirovannyj-uhod,Zielinski & Rozen,"Black Pepper, Vetiver, Neroli, Amber",Нет категории,1790.0,1790.0,0.0,1,4.7,https://goldapple.ru/19000084097-black-pepper-vetiver-neroli-amber/,https://goldapple.ru/parfjumerija/parfjumirovannyj-uhod?p=15,"Уход, ароматерапия и признание в любви в одном флаконе. Бодрящий аромат способствует пробуждению, натуральные масла увлажняют кожу и питают, а мягкая пена позволяет по-настоящему насладиться редкими минутами наедине с собой. Ароматы продукции Zielinski&Rozen изменили свое наименование без изменения состава.","Нанесите небольшое количество геля на влажную кожу, вспеньте руками или с помощью мочалки, а затем смойте.",Израиль,15
284,2026-10-01T11:35:31.261915,20261001_104711_f22aa185,99000046668,parfjumerija/parfjumirovannyj-uhod,MOYORY,Tobacco & Vanille,Нет категории,545.0,545.0,0.0,1,4.6,https://goldapple.ru/99000046668-tobacco-vanille/,https://goldapple.ru/parfjumerija/parfjumirovannyj-uhod?p=15,"Вашему вниманию представляется эксклюзивное парфюмированное жидкое мыло для рук от MOYÖRY с дозатором, сочетающее в себе высочайшие стандарты качества ухода за кожей и уникальный соблазнительный аромат Tobacco & Vanille. Оно даёт возможность насладиться роскошным тёплым древесно-пряным запахом, в основе которого — мягкая, сладкая ваниль и благородно-бархатистый табачный лист. Это мыло создано для тех, кто ценит исключительность и комфорт. Оно обладает высокими очищающими свойствами, одновременно увлажняя и питая кожу, делая её мягкой и нежной. Удобный флакон с дозатором идеально подходит для использования в ванной, кухне и прекрасно вписывается в интерьер любого санузла благодаря своему стильному дизайну.","Нанесите небольшое количество средства на влажную кожу, вспеньте, смойте водой.",Россия,15
285,2026-10-01T11:35:39.830028,20261001_104711_f22aa185,19760340607,parfjumerija/parfjumirovannyj-uhod,Zielinski & Rozen,"Vetiver, Lemon",Крем для тела,3990.0,3990.0,0.0,1,4.8,https://goldapple.ru/19760340607-vetiver-lemon-bergamot/,https://goldapple.ru/parfjumerija/parfjumirovannyj-uhod?p=15,"Баланс эстетики и функциональности. Тонкий аромат и легкая, но при этом насыщенная текстура делают нанесение максимально комфортным: крем равномерно распределяется и быстро впитывается, не оставляя ощущения липкости, питает и увлажняет кожу. Ароматы продукции Zielinski&Rozen изменили свое наименование без изменения состава.",Нанесите крем на сухую или слегка влажную кожу и распределите легкими массажными движениями до полного впитывания.,Израиль,15
286,2026-10-01T11:35:48.069977,20261001_104711_f22aa185,19000209345,parfjumerija/parfjumirovannyj-uhod,Zielinski & Rozen,"Grapefruit, Patchouli, White Rose",Крем для рук,1690.0,1690.0,0.0,1,4.7,https://goldapple.ru/19000209345-grapefruit-patchouli-white-rose/,https://goldapple.ru/parfjumerija/parfjumirovannyj-uhod?p=15,"Крем для рук интенсивно питает и смягчает кожу, легко впитывается, имеет мягкую текстуру.",Выдавить небольшое количество на чистые руки и равномерно распределить. Повторяйте по мере необходимости.,Израиль,15
287,2026-10-01T11:35:57.285567,20261001_104711_f22aa185,19000475180,parfjumerija/parfjumirovannyj-uhod,Solzao,IPANEMA GIRL,Крем для рук,355.0,355.0,0.0,1,4.6,https://goldapple.ru/19000475180-ipanema-girl/,https://goldapple.ru/parfjumerija/parfjumirovannyj-uhod?p=15,"Бабл-крем* — крем с инновационным комплексом BRAZILLA BUBBLES. Погрузитесь в атмосферу пляжного полдня с ароматом океана и жасмина. — Масло миндаля смягчает кожу, восстанавливает естественный барьер и насыщает липидами; — Масло бабассу интенсивно увлажняет, удерживает влагу и обладает противовоспалительным действием; — Экстракт кофе улучшает тонус и подтягивает кожу; — Ниацинамид выравнивает тон и придаёт сияние. предостережения Содержит витамин А и ниацинамид. Не использовать при нарушении целостности кожных покровов. Пользуясь ретинолом, обязательно защищайте кожу от солнца кремом с SPF 30 и выше. В случае возникновения дискомфорта следует использовать продукт реже, чтобы кожа успела привыкнуть к его действию.",1. По-бразильски энергично встряхните флакон перед использованием. 2. Нанесите крем на кожу рук и массируйте до полного растворения гранул. 3. После впитывания средство продолжит питать кожу витаминами.,Россия,15
288,2026-10-01T11:36:07.797906,20261001_104711_f22aa185,19000360721,parfjumerija/parfjumirovannyj-uhod,KONDOR,Sandalwood,Гель для душа,719.0,719.0,0.0,1,4.7,https://goldapple.ru/19000360721-sandalwood/,https://goldapple.ru/parfjumerija/parfjumirovannyj-uhod?p=15,"Гель для душа обеспечивает бережное очищение и увлажнение без чувства стянутости и сухости. Насыщенный древесно-восточный аромат с нотами удовой древесины, кожи и крепкого кофе помогает избавиться от стресса, погрузив в атмосферу настоящего спа. — Эфирное масло сандала в составе успокаивает и увлажняет кожу, делает ее мягкой и гладкой. — Экстракты ягод брусники, ежевики, клюквы и черники насыщают витаминами и антиоксидантами, улучшают тонус кожи и защищают от негативного воздействия окружающей среды. — Экстракты листьев земляники и малины освежают и тонизируют, поддерживая естественный гидробаланс. Подходит для ежедневного ухода.",Нанесите небольшое количество (достаточно 1–2 нажатий) на влажную кожу или мочалку. Вспеньте и распределите по телу массирующими движениями. Затем тщательно смойте водой. Подходит для ежедневного ухода.,Россия,15
289,2026-10-01T11:36:16.580160,20261001_104711_f22aa185,19000322301,parfjumerija/parfjumirovannyj-uhod,Zielinski & Rozen,"Grapefruit, Patchouli, White Rose",Твердое мыло,890.0,890.0,0.0,1,4.8,https://goldapple.ru/19000322301-grapefruit-patchouli-white-rose/,https://goldapple.ru/parfjumerija/parfjumirovannyj-uhod?p=15,"Бережно и эффективно очищает кожу, сохраняя ее мягкость. Подходит для ежедневного использования для рук и тела.","Вспеньте мыло ладонями, затем тщательно смойте теплой водой.",Россия,15
290,2026-10-01T11:36:25.815043,20261001_104711_f22aa185,19000208061,parfjumerija/parfjumirovannyj-uhod,ALCHEMY CARE,Retinol renewal,Ночной омолаживающий крем для лица,1498.0,1498.0,0.0,1,4.5,https://goldapple.ru/19000208061-retinol-renewal/,https://goldapple.ru/parfjumerija/parfjumirovannyj-uhod?p=15,"Ночной крем для лица Alchemy Care Cosmetics с ретинолом, аргановым маслом и экстрактом алоэ вера стимулирует обновление кожи и помогает уменьшить видимость морщин. Средство питает и увлажняет кожу, не оставляя ощущения липкости и жирности, улучшает тон и текстуру кожи, активизирует её восстановление в ночное время. Подходит для всех типов кожи. Содержание ретинола — 0,24%. В интернет-магазине представлен актуальный дизайн товара. При заказе вы можете получить товар как в старом, так и в новом дизайне.","Для ночного ухода. Нанесите вечером на кожу лица и шеи, распределите массирующими движениями, пока крем полностью не впитается. При использовании продуктов с ретинолом рекомендуется на следующий день защищать кожу с помощью солнцезащитных средств.",Испания,15
291,2026-10-01T11:36:32.756837,20261001_104711_f22aa185,19000021522,parfjumerija/parfjumirovannyj-uhod,Zielinski & Rozen,Nourishing,Ночной крем для лица,3990.0,3990.0,0.0,1,4.8,https://goldapple.ru/19000021522-universal/,https://goldapple.ru/parfjumerija/parfjumirovannyj-uhod?p=15,Активное питание. Быстро впитывается благодаря легкой текстуре. Для всех типов кожи.,Нанесите на чистую кожу легкими массирующими движениями. Меры предосторожности: Избегайте попадания в глаза. При возникновении раздражения прекратите использование.,Израиль,15
292,2026-10-01T11:36:42.392324,20261001_104711_f22aa185,19760340610,parfjumerija/parfjumirovannyj-uhod,Zielinski & Rozen,"Tobacco, Cedarwood, Pepper",Крем для тела,3431.0,3431.0,0.0,1,4.8,https://goldapple.ru/19760340610-fiction/,https://goldapple.ru/parfjumerija/parfjumirovannyj-uhod?p=15,"Баланс эстетики и функциональности. Тонкий аромат и легкая, но при этом насыщенная текстура делают нанесение максимально комфортным: крем равномерно распределяется и быстро впитывается, не оставляя ощущения липкости, питает и увлажняет кожу. Ароматы продукции Zielinski&Rozen изменили свое наименование без изменения состава.",Нанесите крем на сухую или слегка влажную кожу и распределите легкими массажными движениями до полного впитывания.,Израиль,15
293,2026-10-01T11:36:50.751390,20261001_104711_f22aa185,19000344114,parfjumerija/parfjumirovannyj-uhod,Bohemia,Tobacco&Vanilla,Нет категории,343.0,343.0,0.0,1,4.6,https://goldapple.ru/19000344114-tobacco-vanilla/,https://goldapple.ru/parfjumerija/parfjumirovannyj-uhod?p=15,"Парфюмированный гель для душа табак, ваниль и древесные ноты. Эксклюзивная формула с ароматом селективного парфюма. Гель для душа с роскошным ароматом табака, ванили и древесных нот подарит истинное удовольствие для души и тела! Его нежная воздушная пена бережно очищает, не нарушая pH кожи, и предотвращает ее сухость. Насыщенная формула геля содержит все необходимые ингредиенты для молодости, красоты и сияния кожи. После душа Ваша кожа гладкая и нежная, окутанная стойким ароматом дорогого парфюма. - Гиалуроновая кислота глубоко увлажняет и разглаживает кожу; - Аминокислотный комплекс обновляет, восстанавливает и улучшает тургор кожи, стимулирует выработку коллагена и эластина; - Комплекс натуральных масел глубоко питает, дарит гладкость и эластичность; - Д-пантенол и витамин Е защищают липидный барьер, смягчают и омолаживают кожу.","Небольшое количество геля нанесите на влажное тело или на мокрую губку и массажными движениями распределите по всему телу, затем тщательно смойте водой. Действие геля обусловлено действием компонентов.",Россия,15
294,2026-10-01T11:36:58.446715,20261001_104711_f22aa185,19000360047,parfjumerija/parfjumirovannyj-uhod,La Fabrique,tobacco-cherry,Нет категории,360.0,360.0,0.0,1,4.7,https://goldapple.ru/19000360047-tobacco-and-cherry/,https://goldapple.ru/parfjumerija/parfjumirovannyj-uhod?p=15,"Парфюмированное мыло «La Fabrique» сочетает насыщенный аромат табака, сладкие оттенки спелой вишни и теплую ноту ванили. Продукт создан для тех, кто ценит гармонию качественного ухода и выразительного парфюмерного сопровождения. Его текстура мягко очищает кожу, наполняя ванную комнату утонченным шлейфом благородного аромата. Мыло отличается продуманной формулой, заботящейся о коже, и элегантным оформлением. Аромат подчеркивает индивидуальность, делая уход за собой особенным моментом.","Нанесите немного средства на влажные ладони, вспеньте и тщательно смойте водой.",Россия,15
295,2026-10-01T11:37:07.227999,20261001_104711_f22aa185,99000015596,parfjumerija/parfjumirovannyj-uhod,LAMONNET,orchid & mango,Парфюмированный гель для душа,890.0,890.0,0.0,1,4.8,https://goldapple.ru/99000015596-orchid-mango/,https://goldapple.ru/parfjumerija/parfjumirovannyj-uhod?p=15,"Парфюмированный гель для душа от LAMONNET. Профессиональный уход и забота о вашей коже. Нежная кремовая пена и активный увлажняющий комплекс восстанавливают гидробаланс кожи, повышая её мягкость, тонус и упругость. Сбалансированная формула с высокой концентрацией натуральных природных компонентов бережно и в то же время глубоко очищает кожу от загрязнений. Густая текстура геля обеспечит маленький и экономный расход. Большой объем 750 мл станет идеальным выбором для всей семьи. Гармония и расслабление. Парфюмированная отдушка из Франции подарит легкий и ненавязчивый шлейф на протяжении нескольких часов. Роскошный дизайн флакона с удобным дозатором будет украшением любой ванной комнаты. Парфюмерная композиция: “Орхидея и манго”. Очаровывающий, аппетитный, солнечный. Воздушный летний пудинг. Цветущая орхидея переливается с ароматом сочного манго, под теплыми тропическими лучами. Универсальный шлейфовый аромат подойдёт как для женщин, так и для мужчин на каждый день.","Нанесите небольшое количество геля на влажную кожу, тщательно вспеньте и распределите по телу, смойте теплой водой.",Россия,15
296,2026-10-01T11:37:16.753604,20261001_104711_f22aa185,19000412895,parfjumerija/parfjumirovannyj-uhod,Yves Rocher,BOIS DE SAUGE,Шампунь-гель для душа,761.0,761.0,0.0,1,5.0,https://goldapple.ru/19000412895-bois-de-sauge/,https://goldapple.ru/parfjumerija/parfjumirovannyj-uhod?p=15,Во время принятия душа ощутите энергию дерзкой свежести туалетной воды Bois de Sauge. Этот гелеобразный пенящийся шампунь-гель растительного происхождения нежно очищает ваши волосы и кожу и оставляет на них приятный аромат. Дизайн упаковки может отличаться.,"Нанесите шампунь-гель на влажные волосы и кожу тела, помассируйте до появления пены, тщательно смойте водой. Избегайте попадания в глаза.",Франция,15
297,2026-10-01T11:37:25.578787,20261001_104711_f22aa185,19000447597,parfjumerija/parfjumirovannyj-uhod,Amouage,Guidance,Парфюмированный Гель для душа,13640.0,13640.0,0.0,1,4.9,https://goldapple.ru/19000447597-guidance/,https://goldapple.ru/parfjumerija/parfjumirovannyj-uhod?p=15,"Бодрящая, нежная, глубоко очищающая и восстанавливающая формула геля для ванны и душа Guidance Bath & Shower Gel создает густую пену, увлажняя кожу и делая ее мягкой и эластичной. Добавление деликатно очищающего масла оманского ладана выявляет более освежающие элементы парфюмированной воды Guidance, оставляя на теле завораживающий след аромата. Аромат Guidance — непривычная интерпретация триады Amouage, состоящей из розы, ладана и амбры, — звучит как поэма, ощущается как объятия, воспринимается как мудрое изречение.","Наносите средство на влажную кожу массажными движениями, а затем тщательно смойте водой.",Оман,15
298,2026-10-01T11:37:33.352981,20261001_104711_f22aa185,99000045888,parfjumerija/parfjumirovannyj-uhod,MOYORY,"Peach, Patchouli, Maracuja",Парфюмированный гель для душа,796.0,796.0,0.0,1,4.9,https://goldapple.ru/99000045888-peach-patchouli-maracuja/,https://goldapple.ru/parfjumerija/parfjumirovannyj-uhod?p=15,"Представляем вам эксклюзивный гель для душа с дозатором, который превратит каждый прием душа в незабываемое удовольствие. Гель для душа с ароматом персика, пачули и маракуйи – это воплощение роскоши и элегантности. Его насыщенный и изысканный аромат раскрывается сладкими фруктово-ягодными нотами, плавно переходящими в пикантные оттенки пачули. Эта гармоничная композиция оставляет на коже нежный и чувственный шлейф, который будет сопровождать вас в течение всего дня.","Нанесите гель на влажное тело, вспеньте, тщательно смойте теплой водой.",Россия,15
299,2026-10-01T11:37:43.564687,20261001_104711_f22aa185,19000144650,parfjumerija/parfjumirovannyj-uhod,Kerasys,PURE & CHARMING,Парфюмированный Шампунь для волос,844.0,844.0,0.0,1,4.7,https://goldapple.ru/19000144650-perfume-pure-charming-shampoo/,https://goldapple.ru/parfjumerija/parfjumirovannyj-uhod?p=15,"Парфюмированный шампунь «Чистота и шарм» Kerasys Pure & Charming Perfumed Shampoo предназначен для регулярного ухода за сухими, ломкими волосами, требующими интенсивного увлажнения и питания. Шампунь помогает сохранить влагу в клетках волос, выравнивает их структуру, придает блеск, шелковистость и нежный, свежий аромат утренней росы. Экстракт гардении в составе шампуня оказывает питающее, увлажняющее, защищающее, восстанавливающее действие. Волосы становятся роскошными, плотными, упругими и наполненными жизненной силой. К тому же экстракт цветов гардении благотворно воздействует и на кожу головы увлажняет, смягчает и питает ее.","Нанесите на мокрые волосы небольшое количество средства, вспеньте, тщательно смойте водой комнатной температуры. При необходимости повторите. После шампуня рекомендуется использовать кондиционер",Республика корея,15
300,2026-10-01T11:37:52.332486,20261001_104711_f22aa185,19000180344,parfjumerija/parfjumirovannyj-uhod,Zielinski & Rozen,"Grapefruit, Basil, Petitgrain",Твердое мыло,890.0,890.0,0.0,1,4.7,https://goldapple.ru/19000180344-grapefruit-basil-petitgrain/,https://goldapple.ru/parfjumerija/parfjumirovannyj-uhod?p=15,"Ароматное мыло — беспроигрышный подарок по любому поводу и любому человеку: в том числе, самому себе. В составе — только натуральные ингредиенты, которые мягко и эффективно очищают кожу от загрязнений и не оставляют ощущения сухости после мытья. Подходит для ежедневного мытья рук и тела, а компактную металлическую мыльницу удобно брать с собой в путешествия. Также твердое мыло можно использовать как саше: если положить его в шкаф с одеждой, гардероб наполнится любимым ароматом.",Храните мыло в гардеробе в качестве саше или используйте по прямому назначению: вспеньте в руках и смойте водой.,Россия,15
301,2026-10-01T11:38:16.919356,20261001_104711_f22aa185,99000135581,parfjumerija/parfjumirovannyj-uhod,MØS Skincare,"VANILLA, AMBER, LEMON, MOSS",Парфюмированный увлажняющий крем для рук,1063.0,1063.0,0.0,1,4.9,https://goldapple.ru/99000135581-vanilla-amber-lemon-moss/,https://goldapple.ru/parfjumerija/parfjumirovannyj-uhod?p=16,"Парфюмированный крем для рук Vanilla, Amber, Lemon — это качественная органическая косметика для ухода за руками и ежедневной гигиены. Его формула, богатая натуральными маслами, обеспечивает глубокое увлажнение и регенерацию кожных покровов, возвращая рукам мягкость, упругость и здоровый вид. Преимущества: — Нежная текстура крема мгновенно впитывается, не оставляя следа и не утяжеляя кожу. — Натуральный состав безопасен для чувствительной кожи. — Парфюмированный аромат делает уход за руками более приятным. — Маленький тюбик крема, 50 мл, удобен для сумки или косметички. — Увлажняющий эффект возвращает рукам молодость и свежесть. — Быстрое впитывание не оставляет следов на одежде или предметах быта. — Органическое происхождение компонентов гарантирует безопасность даже для самой чувствительной кожи ребенка. Аромат крема выстраивается по классической ольфакторной пирамиде. Верхние ноты открывают свежий, цитрусовый аккорд лимона, придающий композиции лёгкость и яркость. В сердце аромата раскрываются тёплые, обволакивающие тона ванили, создающие сладковато-пряное звучание. Базовые ноты формируют глубокий, землистый шлейф из амбры и мха, добавляющий композиции стойкость, бархатистость и природную глубину.",Массажными движениями нанести крем на сухую чистую кожу рук.,Россия,16
302,2026-10-01T11:38:25.726445,20261001_104711_f22aa185,19000157325,parfjumerija/parfjumirovannyj-uhod,Flame moscow,Anastasia,Соль для ванны,370.0,370.0,0.0,1,4.9,https://goldapple.ru/19000157325-anastasia/,https://goldapple.ru/parfjumerija/parfjumirovannyj-uhod?p=16,"В этом аромате запечатлен горный воздух в ясную ночь и снежная пыль, дарящая спокойствие и умиротворение. Фужерный, свежий, древесный, прохладный. Anastasia окружает свежестью можжевеловых ягод и потрескивающей березой. Ветивер наполняет сердце композиции, обрамленный томным мхом и пряной лакрицей. Верхние ноты: Можжевеловые ягоды, береза Средние ноты: Ветивер, мускус, кедр Базовые ноты: Мох, лакрица, тиковое дерево Морская соль Северного и Средиземного морей пропитана ароматическими маслами. Смесь способствует ароматерапии, а также общему расслаблению и восстановлению, поддержанию тонуса и уменьшению напряжения в мышцах.","Наполните не менее половины ванны водой, растворите содержимое в горячей воде и дайте настояться 5 минут, затем разбавьте воду до комфортной температуры при необходимости. Пакетика хватает на 1-2 применения. Будьте осторожны! После использования поверхность ванны может быть чуть более скользкой, чем обычно.",Россия,16
303,2026-10-01T11:38:34.525757,20261001_104711_f22aa185,99000104270,parfjumerija/parfjumirovannyj-uhod,HELDI,Kirke Fantasy,Нет категории,645.0,645.0,0.0,1,4.7,https://goldapple.ru/99000104270-kirke-fantasy/,https://goldapple.ru/parfjumerija/parfjumirovannyj-uhod?p=16,"Парфюмированный крем для рук и тела HELDI с нотами маракуйи, персика, сандала и ванили сочетает уход за кожей и сочное фруктовое звучание с тёплым, чувственным характером. Увлажняющий крем поддерживает мягкость и комфорт кожи в течение дня. Лёгкая кремовая текстура быстро впитывается, не оставляя липкости и жирной плёнки, а аромат постепенно раскрывается на коже мягким ванильно-мускусным шлейфом. Увлажнение и комфорт каждый день. Крем восполняет необходимое увлажнение, устраняет чувство стянутости и поддерживает комфорт кожи в течение дня. Подходит для рук и всего тела, в том числе участков, особенно склонных к сухости: локтей, коленей, голеней и стоп. Формат с дозатором удобно использовать дома или держать на рабочем столе. Аромат. Сочная фруктовая композиция с тёплым, чувственным шлейфом: — маракуйя, персик, груша, малина и чёрная смородина — яркий, спелый фруктовый старт — ландыш — нежное цветочное сердце — мускус, сандал, ваниль, пачули и гелиотроп — тёплый, сливочно-чувственный шлейф Аромат раскрывается от сочных фруктов к мягкой ванильно-мускусной базе, становясь теплее и глубже на коже. Формула для питания и увлажнения. — масла ши, оливы и авокадо питают и смягчают кожу — витамин Е обеспечивает антиоксидантный уход — пантенол и бетаин поддерживают увлажнённость и ощущение комфорта — мочевина и глицерин притягивают и удерживают влагу Результат. Мягкая, гладкая и увлажнённая кожа без ощущения сухости и стянутости — с насыщенным фруктовым ароматом, который остаётся после нанесения. HELDI — когда уход звучит как любимый аромат.","Нанесите необходимое количество крема на чистую сухую кожу рук или тела и распределите массажными движениями до полного впитывания. После душа нанесите средство на всё тело, уделяя особое внимание участкам, склонным к сухости и шелушению: локтям, коленям, голеням и стопам. Для рук используйте после контакта с водой или в течение дня, когда коже требуется дополнительное увлажнение. Подходит для ежедневного применения.",Россия,16
304,2026-10-01T11:38:43.988600,20261001_104711_f22aa185,19000475181,parfjumerija/parfjumirovannyj-uhod,Solzao,SUGAR HEAD,Нет категории,355.0,355.0,0.0,1,4.4,https://goldapple.ru/19000475181-sugar-head/,https://goldapple.ru/parfjumerija/parfjumirovannyj-uhod?p=16,"Погрузитесь в атмосферу томного дня в Рио с ароматом жжёной карамели. — Масло бразильского ореха глубоко питает и придаёт коже здоровое сияние; — Масло грецкого ореха восстанавливает липидный барьер, увлажняет и питает; — Экстракт сахарного тростника стимулирует выработку коллагена и обновление клеток; — Экстракт какао повышает эластичность и обладает антиоксидантным действием; — Экстракт кофе улучшает тонус и подтягивает кожу; — Витамин E придаёт гладкость и мягкость.",1. По-бразильски энергично встряхните флакон перед использованием. 2. Нанесите крем на кожу рук и массируйте до полного растворения гранул. 3. После впитывания средство продолжит питать кожу витаминами.,Россия,16
305,2026-10-01T11:38:52.410785,20261001_104711_f22aa185,19760301706,parfjumerija/parfjumirovannyj-uhod,Zielinski & Rozen,"Black Pepper, Vetiver, Neroli, Amber",Масло для тела,2990.0,2990.0,0.0,1,4.6,https://goldapple.ru/19760301706-black-pepper-amber-neroli/,https://goldapple.ru/parfjumerija/parfjumirovannyj-uhod?p=16,"SOS-средство для экстремального климата, холодного времени года и обезвоженной кожи. Обогащенная увлажняющими и ухаживающими компонентами формула позволяет защитить кожу от агрессивных внешних факторов и быстро восстановить ее после стрессового воздействия. Масло Zielinski & Rozen делает кожу мягкой и приятной на ощупь, мгновенно впитывается и не оставляет следов на одежде. Ароматы продукции Zielinski&Rozen изменили свое наименование без изменения состава.",Нанесите масло на кожу и распределите легкими массажными движениями до полного впитывания.,Израиль,16
306,2026-10-01T11:39:02.826097,20261001_104711_f22aa185,99000011113,parfjumerija/parfjumirovannyj-uhod,ndless beauty,Balance,Лосьон для тела,1610.0,1610.0,0.0,1,4.9,https://goldapple.ru/99000011113-balance/,https://goldapple.ru/parfjumerija/parfjumirovannyj-uhod?p=16,"Коллекция “Баланс” со свежим сладковато-цитрусовым ароматом помогает восстанавливать и поддерживать внутреннее равновесие во время повседневных ритуалов ухода за собой. В составе средств коллекции - эфирные масла литсея кубеба и кедра, которые снимают эмоциональное напряжение, повышают настроение и балансируют работу нервной системы. А формулы продуктов сочетают эффективный уход и деликатную сенсорную стимуляцию, чтобы вернуть гармоничное и целостное ощущение тела. Шелковистый лосьон для тела “Баланс” прекрасно увлажняет, разглаживает кожу и возвращает ее упругость. Лосьон легко распределяется по коже, быстро впитывается и не оставляет липкости. Свежий леденцово-цитрусовый аромат эфирных масел помогает вернуть ощущение спокойствия и радости. Используйте его в течение дня для поддержания мягкости кожи или наносите после душа, сочетая с самомассажем.","Выдавите необходимое количество лосьона на ладони, соедините их, согревая средство, раскройте и сделайте 3 глубоких вдоха и выдоха. Чтобы взбодриться и почувствовать тонус с теле, распределите лосьон энергичными движениями снизу вверх или от центра тела к кончикам пальцев рук и ног. Завершите нанесение легкими похлопываниями. Чтобы расслабиться и ощутить мягкость тела, распределите лосьон плавными, надавливающими движениями, двигаясь сверху вниз или от кончиков пальцев к центру. Разотрите ладони друг о друга, почувствуйте их тепло. Положите ладони на середину грудной клетки и снова сделайте 3 глубоких вдоха и выдоха.",Россия,16
307,2026-10-01T11:39:12.145507,20261001_104711_f22aa185,19000333819,parfjumerija/parfjumirovannyj-uhod,Make Sense,Sense of Warmness,Парфюмированный гель для душа,534.0,534.0,0.0,1,4.9,https://goldapple.ru/19000333819-sense-of-warmness/,https://goldapple.ru/parfjumerija/parfjumirovannyj-uhod?p=16,"Коллекция 'Sense of Warmness' обволакивает вас теплом и уютом. - Амбра создает ауру загадочности. - Ветивер обеспечивает глубоким чувством спокойствия. - Кедр с его теплыми, древесными нотами переносит вас в гармонию с природой 8 Мускус придает нотку интимности и умиротворения, завершая эту уникальную коллекцию. Нежный гель для душа из коллекции 'Sense of Warmness' бережно очищает, увлажняет и дарит приятные ощущения.",Нанесите гель на влажное тело или губку. Массажными движениями распределите по всему телу. Смойте теплой водой.,Россия,16
308,2026-10-01T11:39:20.040673,20261001_104711_f22aa185,19000263821,parfjumerija/parfjumirovannyj-uhod,Maison Francis Kurkdjian,OUD satin mood,парфюмированный лосьон для тела,11700.0,11700.0,0.0,1,4.9,https://goldapple.ru/19000263821-oud-satin-mood/,https://goldapple.ru/parfjumerija/parfjumirovannyj-uhod?p=16,"Парфюмированный лосьон для тела OUD satin mood увлажняет кожу, оставляя нежный аромат. Нежная и легкая текстура быстро впитывается, мгновенно создавая ощущение комфорта на коже. OUD satin mood отражает желание парфюмера привнести в жизнь мерцающую грань. Окутайте себя древесно-амбровой вуалью, чтобы приостановить время и почувствовать себя здесь и сейчас. Утонченные фиалковые аккорды, ноты удового дерева, эссенция розы и абсолю розы сливаются с насыщенным ванильно-амбровым шлейфом. Лосьон с маслом ши и маслом семян камелии, заключенный в элегантный флакон с иконическим полуночно-синим цветом OUD satin mood , делает кожу шелковистой, мягкой и бархатистой Чтобы насладиться моментом ухода за собой и продлить звучание вашего аромата OUD satin mood , попробуйте также парфюмированную дымку для волос OUD satin mood .",Нанести на кожу и распределить по всему телу легкими массирующими движениями.,Франция,16
309,2026-10-01T11:39:28.939106,20261001_104711_f22aa185,19000041988,parfjumerija/parfjumirovannyj-uhod,PRESS GURWITZ PERFUMERIE,"№2 Black Pepper, Tonka bean, Patchouli",увлажняющий Лосьон для тела,1264.0,1264.0,0.0,1,4.7,https://goldapple.ru/19000041988-no2/,https://goldapple.ru/parfjumerija/parfjumirovannyj-uhod?p=16,"Увлажняющий лосьон для тела и рук Press Gurwitz Perfumerie быстро впитывается, глубоко увлажняет и восстанавливает гидролипидную пленку кожи.  Удивительный бленд черного перца, пряных бобов Тонка и пачули. Аромат теплый, восточный и немного травянистый. Лосьон для рук и тела содержит питательное масло ши, витамин Е и пантенол, благодаря которым, кожа быстро восстанавливается и удерживает влагу, становится мягкой и ухоженной. Входящие в состав пребиотики защищают кожу от негативного воздействия окружающей среды.  В коллекции используются селекционные авторские ароматы, которые остаются с вами надолго. Все ароматы унисекс.",Нанести небольшое количество молочка на чистое тело и руки,Россия,16
310,2026-10-01T11:39:37.263647,20261001_104711_f22aa185,19760340609,parfjumerija/parfjumirovannyj-uhod,Zielinski & Rozen,Orange & Jasmine,Крем для тела,3431.0,3431.0,0.0,1,4.7,https://goldapple.ru/19760340609-orange-jasmine-vanilla/,https://goldapple.ru/parfjumerija/parfjumirovannyj-uhod?p=16,"Баланс эстетики и функциональности. Тонкий аромат и легкая, но при этом насыщенная текстура делают нанесение максимально комфортным: крем равномерно распределяется и быстро впитывается, не оставляя ощущения липкости, питает и увлажняет кожу. Ароматы продукции Zielinski&Rozen изменили свое наименование без изменения состава.",Нанесите крем на сухую или слегка влажную кожу и распределите легкими массажными движениями до полного впитывания.,Израиль,16
311,2026-10-01T11:39:45.564104,20261001_104711_f22aa185,19000438923,parfjumerija/parfjumirovannyj-uhod,Synergetic,табак-ваниль,Парфюмированный гель для душа,398.0,398.0,0.0,1,4.6,https://goldapple.ru/19000438923-tabak-vanil/,https://goldapple.ru/parfjumerija/parfjumirovannyj-uhod?p=16,"Парфюмированный гель для душа SYNERGETIC tobacco-vanille/табак-ваниль на основе натуральных компонентов мягко очищает, освежает и заботится о коже, оставляя на ней пряный амбровый аромат. Масло макадамии питает и увлажняет, делая кожу нежной и бархатистой, сохраняя при этом её естественный гидролипидный баланс. Экстракт розмарина тонизирует кожу, возвращает ей природную эластичность и упругость, а экстракт ванили успокаивает и смягчает. Физиологичный уровень pH 5,5 гарантирует мягкость кожи и безопасность при частом использовании даже для чувствительной кожи. Средство не содержит SLES, силиконов, красителей и минеральных масел. Парфюмерная композиция наполнена восхитительными сочетаниями сладких восточных, древесно-пряных и пьянящих табачных нот. Загадочный характер аромата открывается дымными и терпкими оттенками специй и табачных листьев, которые плавно перетекают в сладость ванили, какао и обжаренных бобов тонка. Завершается симфония аккордами многогранных древесных акцентов с нотами сухофруктов. Аромат наполнен тёплым вечерним настроением, он восхищает своей многогранной красотой и смелым темпераментом.","Нанести гель на влажную кожу, вспенить и тщательно смыть водой. Перед применением рекомендуется взболтать. Возможно незначительное изменение цвета средства, не влияющее на его качество и свойства.",Россия,16
312,2026-10-01T11:39:53.365366,20261001_104711_f22aa185,19000316353,parfjumerija/parfjumirovannyj-uhod,HFC,Sunmusk,Парфюмированный лосьон для тела,6900.0,6900.0,0.0,1,4.9,https://goldapple.ru/19000316353-sunmusk/,https://goldapple.ru/parfjumerija/parfjumirovannyj-uhod?p=16,"Легкий и воздушный лосьон для тела c деликатными золотыми частичками, создан для особенного ухода за вашим телом. Он обеспечит вашей коже необходимый уход, подчеркнет её естественную красоту, придаст ей роскошное мерцание и окутает нежной вуалью изысканного аромата. Sun Musk Shimmering body lotion содержит уникальный ингредиент (Emulium mellifera mb.), созданный по запатентованной технологии, его основой являются пчелиный воск и масло жожоба. Благодаря высокотехнологичным и инновационным процессам, эти ингредиенты приобретают максимальную эффективность. Emulium mellifera mb., является первым ингредиентом, который автоматически адаптируется к изменяющимся условиям окружающей среды. В холодную или сухую погоду создает на коже мягкий, комфортный защитный барьер. В жарких и влажных условиях стабилизирует сенсорные свойства, делая кожу менее жирной и более матовой. Shimmering body lotion Sunmusk содержит натуральный экстракт нигеллы, полученный из семян Nigella sativa. Это однолетнее цветущее растение, родом из Юго-Западной Азии. Антиоксидантная активность успокаивает кожу, снимает красноту, воспаление и раздражение. Дарит ощущение комфорта на целый день. Защищает кожу от окислительных процессов и борется со свободными радикалами, предотвращая старение кожи.",Для наружного применения.,Франция,16
313,2026-10-01T11:40:00.157696,20261001_104711_f22aa185,19000463141,parfjumerija/parfjumirovannyj-uhod,Feel Moment,"Жасмин, апельсин и ваниль",Нет категории,691.0,691.0,0.0,1,4.8,https://goldapple.ru/19000463141-zasmin-apel-sin-i-vanil/,https://goldapple.ru/parfjumerija/parfjumirovannyj-uhod?p=16,"Крем-баттер для тела парфюмированный увлажняющий Feel Moment из новой линейки Air — это настоящий эликсир для вашей кожи. Он бережно ухаживает за ней при каждом нанесении и станет спасением для обладателей сухой и очень сухой кожи благодаря ценным маслам кокоса и ши. Формула средства с натуральными маслами и витамином C глубоко увлажняет, питает и восстанавливает кожу тела, рук и ног. Кокосовое масло и масло ши смягчают, питают, успокаивают и увлажняют эпидермис, способствуя его восстановлению. Витамин C в сочетании с экстрактами ванили и апельсина делает кожу упругой и сияющей. Насыщенная текстура крема нежно тает на коже, даря ей мягкость и увлажнение. У этого баттера чарующий аромат: легкие цитрусовые ноты бергамота и лимона сменяются сияющей свежестью цветов апельсина и жасмина, а затем переходят в мягкие древесные ноты сандала, мускуса и теплой ванили. Крем восстанавливает и питает сухую кожу на пятках и локтях. Его следует наносить на чистую сухую кожу после бани, ванны или душа, массируя до полного впитывания. Линия Air дарит ощущение легкости, свободы и внутренней гармонии. Почувствуйте дыхание утреннего сада с линией Air. Парфюмированная линейка Feel Moment создает атмосферу, в которой можно расслабиться и насладиться моментом. Уходовая косметика Feel Moment заботится о женской коже и дарит ей красоту. предостережения Содержит витамин С, рекомендуем использовать с осторожностью.",1. Нанесите на чистую сухую кожу. 2. Легко массируйте до полного впитывания. 3. Используйте по мере необходимости.,Россия,16
314,2026-10-01T11:40:09.965612,20261001_104711_f22aa185,19000275218,parfjumerija/parfjumirovannyj-uhod,Бархатные ручки,с маслом миндаля,Нет категории,346.0,346.0,0.0,1,4.7,https://goldapple.ru/19000275218-s-maslom-mindala/,https://goldapple.ru/parfjumerija/parfjumirovannyj-uhod?p=16,"Насладитесь качественным уходом за кожей с эффектом спа-процедуры у себя дома! Эксперт №1 в уходе за руками – бренд Бархатные ручки – представляет бьюти-новинку – парфюмированное крем-масло для рук и тела Питание Нежная вуаль. Крем на 100% натуральной основе обогащен маслом миндаля. Насыщенная текстура эффективно питает и придает коже мягкость. Почувствуйте нежный аромат гармонии и спокойствия, который открывается фруктовыми нотами, оттененными ландышем и миндалём, а основа представлена кремовой ванилью и мускусом. Идеален для использования перед сном. Насладитесь невероятным ароматом и ощутите, как после применения крем-масла Питание Нежная Вуаль кожа становится мягкой и ухоженной. Можно использовать для рук и всего тела. Не содержит спирта. Подходит для ежедневного применения.","Наносите на чистую сухую кожу, легко массируя до полного впитывания. Используйте по мере необходимости.",Россия,16
315,2026-10-01T11:40:16.676652,20261001_104711_f22aa185,19000446826,parfjumerija/parfjumirovannyj-uhod,Nobile 1942,La danza delle libellule,Парфюмерный экстракт,17536.0,17536.0,0.0,1,4.8,https://goldapple.ru/19000446826-la-danza-delle-libellule/,https://goldapple.ru/parfjumerija/parfjumirovannyj-uhod?p=16,"Уникальная композиция NOBILE 1942 с высокой стойкостью и концентрацией создана в соответствии с принципами ароматерапии для по-настоящему ароматных объятий. Название она получила от оперетты Франца Легара «Танец стрекоз», автора другого известного произведения «Веселая вдова». Величественные замки, пышные сады, веселые поездки и праздные развлечения, романтические встречи и любовные интриги обрамляют мелодию, созданную композитором. Парфюмерный экстракт LA DANZA DELLE LIBELLULE — «аромат улыбок», призывающий относиться к жизни с большей легкостью и не слишком серьезно. Он предлагает оставить немного времени для легкомыслия и невинной беззаботности. Гурманские ноты красного яблока, корицы и какао окутывают сладкими объятиями, согревающими сердце. Нота ванили дарит обволакивающий шлейф.",Только для наружного применения.,Италия,16
316,2026-10-01T11:40:26.130985,20261001_104711_f22aa185,90151100010,parfjumerija/parfjumirovannyj-uhod,Zielinski & Rozen,"Vetiver, Lemon",Мыло твердое,890.0,890.0,0.0,1,4.8,https://goldapple.ru/90151100010-vetiver-lemon-bergamot/,https://goldapple.ru/parfjumerija/parfjumirovannyj-uhod?p=16,"Твердое мыло никогда не выйдет из моды, ведь тактильные ощущения — самое приятное, что можно испытывать. А положив кусочек мыла в гардероб одежда будет всегда пропитана любимым ароматом. Мыло имеет уникальную базу, создающую ощущение крема. От него не остаются мыльные следы на раковине или мыльнице. В составе только натуральные ингредиенты. Твердое мыло мягко и эффективно очищает кожу от жира и других видов загрязнений. Гигиеническое мыло Zielinski&Rozen подходит для ежедневного умывания лица, мытья рук и тела. Ароматы продукции Zielinski&Rozen изменили свое наименование без изменения состава.",Вспенить мыло в руках. Тщательно смыть теплой водой,Россия,16
317,2026-10-01T11:40:33.677511,20261001_104711_f22aa185,19000435710,parfjumerija/parfjumirovannyj-uhod,Parfums de Marly,Valaya,Крем для тела,9375.0,9375.0,0.0,1,4.9,https://goldapple.ru/19000435710-valaya/,https://goldapple.ru/parfjumerija/parfjumirovannyj-uhod?p=16,"Крем для тела Valaya оставляет на коже аромат элегантных нот Valaya. Минималистская формула из тщательно отобранных ингредиентов. Крем для тела Valaya деликатно ароматизирует и увлажняет кожу в течение 8 часов*. Заботливая веганская формула на 95% натуральна и содержит витамин Е. • Не содержит парабенов, фталатов и сульфатов. • Длительный увлажняющий эффект до 8 часов подтверждён инструментальными исследованиями. • +42% увлажнения после нанесения крема.",Массажными движениями наносите крем на тело как часть ежедневного ритуала.,Франция,16
318,2026-10-01T11:40:42.682822,20261001_104711_f22aa185,19000322300,parfjumerija/parfjumirovannyj-uhod,Zielinski & Rozen,Black Vanilla,Твердое мыло в алюминиевой мыльнице,1590.0,1590.0,0.0,1,4.8,https://goldapple.ru/19000322300-black-vanilla/,https://goldapple.ru/parfjumerija/parfjumirovannyj-uhod?p=16,"Бережно и эффективно очищает кожу, сохраняя ее мягкость. Подходит для ежедневного использования для рук и тела.","Вспеньте мыло ладонями, затем тщательно смойте теплой водой.",Россия,16
319,2026-10-01T11:40:51.351723,20261001_104711_f22aa185,19000311737,parfjumerija/parfjumirovannyj-uhod,Touch&Relax,"Табак, ваниль и древесные ноты",Парфюмированный гель для душа,558.0,558.0,0.0,1,4.6,https://goldapple.ru/19000311737-tabak-vanil-i-drevesnye-noty/,https://goldapple.ru/parfjumerija/parfjumirovannyj-uhod?p=16,"Парфюмированный гель для душа Табак, ваниль и древесные ноты. Эксклюзивная формула с ароматом селективного парфюма. Гель для душа с роскошным ароматом табака, ванили и древесных нот подарит истинное удовольствие для души и тела! Его нежная воздушная пена бережно очищает, не нарушая pH кожи, и предотвращает ее сухость. Насыщенная формула геля содержит все необходимые ингредиенты для молодости, красоты и сияния кожи. После душа Ваша кожа гладкая и нежная, окутанная стойким ароматом дорогого парфюма. -Гиалуроновая кислота глубоко увлажняет и разглаживает кожу. -Аминокислотный комплекс обновляет, восстанавливает и улучшает тургор кожи, стимулирует выработку коллагена и эластина. -Комплекс натуральных масел глубоко питает, дарит гладкость и эластичность. -Д-пантенол и витамин Е защищают липидный барьер, смягчают и омолаживают кожу.","Небольшое количество геля нанесите на влажную кожу или спонж, помассируйте до образования пены, смойте водой.",Россия,16
320,2026-10-01T11:41:00.477477,20261001_104711_f22aa185,19760301722,parfjumerija/parfjumirovannyj-uhod,Zielinski & Rozen,Orange & Jasmine,Соль мертвого моря,2590.0,2590.0,0.0,1,4.9,https://goldapple.ru/19760301722-orange-jasmine-vanilla/,https://goldapple.ru/parfjumerija/parfjumirovannyj-uhod?p=16,"Мертвое море — богатейший источник минералов, которые способны решить целый ряд проблем кожи: от сухости до высыпаний и воспалений. 100% натуральная кристаллическая соль Zielinski & Rozen, добытая из Мертвого моря, улучшает микроциркуляцию и обмен веществ в коже, деликатно отшелушивает ороговевшие клетки и ухаживает за проблемными участками. Ароматы продукции Zielinski&Rozen изменили свое наименование без изменения состава.","Для принятия ванны разведите 100-200 г. соли в теплой воде, а после принятия ванны ополосните кожу чистой водой.",Израиль,16
321,2026-10-01T11:41:23.674384,20261001_104711_f22aa185,90150700001,parfjumerija/parfjumirovannyj-uhod,Zielinski & Rozen,"Black Pepper, Vetiver, Neroli, Amber",Крем для тела,3990.0,3990.0,0.0,1,4.7,https://goldapple.ru/90150700001-black-pepper-amber-neroli/,https://goldapple.ru/parfjumerija/parfjumirovannyj-uhod?p=17,"Баланс эстетики и функциональности. Тонкий аромат и легкая, но при этом насыщенная текстура делают нанесение максимально комфортным: крем равномерно распределяется и быстро впитывается, не оставляя ощущения липкости, питает и увлажняет кожу. Ароматы продукции Zielinski&Rozen изменили свое наименование без изменения состава.",Нанесите крем на сухую или слегка влажную кожу и распределите легкими массажными движениями до полного впитывания.,Израиль,17
322,2026-10-01T11:41:32.037847,20261001_104711_f22aa185,19000021509,parfjumerija/parfjumirovannyj-uhod,Zielinski & Rozen,Black Vanilla,Нет категории,2390.0,2390.0,0.0,1,4.7,https://goldapple.ru/19000021509-vanilla-blend/,https://goldapple.ru/parfjumerija/parfjumirovannyj-uhod?p=17,"Эффективно очищает от всех видов загрязнений и подходит для ежедневного использования: средство содержит увлажняющие и смягчающие натуральные масла. Приятный бонус — ароматный шлейф, остающийся на коже несколько часов. Ароматы продукции Zielinski&Rozen изменили свое наименование без изменения состава.","Нажмите на дозатор, вспеньте мыло в руках и затем смойте водой.",Израиль,17
323,2026-10-01T11:41:41.798225,20261001_104711_f22aa185,19760314265,parfjumerija/parfjumirovannyj-uhod,Zielinski & Rozen,"Tobacco, Cedarwood, Pepper",Нет категории,2390.0,2390.0,0.0,1,4.9,https://goldapple.ru/19760314265-fiction/,https://goldapple.ru/parfjumerija/parfjumirovannyj-uhod?p=17,"Эффективно очищает от всех видов загрязнений и подходит для ежедневного использования: средство содержит увлажняющие и смягчающие натуральные масла. Приятный бонус — ароматный шлейф, остающийся на коже несколько часов. Ароматы продукции Zielinski&Rozen изменили свое наименование без изменения состава.","Нажмите на дозатор, вспеньте мыло в руках и затем смойте водой.",Израиль,17
324,2026-10-01T11:41:50.880299,20261001_104711_f22aa185,19000084145,parfjumerija/parfjumirovannyj-uhod,Zielinski & Rozen,"Peach, Passion fruit, Musk",Крем для тела,3990.0,3990.0,0.0,1,4.8,https://goldapple.ru/19000084145-peach-passion-fruit-musk/,https://goldapple.ru/parfjumerija/parfjumirovannyj-uhod?p=17,"Баланс эстетики и функциональности. Тонкий аромат и легкая, но при этом насыщенная текстура делают нанесение максимально комфортным: крем равномерно распределяется и быстро впитывается, не оставляя ощущения липкости, питает и увлажняет кожу.",Нанесите крем на сухую или слегка влажную кожу и распределите легкими массажными движениями до полного впитывания.,Израиль,17
325,2026-10-01T11:42:00.283912,20261001_104711_f22aa185,19000423804,parfjumerija/parfjumirovannyj-uhod,Weleda,toner,освежающий тоник для лица,972.0,972.0,0.0,1,4.8,https://goldapple.ru/19000423804-osvezausij/,https://goldapple.ru/parfjumerija/parfjumirovannyj-uhod?p=17,"Нежный тоник для нормальной и комбинированной кожи завершает ритуал очищения, освежая и тонизируя кожу. Уникальная формула с гамамелисом способствует очищению пор, а органические экстракты листьев розы и шалфея обеспечивают дополнительный уход. Органический лимонный сок придает свежесть и помогает улучшить цвет лица. Аромат тоника — сочетание эфирных масел цитрусовых с терпкими нотами шалфея, что создает ощущение легкости и комфорта. Продукт подготавливает кожу к последующим этапам ухода и дарит ей здоровое сияние.","Нанесите небольшое количество тоника на лицо, шею и область декольте с помощью ватного диска. Используйте сразу после первого этапа очищения. Не смывайте.",Австрия,17
326,2026-10-01T11:42:07.972377,20261001_104711_f22aa185,19000450636,parfjumerija/parfjumirovannyj-uhod,MIXIT,Spa Rituals coconut,Парфюмированный мист для тела и волос,375.0,375.0,0.0,1,4.4,https://goldapple.ru/19000450636-spa-rituals-coconut/,https://goldapple.ru/parfjumerija/parfjumirovannyj-uhod?p=17,"Мист для тела и волос от MIXIT станет отличной альтернативой парфюму. Он раскрывается вкусным и манящим ароматом кокоса, который расслабляет и восстанавливает эмоциональное состояние. Активные компоненты в составе увлажняют и освежают кожу и волосы, а универсальный размер флакона позволяет брать мист с собой и обновлять аромат в любое время дня. Погрузись в атмосферу тропического лета, услышь шелест океана в каждой ноте и наполнись энергией. Экстракт кокоса способствует быстрому восстановлению кожи, укрепляет и увлажняет волосы. Провитамин В5 делает волосы блестящими, сильными и послушными, а кожу — гладкой и нежной. Витамины А и Е защищают кожу и волосы, продлевая их молодость и красоту. предостережения Возможна индивидуальная непереносимость отдельных компонентов состава.","Распылить на чистую сухую кожу тела и/или волос с расстояния 15-20 см, дождаться полного впитывания.",Россия,17
327,2026-10-01T11:42:16.089752,20261001_104711_f22aa185,7190100031,parfjumerija/parfjumirovannyj-uhod,DIOR,Fahrenheit,Парфюмированный Гель для душа,5500.0,5500.0,0.0,1,4.8,https://goldapple.ru/7190100031-fahrenheit/,https://goldapple.ru/parfjumerija/parfjumirovannyj-uhod?p=17,Формула освежающего геля для душа с легким ароматом Fahrenheit разработана с учетом поддержания естественного баланса кожи. Идеально подходит для ежедневного использования.,Не указано,Франция,17
328,2026-10-01T11:42:23.779576,20261001_104711_f22aa185,19000479886,parfjumerija/parfjumirovannyj-uhod,LUVSCENT,WHITE SHIRTS,Гель для душа,1454.0,1454.0,0.0,1,4.9,https://goldapple.ru/19000479886-white-shirts/,https://goldapple.ru/parfjumerija/parfjumirovannyj-uhod?p=17,"Увлажняющий гель для душа с ароматом от французского парфюмера. Воссоздает хрустящий аромат свежевыстиранного белья, высушенного на солнце. — В аромате сочетается мягкость хлопка, прохладный лен и запах чистоты с нотами белого лотоса. — Общее впечатление напоминает спокойное летнее утро в предвкушении радостного дня. Формула геля эффективно очищает и увлажняет кожу, оставляя ее мягкой и ароматной.","1. Нанесите необходимое количество геля на губку. 2. Вспеньте. 3. Вымойте тело, применяя лёгкий массаж. 4. Тщательно смойте водой.",Республика корея,17
329,2026-10-01T11:42:32.139716,20261001_104711_f22aa185,19000204031,parfjumerija/parfjumirovannyj-uhod,Zielinski & Rozen,"Lavender, Vanilla, Amber, Musk",Твердое мыло,667.0,667.0,0.0,1,4.8,https://goldapple.ru/19000204031-lavender-vanilla-amber-musk/,https://goldapple.ru/parfjumerija/parfjumirovannyj-uhod?p=17,"Бережно и эффективно очищает кожу, сохраняя ее мягкость. Подходит для ежедневного использования для рук и тела.","Вспеньте мыло ладонями, затем тщательно смойте теплой водой.",Россия,17
330,2026-10-01T11:42:39.901317,20261001_104711_f22aa185,19000002207,parfjumerija/parfjumirovannyj-uhod,Weleda,Energy,Гель для душа,1102.0,1102.0,0.0,1,4.8,https://goldapple.ru/19000002207-energy/,https://goldapple.ru/parfjumerija/parfjumirovannyj-uhod?p=17,"Окружите себя любовью и нежностью с натуральным ароматом романтической розы, жасмина и иланг-иланга. Гель сохраняет естественную влажность кожи, нежно очищая ее с помощью ПАВ растительного происхождения. Имеет мягкую кремовую текстуру. Не содержит SLS/ALS, синтетических ароматизаторов, красителей и консервантов. Протестировано дерматологами.",Мягкими массирующими движениями нанести небольшое количество средства на кожу вспенить и смыть водой.,Сейшельские острова,17
331,2026-10-01T11:42:48.132971,20261001_104711_f22aa185,90150800004,parfjumerija/parfjumirovannyj-uhod,Zielinski & Rozen,Orange & Jasmine,Масло для тела,2990.0,2990.0,0.0,1,4.6,https://goldapple.ru/90150800004-orange-jasmine-vanilla/,https://goldapple.ru/parfjumerija/parfjumirovannyj-uhod?p=17,"SOS-средство для экстремального климата, холодного времени года и обезвоженной кожи. Обогащенная увлажняющими и ухаживающими компонентами формула позволяет защитить кожу от агрессивных внешних факторов и быстро восстановить ее после стрессового воздействия. Масло Zielinski & Rozen делает кожу мягкой и приятной на ощупь, мгновенно впитывается и не оставляет следов на одежде. Ароматы продукции Zielinski&Rozen изменили свое наименование без изменения состава.",Нанесите масло на кожу и распределите легкими массажными движениями до полного впитывания.,Израиль,17
332,2026-10-01T11:42:55.568391,20261001_104711_f22aa185,19000282562,parfjumerija/parfjumirovannyj-uhod,Flame moscow,Marie,Нет категории,1363.0,1363.0,0.0,1,4.9,https://goldapple.ru/19000282562-marie/,https://goldapple.ru/parfjumerija/parfjumirovannyj-uhod?p=17,"Мыло для рук мягко очищает и увлажняет кожу, не покрывая ее пленкой и не стягивая ее. Придает коже деликатный аромат после использования. Имеет приятную легкую пену. Рекомендован для всех типов кожи. Создан из ингредиентов растительного происхождения. Земляные и бальзамические ноты сосны, лесной хвои и мускуса балансируют с яркими лимонными и мятными акцентами. Сандал и кедр добавляют теплоты и близости. Этот аромат напоминает старого хорошего друга: он утонченный, но по-семейному близкий. Верхние ноты: Сосновая хвоя, мята. Средние ноты: Кипарис, лимон. Базовые ноты: Мох, мускус, сандаловое дерево, кедр.",Разотрите капли мыла между влажными ладонями и наносите на тело массажными джвижениями. Смойте водой.,Россия,17
333,2026-10-01T11:43:04.763826,20261001_104711_f22aa185,19000344115,parfjumerija/parfjumirovannyj-uhod,Bohemia,Pink pepper&Vetiver,Нет категории,343.0,343.0,0.0,1,4.6,https://goldapple.ru/19000344115-pink-pepper-vetiver/,https://goldapple.ru/parfjumerija/parfjumirovannyj-uhod?p=17,"Парфюмированный гель для душа розовый перец, ветивер и пачули. Эксклюзивная формула с ароматом селективного парфюма. Гель для душа с волнующим ароматом розового перца, ветивера и пачули окунет вас в роскошь эксклюзивной парфюмерии. Его нежная воздушная пена бережно очищает, не нарушая pH кожи, и предотвращает ее сухость. Насыщенная формула геля содержит все необходимые ингредиенты для молодости, красоты и сияния кожи. После душа Ваша кожа гладкая и нежная, окутанная шлейфом изысканного парфюма. - Гиалуроновая кислота глубоко увлажняет и разглаживает кожу; - Аминокислотный комплекс обновляет, восстанавливает и улучшает тургор кожи, стимулирует выработку коллагена и эластина; - Комплекс натуральных масел глубоко питает, дарит гладкость и эластичность; - Д-пантенол и витамин Е защищают липидный барьер, смягчают и омолаживают кожу.","Небольшое количество геля нанесите на влажное тело или на мокрую губку и массажными движениями распределите по всему телу, затем тщательно смойте водой. Действие геля обусловлено действием компонентов.",Россия,17
334,2026-10-01T11:43:13.880996,20261001_104711_f22aa185,19000446487,parfjumerija/parfjumirovannyj-uhod,Café mimi,Cherry me now,Парфюмированный мист для тела и волос,423.0,423.0,0.0,1,4.5,https://goldapple.ru/19000446487-cherry-me-now/,https://goldapple.ru/parfjumerija/parfjumirovannyj-uhod?p=17,"Парфюмированный мист-шиммер для тела Cherry me now 3 в 1: увлажнение + аромат + сияние. Лёгкий, как облачко, и стойкий, как твой стиль. Мист на основе коллагена и гиалуроната ухаживает за кожей, интенсивно увлажняет, делая ее гладкой, сияющей и упругой. Мелкие светоотражающие частицы создают эффект мерцания — особенно красиво на солнце или при вечернем освещении. Сияй ярко! Подходит для всех типов кожи. Аромат: сочная вишня, тёплая тонка, нежный мускус. Сочная спелая вишня придает яркость аромату, бобы тонка добавляют сливочную сладость, а мускус завершает всё лёгкой, бархатной мягкостью. #moodmist Каждый пшик — как маленькая вспышка удовольствия и влюбленности.","Хорошо встряхни флакон перед использованием, чтобы равномерно распределить шиммер. Распыли мист на тело с расстояния 15–20 см. Наслаждайся ароматом и сияй! Избегай попадания в глаза и на слизистые. Только для наружного применения.",Россия,17
335,2026-10-01T11:43:27.281439,20261001_104711_f22aa185,19000420560,parfjumerija/parfjumirovannyj-uhod,DZIYNA,Bounty of Nature,Парфюмированный Спрей-мист для тела,277.0,277.0,0.0,1,4.6,https://goldapple.ru/19000420560-bounty-of-nature/,https://goldapple.ru/parfjumerija/parfjumirovannyj-uhod?p=17,"Спрей-мист DZIYNA Bounty of Nature деликатно взаимодействует с кожей, придавая ей ощущение легкости и комфорта. Быстро впитывается и не оставляет липкой пленки на теле. Преимущества парфюмированного спрея-миста для тела DZIYNA Bounty of nature: - Глубоко увлажняет и освежает кожу, препятствуя ее «стягиванию»; - Оказывает антисептическое и успокаивающее действие; - Предотвращает шелушение кожи; - Не содержит спирта; - Надолго оставляет нежный аромат кокоса.",Распылить необходимое количество средства на чистую сухую кожу с расстояния 25-30 см.,Беларусь,17
336,2026-10-01T11:43:36.260020,20261001_104711_f22aa185,19000202059,parfjumerija/parfjumirovannyj-uhod,DIOR,j'adore,Мерцающий скраб для тела,10800.0,10800.0,0.0,1,4.9,https://goldapple.ru/19000202059-j-adore/,https://goldapple.ru/parfjumerija/parfjumirovannyj-uhod?p=17,"Мягкий кремообразный мерцающий скраб J'adore Les Adorables Shimmering Scrub — это скраб для тела, который отшелушивает кожу и улучшает ее с помощью перламутровых пигментов и частиц 24-каратного золота. При нанесении, формула скраба с экстрактом хлопка бережно относится к увлажнению кожи, превращаясь в молочное масло, которое дарит коже комфорт. Этот золотисто-белый скраб помещен в тонкую стеклянную баночку, форма которой напоминает шарик флакона J'adore.","Нанести на тело циркулирующими движениями, смыть водой.",Франция,17
337,2026-10-01T11:43:44.548089,20261001_104711_f22aa185,19000311742,parfjumerija/parfjumirovannyj-uhod,Touch&Relax,"Табак, ваниль и древесные ноты",Парфюмированный гель для рук,502.0,502.0,0.0,1,4.8,https://goldapple.ru/19000311742-tabak-vanil-i-drevesnye-noty/,https://goldapple.ru/parfjumerija/parfjumirovannyj-uhod?p=17,"Парфюмированный гель для мытья рук Табак, ваниль и древесные ноты. Эксклюзивная формула с ароматом селективного парфюма. Гель для мытья рук с роскошным ароматом табака, ванили и древесных нот подарит истинное удовольствие для души и тела! Его нежная воздушная пена бережно очищает, не нарушая pH кожи, и предотвращает ее сухость. Насыщенная формула геля содержит все необходимые ингредиенты для молодости, красоты и сияния кожи. Ваша кожа гладкая и нежная, окутанная роскошным шлейфом селективной парфюмерии на целый день. -Комплекс натуральных масел глубоко питает, дарит гладкость и эластичность. -Д-пантенол и витамин Е защищают липидный барьер, смягчают и омолаживают кожу. -Натуральные экстракты предотвращают обезвоживание кожи, тонизируют, дарят свежий и сияющий вид. -Инулин – натуральный пребиотик поддерживает гармоничный баланс микробиома кожи.","Небольшое количество геля нанесите на влажную кожу рук, помассируйте до образования пены,  смойте водой.",Россия,17
338,2026-10-01T11:43:51.201885,20261001_104711_f22aa185,19000386848,parfjumerija/parfjumirovannyj-uhod,Emi,Perfumed Lotion №7,Парфюмированный лосьон для тела,142.0,142.0,0.0,1,4.7,https://goldapple.ru/19000386848-perfumed-lotion-no7/,https://goldapple.ru/parfjumerija/parfjumirovannyj-uhod?p=17,"Perfumed Lotion – это легкий лосьон, с мягкой текстурой, которая впитывается за считанные секунды, не создавая ощущения липкости, тяжести и пленки на коже.","Нанесите небольшое количество лосьона на тело, втирайте массажными движениями до полного впитывания. Подходит для ежедневного применения.",Россия,17
339,2026-10-01T11:44:00.664352,20261001_104711_f22aa185,90151100009,parfjumerija/parfjumirovannyj-uhod,Zielinski & Rozen,Black Vanilla,Мыло твердое,890.0,890.0,0.0,1,4.5,https://goldapple.ru/90151100009-vanilla-blend/,https://goldapple.ru/parfjumerija/parfjumirovannyj-uhod?p=17,"Твердое мыло никогда не выйдет из моды, ведь тактильные ощущения — самое приятное, что можно испытывать. А положив кусочек мыла в гардероб одежда будет всегда пропитана любимым ароматом. Мыло имеет уникальную базу, создающую ощущение крема. От него не остаются мыльные следы на раковине или мыльнице. В составе только натуральные ингредиенты. Твердое мыло мягко и эффективно очищает кожу от жира и других видов загрязнений. Гигиеническое мыло Zielinski&Rozen подходит для ежедневного умывания лица, мытья рук и тела. Ароматы продукции Zielinski&Rozen изменили свое наименование без изменения состава.",Вспенить мыло в руках. Тщательно смыть теплой водой,Россия,17
340,2026-10-01T11:44:26.484007,20261001_104711_f22aa185,19000180337,parfjumerija/parfjumirovannyj-uhod,Zielinski & Rozen,"Grapefruit, Basil, Petitgrain",Гель для душа,2590.0,2590.0,0.0,1,4.8,https://goldapple.ru/19000180337-grapefruit-basil-petitgrain/,https://goldapple.ru/parfjumerija/parfjumirovannyj-uhod?p=18,"Уход, ароматерапия и признание в любви в одном флаконе. Бодрящий аромат способствует пробуждению, натуральные масла увлажняют кожу и питают, а мягкая пена позволяет по-настоящему насладиться редкими минутами наедине с собой.","Нанесите небольшое количество геля на влажную кожу, вспеньте руками или с помощью мочалки, а затем смойте.",Израиль,18
341,2026-10-01T11:44:33.735139,20261001_104711_f22aa185,19000388645,parfjumerija/parfjumirovannyj-uhod,Olea,Чарующая вишня,Парфюмированный гель для душа,326.0,326.0,0.0,1,4.7,https://goldapple.ru/19000388645-caruusaa-visna/,https://goldapple.ru/parfjumerija/parfjumirovannyj-uhod?p=18,"Обволакивающий аромат: Верхняя нота: вишневый ликер, горький миндаль Нота сердца: арабский жасмин, турецкая роза Базовая нота: мускус, бобы тонка, амбра","Небольшое количество геля нанесите на тело, массирующими движениями равномерно распределите до образования пены и смойте водой.",Россия,18
342,2026-10-01T11:44:42.958618,20261001_104711_f22aa185,99000136195,parfjumerija/parfjumirovannyj-uhod,GESSEN,Vol.1 Agar,Нет категории,864.0,864.0,0.0,1,5.0,https://goldapple.ru/99000136195-vol-1-agar/,https://goldapple.ru/parfjumerija/parfjumirovannyj-uhod?p=18,"Vol. 1 — деликатные увлажняющие гели для самой требовательной кожи. Глубокий аромат Agar уводит вглубь таинственных убежищ с нотами уда и бархатным шлейфом пачули и табака. Верхние ноты: мускатный орех, лаванда. Средние ноты: уд, роза. Нижние ноты: пачули, табак. Gessen — бренд, сочетающий точную науку с миром эмоций. Gessen создаёт продукты, в которых эффективные формулы встречаются с силой ароматических ассоциаций. Концепция «мест-состояний» помогает превратить рутинные действия в моменты наслаждения и самопознания.","Нанесите на влажную кожу тела или губку, помассируйте до образования пены, смойте водой. Избегайте контакта с глазами. При попадании в глаза тщательно промыть водой.",Россия,18
343,2026-10-01T11:44:51.304983,20261001_104711_f22aa185,90151100013,parfjumerija/parfjumirovannyj-uhod,Zielinski & Rozen,"Cedarwood, Patchouli, Jasmine",Нет категории,890.0,890.0,0.0,1,4.8,https://goldapple.ru/90151100013-717/,https://goldapple.ru/parfjumerija/parfjumirovannyj-uhod?p=18,"Твердое мыло никогда не выйдет из моды, ведь тактильные ощущения — самое приятное, что можно испытывать. А положив кусочек мыла в гардероб одежда будет всегда пропитана любимым ароматом. Мыло имеет уникальную базу, создающую ощущение крема. От него не остаются мыльные следы на раковине или мыльнице. В составе только натуральные ингредиенты. Твердое мыло мягко и эффективно очищает кожу от жира и других видов загрязнений. Гигиеническое мыло Zielinski & Rozen подходит для ежедневного умывания лица, мытья рук и тела. Ароматы продукции Zielinski&Rozen изменили свое наименование без изменения состава.",Вспенить мыло в руках. Тщательно смыть теплой водой.,Россия,18
344,2026-10-01T11:44:59.275650,20261001_104711_f22aa185,99000015588,parfjumerija/parfjumirovannyj-uhod,LAMONNET,black cherry & sandal wood,Парфюмированный гель для душа,890.0,890.0,0.0,1,4.7,https://goldapple.ru/99000015588-black-cherry-sandal-wood/,https://goldapple.ru/parfjumerija/parfjumirovannyj-uhod?p=18,"Гель для душа Lamonnét – это продукт, созданный по французскому принципу о том, что даже приятные повседневные вещи заслуживают серьезного отношения: l'art de bien faire. Текстура геля прозрачная и тягучая, а пена нежная. Она очищает глубоко, но мягко — без сухости и дискомфорта. В основе — экстракт лилии. Это ухаживающий компонент с природными антиоксидантами. Он смягчает кожу, поддерживает ее барьер и придает эффект сияния. Аромат Black cherry & Sandal – густой, пряный и восточный, со спокойной глубиной. Он чувствуется сразу, стоит только открыть крышку. Сочная черная вишня и теплый бархатный сандал слышатся в начале. А бобы тонка добавляют сливочную мягкость в завершении, как послевкусие любимого десерта. Все ароматы Lamonnét разрабатываются во Франции, в Грассе — мировой столице парфюмерии. Каждая композиция создается с двойной концентрацией парфюма, чтобы на коже оставался стойкий парфюмерный шлейф на несколько часов. •⁠ ⁠выверенный состав без SLS и парабенов •⁠ ⁠мягкий pH 5,5 •⁠ экстракт лилии — природный антиоксидант •⁠ ⁠не сушит, подходит для всех типов кожи","Нанесите небольшое количество геля на влажную кожу, тщательно вспеньте и распределите по телу, смойте теплой водой.",Россия,18
345,2026-10-01T11:45:07.927848,20261001_104711_f22aa185,19000466685,parfjumerija/parfjumirovannyj-uhod,Tesori d’Oriente,WHITE MUSK,Лосьон для тела,1093.0,1093.0,0.0,1,4.7,https://goldapple.ru/19000466685-white-musk/,https://goldapple.ru/parfjumerija/parfjumirovannyj-uhod?p=18,"Парфюмированный лосьон для тела от итальянского бренда Tesori d'Oriente — новинка от официального дистрибьютора в России. Этот лосьон с ароматом Белый Мускус — легендарная композиция, которая покоряет своей простотой и свежестью. В нем сочетаются прохладные ретро-альдегиды, нежные цветы и мягкий мускус. Через несколько минут появляется легкая мыльность, придающая ощущение уюта и чистоты. Лосьон имеет приятную кремовую текстуру, легко наносится и быстро впитывается, окутывая кожу расслабляющим ароматом и создавая атмосферу загадочности и восточной роскоши. Благодаря маслам арганы, миндаля, экстрактам цветов и витамину Е, лосьон глубоко питает и увлажняет кожу, делая ее нежной, как шелк. Легкая текстура мгновенно впитывается, не оставляя пленки. Лосьон увлажняет и смягчает кожу, обеспечивая ей необходимое питание. Органическое масло арганы интенсивно увлажняет, а миндаль повышает упругость и придает коже естественное сияние. Парфюмированный лосьон подходит для ежедневного ухода, сочетая функции питательного крема и увлажняющего средства. Удобный дозатор позволяет легко использовать продукт, получая необходимое количество для ухода. Лосьон питает, увлажняет, регенерирует кожу и защищает от свободных радикалов, обеспечивая профессиональный уход.",1. Поверните дозатор по часовой стрелке и нажмите для первого использования. 2. Нанесите лосьон на чистую кожу тела. 3. Мягкими массажными движениями распределите лосьон до полного впитывания.,Италия,18
346,2026-10-01T11:45:15.566442,20261001_104711_f22aa185,19000404495,parfjumerija/parfjumirovannyj-uhod,COSMETIME,Spices and cedar,Дезодорант,592.0,592.0,0.0,1,4.8,https://goldapple.ru/19000404495-spices-and-cedar/,https://goldapple.ru/parfjumerija/parfjumirovannyj-uhod?p=18,"Дезодорант мужской — Ваш главный помощник в защите от потоотделения и неприятного запаха, который подарит Вам надежную защиту на весь день! Будьте уверены, парфюмированный дезодорант мужской напомнит Вам всеми известный и полюбивший аромат Кедра и специй! Его уникальная формула помогает не только нейтрализовать бактерии, но и не блокирует процесс терморегуляции и не закупоривает поры, как антиперспирант! Алюмокалиевые квасцы — это кристаллы органической минеральной соли, которые являются нейтрализатором бактерий, вызывающих неприятный запах. Также дезодорант мужской имеет в составе лактат натрия, который ухаживает за кожей подмышек, позволяя Вам насладиться не только чистотой кожи, но и прочувствовать эффект абсолютной свежести и уверенности в себе на весь день! Ведь его уникальный аромат Кедра и Специй пробудит в Вас энергию и бодрость! Дезодорант кристалл — это дезодорант без алюминия, спирта и других пересушивающих кожу ингредиентов. Благодаря натуральному составу: без спирта, парабенов, минеральный дезодорант можно использовать как мужчинам, так и девушкам с чувствительной и сухой кожей. Это отличная альтернатива аптечным продуктам. Дезодорант мужской имеет удобный мини формат, который идеально подойдет для путешествий и походов в спортзал. Вы забудете про белые и желтые следы на одежде, ведь дезодорант кристалл невидимый! Натуральные дезодоранты Косметайм — бережная природная забота о вашей коже.",Нанести дезодорант спрей на чистую кожу с расстояния 15 см. Дать дезодоранту высохнуть.,Россия,18
347,2026-10-01T11:45:23.601344,20261001_104711_f22aa185,19000416503,parfjumerija/parfjumirovannyj-uhod,CHOPARD,IRIS MALIKA,Подарочный парфюмерный набор,12851.0,12851.0,0.0,1,4.8,https://goldapple.ru/19000416503-iris-malika/,https://goldapple.ru/parfjumerija/parfjumirovannyj-uhod?p=18,"В подарочный набор входят парфюмерная вода Chopard ""Iris Malika"" (100 мл) и парфюмированный лосьон для тела Chopard IRIS MALIKA (75 мл), который увлажняет кожу и оставляет чарующий аромат. Чувственная парфюмерная композиция воспевает роскошную ноту ириса – одного из самых аристократичных и благородных цветов. Королевский цветочный букет с чарующим ирисом, иланг-илангом и жасмином украшают соблазнительные ноты сочных ягод, древесный аккорд, теплые ноты смол и пряные специи.",1. Лосьон для тела: нанесите лосьон на кожу тела и распределите массирующими движениями. 2. Парфюмерная вода: парфюмерную воду распылите с небольшого расстояния.,Италия,18
348,2026-10-01T11:45:31.400268,20261001_104711_f22aa185,19000322302,parfjumerija/parfjumirovannyj-uhod,Zielinski & Rozen,"Pink Pepper, Elemi, Cinnamon, Leather",Твердое мыло в алюминиевой мыльнице,1590.0,1590.0,0.0,1,4.8,https://goldapple.ru/19000322302-pink-pepper-elemi-cinnamon-leather/,https://goldapple.ru/parfjumerija/parfjumirovannyj-uhod?p=18,"Бережно и эффективно очищает кожу, сохраняя ее мягкость. Подходит для ежедневного использования для рук и тела.","Вспеньте мыло ладонями, затем тщательно смойте теплой водой.",Россия,18
349,2026-10-01T11:45:41.871150,20261001_104711_f22aa185,99000016535,parfjumerija/parfjumirovannyj-uhod,LAMONNET,orchid & mango,Парфюмированный скраб для тела,780.0,780.0,0.0,1,4.9,https://goldapple.ru/99000016535-orchid-mango/,https://goldapple.ru/parfjumerija/parfjumirovannyj-uhod?p=18,"Скраб для тела Lamonnét – это продукт, созданный по французскому принципу о том, что даже приятные повседневные вещи заслуживают серьезного отношения: l'art de bien faire. Аромат orchid & mango – цветочный и фруктовый, легкий и теплый. Он чувствуется сразу, стоит только открыть крышку. Орхидея, лотос и иланг-иланг с мягкой сладостью манго. Все ароматы Lamonnét разрабатываются во Франции, в Грассе — мировой столице парфюмерии. Каждая композиция создается с двойной концентрацией парфюма, чтобы на коже оставался стойкий парфюмерный шлейф на несколько часов. Текстура скраба кремовая и тает на коже, не оставляя пленки. Три вида отшелушивающих гранул: морская соль, сахар и пищевая соль, очищают мягко и деликатно – до гладкого идеала. В основе — экстракт лилии. Это ухаживающий компонент с природными антиоксидантами. Он смягчает кожу, поддерживает ее барьер и придает эффект сияния. Пять натуральных масел и алоэ вера интенсивно питают и успокаивают. Кожа гладкая, упругая и живая. • три вида гранул, мягкое очищение • экстракт лилии — природный антиоксидант • натуральные масла и алоэ вера • подходит для всех типов кожи.",Нанесте скраб на сухую или влажную кожу легкими массажными движениями. Помассируйте в течение 3-5 минут. Смойте теплой водой.,Россия,18
350,2026-10-01T11:45:50.385591,20261001_104711_f22aa185,19760301701,parfjumerija/parfjumirovannyj-uhod,Zielinski & Rozen,Universal moisturizing,Увлажняющий крем для лица,841.0,841.0,0.0,1,4.6,https://goldapple.ru/19760301701-universal-moisturizing/,https://goldapple.ru/parfjumerija/parfjumirovannyj-uhod?p=18,Интенсивное увлажнение и питание кожи лица. Для всех типов кожи.,Нанесите на чистую кожу легкими массирующими движениями.,Израиль,18
351,2026-10-01T11:45:59.912487,20261001_104711_f22aa185,99000152936,parfjumerija/parfjumirovannyj-uhod,MELAL,Relaxation a la vanille,Парфюмированное жидкое мыло для рук,260.0,260.0,0.0,1,4.9,https://goldapple.ru/99000152936-relaxation-a-la-vanille/,https://goldapple.ru/parfjumerija/parfjumirovannyj-uhod?p=18,"В натуральном жидком парфюмированном мыле для рук «Relaxation a la vanilla» от MELAL чувствуется не только роскошь сухой ванили и дорогого табака, но и сладость сухофруктов. На коже рук остается богатый и теплый аромат с неожиданным и современным характером. Благодаря спирулине и стабильному уровню pH, оно не только очищает кожу, но и смягчает ее, предотвращая раздражение и сухость, сохраняя ощущение комфорта, увлажненности и молодости.","Вспенить небольшое количество средства в ладонях, массажными движениями распределить по коже. Тщательно смыть водой.",Россия,18
352,2026-10-01T11:46:09.301289,20261001_104711_f22aa185,99000178375,parfjumerija/parfjumirovannyj-uhod,SIRENATA,AUSTRIAN CHERRY,Нет категории,1095.0,1095.0,0.0,1,4.9,https://goldapple.ru/99000178375-sirenata-austrian-cherry/,https://goldapple.ru/parfjumerija/parfjumirovannyj-uhod?p=18,"Sirenata Austrian Cherry — парфюмированный мист для тела с темным вишневым ароматом, в котором сочная ягода звучит бархатно, пряно и чуть дерзко. Вишня здесь не похожа на конфету. Она спелая, с почти ликерной глубиной, с легкой терпкостью лавра, пряным анисом и пудровой мягкостью ириса и гелиотропа. Пачули, ваниль, бензоин и мускус добавляют аромату густоту, тепло и тот самый эффект «красивой наглости» — когда аромат заметный, но не кричащий. Бесспиртовая формула мягко раскрывается на коже и волосах, не пересушивает и подходит для ежедневного использования. Austrian Cherry — это темный драматичный аромат с бархатной вишней, пудровой глубиной и пряной тенью. Для тех, кто любит звучать заметно, сложно и чуть опасно.","Распылите мист на тело, волосы или одежду с расстояния 15-20 см. Наносите аромат на волосы, одежду и увлажненную кожу.",Россия,18
353,2026-10-01T11:46:18.633020,20261001_104711_f22aa185,19000130593,parfjumerija/parfjumirovannyj-uhod,Flame moscow,Sonia,Нет категории,370.0,370.0,0.0,1,5.0,https://goldapple.ru/19000130593-sonia/,https://goldapple.ru/parfjumerija/parfjumirovannyj-uhod?p=18,"Этот аромат — настоящий рок-н-ролл! Смелый и с характером. Начинается с уверенных аккордов мускуса и сексуальных ноток кожи, табака и черного перца. Душистый черный чай, амбра и сандал делают этот аромат любимым мужчинам и женщинам. Верхние ноты: Кожа, табак, мускус Средние ноты: Черный перец, черный чай, амбра Базовые ноты: Сандал, кедр, пачули Морская соль Северного и Средиземного морей пропитана ароматическими маслами. Смесь способствует ароматерапии, а также общему расслаблению и восстановлению, поддержанию тонуса и уменьшению напряжения в мышцах.","Наполните не менее половины ванной, рас- творите содержимое в горячей воде и дайте настояться 5 минут, затем разбавьте воду до комфортной температуры при необходимости. Пакетика хватает на 1-2 применения. Будьте осторожны! После использования поверхность ванны может быть чуть более скользкой, чем обычно.",Россия,18
354,2026-10-01T11:46:27.684848,20261001_104711_f22aa185,19000386851,parfjumerija/parfjumirovannyj-uhod,Emi,Regenerating Cream,"Регенерирующий крем для рук, ног и тела",200.0,200.0,0.0,1,4.9,https://goldapple.ru/19000386851-regenerating-cream/,https://goldapple.ru/parfjumerija/parfjumirovannyj-uhod?p=18,"Regenerating Cream – регенерирующий крем для рук, ног и тела глубокого восстановления. Интенсивно восстанавливает сухую и поврежденную кожу, разглаживая мелкие морщинки и омолаживая ее. Эффективно смягчает, успокаивает и подтягивает кожу, придавая ей здоровый и сияющий вид. Быстро впитывается, не оставляет жирных следов. Делает кожу мягкой напитанной и бархатистой. Приятная парфюмированная отдушка остается легким ароматом на коже на протяжении долгого времени.","Нанесите крем на чистую сухую кожу легкими массирующими движениями, распределите до полного впитывания. Используйте по мере необходимости.",Россия,18
355,2026-10-01T11:46:37.180954,20261001_104711_f22aa185,99000014055,parfjumerija/parfjumirovannyj-uhod,Touchy,vanilla musk tonka,Масло для тела,1425.0,1425.0,0.0,1,4.6,https://goldapple.ru/99000014055-vanilla-musk-tonka/,https://goldapple.ru/parfjumerija/parfjumirovannyj-uhod?p=18,"Масло для тела линейки Wellness & Rich – уникальный продукт, вдохновленный природой, он объединяет в себе силу натуральных ингредиентов с передовыми технологиями. Мультифункциональное средство, обогащенное увлажняющими и ухаживающими компонентами, обеспечивает глубокое увлажнение и естественное сияние коже, волосам и ногтям. Всего несколько капель масла подарят гладкость, сатиновый блеск и поддержат естественный гидролипидный баланс. Это универсальное увлажняющее и питательное масло идеально подходит для ежедневного ухода за телом, лицом и волосами. Его можно использовать для принятия ванн, массажа, масок для лица и косметических процедур. Сочетание натуральных растительных масел предотвращает потерю тонуса кожи, появление сухости и растяжек. Средство стимулирует восстановление кожи и повышает её эластичность, делая кожу более упругой и гладкой.",После ванны или душа наносить тонким слоем на влажную кожу.,Россия,18
356,2026-10-01T11:46:44.504364,20261001_104711_f22aa185,99000104273,parfjumerija/parfjumirovannyj-uhod,HELDI,Black Opium,Парфюмированный крем для рук и тела,645.0,645.0,0.0,1,4.7,https://goldapple.ru/99000104273-black-opium/,https://goldapple.ru/parfjumerija/parfjumirovannyj-uhod?p=18,"Парфюмированный крем для рук и тела HELDI с нотами кофе, ванили, груши и жасмина сочетает уход за кожей и насыщенное, чувственное звучание. Увлажняющий крем поддерживает мягкость и комфорт кожи в течение дня. Лёгкая кремовая текстура быстро впитывается, не оставляя липкости и жирной плёнки, а аромат постепенно раскрывается на коже мягким сладковато-древесным шлейфом. Увлажнение и комфорт каждый день. Крем восполняет необходимое увлажнение, устраняет чувство стянутости и поддерживает комфорт кожи в течение дня. Подходит для рук и всего тела, в том числе участков, особенно склонных к сухости: локтей, коленей, голеней и стоп. Формат с дозатором удобно использовать дома или держать на рабочем столе. Аромат. Насыщенная кофейно-ванильная композиция с нежным цветочным характером: — груша, розовый перец и цветок апельсина — яркий фруктово-пряный старт — кофе, жасмин, горький миндаль и лакрица — насыщенное, тёплое сердце — ваниль, пачули, кашемировое дерево и кедр — мягкий, сладковато-древесный шлейф Аромат раскрывается яркой кофейной нотой, затем становится нежнее благодаря жасмину и завершается тёплой ванильно-древесной базой. Формула для питания и увлажнения. — масла ши, оливы и авокадо питают и смягчают кожу — витамин Е обеспечивает антиоксидантный уход — пантенол и бетаин поддерживают увлажнённость и ощущение комфорта — мочевина и глицерин притягивают и удерживают влагу Результат. Мягкая, гладкая и увлажнённая кожа без ощущения сухости и стянутости — с кофейно-ванильным ароматом, который остаётся после нанесения. HELDI — когда уход звучит как любимый аромат.","Нанесите необходимое количество крема на чистую сухую кожу рук или тела и распределите массажными движениями до полного впитывания. После душа нанесите средство на всё тело, уделяя особое внимание участкам, склонным к сухости и шелушению: локтям, коленям, голеням и стопам. Для рук используйте после контакта с водой или в течение дня, когда коже требуется дополнительное увлажнение. Подходит для ежедневного применения.",Россия,18
357,2026-10-01T11:46:52.793538,20261001_104711_f22aa185,99000136201,parfjumerija/parfjumirovannyj-uhod,GESSEN,Vol.1 Exoflor,Увлажняющий парфюмированный гель для душа,864.0,864.0,0.0,1,5.0,https://goldapple.ru/99000136201-vol-1-exoflor/,https://goldapple.ru/parfjumerija/parfjumirovannyj-uhod?p=18,"Vol. 1 — деликатные увлажняющие гели для самой требовательной кожи. Аромат Exoflor дарит яркую свежесть тропического цветения, сочетая экзотические цветы и сочный личи с минеральной нотой йода. Верхние ноты: личи, малина. Средние ноты: белый жасмин, бобы тонка. Нижние ноты: ваниль, карамель, йод. Gessen — бренд, сочетающий точную науку с миром эмоций. Gessen создаёт продукты, в которых эффективные формулы встречаются с силой ароматических ассоциаций. Концепция «мест-состояний» помогает превратить рутинные действия в моменты наслаждения и самопознания.","Нанесите на влажную кожу тела или губку, помассируйте до образования пены, смойте водой. Избегайте контакта с глазами. При попадании в глаза тщательно промыть водой.",Россия,18
358,2026-10-01T11:47:02.659761,20261001_104711_f22aa185,19000398338,parfjumerija/parfjumirovannyj-uhod,Zielinski & Rozen,"Rosemary, Lemon",Дезодорант–антиперспирант шариковый для тела,2690.0,2690.0,0.0,1,4.5,https://goldapple.ru/19000398338-rosemary-lemon/,https://goldapple.ru/parfjumerija/parfjumirovannyj-uhod?p=18,"Обеспечивает свежесть и защиту от пота на 24 часа, без ощущения липкости и следов на одежде, подходит для всех типов кожи.","Для ежедневного применения. Наносите на чистую, сухую и неповрежденную кожу.",Италия,18
359,2026-10-01T11:47:11.250790,20261001_104711_f22aa185,90150100003,parfjumerija/parfjumirovannyj-uhod,Zielinski & Rozen,Rosemary & Lemon,Гель для душа,2590.0,2590.0,0.0,1,4.6,https://goldapple.ru/90150100003-rosemary-lemon-neroli/,https://goldapple.ru/parfjumerija/parfjumirovannyj-uhod?p=18,"Уход, ароматерапия и признание в любви в одном флаконе. Бодрящий аромат способствует пробуждению, натуральные масла увлажняют кожу и питают, а мягкая пена позволяет по-настоящему насладиться редкими минутами наедине с собой. Ароматы продукции Zielinski&Rozen изменили свое наименование без изменения состава.","Нанесите небольшое количество геля на влажную кожу, вспеньте руками или с помощью мочалки, а затем смойте.",Израиль,18
360,2026-10-01T11:47:35.913310,20261001_104711_f22aa185,99000178373,parfjumerija/parfjumirovannyj-uhod,SIRENATA,ASPEN CREAM,Парфюмированный мист для тела,1095.0,1095.0,0.0,1,4.7,https://goldapple.ru/99000178373-sirenata-aspen-cream/,https://goldapple.ru/parfjumerija/parfjumirovannyj-uhod?p=19,"Sirenata Aspen Cream — древесный парфюмированный мист для тела с мягким, сливочным и обволакивающим звучанием. В нем нет приторности и очевидной сладости. Груша дает свежий светлый акцент, кокос — мягкую кремовость, кедр и сандал — чистую древесную основу, а ветивер и бензоин добавляют глубину, тепло и характер. Аромат получается спокойным, но не простым. Он словно продолжает уход за телом: чистая кожа, крем, волосы после душа, мягкий кашемир, светлое дерево. Бесспиртовая формула подходит для тела и волос, не пересушивает и легко обновляется в течение дня. Aspen Cream не перебивает образ — он делает его дороже.","Распылите мист на тело, волосы или одежду с расстояния 15-20 см. Для более стойкого звучания наносите аромат на волосы, одежду и увлажненную кожу.",Россия,19
361,2026-10-01T11:47:44.994723,20261001_104711_f22aa185,19000318828,parfjumerija/parfjumirovannyj-uhod,Natura Siberica,pink shimmer,Увлажняющий парфюмированный мист для волос и тела,2403.0,2403.0,0.0,1,4.7,https://goldapple.ru/19000318828-pink-shimmer/,https://goldapple.ru/parfjumerija/parfjumirovannyj-uhod?p=19,"Увлажняющий парфюмированный мист для волос и тела с розовым шиммером. Увлажняющий парфюмированный мист «Алтайский закат» придаёт коже лёгкое сияние и естественный блеск, не оставляя ощущения липкости. Линнея северная: увлажняет кожу. Экстракт ламинарии: способствует устранению отёков. Экстракт сибирского можжевельника: придаёт коже естественное сияние.",Встряхните флакон перед использованием. Нанесите спрей на кожу с расстояния 15-20 см. Не требует растирания; дождитесь полного высыхания.,Россия,19
362,2026-10-01T11:47:55.883780,20261001_104711_f22aa185,19000437344,parfjumerija/parfjumirovannyj-uhod,Zielinski & Rozen,Black Vanilla,Нет категории,1100.0,1100.0,0.0,1,4.7,https://goldapple.ru/19000437344-black-vanilla/,https://goldapple.ru/parfjumerija/parfjumirovannyj-uhod?p=19,"Эффективно очищает кожу, нормализует гидробаланс, не сушит кожу, помогает ей сохранять естественную влажность. Подходит для всех типов кожи.","Нанесите небольшое количество геля на влажную кожу, вспеньте, затем смойте водой.",Израиль,19
363,2026-10-01T11:48:04.483173,20261001_104711_f22aa185,26290100006,parfjumerija/parfjumirovannyj-uhod,Narciso Rodriguez,For Her,Нет категории,3245.0,3245.0,0.0,1,4.7,https://goldapple.ru/26290100006-for-her/,https://goldapple.ru/parfjumerija/parfjumirovannyj-uhod?p=19,"Молочко для тела Narciso Rodriguez For Her имеет в меру жидкую легкую текстуру, которая моментально впитывается в кожу, без липких остатков на поверхности. Средство For Her равномерно проникает сквозь слои дермы, обволакивая и образуя на ней неощутимую шаль превосходного аромата. Молочко великолепно гармонирует с парфюмерной водой Narciso Rodriguez, дополняя друг друга и увеличивая продолжительность присутствия неповторимого аромата на теле. Использование молочка для тела допускается и в качестве самостоятельного продукта, при этом вы обеспечите себя нежным шлейфом и стойким райским ароматом.",Не указано,Франция,19
364,2026-10-01T11:48:15.293750,20261001_104711_f22aa185,7195500006,parfjumerija/parfjumirovannyj-uhod,DIOR,Sauvage,Парфюмированный Дезодорант-стик,5000.0,5000.0,0.0,1,4.6,https://goldapple.ru/7195500006-sauvage/,https://goldapple.ru/parfjumerija/parfjumirovannyj-uhod?p=19,Ароматная формула свежести для длительной и мягкой защиты.,Не указано,Франция,19
365,2026-10-01T11:48:27.970667,20261001_104711_f22aa185,19000157337,parfjumerija/parfjumirovannyj-uhod,Flame moscow,Room spray Sonia,Душистая вода-спрей для тела,1425.0,1425.0,0.0,1,4.7,https://goldapple.ru/19000157337-room-spray-sonia/,https://goldapple.ru/parfjumerija/parfjumirovannyj-uhod?p=19,"Этот аромат — настоящий рок-н-ролл! Смелый и с характером. Начинается с уверенных аккордов мускуса и сексуальных ноток кожи, табака и черного перца. Душистый черный чай, амбра и сандал делают этот аромат любимым мужчинам и женщинам. Верхние ноты: Кожа, табак, мускус Средние ноты: Черный перец, черный чай, амбра Базовые ноты: Сандал, кедр, пачули С помощью спрея можно создать нужную атмосферу дома, в офисе или в путешествии. Благодаря натуральному составу наши спреи не только безвредны, но и мультифункциональны — их можно использовать на текстиле, мебели, одежде, а также как туалетную воду для тела. В каждой бутылочке 50 мл ароматической смеси, которую можно распылить около 350 раз. В зависимости от личных предпочтений в использовании один спрей прослужит от 1 до 3 месяцев.","Аромат держится от 1 до 8 часов, в зависимости от поверхности, на которую наносился спрей, и количества распылений. Так, чем толще, например, текстиль, тем дольше будет держаться аромат! Мы проверили состав на большинстве видов изделий, но советуем также провести пробу самостоятельно в малозаметном уголке вашего изделия до полноценного использования.",Россия,19
366,2026-10-01T11:48:37.416137,20261001_104711_f22aa185,19000445868,parfjumerija/parfjumirovannyj-uhod,Versace,BRIGHT CRYSTAL,Парфюмерный набор,16740.0,16740.0,0.0,1,4.8,https://goldapple.ru/19000445868-bright-crystal/,https://goldapple.ru/parfjumerija/parfjumirovannyj-uhod?p=19,"Сияние кристалла и свежесть фруктов воплощаются в подарочном наборе Versace Bright Crystal. Аромат, созданный Альберто Мориьясом в 2006 году, открывается искрящимися нотами юдзу и граната с прохладным ледяным оттенком. В сердце — изысканный букет пиона, магнолии и лотоса, а в базе — мягкий мускус, тёплое дерево махагони и янтарная глубина. Лосьон для тела с эффектом сияния увлажняет кожу и придаёт ей деликатное свечение, а парфюмированный гель для душа мягко очищает и оставляет нежную ароматную вуаль. Завершает набор косметичка Versace — штрих изысканной роскоши. Коллекция, объединяющая свежесть, элегантность и чувственность — идеальный подарок для каждой женщины. В набор входят: – Versace Bright Crystal Туалетная вода, 90 мл – Versace Bright Crystal Лосьон для тела с эффектом сияния, 100 мл – Versace Bright Crystal Парфюмированный гель для душа, 100 мл – Versace Косметичка, 1 шт.","Распылите на пульсирующие зоны: запястья, шею, за ушами и внутреннюю сторону локтя. 
Избегайте контакта с одеждой. 
Для повышения стойкости рекомендуем наносить на хорошо увлажненную кожу.",Италия,19
367,2026-10-01T11:48:47.715371,20261001_104711_f22aa185,19000239338,parfjumerija/parfjumirovannyj-uhod,HFC,Devil`s Intrigue,Лосьон для тела,5475.0,5475.0,0.0,1,4.5,https://goldapple.ru/19000239338-devil-s-intrigue/,https://goldapple.ru/parfjumerija/parfjumirovannyj-uhod?p=19,"Культовые ароматы HFC Paris доступны в форме средств по уходу за кожей. Интригующий Дерзкий Волнующий Devil`s Intrigue. Лосьон для тела. Легкий и воздушный лосьон для тела обеспечит вашей коже необходимый уход, не только даря ей глубокое увлажнение и мягкость в течение 24 часов, но и окутывая ее нежной вуалью изысканного аромата.","Небольшое количество лосьона нанесите на кожу,  распределите мягкими массажными движениями и наслаждайтесь.",Франция,19
368,2026-10-01T11:48:56.427378,20261001_104711_f22aa185,19000225254,parfjumerija/parfjumirovannyj-uhod,Zielinski & Rozen,Orange & Jasmine,Гель для душа,1790.0,1790.0,0.0,1,4.8,https://goldapple.ru/19000225254-orange-jasmine/,https://goldapple.ru/parfjumerija/parfjumirovannyj-uhod?p=19,"Эффективно очищает кожу, обогащает её витаминами, нормализует гидробаланс, восстанавливает тонус и жизненные силы. Подходит для ухода за кожей любого типа. У данного продукта меняется название аромата. Актуальное название : Orange & Jasmine.","Небольшое количество геля нанести на влажную кожу, вспенить и тщательно смыть водой. Хранить в сухом, защищенном от света и недоступном для детей месте при температуре от +5 °С до +25 °С.",Израиль,19
369,2026-10-01T11:49:07.694253,20261001_104711_f22aa185,19000019538,parfjumerija/parfjumirovannyj-uhod,Zielinski & Rozen,"Bergamot, Green Tea, Sandalwood, Musk",Твердое мыло,890.0,890.0,0.0,1,4.6,https://goldapple.ru/19000019538-bergamot-green-tea-sandalwood-musk/,https://goldapple.ru/parfjumerija/parfjumirovannyj-uhod?p=19,"Ароматное мыло — беспроигрышный подарок по любому поводу и любому человеку: в том числе, самому себе. В составе — только натуральные ингредиенты, которые мягко и эффективно очищают кожу от загрязнений и не оставляют ощущения сухости после мытья. Подходит для ежедневного мытья рук и тела, а компактную металлическую мыльницу удобно брать с собой в путешествия. Также твердое мыло можно использовать как саше: если положить его в шкаф с одеждой, гардероб наполнится любимым ароматом.",Храните мыло в гардеробе в качестве саше или используйте по прямому назначению: вспеньте в руках и смойте водой.,Россия,19
370,2026-10-01T11:49:15.922877,20261001_104711_f22aa185,99000134132,parfjumerija/parfjumirovannyj-uhod,Somna Secra,Charming amelia,Увлажняющее молочко для тела,896.0,896.0,0.0,1,4.8,https://goldapple.ru/99000134132-charming-amelia/,https://goldapple.ru/parfjumerija/parfjumirovannyj-uhod?p=19,"Charming Amelia — парфюмированное молочко для тела с мягкой текстурой и сливочным ароматом уюта. Оно питает и увлажняет кожу, делая её шелковистой и гладкой, а тёплый аромат создаёт атмосферу спокойствия и внутреннего равновесия. Это аромат-плед, аромат-дом, аромат-тишина. Amelia окутывает кожу и пространство вокруг, превращая обычный вечер в момент нежности и расслабления. Кожа становится мягкой, напитанной и ухоженной, а лёгкий гурманский шлейф делает образ особенно женственным. Ароматическая композиция: — Взбитые сливки — уют и сладость домашнего тепла. — Молоко и мёд — ощущение мягкости и комфорта. — Кокос — добавляет лёгкую тропическую сливочность. — Ваниль и карамель — создают атмосферу нежности и спокойствия. Формула с маслами ши и миндаля глубоко питает кожу, а глицерин помогает удерживать влагу. Молочко быстро впитывается, не оставляет липкости и жирного блеска, подходит для всех типов кожи, включая чувствительную. Идеально как: — Парфюмированное молочко для тела с ароматом уюта. — Ароматизированный лосьон для тела. — Уход с эффектом ароматерапии. — Ежедневный питательный уход. — Расслабляющее средство после душа. — Уход, который создаёт атмосферу тепла и гармонии. Somna Charming Amelia — не просто уход. Это уют, который можно надеть на кожу.",1. Нанести на чистую кожу. 2. Распределить массирующими движениями до полного впитывания.,Беларусь,19
371,2026-10-01T11:49:25.217222,20261001_104711_f22aa185,99000083644,parfjumerija/parfjumirovannyj-uhod,MOYORY,"Amber&Black Pepper и Peach, Patchouli, Maracuja",Подарочный набор для душа,898.0,898.0,0.0,1,4.7,https://goldapple.ru/99000083644-amber-black-pepper-i-peach-patchouli-maracuja/,https://goldapple.ru/parfjumerija/parfjumirovannyj-uhod?p=19,"Ваш идеальный выбор для подарка - это эксклюзивный набор гелей для душа от Moyöry, включающий в себя два флакона объемом по 500 мл каждый. Набор представляет собой уникальную коллекцию ароматов Peach, Patchouli, Maracuja и Amber & Black Pepper, которые обогатят ваш ежедневный уход за собой и превратят обычное принятие душа в настоящее ароматерапевтическое наслаждение. Гель для душа с ароматом Peach, Patchouli, Maracuja – это воплощение роскоши и элегантности. Насыщенный и изысканный аромат раскрывается сладкими фрукто-ягодными нотами, плавно переходящими в пикантные оттенки пачули. Гармоничная композиция оставляет на коже нежный и чувственный шлейф, который будет сопровождать вас в течение всего дня. Гель для душа с ароматом Amber & Black Pepper – это воплощение роскоши и элегантности. Насыщенный и изысканный аромат раскрывается теплыми нотами янтаря, плавно переходящими в пикантные оттенки черного перца. Эта гармоничная композиция оставляет на коже нежный и чувственный шлейф, который будет сопровождать вас в течение всего дня. Благодаря своему элегантному дизайну и эксклюзивным ароматам, набор станет прекрасным дополнением к любому интерьеру и напоминанием о вашей заботе. В составе набора используются только высококачественные ингредиенты, которые гарантируют эффективное и безопасное использование. Это делает его отличным выбором в качестве подарка. Каждый, кто ценит качество и исключительность в уходе за собой, будет в восторге от такого подарка. Подарочный набор геля для душа не просто удовлетворит потребности в гигиене, но и станет источником истинного удовольствия и релаксации благодаря своим неповторимым ароматам. Он является выражением внимания к деталям и заботы о близких, делая его идеальным подарком на любой праздник.","Нанесите небольшое количество средства на влажную кожу, вспеньте, смойте водой.",Россия,19
372,2026-10-01T11:49:33.813445,20261001_104711_f22aa185,19000232570,parfjumerija/parfjumirovannyj-uhod,Only Bio,Ароматные цветы Живерни,Нет категории,539.0,539.0,0.0,1,4.7,https://goldapple.ru/19000232570-osvezausij-aromatnye-cvety-ziverni/,https://goldapple.ru/parfjumerija/parfjumirovannyj-uhod?p=19,"Освежающий гель для душа со звонким летним ароматом раскрывается, как симфония природы: переливами ландыша, нежностью жасмина и нотами бергамота. Теплота и игривость цветочных нот подчеркиваются цитрусовыми аккордами. Гель ухаживает за кожей и переносит вас в волшебный мир благоухающих лугов Живерни. Верхние ноты: жасмин, бергамот, глициния; Ноты сердца: ландыш, ирисы, ваниль; Базовые ноты: ваниль, мускус, гальбанум.","Небольшое количество геля нанесите на влажную кожу, вспеньте и смойте водой.",Россия,19
373,2026-10-01T11:49:42.981736,20261001_104711_f22aa185,19000395788,parfjumerija/parfjumirovannyj-uhod,Camay,DÉSIR Пион и ягоды,Нет категории,407.0,407.0,0.0,1,4.5,https://goldapple.ru/19000395788-desir-pion-i-agody/,https://goldapple.ru/parfjumerija/parfjumirovannyj-uhod?p=19,"Спрей мист для тела парфюмированный Camay DÉSIR Восхитительное очарование – это уходовый продукт-новинка с ароматом пиона и красных ягод. Имеет в своем составе купаж цветочных масел. Содержит эфирные масла лаванды, иланг-иланга и душицы. Парфюмированный спрей для тела имеет стойкий аромат пиона и красных ягод, который сохраняется на коже до 12 часов*. Наши эксперты вдохновились феноменально популярным парфюмом Baccarat rouge 540. Так появился мист Camay DÉSIR Восхитительное очарование. Пион, персик, османтус и фрезия представляют собой верхние ноты парфюма, плавно переходящие в сердце композиции – сочные красные ягоды (вишня и клубника). Завершающие акценты обволакивающего кашемира, белого кедра и ванили стали шлейфом, послевкусием данного аромата. Парфюмированный спрей для волос идеально дополнит гель для душа Camay DÉSIR и продлит его аромат. Подчеркнет ваш образ, женственность и красоту. Уходовые продукты бренда Camay созданы для того, чтобы вдохновлять женщин на раскрытие своей внутренней силы и красоты. Исследуйте все грани собственной чувственности с помощью магического сочетания ароматов Camay. DÉSIR – Желание. * По результатам ольфакторного анализа изготовителя.",Нанести на очищенную кожу или волосы с расстояния примерно 10-20 сантиментов. Не смывать.,Россия,19
374,2026-10-01T11:49:51.258506,20261001_104711_f22aa185,19000315566,parfjumerija/parfjumirovannyj-uhod,EQUIVALENT,Drunk cherry,Парфюмированный крем для тела,798.0,798.0,0.0,1,4.7,https://goldapple.ru/19000315566-drunk-cherry/,https://goldapple.ru/parfjumerija/parfjumirovannyj-uhod?p=19,"Погрузитесь в роскошный мир Drunk Cherry — крема для тела с изысканным ароматом спелой вишни. Он окутывает кожу нежностью и увлажнением, оставляя чувственный шлейф сладких ягод, напоминая о теплых летних вечерах и сочных вишневых садах. Ваша кожа будет выглядеть и ощущаться бархатистой и гладкой, словно прикосновение самой природы.","Нанести на кожу легкими, массажными движениями.",Россия,19
375,2026-10-01T11:49:59.762927,20261001_104711_f22aa185,19000180814,parfjumerija/parfjumirovannyj-uhod,Jo Malone London,English Pear & Freesia,эксфолиант для тела,2780.0,2780.0,0.0,1,4.9,https://goldapple.ru/19000180814-english-pear-freesia/,https://goldapple.ru/parfjumerija/parfjumirovannyj-uhod?p=19,"Гель-скраб для душа с элегантным ароматом English Pear & Freesia бережно очищает и подготавливает кожу к последующему уходу, оставляя на ней деликатный шлейф. Чувственная свежесть спелой груши в букете белых фрезий, украшенная амброй, пачули и древесным оттенком. Формула, обогащенная маслом жожоба, касторового семени и мелкодисперсным порошком стебля бамбука смягчает и полирует кожу. Философия сочетания ароматов: Все ароматы и текстуры Jo Malone London можно использовать самостоятельно и в сочетании с другими, создавая уникальные композиции. Чтобы придать аромату свежих акцентов и создать более яркий образ сочетайте English Pear & Freesia с искрящимся ароматом цветов клементина - Orange Blossom. Чтобы придать аромату теплых оттенков и создать более чувственный образ сочетайте English Pear & Freesia с соблазнительным ароматом пионов и дольки красного яблока - Peony & Blush Suede.",Нанесите небольшое количество средства массирующими движениями на влажную кожу и тщательно смойте водой. Подходит для ежедневного использования.,Великобритания,19
376,2026-10-01T11:50:07.431864,20261001_104711_f22aa185,19000357695,parfjumerija/parfjumirovannyj-uhod,Emmanuelle Jane,FLEUR SAVAGE,Спрей для тела и волос,2010.0,2010.0,0.0,1,4.3,https://goldapple.ru/19000357695-fleur-savage/,https://goldapple.ru/parfjumerija/parfjumirovannyj-uhod?p=19,"Подари себе еще больше солнечных дней со спреем для тела Fleur sauvage. Почувствуй тепло солнечных лучей, стань еще более неотразимой и сияющей! Цветочные и мускусные ноты аромата создадут постоянное присутствие теплого солнечного лета и безмятежности вокруг… Ноты розы, жасмина и фиалки создают изысканный цветочный букет, который дарит яркие эмоции и пробуждает воображение. Нота мускуса придает композиции насыщенность и глубину, даря образу таинственность и особый шарм. Сандаловое дерево завершает композицию своими древесно-землистыми нотами. Его теплый, завораживающий аромат придает композиции успокаивающее звучание, создавая умиротворяющую атмосферу, которая дарит ощущение того, что все возможно и все достижимо. Коллекция Emmanuelle Jane Parfum Mist Brume — 11 ароматов, где каждый представляет собой уникальное облако эмоций, которое помогает выразить настроение и вдохновить на новые свершения. Мист обладает легкой текстурой и свежим ароматом — идеален для повседневного использования. Такой формат можно использовать не только на коже, но и на волосах, одежде или в помещении. Откройте для себя мир утонченной элегантности с коллекцией ароматов Emmanuelle Jane Parfum Mist Brume. Бренд французской парфюмерии Emmanuelle Jane в своем творчестве объединил восточную культуру, средиземноморскую легкость и французский образ жизни. Сочетание популярных и редких нот парфюмерии позволило создать поистине шедевры парфюмерного искусства, которые сегодня пользуются большой популярностью на рынках Европы и Азии. Бренд постоянно сотрудничает с лучшими парфюмерами со всего мира. Главная цель Emmanuelle Jane — поиск наиболее совершенных парфюмерных композиций, эффектно дополняющих образ и имидж своих потребителей.",Распылите на расстоянии 20 см на открытые участки тела и волосы после ванны или душа. При желании можно наносить мист в течение дня.,Греция,19
377,2026-10-01T11:50:16.030353,20261001_104711_f22aa185,19000395344,parfjumerija/parfjumirovannyj-uhod,Kilian Paris,Angels' Share,Спрей для тела,14040.0,14040.0,0.0,1,4.7,https://goldapple.ru/19000395344-angels-share/,https://goldapple.ru/parfjumerija/parfjumirovannyj-uhod?p=19,"Культовый аромат Angels' Share в новом формате спрея для тела. Ощущение роскоши от парфюмерного шедевра, воплощённого в новом, лёгком и воздушном формате, — новый способ выразить себя в повседневной жизни через ароматы. Angels’ Share — это первый аромат Killian, созданный в сотрудничестве французским парфюмером Бенуа Лапуза, и, пожалуй, самый личный на данный момент аромат для Килиана, ведь основатель бренда представляет восьмое поколение династии Хеннесси, прославившейся своими достижениями в коньячном искусстве. Название Angels’ Share — это глубокая отсылка к воспоминаниям Килиана Хеннесси о самом загадочном феномене в коньячном деле - «доле ангелов». Аромат Angels’ Share содержит коньячную эссенцию, которая получена из самого напитка и придает ему натуральный карамельный цвет. Вслед за этой верхней нотой начинает звучать абсолют дубовых бочек, эссенция корицы и абсолют бобов тонка. Стойкие акценты сандала, пралине и ванили образуют неповторимый изысканный шлейф, достойный истинных ангелов.",По назначению,Италия,19
378,2026-10-01T11:50:24.107324,20261001_104711_f22aa185,19000130588,parfjumerija/parfjumirovannyj-uhod,Flame moscow,Ines,Соль для ванны,370.0,370.0,0.0,1,4.8,https://goldapple.ru/19000130588-ines/,https://goldapple.ru/parfjumerija/parfjumirovannyj-uhod?p=19,"Аромат Ines — уникальная композиция пряных трав в виде садовой мяты, томатного листа, петрушки, базилика и лимонного тимьяна на фоне зеленого чая и лепестков жасмина с острой ноткой цитрусовых. Приправлено пудрой на базе теплого сандала и пьянящего мускуса. Наша интерпретация свежего и яркого аромата, вдохновленного оранжереей пряных трав и самых приятных воспоминаний. Зеленый, свежий и бодрящий профиль делает этот аромат подходящим для кухни и веранды, а также спальни или ванной во время приятного ритуала утреннего пробуждения. Верхние ноты: Пряные травы, цитрусовые Средние ноты: Жасмин, зеленый чай, пудра Базовые ноты: Сандал, мускус Морская соль Северного и Средиземного морей пропитана ароматическими маслами. Смесь способствует ароматерапии, а также общему расслаблению и восстановлению, поддержанию тонуса и уменьшению напряжения в мышцах.","Наполните не менее половины ванной, рас- творите содержимое в горячей воде и дайте настояться 5 минут, затем разбавьте воду до комфортной температуры при необходимости. Пакетика хватает на 1-2 применения. Будьте осторожны! После использования поверхность ванны может быть чуть более скользкой, чем обычно.",Россия,19
379,2026-10-01T11:50:33.294322,20261001_104711_f22aa185,19000347960,parfjumerija/parfjumirovannyj-uhod,BYBOZO,Will you marry me?,Парфюмированный спрей для тела,8910.0,8910.0,0.0,1,4.9,https://goldapple.ru/19000347960-will-you-marry-me/,https://goldapple.ru/parfjumerija/parfjumirovannyj-uhod?p=19,"Will You Marry Me?"" - аромат, вдохновлённый одним из самых нежных моментов в жизни. Его нежное и притягательное звучание пробуждает воспоминания о встречах, любви и романтике. Ноты сочных фруктов, переносят в состояния первой влюбленности и ощущения безграничного счастья. Специально разработанная технология распыления спрея на 360 градусов обеспечивает удобное нанесение на все тело, волосы и одежду. Спрей обладает более нежным и ненавязчивым ароматом по сравнению с парфюмерной водой. Экономичный расход и заметный шлейф от аромата.","Распылите на чистую кожу, волосы или одежду, избегая попадания в глаза.",Оаэ,19
380,2026-10-01T11:50:55.203130,20261001_104711_f22aa185,19000362513,parfjumerija/parfjumirovannyj-uhod,Zielinski & Rozen,"With mint, aloe, panthenol",Успокаивающий крем для тела в банке,2201.0,2201.0,0.0,1,4.7,https://goldapple.ru/19000362513-with-mint-aloe-panthenol/,https://goldapple.ru/parfjumerija/parfjumirovannyj-uhod?p=20,"Успокаивающий крем для тела. Благодаря содержанию пантенола и экстракта алоэ крем обладает регенерирующим действием, способствует снятию покраснений, предотвращает шелушение кожи. Масла ши, жожоба и оливы в составе крема борются с сухостью и увлажняют кожу. Экстракт мяты тонизирует и оказывает легкое охлаждающее действие. Крем подходит для всех типов кожи, а также для кожи, склонной к атопии.",Нанесите на сухую или влажную кожу легкими массирующими движениями до полного впитывания.,Израиль,20
381,2026-10-01T11:51:03.456720,20261001_104711_f22aa185,19000437813,parfjumerija/parfjumirovannyj-uhod,The Act,25th Hour,гель для душа,830.0,830.0,0.0,1,4.5,https://goldapple.ru/19000437813-25th-hour/,https://goldapple.ru/parfjumerija/parfjumirovannyj-uhod?p=20,"Осознанная пауза для времени на себя. 25-й час — это больше, чем гель для душа. Это символическая пауза, которую мы дарим себе. Мгновения вне расписания, вне дел, вне хаоса. Вдох — и вы уже в своём личном пространстве заботы, где можно просто быть, просто дышать. Чувственный аромат вырывает из повседневности, позволяя сосредоточиться на моменте. Свежесть груши и ягодная кислинка чёрной смородины раскрываются первыми. Нежный арабский жасмин в сердце композиции обнимает сладкое пралине, даря ощущение спокойствия и умиротворения. Тёплая ваниль, насыщенный пачули и бобы тонка в базовых нотах создают уютное облако чувственности, приглашая вас остановиться и уделить время только себе. Cерия создана совместно с Cosmoscow, главной в России ярмаркой современного искусства. Идея заключается в дополнительном времени для себя: символическом «25-м часе», который позволяет людям вырваться из суеты повседневной жизни, расслабиться и посвятить время личным ритуалам заботы и восстановления.","Нанесите на влажную кожу тела, вспеньте и тщательно смойте теплой водой.",Россия,20
382,2026-10-01T11:51:11.076923,20261001_104711_f22aa185,19000087927,parfjumerija/parfjumirovannyj-uhod,PRESS GURWITZ PERFUMERIE,"№3 Tobacco, Cinnamon, Vanilla",Нет категории,1021.0,1021.0,0.0,1,4.6,https://goldapple.ru/19000087927-no-3/,https://goldapple.ru/parfjumerija/parfjumirovannyj-uhod?p=20,"Шариковый универсальный дезодорант-антиперспирант парфюмированный PRESS GURWITZ PERFUMERIE №3 Табак, Ваниль, Корица - это надежная защита и барьер от пота и запаха. Эффективно справляется со своей задачей без вреда для здоровья. Натуральные активные компоненты защищают от неприятного запаха и потливости, а особая формула дезодоранта сужает протоки потовых желез в месте нанесения, за счет чего обеспечивает полную сухость даже во время тренировки, в стрессовой ситуации или в жаркий летний день. Деликатная формула не раздражает кожу, быстро сохнет, не оставляя липкости, а также белых следов на одежде. Сохраняет ощущение оптимального комфорта и защищает от избыточного потоотделения. Гипоаллергенная формула, не содержит спирта, без парабенов. Средство подходит для всех типов кожи, как для женщин, так и для мужчин. Компактная шариковая форма обеспечивает гигиеничное нанесение и практичность в использовании ежедневной защиты. В коллекции используются селективные авторские ароматы, разработанные в парфюмерных домах Франции. Все ароматы унисекс.","Нанесите на чистую и сухую кожу подмышечных впадин, подождите 2-3 минуты, когда дезик полностью высохнет.",Россия,20
383,2026-10-01T11:51:18.587962,20261001_104711_f22aa185,7192200031,parfjumerija/parfjumirovannyj-uhod,DIOR,Miss Dior,Нет категории,6500.0,6500.0,0.0,1,4.7,https://goldapple.ru/7192200031-miss-dior/,https://goldapple.ru/parfjumerija/parfjumirovannyj-uhod?p=20,"Этот парфюмированный дезодорант дарит защиту и свежесть в течение всего дня. Его деликатная формула, насыщенная экстрактом розы, обеспечивает коже длительную защиту. Ваша кожа обретает свежесть и легкий парфюмерный шлейф, усиливающий звучание аромата Miss Dior.",Не указано,Франция,20
384,2026-10-01T11:51:27.652238,20261001_104711_f22aa185,19000445882,parfjumerija/parfjumirovannyj-uhod,Versace,POUR HOMME,подарочный парфюмерный набор,7869.0,7869.0,0.0,1,5.0,https://goldapple.ru/19000445882-pour-homme/,https://goldapple.ru/parfjumerija/parfjumirovannyj-uhod?p=20,"В состав набора входят: Туалетная вода Versace Pour Homme — 50 мл Парфюмированный шампунь для волос и тела — 50 мл Парфюмированный бальзам после бритья — 50 мл Благородный и мужественный аромат Pour Homme воплощает средиземноморский характер и окутывает уверенностью на весь день. Верхние ноты лимона, бергамота и нероли дарят бодрящую свежесть. В сердце композиции раскрывается яркое звучание гиацинта, герани, мускатного шалфея и кедра, а базовые ноты мускуса и бобов тонка придают аромату чувственность и делают его шлейф соблазнительным и манящим.","1. Парфюмированный шампунь для волос и тела: Используйте во время принятия душа, нанесите на волосы и тело, распределите массирующими движениями, затем смойте водой. 2. Бальзам после бритья: Нанесите на кожу лица после бритья, аккуратно распределите. 3. Туалетная вода: Распылите с небольшого расстояния. Избегайте попадания в глаза.",Италия,20
385,2026-10-01T11:51:34.453007,20261001_104711_f22aa185,19000135086,parfjumerija/parfjumirovannyj-uhod,Tesori d’Oriente,Hammam,Парфюмированное жидкое мыло,510.0,510.0,0.0,1,4.6,https://goldapple.ru/19000135086-hammam/,https://goldapple.ru/parfjumerija/parfjumirovannyj-uhod?p=20,"Tesori d'Oriente  жидкое крем-мыло ""Хаммам"". Ароматическое крем-мыло с лучшим аргановым маслом.Свежий аромат сочетается с эфирными маслами жасмина самбака и клементина в этой серии, что придает ей чарующий, характерный и интенсивный аромат. Он интенсивно успокаивает и восстанавливает. Его применение подходит не только для рук и лица, но и для всего тела.","нанести на влажную кожу массирующими движениями, вспенить, затем смыть теплой водой.",Италия,20
386,2026-10-01T11:51:43.226100,20261001_104711_f22aa185,99000023637,parfjumerija/parfjumirovannyj-uhod,Uneedme Cosmetics,magnetic yuzu,крем для рук и тела,881.0,881.0,0.0,1,4.9,https://goldapple.ru/99000023637-magnetic-yuzu/,https://goldapple.ru/parfjumerija/parfjumirovannyj-uhod?p=20,"Парфюмированный крем для рук и тела Magnetic Yuzu с растительными экстрактами обеспечивает комплексный уход за кожей любого типа, способствуя её обновлению и восстановлению. Magnetic Yuzu сияет бодрящими минеральными гранями, раскрываясь в бесконечных контрастах света и тени. Таинственные цитрусовые сады, хранящие тишину первых утренних лучей, окроплённые сияющей росой, являют собой мгновение покоя и внутренней гармонии. Солнечные лучи, пробиваясь сквозь густую листву цитрусовых деревьев, создают на земле мозаику из света и тени. Тонкие ветви деревьев, усыпанные сочными плодами, изгибаются под напором лёгкого морского бриза. Кристальное дыхание цитрусового сада пробуждающее разум и воспоминания. Magnetic Yuzu- это яркий цитрусовый аромат, изысканный дуэт японского цитруса юдзу, ветивера и пралине, в сочетании с аккордами зелёного бергамота и нежных утонченных акцентов бархатного Персика. Ольфакторная пирамида: Сладкий, Цитрусовый. Верхние ноты: Сицилийский мандарин, ветивер, белые цветы. Средние ноты: Мексиканская ваниль, грейпфрут, бергамот, персик. Базовые Ноты: Лимон, японский юдзу, пралине, тростниковый сахар.",Массажными движениями нанесите небольшое количество крема на кожу и распределите до полного впитывания. Подходит для ежедневного ухода за кожей любого типа.,Россия,20
387,2026-10-01T11:51:51.867549,20261001_104711_f22aa185,19000322317,parfjumerija/parfjumirovannyj-uhod,Zielinski & Rozen,"Black Pepper, Vetiver, Neroli, Amber",Скраб для тела,1390.0,1390.0,0.0,1,4.7,https://goldapple.ru/19000322317-black-pepper-vetiver-neroli-amber/,https://goldapple.ru/parfjumerija/parfjumirovannyj-uhod?p=20,Содержит натуральную соль Мертвого моря. Способствует нежному удалению мертвых клеток эпидермиса. Обеспечивает длительное ощущение увлажнения и напитанности благодаря маслам. Не требует дополнительного использования крема.,"Нанесите на влажную или распаренную кожу, вотрите массирующими движениями, затем смойте теплой водой.",Израиль,20
388,2026-10-01T11:52:02.423505,20261001_104711_f22aa185,19000135077,parfjumerija/parfjumirovannyj-uhod,Tesori d’Oriente,Hammam,Парфюмированный увлажняющий крем для тела,886.0,886.0,0.0,1,4.5,https://goldapple.ru/19000135077-hammam/,https://goldapple.ru/parfjumerija/parfjumirovannyj-uhod?p=20,"Крем для тела интенсивно увлажняет кожу и оставляет очаровательный аромат. Бережно ухаживает за кожей тела, нормализует гидро-липидный баланс. Устраняет шелушения, сухость и стянутость, дарит глубокое увлажнение, питание и бархатистость. Наполняет клетки витаминами и питательными веществами.","нанести крем на чистую, сухую кожу, массажными движениями распределить по телу до полного его впитывания.",Италия,20
389,2026-10-01T11:52:12.660882,20261001_104711_f22aa185,19000261053,parfjumerija/parfjumirovannyj-uhod,MiPASSION,Mild,Крем для рук,490.0,490.0,0.0,1,4.6,https://goldapple.ru/19000261053-mild/,https://goldapple.ru/parfjumerija/parfjumirovannyj-uhod?p=20,"Крем для рук MiPASSiON содержит различные органические масла, которые обеспечивают питание и уход для кожи. Масла, такие как масло ши, какао, оливковое и кокосовое, увлажняют и смягчают кожу, делая её гладкой и шелковистой. Кроме того, витамин Е успокаивает кожу и укрепляет её липидный барьер, оздоравливает и укрепляет её. Верхние ноты: горький миндаль, ликер. Средние ноты: вишня, слива, турецкая роза и жасмин. Базовые ноты: бобы тонка, ваниль, корица, перуанский бальзам, сандал, гвоздика, кедр, пачули и ветивер. Продукт временно может поступать как в новом так и в старом дизайне.","Небольшое количество крема нанести на чистую кожу рук, массировать до полного впитывания. Только для наружного применения.",Россия,20
390,2026-10-01T11:52:21.153877,20261001_104711_f22aa185,19000400090,parfjumerija/parfjumirovannyj-uhod,Huxley,MOROCCAN GARDENER,Парфюмированный крем для рук,675.0,675.0,0.0,1,4.7,https://goldapple.ru/19000400090-moroccan-gardener/,https://goldapple.ru/parfjumerija/parfjumirovannyj-uhod?p=20,"Крем для рук Huxley с маслом опунции дарит увлажнение, устраняет сухость и делает кожу мягкой. Формула помогает успокоить кожу, улучшить её текстуру и укрепить естественный защитный барьер. Средство окутывает кожу рук приятным цветочно-зеленым ароматом, в котором переплетаются ноты полевых цветов, древесины и мягкого мускуса. Парфюмерная композиция посвящена пышному саду в пустыне Марокко.","Нанесите на чистую кожу рук и распределите. Используйте по мере необходимости, когда кожа рук становится сухой.",Республика корея,20
391,2026-10-01T11:52:29.314693,20261001_104711_f22aa185,99000026320,parfjumerija/parfjumirovannyj-uhod,BOCA AROMA,One and Only,Смягчающее гель-масло для душа,1670.0,1670.0,0.0,1,4.7,https://goldapple.ru/99000026320-multi-oil-body-wash/,https://goldapple.ru/parfjumerija/parfjumirovannyj-uhod?p=20,"Парфюмированное гель-масло сочетает деликатное очищение с комплексным уходом за кожей. Благодаря маслам оливы, персика и миндаля продукт смягчает, питает кожу и насыщает её витаминами. В формулу включены увлажняющие и восстанавливающие компоненты: мочевина, экстракт алоэ вера, бетаин и пантенол способствуют поддержанию оптимального уровня увлажненности, помогают успокаивать и восстанавливать кожу. Инулин, являясь пребиотиком растительного происхождения, поддерживает здоровый баланс микробиома кожи. Глюконолактон демонстрирует антиоксидантные свойства, защищая кожу от неблагоприятных факторов окружающей среды, в том числе стресса и признаков возрастных изменений. Текстура средства шелковистая, легко распределяется по коже, обеспечивая комфортное и приятное применение. Особый акцент сделан на изысканном парфюмированном аромате, который придает ощущение свежести и дарит приятные эмоции при каждом использовании.",Нанесите гель-масло на влажную кожу тела легкими массирующими движениями. Вспеньте и смойте водой.,Россия,20
392,2026-10-01T11:52:36.499615,20261001_104711_f22aa185,19000225249,parfjumerija/parfjumirovannyj-uhod,Zielinski & Rozen,Orange & Jasmine,Нет категории,1590.0,1590.0,0.0,1,4.8,https://goldapple.ru/19000225249-orange-jasmine/,https://goldapple.ru/parfjumerija/parfjumirovannyj-uhod?p=20,"Мягко и эффективно очищает кожу от жира и других видов загрязнений. Подходит для ежедневного умывания, мытья рук и тела. Ароматы продукции Zielinski&Rozen изменили свое наименование без изменения состава.",Вспенить мыло в руках. Тщательно смыть теплой водой.,Россия,20
393,2026-10-01T11:52:45.561776,20261001_104711_f22aa185,83320700004,parfjumerija/parfjumirovannyj-uhod,Jo Malone London,English Pear & Freesia,Нет категории,5250.0,5250.0,0.0,1,4.8,https://goldapple.ru/83320700004-english-pear-freesia/,https://goldapple.ru/parfjumerija/parfjumirovannyj-uhod?p=20,"Аромат осени. Чувственная свежесть созревших груш укутана в букет белых фрезий и смягчена янтарем, пачули и древесным ароматом. Золотистый и сочный. Обладающее роскошной пеной и заряжающим ароматом, гель для душа и освежает и ухаживает за кожей, деликатно парфюмируя ее. Обращаем внимание, в зависимости от партии цвет дозатора может отличаться от фото в интернет-магазине. Состав и свойства продукта при этом остаются неизменными.",Нанесите небольшое количество геля массирующими движениями на влажную кожу и тщательно смойте водой.,Великобритания,20
394,2026-10-01T11:52:53.902693,20261001_104711_f22aa185,90150600005,parfjumerija/parfjumirovannyj-uhod,Zielinski & Rozen,Orange & Jasmine,Крем для рук,1690.0,1690.0,0.0,1,4.6,https://goldapple.ru/90150600005-orange-jasmine-vanilla/,https://goldapple.ru/parfjumerija/parfjumirovannyj-uhod?p=20,"Универсальные кремы для рук подходят для использования в любое время года и в любом климате. Благодаря легкой текстуре средство быстро впитывается, а обогащенная натуральными маслами формула надолго оставляет кожу мягкой и нежной. Тюбик удобного travel-формата поместится даже в очень маленькой сумке или кармане. Ароматы продукции Zielinski&Rozen изменили свое наименование без изменения состава.",Выдавите небольшое количество крема на руки и равномерно распределите на коже.,Израиль,20
395,2026-10-01T11:53:01.059640,20261001_104711_f22aa185,19000300229,parfjumerija/parfjumirovannyj-uhod,Make Sense,Sense of Freshness,Парфюмированный мусс для душа,534.0,534.0,0.0,1,4.6,https://goldapple.ru/19000300229-freshness/,https://goldapple.ru/parfjumerija/parfjumirovannyj-uhod?p=20,"Коллекция 'Sense of Freshness' окутает вас свежестью и легкостью. - Бергамот создает ощущение невероятной энергии - Ирис придает коллекции ноту роскоши и неповторимости - Мандарин наполняет нежными и сладкими нотками - Нероли создает атмосферу влюбленности, оставаясь в памяти надолго. Нежный мусс для душа из коллекции 'Sense of Freshness' бережно очищает, делает кожу нежной и шелковистой.","Перед использованием встряхните баллон. Смочите кожу водой. Держа баллон вертикально, выдавите пену на ладонь или мочалку. Равномерно нанесите пену на кожу. Помассируйте легкими круговыми движениями и смойте водой.",Россия,20
396,2026-10-01T11:53:09.720315,20261001_104711_f22aa185,99000136199,parfjumerija/parfjumirovannyj-uhod,GESSEN,Vol.1 Emovio,Увлажняющий парфюмированный гель для душа,864.0,864.0,0.0,1,5.0,https://goldapple.ru/99000136199-vol-1-emovio/,https://goldapple.ru/parfjumerija/parfjumirovannyj-uhod?p=20,"Vol. 1 — деликатные увлажняющие гели для самой требовательной кожи. Аромат Emovio освежает и заряжает энергией. Его ритм — вибрирующий аккорд современности с нотами цветов и пряностей. Верхние ноты: кумкват, ягодные ноты. Средние ноты: цветок апельсина, орхидея, корица. Нижние ноты: ваниль, пачули. Gessen — бренд, сочетающий точную науку с миром эмоций. Gessen создаёт продукты, в которых эффективные формулы встречаются с силой ароматических ассоциаций. Концепция «мест-состояний» помогает превратить рутинные действия в моменты наслаждения и самопознания.","Нанесите на влажную кожу тела или губку, помассируйте до образования пены, смойте водой. Избегайте контакта с глазами. При попадании в глаза тщательно промыть водой.",Россия,20
397,2026-10-01T11:53:19.827146,20261001_104711_f22aa185,19000125940,parfjumerija/parfjumirovannyj-uhod,PRESS GURWITZ PERFUMERIE,"№15 Iris, Fig, Sandal",Гель для душа,1537.0,1537.0,0.0,1,4.6,https://goldapple.ru/19000125940-no15-iris-fig-sandal/,https://goldapple.ru/parfjumerija/parfjumirovannyj-uhod?p=20,"Гель для душа  Press Gurwitz Perfumerie обогащенный экстрактами ириса, инжира, а так же маслом сандала и пантенолом, бережно очищает кожу и ухаживает за ней. Чувственная и волнующая композиция с нотами ириса, инжира и сандалана. Бессульфатный гель для душа хорошо увлажняет и питает кожу, восстанавливает ее защитные свойства, успокаивает и удерживает влагу внутри. Гипоаллергенный гель не сушит кожу и не нарушает естественный PH-баланс, наполняет кожу витаминами и аминокислотами, подходит даже для чувствительной кожи. В коллекции используются селекционные авторские ароматы, которые остаются с вами надолго. Все ароматы унисекс.","нанести небольшое количество на тело, а затем смыть.",Россия,20
398,2026-10-01T11:53:31.219357,20261001_104711_f22aa185,19000459149,parfjumerija/parfjumirovannyj-uhod,PERMEGI,Mango,Парфюмированный крем для рук,206.0,206.0,0.0,1,4.8,https://goldapple.ru/19000459149-mango/,https://goldapple.ru/parfjumerija/parfjumirovannyj-uhod?p=20,"Парфюмированный крем для рук и тела Permegi — это нежное средство для ухода за кожей, созданное на основе трех растительных масел. Он эффективно увлажняет и смягчает кожу, делая ее более эластичной и упругой. В составе 96% натуральных ингредиентов. Крем не содержит компонентов животного происхождения, что делает его подходящим для веганов. Легкая текстура крема мгновенно впитывается, не оставляя ощущения липкости и жирности.","1. Нанесите небольшое количество крема на чистые руки и легкими массажными движениями распределите по коже до полного впитывания. 2. Используйте утром и вечером, а также после каждого контакта с водой.",Россия,20
399,2026-10-01T11:53:38.899962,20261001_104711_f22aa185,19000347959,parfjumerija/parfjumirovannyj-uhod,BYBOZO,Habibi,Парфюмированный спрей для тела,8910.0,8910.0,0.0,1,4.9,https://goldapple.ru/19000347959-habibi/,https://goldapple.ru/parfjumerija/parfjumirovannyj-uhod?p=20,"Habibi – это признание в любви, искренней и настоящей, когда Вы принимаете человека со всеми достоинствами и недостатками. В семье Хамуди Халила, основателя парфюмерного дома BYBOZO, слово «Хабиби» звучало часто, именно так называют любимых и дорогих сердцу людей. В этом слове заключена нежность, забота и любовь. Мягкий и гурманский, он будет идеален в моменты, когда хочется душевной теплоты и волшебства. Стартует композиция с сочных оттенков зелени. Вы будто оказываетесь на средиземноморском побережье, где вдыхаете оттенки зелени, омытой морским бризом. Идеальное место для уединения с самим собой. Сердце аромата кремово-сливочное – здесь в игру вступают миндаль, лист красной смородины и спелая вишня. Это трио словно погружает в гипнотический транс. Специально разработанная технология распыления спрея на 360 градусов обеспечивает удобное нанесение на все тело, волосы и одежду. Спрей обладает более нежным и ненавязчивым ароматом по сравнению с парфюмерной водой. Экономичный расход и заметный шлейф от аромата","Распылите на чистую кожу, волосы или одежду, избегая попадания в глаза.",Оаэ,20
400,2026-10-01T11:54:02.164242,20261001_104711_f22aa185,99000111889,parfjumerija/parfjumirovannyj-uhod,AMAL DE MAR,"BLACK PEPPER, AMBER, NEROLI",Парфюмированный гель для душа,983.0,983.0,0.0,1,5.0,https://goldapple.ru/99000111889-black-pepper-amber-neroli/,https://goldapple.ru/parfjumerija/parfjumirovannyj-uhod?p=21,"Гель создан только из экологически чистых и высококачественных ингредиентов, включая французские отдушки, и имеет аромат Black Pepper, Amber & Neroli. Насыщенный яркий аромат амбры и черного перца создают уникальный и запоминающийся шлейф, который окутает Вас с первых секунд использования. В результате ежедневного ухода происходит глубокое и бережное очищение от загрязнений с сохранением естественного баланса кожи, повышение её тонуса и упругости. Помимо очищения и увлажнения, гель обладает выраженным смягчающим действием.м.","Нанести гель на влажную кожу или мочалку, вспенить и распределить по телу, смыть теплой водой. Также можно использовать в качестве пены для ванн: добавьте немного геля в воду, и аромат распространится по всему помещению, а Вы почувствуете себя в спа-салоне.",Россия,21
401,2026-10-01T11:54:11.884981,20261001_104711_f22aa185,19000390306,parfjumerija/parfjumirovannyj-uhod,Kilian Paris,Good girl gone Bad,Крем для рук,6480.0,6480.0,0.0,1,4.9,https://goldapple.ru/19000390306-good-girl-gone-bad/,https://goldapple.ru/parfjumerija/parfjumirovannyj-uhod?p=21,"Крем для рук с легендарным ароматом Good girl gone Bad by KILIAN. Еще один способ носить аромат Kilian Paris. Эстетическое и чувственное прикосновение, которым можно наслаждаться в течение дня. Минималистичный по стилю и роскошный внутри - это новая формула, специально созданная для того, чтобы быть тем, чем должен быть идеальный крем для рук: быстро впитывающийся, увлажняющий и делающий кожу шелковистой. Одновременно невинный и чувственный аромат открывается абрикосовыми оттенками цветов апельсина и абсолютов османтуса и майской розы. За ними притаилось главное искушение — симфония трех цветочных нот: туберозы, жасмина и нарцисса.","только для наружного применения. Нанесите крем на руки и мягко вмассируйте в чистую кожу, затем оставьте до высыхания.",Франция,21
402,2026-10-01T11:54:21.305930,20261001_104711_f22aa185,19000360818,parfjumerija/parfjumirovannyj-uhod,KONDOR,Sandalwood,Нет категории,2516.0,2516.0,0.0,1,4.7,https://goldapple.ru/19000360818-sandalwood/,https://goldapple.ru/parfjumerija/parfjumirovannyj-uhod?p=21,"Шампунь для деликатного очищения всех типов волос. Насыщенный древесно-восточный аромат, включающий ноты удовой древесины, кожи и крепкого кофе, помогает избавиться от стресса, погрузив в атмосферу настоящего спа. Эфирное масло сандала эффективно регулирует выработку себума и работу сальных желез, надолго сохраняя ощущение чистоты и свежести. Придает волосам здоровый блеск, делает их послушными и шелковистыми. Экстракт базилика улучшает кровообращение, укрепляет, препятствует ломкости и выпадению. Подходит для ежедневного применения. Можно использовать для тела.",Небольшое количество шампуня нанесите на влажные волосы. Вспеньте массирующими движениями. Оставьте на 2-3 минуты. Смойте водой.,Россия,21
403,2026-10-01T11:54:31.495607,20261001_104711_f22aa185,19000439653,parfjumerija/parfjumirovannyj-uhod,Hersteller,About Time,Нет категории,1020.0,1020.0,0.0,1,5.0,https://goldapple.ru/19000439653-about-time/,https://goldapple.ru/parfjumerija/parfjumirovannyj-uhod?p=21,"Нежный бальзам для рук hersteller с маслом ши интенсивно увлажняет и питает кожу рук, делая её более гладкой и мягкой. Средство помогает улучшить текстуру кожи, устранить сухость и дискомфорт. Бальзам с легкой, нелипкой текстурой тает на коже и быстро впитывается, оставляя приятный и свежий фруктово-цитрусовый аромат, пробуждающий светлые воспоминания. Парфюмерную композицию с нотами апельсина и бергамота дополняют ноты жасмина, розы, орхидеи, мускуса и кедра.","Когда кожа рук становится сухой, нанесите небольшое количество бальзама на руки и распределите массирующими движениями.",Республика корея,21
404,2026-10-01T11:54:40.250106,20261001_104711_f22aa185,19000262677,parfjumerija/parfjumirovannyj-uhod,Penhaligon's,HALFETI,Лосьон для рук и тела,7520.0,7520.0,0.0,1,5.0,https://goldapple.ru/19000262677-halfeti/,https://goldapple.ru/parfjumerija/parfjumirovannyj-uhod?p=21,"Нежный лосьон для тела и рук Halfeti увлажняет кожу, делая её мягкой бархатистой. Средство окутывает кожу знаковым ароматом Penhaligon's, загадочным и пьянящим. В этом таинственном парфюмерном зелье переплетаются изысканная роза, яркая нота грейпфрута и чувственное, пряное звучание специй.",Нанесите на кожу тела и равномерно распределите массирующими движениями.,Франция,21
405,2026-10-01T11:54:50.048385,20261001_104711_f22aa185,19760301696,parfjumerija/parfjumirovannyj-uhod,Zielinski & Rozen,Orange & Jasmine,Крем для тела,3990.0,3990.0,0.0,1,4.7,https://goldapple.ru/19760301696-orange-jasmine-vanilla/,https://goldapple.ru/parfjumerija/parfjumirovannyj-uhod?p=21,"Баланс эстетики и функциональности. Тонкий аромат и легкая, но при этом насыщенная текстура делают нанесение максимально комфортным: крем равномерно распределяется и быстро впитывается, не оставляя ощущения липкости, питает и увлажняет кожу. Ароматы продукции Zielinski&Rozen изменили свое наименование без изменения состава.",Нанесите крем на сухую или слегка влажную кожу и распределите легкими массажными движениями до полного впитывания.,Израиль,21
406,2026-10-01T11:54:58.405551,20261001_104711_f22aa185,19000458423,parfjumerija/parfjumirovannyj-uhod,Synergetic,peach,Парфюмированный скраб для тела,567.0,567.0,0.0,1,5.0,https://goldapple.ru/19000458423-peach/,https://goldapple.ru/parfjumerija/parfjumirovannyj-uhod?p=21,"Парфюмированный скраб для тела Synergetic peach/персик деликатно отшелушивает и очищает кожу. Масла ши, кокоса и миндаля интенсивно питают кожу, а экстракты персика и яблока увлажняют, смягчают и восстанавливают. Чувственная парфюмерная композиция открывается свежими и сочными нотами бергамота, мандарина и нежным ароматом яблоневых цветов, дарящих ощущение весеннего утра. Ноты сердца представляют собой соблазнительное сочетание сладкого персика, утончённого жасмина и экзотического османтуса. Лёгкий акцент мягкой и тёплой замши придаёт аромату шарм и загадочность, подчёркивая его индивидуальность. Шлейфовые ноты завершают композицию глубокими древесными аккордами пачули, ветивера и сандала и сладостью натуральной ванили, оставляя долгое и запоминающееся впечатление. Аромат напоминает спелый и сочный фрукт, перед роскошным вкусом которого невозможно устоять.",1. Нанесите скраб на влажную кожу. 2. Помассируйте кожу. 3. Тщательно смойте скраб водой.,Россия,21
407,2026-10-01T11:55:05.669953,20261001_104711_f22aa185,19000201924,parfjumerija/parfjumirovannyj-uhod,Penhaligon's,LUNA,Гель для душа,7220.0,7220.0,0.0,1,5.0,https://goldapple.ru/19000201924-luna/,https://goldapple.ru/parfjumerija/parfjumirovannyj-uhod?p=21,"Нежный гель для душа для тех, кто является поклонником соблазнительного аромата Luna. Богиня Луны купается ночью в своем жемчужном свете. Насладитесь ароматом апельсина, жасмина и розы в геле для душа Luna. Группа ароматов: Цветочный, свежий Верхние ноты: Бергамот, лимон, апельсин Средние ноты: Роза, жасмин, можжевельник Базовые ноты: Пихтовый бальзам, мускус, амбра","Нанести на кожу, избегая попадания в глаза.",Испания,21
408,2026-10-01T11:55:14.715772,20261001_104711_f22aa185,19000225253,parfjumerija/parfjumirovannyj-uhod,Zielinski & Rozen,Black Vanilla,Гель для душа,1790.0,1790.0,0.0,1,4.7,https://goldapple.ru/19000225253-black-vanilla/,https://goldapple.ru/parfjumerija/parfjumirovannyj-uhod?p=21,"Эффективно очищает кожу, обогащает её витаминами, нормализует гидробаланс, восстанавливает тонус и жизненные силы. Подходит для ухода за кожей любого типа.","Небольшое количество геля нанести на влажную кожу, вспенить и тщательно смыть водой. Хранить в сухом, защищенном от света и недоступном для детей месте при температуре от +5 °С до +25 °С.",Израиль,21
409,2026-10-01T11:55:23.003813,20261001_104711_f22aa185,19000325134,parfjumerija/parfjumirovannyj-uhod,FLORINDA,Saline Rosa,Мыло,915.0,915.0,0.0,1,4.8,https://goldapple.ru/19000325134-saline-rosa/,https://goldapple.ru/parfjumerija/parfjumirovannyj-uhod?p=21,"Аромат натурального растительного мыла «Соль Розового Озера» вобрал в себя бодрящую прохладу морской волны и пикантную, пряную ноту горячего ветерка, проносящегося над раскаленными солнцем розовыми солончаками. Идеально сбалансированный, легкий и деликатный аромат удивительным образом станет для вас не только глотком свежего воздуха душным летним днём, но и согреет долгими пасмурными вечерами.","Вспенить в руках, равномерно нанести на влажную кожу и смыть.",Италия,21
410,2026-10-01T11:55:30.747768,20261001_104711_f22aa185,19760302797,parfjumerija/parfjumirovannyj-uhod,Givenchy,IRRESISTIBLE,Парфюмированный гель-масло для душа,6405.0,6405.0,0.0,1,4.7,https://goldapple.ru/19760302797-irresistible/,https://goldapple.ru/parfjumerija/parfjumirovannyj-uhod?p=21,"Гель-масло для душа Irresistible от Givenchy при контакте с водой создает легкую, шелковистую пену, которая бережно очищает кожу и обволакивает ее легким цветочным ароматом. Композиция Irresistible Givenchy представляет собой дуэт роскошной розы и аккорда светлого дерева. Восхитительная роза сверкает, раскрываясь фруктовыми сочными гранями груши, амбретты и пудровой ноты ириса. Это великолепное цветочно-фруктовое сочетание, дополняется аккордами кедра, янтарного дерева и едва уловимой нотой Мускуса. Упаковка продукта на 50% состоит из переработанного пластика, что соответствует принципам ответственного потребления. В банную линию Irresistible от Givenchy также входят гель для душа, мыло для тела, дезодорант в виде спрея и дымка для волос.","Наносить на влажную кожу, распределить по телу, смыть достаточным количеством воды. При необходимости повторить. Избегать попадания в глаза.",Франция,21
411,2026-10-01T11:55:38.389087,20261001_104711_f22aa185,19000042578,parfjumerija/parfjumirovannyj-uhod,Zielinski & Rozen,"Cedarwood, Neroli, Amber",Жидкое мыло,2390.0,2390.0,0.0,1,4.9,https://goldapple.ru/19000042578-cedar-sandalwood-amber-patchouli/,https://goldapple.ru/parfjumerija/parfjumirovannyj-uhod?p=21,"Эффективно очищает от всех видов загрязнений и подходит для ежедневного использования: средство содержит увлажняющие и смягчающие натуральные масла. Приятный бонус — ароматный шлейф, остающийся на коже несколько часов. Ароматы продукции Zielinski&Rozen изменили свое наименование без изменения состава.","Нажмите на дозатор, вспеньте мыло в руках и затем смойте водой.",Израиль,21
412,2026-10-01T11:55:46.257135,20261001_104711_f22aa185,19000422460,parfjumerija/parfjumirovannyj-uhod,La Fabrique,Tobacco & Cherry,Нет категории,324.0,324.0,0.0,1,4.5,https://goldapple.ru/19000422460-tabak-visna/,https://goldapple.ru/parfjumerija/parfjumirovannyj-uhod?p=21,"Парфюмированный мист сочетает в себе цветочные акценты и насыщенную спелую вишню, а композицию дополняют терпкие ноты табачного листа и вишнёвой косточки. В шлейфе раскрываются оттенки пряных специй, создавая выразительный и запоминающийся аромат. Средство имеет лёгкую текстуру, которая не оставляет липкости и не пачкает одежду. Формула миста дополнена ухаживающими компонентами, помогающими увлажнять и смягчать кожу. Флакон выполнен в стильном дизайне и подходит для использования вне дома.","Перед применением необходимо встряхнуть флакон. Продукт подходит для распыления на разные части тела, волосы и одежду.",Россия,21
413,2026-10-01T11:55:55.452283,20261001_104711_f22aa185,19760301705,parfjumerija/parfjumirovannyj-uhod,Zielinski & Rozen,"Black Pepper, Vetiver, Neroli, Amber",Нет категории,1606.0,1606.0,0.0,1,5.0,https://goldapple.ru/19760301705-black-pepper-amber-neroli/,https://goldapple.ru/parfjumerija/parfjumirovannyj-uhod?p=21,"Мертвое море — богатейший источник минералов, которые способны решить целый ряд проблем кожи: от сухости до высыпаний и воспалений. 100% натуральная кристаллическая соль Zielinski & Rozen, добытая из Мертвого моря, улучшает микроциркуляцию и обмен веществ в коже, деликатно отшелушивает ороговевшие клетки и ухаживает за проблемными участками. Ароматы продукции Zielinski&Rozen изменили свое наименование без изменения состава.","Для принятия ванны разведите 100-200 г. соли в теплой воде, а после принятия ванны ополосните кожу чистой водой.",Израиль,21
414,2026-10-01T11:56:03.289109,20261001_104711_f22aa185,19000021499,parfjumerija/parfjumirovannyj-uhod,Zielinski & Rozen,"Amber, Patchouli",Гель для душа,2590.0,2590.0,0.0,1,4.7,https://goldapple.ru/19000021499-moss/,https://goldapple.ru/parfjumerija/parfjumirovannyj-uhod?p=21,"Уход, ароматерапия и признание в любви в одном флаконе. Бодрящий аромат способствует пробуждению, натуральные масла увлажняют кожу и питают, а мягкая пена позволяет по-настоящему насладиться редкими минутами наедине с собой. Ароматы продукции Zielinski&Rozen изменили свое наименование без изменения состава.","Нанесите небольшое количество геля на влажную кожу, вспеньте руками или с помощью мочалки, а затем смойте.",Израиль,21
415,2026-10-01T11:56:12.345229,20261001_104711_f22aa185,19000220662,parfjumerija/parfjumirovannyj-uhod,DUFT & DOFT,Baby soapy perfumed body lotion,Парфюмированный лосьон для тела,1181.0,1181.0,0.0,1,4.5,https://goldapple.ru/19000220662-baby-soapy-perfumed-body-lotion/,https://goldapple.ru/parfjumerija/parfjumirovannyj-uhod?p=21,"Парфюмированный лосьон DUFT&DOFT увлажняет и смягчает кожу тела. Средство с приятной и нелипкой текстурой быстро впитывается, оставляя тонкий, изысканный и нежный аромат с мыльным аккордом и нотами розы и персика. Добиться интенсивного увлажнения помогают гиалуроновая кислота, удерживающая влагу в коже, масло ши, которое устраняет сухость и повышает эластичность кожи, и другие натуральные масла и экстракты.",Нанесите лосьон на кожу тела и равномерно распределите массирующими движениями.,Республика корея,21
416,2026-10-01T11:56:20.949326,20261001_104711_f22aa185,90150700002,parfjumerija/parfjumirovannyj-uhod,Zielinski & Rozen,"Vetiver, Lemon",Крем для тела,3990.0,3990.0,0.0,1,4.7,https://goldapple.ru/90150700002-vetiver-lemon-bergamot/,https://goldapple.ru/parfjumerija/parfjumirovannyj-uhod?p=21,"Баланс эстетики и функциональности. Тонкий аромат и легкая, но при этом насыщенная текстура делают нанесение максимально комфортным: крем равномерно распределяется и быстро впитывается, не оставляя ощущения липкости, питает и увлажняет кожу. Ароматы продукции Zielinski&Rozen изменили свое наименование без изменения состава.",Нанесите крем на сухую или слегка влажную кожу и распределите легкими массажными движениями до полного впитывания.,Израиль,21
417,2026-10-01T11:56:29.928427,20261001_104711_f22aa185,19000324268,parfjumerija/parfjumirovannyj-uhod,Краснополянская косметика,Цитрусовый сад,Крем-баттер для тела,747.0,747.0,0.0,1,4.6,https://goldapple.ru/19000324268-citrusovyj-sad/,https://goldapple.ru/parfjumerija/parfjumirovannyj-uhod?p=21,"Крем – баттер для тела «Цитрус» - роскошное ароматное средство для мгновенного смягчения, питания и повышения эластичности и тонуса кожи. Таящая текстура крема дарит приятное чувство комфорта и обволакивает бодрящим цитрусовым ароматом. - Масла кокоса и облепихи глубоко питают и восстанавливают кожу, стимулируют процессы ее обновления и поддерживают упругость и эластичность. - Эфирные масла лимона, апельсина и вербены улучшают микроциркуляцию, повышают тонус кожи и гармонизируют общее состояние благодаря выраженному ароматерапевтическому эффекту.","Нанесите массажными движениями на тело, используйте после душа или по мере необходимости.",Россия,21
418,2026-10-01T11:56:37.934355,20261001_104711_f22aa185,19000084143,parfjumerija/parfjumirovannyj-uhod,Zielinski & Rozen,"Grapefruit, Patchouli, White Rose",Крем для тела,3990.0,3990.0,0.0,1,4.6,https://goldapple.ru/19000084143-grapefruit-rose-patchouli/,https://goldapple.ru/parfjumerija/parfjumirovannyj-uhod?p=21,"Имеет легкую текстуру, увлажняет и питает кожу. Подходит для всех типов кожи.",Способ применения: Нанесите на сухую или влажную кожу легкими массирующими движениями до полного впитывания.,Израиль,21
419,2026-10-01T11:56:45.486950,20261001_104711_f22aa185,90151100011,parfjumerija/parfjumirovannyj-uhod,Zielinski & Rozen,"Amber, Patchouli",Мыло твердое,890.0,890.0,0.0,1,4.7,https://goldapple.ru/90151100011-moss/,https://goldapple.ru/parfjumerija/parfjumirovannyj-uhod?p=21,"Твердое мыло никогда не выйдет из моды, ведь тактильные ощущения — самое приятное, что можно испытывать. А положив кусочек мыла в гардероб одежда будет всегда пропитана любимым ароматом. Мыло имеет уникальную базу, создающую ощущение крема. От него не остаются мыльные следы на раковине или мыльнице. В составе только натуральные ингредиенты. Твердое мыло мягко и эффективно очищает кожу от жира и других видов загрязнений. Гигиеническое мыло Zielinski&Rozen подходит для ежедневного умывания лица, мытья рук и тела. Ароматы продукции Zielinski&Rozen изменили свое наименование без изменения состава.",Вспенить мыло в руках. Тщательно смыть теплой водой,Россия,21
420,2026-10-01T11:57:07.363163,20261001_104711_f22aa185,82083100002,parfjumerija/parfjumirovannyj-uhod,Byredo,Rose Of No Man's Land,Лосьон для тела,6930.0,6930.0,0.0,1,4.7,https://goldapple.ru/82083100002-rose-of-no-man-s-land/,https://goldapple.ru/parfjumerija/parfjumirovannyj-uhod?p=22,"Rose Of No Man's Land (Роза ничьей земли) – солдаты так называли медсестер, которые спасли тысячи жизней во время Первой Мировой Войны. Этот аромат – дань самоотверженности и состраданию.","Нанести легкими массажными движениями на чистую и сухую кожу тела после принятия душа или ванны, либо по мере необходимости.",Франция,22
421,2026-10-01T11:57:15.455600,20261001_104711_f22aa185,19000043244,parfjumerija/parfjumirovannyj-uhod,Flame moscow,Marie,Крем для рук,1161.0,1161.0,0.0,1,4.5,https://goldapple.ru/19000043244-marie/,https://goldapple.ru/parfjumerija/parfjumirovannyj-uhod?p=22,"Крем для рук и ногтей с питательными маслами ши, жожоба и воском рисовых отрубей подарит вашей коже невероятный аромат.",Использовать только для наружного применения. Хранить в недоступном для детей месте,Россия,22
422,2026-10-01T11:57:26.988671,20261001_104711_f22aa185,19000476040,parfjumerija/parfjumirovannyj-uhod,CLOZ,Ambra and pepper,Нет категории,684.0,684.0,0.0,1,4.8,https://goldapple.ru/19000476040-ambra-and-pepper/,https://goldapple.ru/parfjumerija/parfjumirovannyj-uhod?p=22,"Погрузитесь в атмосферу комфорта с натуральным дезодорантом CLOZ — вашим надёжным защитником свежести на весь день. В основе формулы — природные алюмокалиевые квасцы, которые эффективно нейтрализуют неприятные запахи, не блокируя естественные процессы кожи. Алоэ вера и пантенол обеспечивают успокаивающий уход, предотвращая раздражение даже на самой чувствительной коже. Изысканное сочетание пряного чёрного перца и тёплой, бархатистой амбры создаёт неповторимую ароматическую симфонию, пробуждает чувства и заряжает энергией на весь день. Лёгкая текстура дезодоранта мгновенно впитывается, не оставляя следов на одежде. Натуральные компоненты обеспечивают длительную защиту без использования агрессивных химических веществ. Подарите себе моменты истинного удовольствия с CLOZ — где натуральность встречается с роскошью!",1. Нанесите дезодорант на чистую и сухую кожу подмышек. 2. Позвольте средству полностью впитаться. 3. Поблагодарите себя за проявленную заботу о себе.,Россия,22
423,2026-10-01T11:57:36.638763,20261001_104711_f22aa185,26730700003,parfjumerija/parfjumirovannyj-uhod,Byredo,Blanche,Нет категории,6930.0,6930.0,0.0,1,4.6,https://goldapple.ru/26730700003-blanche/,https://goldapple.ru/parfjumerija/parfjumirovannyj-uhod?p=22,"Богатый витамином Е, лосьон для тела смягчает кожу, делает ее более гладкой и ароматной.  BLANCHE Простой, но характерный (или сильный/устойчивый) аромат, который обозначает классическую красоту, ясность и невинность. Почти прозрачный и естественный как сама природа. Чистая композиция Blanche выводит на передний план белую розу в её вневременной и незапятнанной элегантности в обрамлении розового перца и его альдегида. Женственная смесь фиалки, нероли и пиона предшествует чистым нотам белых лесов и сандалового дерева, которые переплетаясь с мускусом, раскрываются на коже. Бренд обновил дизайн упаковки, поэтому продукт в заказе может отличаться от фото на сайте.",Не указано,Франция,22
424,2026-10-01T11:57:46.976931,20261001_104711_f22aa185,19000295816,parfjumerija/parfjumirovannyj-uhod,Jo Malone London,Oud & Bergamot,Гель для душа,6500.0,6500.0,0.0,1,4.9,https://goldapple.ru/19000295816-oud-bergamot/,https://goldapple.ru/parfjumerija/parfjumirovannyj-uhod?p=22,"Гель для душа Oud & Bergamot с манящим древесным звучанием удового дерева бережно очищает кожу, а благодаря натуральному глицерину и экстракту самфиры формула превращается в бархатистую пену. Привнесите незабываемое ароматическое впечатление в повседневную рутину вместе с гелями для душа Cologne Intense. Философия сочетания ароматов: Все ароматы и текстуры Jo Malone London можно использовать самостоятельно и в сочетании с другими, создавая уникальные композиции. Чтобы придать аромату свежих акцентов и создать более яркий образ сочетайте Oud & Bergamot с ароматом сочной груши в букете белой фрезии - English Pear & Freesia. Чтобы придать аромату теплых оттенков и создать более чувственный образ сочетайте Oud & Bergamot с дурманящим ароматом африканской мирры - Myrrh & Tonka.",Нанесите небольшое количество геля массирующими движениями на влажную кожу и тщательно смойте водой.,Великобритания,22
425,2026-10-01T11:57:56.429111,20261001_104711_f22aa185,90150300010,parfjumerija/parfjumirovannyj-uhod,Zielinski & Rozen,Orange & Jasmine,Жидкое мыло,2390.0,2390.0,0.0,1,4.7,https://goldapple.ru/90150300010-orange-jasmine-vanilla/,https://goldapple.ru/parfjumerija/parfjumirovannyj-uhod?p=22,"Эффективно очищает от всех видов загрязнений и подходит для ежедневного использования: средство содержит увлажняющие и смягчающие натуральные масла. Приятный бонус — ароматный шлейф, остающийся на коже несколько часов. Ароматы продукции Zielinski&Rozen изменили свое наименование без изменения состава.","Нажмите на дозатор, вспеньте мыло в руках и затем смойте водой.",Израиль,22
426,2026-10-01T11:58:05.450150,20261001_104711_f22aa185,19000322294,parfjumerija/parfjumirovannyj-uhod,Zielinski & Rozen,"Apple, Lotus",Жидкое мыло,2390.0,2390.0,0.0,1,4.7,https://goldapple.ru/19000322294-apple-lotus/,https://goldapple.ru/parfjumerija/parfjumirovannyj-uhod?p=22,"Бережно и эффективно очищает кожу, сохраняя ее мягкость. Подходит для ежедневного использования для рук и тела.","Вспеньте мыло ладонями, затем тщательно смойте теплой водой.",Израиль,22
427,2026-10-01T11:58:16.571498,20261001_104711_f22aa185,19000492966,parfjumerija/parfjumirovannyj-uhod,ECOLATIER,"Cherry, almond, sandale",Гель-скраб для душа,233.0,233.0,0.0,1,4.7,https://goldapple.ru/19000492966-ecolatier-cherry-almond-sandale/,https://goldapple.ru/parfjumerija/parfjumirovannyj-uhod?p=22,"Гель‑скраб для душа деликатно отшелушивает и очищает кожу, не нарушая её естественный баланс. Увлажняет, смягчает и тонизирует, не вызывая ощущения сухости и стянутости. Косточки абрикоса мягко удаляют ороговевшие клетки, улучшая текстуру кожи. После использования кожа становится гладкой, мягкой и сияющей. Аромат раскрывается насыщенными аккордами вишнёвого ликёра и горького миндаля, дополненными тёплыми древесными нотами сандала. Активные ингредиенты: — пантенол — увлажняет, смягчает и поддерживает процессы регенерации кожи; — бисаболол — успокаивает и уменьшает проявления раздражения; — экстракт вишни — тонизирует, освежает и придаёт коже здоровое сияние; — масло миндаля — питает, смягчает и повышает эластичность кожи; — постбиотики — поддерживают баланс микробиома и укрепляют естественный защитный барьер кожи.","Нанесите гель-скраб на влажную кожу, мягко помассируйте круговыми движениями, затем смойте теплой водой. Рекомендуется использовать 2–3 раза в неделю.",Россия,22
428,2026-10-01T11:58:25.373549,20261001_104711_f22aa185,19000135078,parfjumerija/parfjumirovannyj-uhod,Tesori d’Oriente,Imperial Orchid,Парфюмированный увлажняющий крем для тела,886.0,886.0,0.0,1,4.6,https://goldapple.ru/19000135078-chinese-orchid/,https://goldapple.ru/parfjumerija/parfjumirovannyj-uhod?p=22,"Tesori d'Oriente крем для тела ""Императорская орхидея"". Мягкая и очень легкая текстура делает кожу бархатистой и ароматной. Крем  обогащен успокаивающими и питательными ингредиентами, осветляет и увлажняет кожу. Ежедневное наслаждение после ванны или душа. Подходит для ежедневного использования.","нанести крем на чистую, сухую кожу, массажными движениями распределить по телу до полного его впитывания.",Италия,22
429,2026-10-01T11:58:39.521110,20261001_104711_f22aa185,99000055143,parfjumerija/parfjumirovannyj-uhod,MOYORY,Amber & Black Pepper,Парфюмированное жидкое мыло для рук,545.0,545.0,0.0,1,4.7,https://goldapple.ru/99000055143-amber-black-pepper/,https://goldapple.ru/parfjumerija/parfjumirovannyj-uhod?p=22,"Откройте для себя мир непревзойденного ухода и изысканных ароматов с парфюмированным жидким мылом для рук от Moyory с дозатором. Это не просто средство для мытья рук, а ключ к миру чистоты и утонченности, где каждое использование превращается в ритуал наслаждения и заботы о себе. Этот уникальный аромат позволяет насладиться необычным сочетанием загадочной амбры и остроты черного перца, обещая окутать ваши руки теплым и притягательным шлейфом, который будет сопровождать вас на протяжении всего дня.","Нанесите небольшое количество средства на влажную кожу, вспеньте, смойте водой.",Россия,22
430,2026-10-01T11:58:50.781131,20261001_104711_f22aa185,90151100005,parfjumerija/parfjumirovannyj-uhod,Zielinski & Rozen,old fashion,Мыло твердое,890.0,890.0,0.0,1,4.7,https://goldapple.ru/90151100005-8018/,https://goldapple.ru/parfjumerija/parfjumirovannyj-uhod?p=22,"Твердое мыло никогда не выйдет из моды, ведь тактильные ощущения — самое приятное, что можно испытывать. А положив кусочек мыла в гардероб одежда будет всегда пропитана любимым ароматом. Мыло имеет уникальную базу, создающую ощущение крема. От него не остаются мыльные следы на раковине или мыльнице. В составе только натуральные ингредиенты. Твердое мыло мягко и эффективно очищает кожу от жира и других видов загрязнений. Гигиеническое мыло Zielinski&Rozen подходит для ежедневного умывания лица, мытья рук и тела.",Вспенить мыло в руках. Тщательно смыть теплой водой.,Россия,22
431,2026-10-01T11:59:01.282817,20261001_104711_f22aa185,19000144153,parfjumerija/parfjumirovannyj-uhod,Givenchy,Gentleman Society STICK DEODORANT,Дезодорант-стик,4880.0,4880.0,0.0,1,4.6,https://goldapple.ru/19000144153-gentleman-society-stick-deodorant/,https://goldapple.ru/parfjumerija/parfjumirovannyj-uhod?p=22,"Дезодорант-стик Gentleman Society от Givenchy обеспечивает бодрящее ощущение свежести, увлажняет и успокаивает кожу. Ноты ветивера и шалфея в сочетании с цветами дикого нарцисса усиливают шлейф древесно-цветочного аромата Gentleman Society. Флакон привлекает внимание своей элегантной черной отделкой и изогнутыми краями. В линию Gentleman от Givenchy также входит парфюмерная вода и гель для душа.",Нанести на чистую кожу в зоне подмышечных впадин.,Франция,22
432,2026-10-01T11:59:10.681078,20261001_104711_f22aa185,19000455126,parfjumerija/parfjumirovannyj-uhod,Zielinski & Rozen,"Blackcurrant, Geranium, Amber, Leather",Нет категории,2590.0,2590.0,0.0,1,4.8,https://goldapple.ru/19000455126-blackcurrant-geranium-amber-leather/,https://goldapple.ru/parfjumerija/parfjumirovannyj-uhod?p=22,"Эффективно очищает кожу, нормализует гидробаланс, не сушит кожу, помогает ей сохранять естественную влажность. Подходит для всех типов кожи.","Нанесите небольшое количество геля на влажную кожу, вспеньте, затем смойте водой.",Израиль,22
433,2026-10-01T11:59:18.999739,20261001_104711_f22aa185,26730700004,parfjumerija/parfjumirovannyj-uhod,Byredo,Blanche,Нет категории,5527.0,5527.0,0.0,1,4.5,https://goldapple.ru/26730700004-blanche/,https://goldapple.ru/parfjumerija/parfjumirovannyj-uhod?p=22,"В качестве дополнения к аромату BLANCHE, выпущена коллекция продуктов по уходу за телом. Мягкий гель для душа окутает тело нежнейшей аурой Вашего любимого аромата. Флакон снабжен удобной крышкой, позволяющей брать его с собой в дорогу.
Вся продукция BYREDO не содержит парабенов и включает только натуральные масла.",Не указано,Франция,22
434,2026-10-01T11:59:28.424182,20261001_104711_f22aa185,19000306200,parfjumerija/parfjumirovannyj-uhod,banka_home,Сосна и пачули,Жидкое мыло,891.0,891.0,0.0,1,4.8,https://goldapple.ru/19000306200-sosna-i-paculi/,https://goldapple.ru/parfjumerija/parfjumirovannyj-uhod?p=22,"Жидкое мыло ""Сосна и пачули"". Сибирский хвойный аромат не елки, а именно сосны, дополненный лесными ягодами и зелёным яблоком. Этот аромат богат натуральными эфирными маслами пихтовой иглы, кедровым деревом и пачули. Верхние ноты: Эвкалипт, камфора, красная смородина. Ноты сердца: Гвоздика, сосна, ель. Базовые ноты: Пачули, кедр.","Применение: нанести необходимое количество на руки, либо загрязненное место, вспенить, добавляя воду, обработать загрязнённый участок, затем тщательно промыть водой.",Россия,22
435,2026-10-01T11:59:36.461477,20261001_104711_f22aa185,19000400757,parfjumerija/parfjumirovannyj-uhod,MiPASSION,Rosemary & Lemon,Парфюмированный крем для рук,490.0,490.0,0.0,1,4.7,https://goldapple.ru/19000400757-rosemary-lemon/,https://goldapple.ru/parfjumerija/parfjumirovannyj-uhod?p=22,"Окутайте руки нежной заботой с парфюмированным кремом-флюидом, который дарит коже комфорт и шелковистость. Легкая текстура быстро впитывается, увлажняя и питая без ощущения липкости. Ниацинамид выравнивает тон и улучшает текстуру кожи, масло виноградной косточки глубоко питает, а экстракт липы смягчает и успокаивает.","Небольшое количество крема нанести на чистую кожу рук, массировать до полного впитывания. Только для наружного применения.",Россия,22
436,2026-10-01T11:59:46.499617,20261001_104711_f22aa185,19000405270,parfjumerija/parfjumirovannyj-uhod,Acqua di Parma,BUONGIORNO,Парфюмированный лосьон для тела и рук,7100.0,7100.0,0.0,1,4.9,https://goldapple.ru/19000405270-buongiorno/,https://goldapple.ru/parfjumerija/parfjumirovannyj-uhod?p=22,"Парфюмированный лосьон для тела и рук BUONGIORNO, 300 мл-  это часть этой уникальной коллекции, которая не только увлажняет и питает кожу, но и наполняет ваши ощущения свежестью на протяжении всего дня. Легкая текстура лосьона идеально подходит для ежедневного использования, оставляя кожу мягкой, шелковистой и невероятно ароматной. Линия Buongiorno — это истинное наслаждение для чувств, которое станет незаменимым элементом вашего утреннего ритуала ухода.",Нанести на кожу массажными движениями.,Италия,22
437,2026-10-01T11:59:54.971049,20261001_104711_f22aa185,19000317371,parfjumerija/parfjumirovannyj-uhod,Мастерская Олеси Мустаевой,Она Иная SFW Backstage,Парфюмированный крем для тела с эффектом мерцания,1203.0,1203.0,0.0,1,4.8,https://goldapple.ru/19000317371-backstage/,https://goldapple.ru/parfjumerija/parfjumirovannyj-uhod?p=22,"Парфюмированный крем для тела с эффектом мерцания Backstage. Флагман коллекции Backstage, выпущенный в коллаборации бренда Она Иная с Неделей Моды Юга - Sochi Fashion Week. Крем для тела Backstage – ваш секретный ключ к безупречно сияющей коже. Продукт сочетает роскошь шиммера и увлажняющие, питательные ингредиенты. Подойдет для кожи любого оттенка. Крем придает коже эффект мерцания и преображает её. Днем он нежно окутывает кожу здоровым сиянием и легким благородным блеском, а вечером, под игрой света, усиливает элегантный блеск каждой частицы, придавая коже особую роскошь и изящество. Мы разработали максимально комфортную и красивую текстуру для крема Backstage, которая равномерно распределяется и легко впитывается, не оставляя ощущения жирности. Каждый компонент в составе Крема Backstage подобран таким образом, чтобы обеспечить вашей коже не только эстетично-парфюмированный, но и исключительно бережный уход. Богатые антиоксидантами масла рисовых отрубей, сладкого миндаля и макадамии глубоко питают, придавая коже невероятную гладкость и эластичность. Масло ши, известное своими восстанавливающими свойствами, заботится о смягчении и восстановлении даже самых сухих участков. Бетаин, пантенол и комплекс аминокислот помогают надолго удерживать влагу в коже. Экстракты алоэ, авокадо, морошки, василька, цитрусовых и виноградной косточки не только укрепляют и восстанавливают кожу, но и обладают мощными антиоксидантными свойствами, способствующими замедлению процессов старения. Гиалуроновая кислота в составе обеспечивает дополнительный уровень увлажнения, делая кожу упругой и гладкой. Наконец, роскошный аромат, сочетающий ноты груши, розового перца, цветка апельсина, жасмина, лакричника, пачули и кашемирового дерева, создает неповторимое ощущение свежести, которое остается на коже на протяжении всего дня. Выбирайте крем Backstage для ярких моментов. Пусть каждый ваш день будет блестящим!",Небольшое количество крема нанести на кожу тела. При возникновении реакции на продукт снизить частоту применения или отменить.,Россия,22
438,2026-10-01T12:00:04.200136,20261001_104711_f22aa185,19000442152,parfjumerija/parfjumirovannyj-uhod,Calvin Klein,Sheer Peach,дымка для тела и волос,3109.0,3109.0,0.0,1,4.8,https://goldapple.ru/19000442152-sheer-peach/,https://goldapple.ru/parfjumerija/parfjumirovannyj-uhod?p=22,"Залитый солнцем фруктовый сад, где спелые персики висят на ветвях тяжелыми плодами. Sheer Peach от Calvin Klein передает эту сладость, сочетая сочный персик с цветочными нотами. Это аромат летних объятий, который наполняет свежестью и теплом. Аромат дарит ощущение безмятежности и радости, как теплый летний день, проведенный в окружении природы.","Распылите спрей на кожу с расстояния 20-30 см. Сосредоточьтесь на пульсирующих зонах, таких как запястья, шея и внутренняя сторона локтя. Избегайте нанесения на лицо, глаза и подмышки. Повторяйте нанесение по мере необходимости.",Испания,22
439,2026-10-01T12:00:13.124349,20261001_104711_f22aa185,99000156401,parfjumerija/parfjumirovannyj-uhod,MØS Skincare,"bergamot, green tea, tonka, moss",Парфюмированный гель для душа,1875.0,1875.0,0.0,1,5.0,https://goldapple.ru/99000156401-mos-skincare-bergamot-green-tea-tonka-moss/,https://goldapple.ru/parfjumerija/parfjumirovannyj-uhod?p=22,"Парфюмированный гель для душа бренда Mos Skincare с нотами бергамота, зелёного чая, бобов тонка и дубового мха создаёт утончённый аромат, который деликатно подчёркивает индивидуальность. Аромат геля раскрывается по классической ольфакторной пирамиде. — Верхние ноты — бодрящий цитрусовый аккорд бергамота с лёгкой горчинкой, задающий свежий и энергичный старт. — Ноты сердца — изысканный оттенок зелёного чая: тонкий, травянистый, с едва уловимой свежестью, создающий ощущение лёгкости и гармонии. — Базовые ноты — тёплые, бархатистые акценты бобов тонка в сочетании с землисто-древесными оттенками мха. Эта комбинация формирует глубокий, сбалансированный шлейф, придающий композиции завершённость и стойкость. Прозрачный ароматизированный гель без красителей подходит для мужчин и женщин. После применения он оставляет на коже ненавязчивый, но запоминающийся аромат — свежий в начале и более тёплый, обволакивающий по мере раскрытия. Продукт не содержит парабенов и силиконов, не тестируется на животных. Формула с нейтральным pH подходит для ежедневного применения — как в душе, так и в бане, обеспечивая комфортную гигиену. Удобный дозатор облегчает использование средства. Объём упаковки — 500 мл: достаточно большой, чтобы наслаждаться ароматом надолго. Компактная и стильная упаковка делает гель подходящим вариантом для домашнего ухода или в качестве продуманного подарка.","Нанести на влажные руки или тело, хорошо вспенить. Смыть тёплой водой.",Россия,22
440,2026-10-01T12:00:58.492018,20261001_104711_f22aa185,19000311744,parfjumerija/parfjumirovannyj-uhod,Touch&Relax,"Черный перец, нероли и амбра",Парфюмированный гель для рук,502.0,502.0,0.0,1,4.6,https://goldapple.ru/19000311744-cernyj-perec-neroli-i-ambra/,https://goldapple.ru/parfjumerija/parfjumirovannyj-uhod?p=23,"Парфюмированный гель для мытья рук Черный перец, нероли и амбра. Эксклюзивная формула с ароматом селективного парфюма. Гель для мытья рук с непревзойденным ароматом черного перца, нероли и амбры превратит банальную процедуру в истинное наслаждение! Его нежная воздушная пена бережно очищает, не нарушая pH кожи, и предотвращает ее сухость. Насыщенная формула геля содержит все необходимые ингредиенты для молодости, красоты и сияния кожи. Ваша кожа гладкая и нежная, с загадочным стойким шлейфом эксклюзивного парфюма. -Комплекс натуральных масел глубоко питает, дарит гладкость и эластичность -Д-пантенол и витамин Е защищают липидный барьер, смягчают и омолаживают кожу -Натуральные экстракты предотвращают обезвоживание кожи, тонизируют, дарят свежий и сияющий вид -Инулин – натуральный пребиотик поддерживает гармоничный баланс микробиома кожи.","Небольшое количество геля нанесите на влажную кожу рук, помассируйте до образования пены,  смойте водой.",Россия,23
441,2026-10-01T12:01:06.347334,20261001_104711_f22aa185,19000035803,parfjumerija/parfjumirovannyj-uhod,Zielinski & Rozen,"Leather, Sandalwood, Amber",Твердое мыло,890.0,890.0,0.0,1,4.6,https://goldapple.ru/19000035803-leather-sandalwood-amber/,https://goldapple.ru/parfjumerija/parfjumirovannyj-uhod?p=23,"Ароматное мыло — беспроигрышный подарок по любому поводу и любому человеку: в том числе, самому себе. В составе — только натуральные ингредиенты, которые мягко и эффективно очищают кожу от загрязнений и не оставляют ощущения сухости после мытья. Подходит для ежедневного мытья рук и тела, а компактную металлическую мыльницу удобно брать с собой в путешествия. Также твердое мыло можно использовать как саше: если положить его в шкаф с одеждой, гардероб наполнится любимым ароматом.",Храните мыло в гардеробе в качестве саше или используйте по прямому назначению: вспеньте в руках и смойте водой.,Россия,23
442,2026-10-01T12:01:14.772606,20261001_104711_f22aa185,19000135085,parfjumerija/parfjumirovannyj-uhod,Tesori d’Oriente,White Musk,Нет категории,454.0,454.0,0.0,1,4.5,https://goldapple.ru/19000135085-white-musk/,https://goldapple.ru/parfjumerija/parfjumirovannyj-uhod?p=23,"Tesori d'Oriente  жидкое крем-мыло"" Белый мускус"". Ароматическое крем-мыло завораживает чувства опьяняющим ароматом амбры и белого мускуса, обогащенное увлажняющими и успокаивающими ингредиентами, делает кожу мягкой и шелковистой, а аромат остается стойким. Его применение подходит не только для рук и лица, но и для всего тела.","нанести на влажную кожу массирующими движениями, вспенить, затем смыть теплой водой.",Италия,23
443,2026-10-01T12:01:22.499304,20261001_104711_f22aa185,7030300003,parfjumerija/parfjumirovannyj-uhod,Hugo Boss,Boss Bottled,Нет категории,2380.0,2380.0,0.0,1,4.7,https://goldapple.ru/7030300003-boss-bottled/,https://goldapple.ru/parfjumerija/parfjumirovannyj-uhod?p=23,"Мужчина в стиле BOSS рожден быть успешным — он готов к соперничеству, мотивирован и амбициозен. Ежедневный утренний ритуал — неотъемлемая составляющая его успеха, и дезодорант-спрей Hugo Boss Bottled становится его незаменимым оружием на этом пути. Стойкий и современный BOSS Bottled — это легендарная классика в аккуратном и строгом флаконе, прекрасное воплощение стиля BOSS. Это сочетание элегантности и стиля, созданное для современных мужчин. Яркий аромат со свежими и чувственными нотами подчеркивает индивидуальность и изысканность вашего образа и воплощает в себе радость жизни. Аромат герани с едва различимым оттенком гвоздики преобладает над теплыми, пряно-цветочными сердечными нотами, уравновешивая свежую фруктовую верхнюю ноту. Базовая нота решительно мужская — это пульсирующая гармония сандалового дерева, кедра и ветивера. BOSS Bottled — это классика, которая всегда остается актуальной.",Не указано,Польша,23
444,2026-10-01T12:01:32.826280,20261001_104711_f22aa185,26730600005,parfjumerija/parfjumirovannyj-uhod,Byredo,Bal d'Afrique,Лосьон для тела,6930.0,6930.0,0.0,1,4.7,https://goldapple.ru/26730600005-bal-d-afrique/,https://goldapple.ru/parfjumerija/parfjumirovannyj-uhod?p=23,"Богатый витамином Е лосьон для тела смягчает кожу, делает её более гладкой и ароматной. BAL D’AFRIQUE — это Париж конца 1920-х годов, резонансное смешение авангардизма и африканской культуры. Аромат рисует яркую сцену, наполненную свободой, энергией и эйфорией. Верхние ноты бергамота, лимона, нероли, африканской календулы и бучу пробуждают чувства. Затем раскрывается нежный букет фиалки, лепестков жасмина и цикламена, который плавно переходит в тёплый шлейф чёрной амбры, ветивера и марокканского кедра, даря ощущение уюта и утончённости. Обращаем внимание: товар поставляется без дозатора.",Не указано,Франция,23
445,2026-10-01T12:01:41.386505,20261001_104711_f22aa185,7190300005,parfjumerija/parfjumirovannyj-uhod,DIOR,J'adore Deo spray,Парфюмированный Дезодорант-спрей,6450.0,6450.0,0.0,1,4.6,https://goldapple.ru/7190300005-j-adore/,https://goldapple.ru/parfjumerija/parfjumirovannyj-uhod?p=23,"Чувство свежести каждый день. Парфюмированный дезодорант легкой дымкой окутывает кожу, раскрывая на ней неповторимый цветочный букет J'adore. Обращаем внимание, в зависимости от партии товар может поступать в разном дизайне, отличающимся от фото в карточке товара. На свойства и качество продукта это не влияет.",Не указано,Франция,23
446,2026-10-01T12:01:48.790123,20261001_104711_f22aa185,19000264461,parfjumerija/parfjumirovannyj-uhod,Narciso Rodriguez,All Of Me,Гель для душа,2600.0,2600.0,0.0,1,4.8,https://goldapple.ru/19000264461-all-of-me/,https://goldapple.ru/parfjumerija/parfjumirovannyj-uhod?p=23,"Нежный пенящийся гель для душа мягко очищает кожу, оставляя на ней нежный аромат парфюма All of me от Narciso Rodriguez. Олицетворяя индивидуальность и самовыражение, All of me переосмысливает цветочный парфюм, сочетая драгоценную розу сентифолию с яркой геранью бурбон - ноткой, которая обычно встречается только в мужских ароматах. Вместе с этим неповторимым дуэтом розы и герани, аккорд нежных молочно-белых мускусных нот заново создает культовый аромат Narciso Rodriguez. Шесть различных мускусных нот смешиваются, создавая захватывающее ощущение ""второй кожи"", каждая из которых привносит новое измерение в многогранную цветочную композицию. Веганская формула.","Подходит для ежедневного использования. Вспеньте гель, нанесите на кожу , тщательно смойте. После использования геля для душа нанесите лосьон для тела All Of Me, чтобы сохранить кожу увлажненной.",Франция,23
447,2026-10-01T12:01:55.664755,20261001_104711_f22aa185,19000526845,parfjumerija/parfjumirovannyj-uhod,Zielinski & Rozen,"Amberwood, Vanilla, Davana",Парфюмированный крем для рук,890.0,890.0,0.0,1,4.9,https://goldapple.ru/19000526845-zielinski-rozen-amberwood-vanilla-davana/,https://goldapple.ru/parfjumerija/parfjumirovannyj-uhod?p=23,Питает и смягчает кожу. Быстро впитывается и имеет легкую текстуру.,"Выдавите небольшое количество крема на чистые руки и распределите равномерно.
При необходимости повторите.",Израиль,23
448,2026-10-01T12:02:04.676721,20261001_104711_f22aa185,19000251552,parfjumerija/parfjumirovannyj-uhod,Jo Malone London,Peony & Blush Suede Soap,Мыло,2500.0,2500.0,0.0,1,4.9,https://goldapple.ru/19000251552-peony-blush-suede-soap/,https://goldapple.ru/parfjumerija/parfjumirovannyj-uhod?p=23,"Мыло  с соблазнительным ароматом Peony & Blush Suede бережно очищает и смягчает кожу, оставляя на ней деликатный шлейф. Медовая сочность красного яблока. Пышный букет пионов, украшенный изысканными оттенками розы и жасмина, элегантно дополняет пудровый аккорд розовой замши. Формула, обогащенная масло ши, смягчает и не пересушивает кожу. Способ применения: Вспеньте мыло в густую ароматную пену и распределите по коже массирующими движениями. Смойте теплой водой. Завершите ритуал лосьоном для тела и рук Jo Malone London. Философия сочетания ароматов: Все ароматы и текстуры Jo Malone London можно использовать самостоятельно и в сочетании с другими, создавая уникальные композиции. Чтобы придать аромату свежих акцентов и создать более яркий образ сочетайте Peony & Blush Suede с ароматом сочной груши в букете белой фрезии - English Pear & Freesia. Чтобы придать аромату теплых оттенков и создать более чувственный образ сочетайте Peony & Blush Suede с притягательным ароматом дамасской розы - Velvet Rose & Oud. Характеристики: Тип продукта: Мыло Объем: 100г Эффект: Очищение Для кого: Универсальный Страна производства: Великобритания","Способ применения:
Вспеньте мыло в густую ароматную пену и распределите по коже массирующими движениями. Смойте теплой водой. Завершите ритуал лосьоном для тела и рук Jo Malone London.",Великобритания,23
449,2026-10-01T12:02:13.363518,20261001_104711_f22aa185,19000437343,parfjumerija/parfjumirovannyj-uhod,Zielinski & Rozen,"Vetiver, Lemon",Гель для душа,1100.0,1100.0,0.0,1,4.8,https://goldapple.ru/19000437343-vetiver-lemon/,https://goldapple.ru/parfjumerija/parfjumirovannyj-uhod?p=23,"Эффективно очищает кожу, нормализует гидробаланс, не сушит кожу, помогает ей сохранять естественную влажность. Подходит для всех типов кожи.","Нанесите небольшое количество геля на влажную кожу, вспеньте, затем смойте водой.",Израиль,23
450,2026-10-01T12:02:20.606347,20261001_104711_f22aa185,19000084120,parfjumerija/parfjumirovannyj-uhod,Zielinski & Rozen,"Grapefruit, Patchouli, White Rose",Жидкое мыло,2390.0,2390.0,0.0,1,4.8,https://goldapple.ru/19000084120-hand-soap-grapefruit-rose-patchouli/,https://goldapple.ru/parfjumerija/parfjumirovannyj-uhod?p=23,"Эффективно очищает от всех видов загрязнений и подходит для ежедневного использования: средство содержит увлажняющие и смягчающие натуральные масла. Приятный бонус — ароматный шлейф, остающийся на коже несколько часов. Ароматы продукции Zielinski&Rozen изменили свое наименование без изменения состава.","Нажмите на дозатор, вспеньте мыло в руках и затем смойте водой.",Израиль,23
451,2026-10-01T12:02:30.014463,20261001_104711_f22aa185,7192300025,parfjumerija/parfjumirovannyj-uhod,DIOR,Dior Homme,Парфюмированный лосьон после бритья,8900.0,8900.0,0.0,1,5.0,https://goldapple.ru/7192300025-dior-homme/,https://goldapple.ru/parfjumerija/parfjumirovannyj-uhod?p=23,"Свежая успокаивающая текстура лосьона после бритья Dior Homme мгновенно обеспечивает коже чувство комфорта. Это средство идеально подходит для защиты кожи после бритья, оно смягчает кожу и делает её более матовой. Средства для бритья из линии Dior Homme имеют легкий древесный аромат новой туалетной воды. Они дарят коже приятное ощущение полного комфорта, оставляя чувственный шлейф Dior Homme.",Не указано,Франция,23
452,2026-10-01T12:02:38.533769,20261001_104711_f22aa185,99000073842,parfjumerija/parfjumirovannyj-uhod,Touchy,"Wellness & Rich vetiver, cacao, cardamon",Нет категории,1418.0,1418.0,0.0,1,4.9,https://goldapple.ru/99000073842-wellness-rich-vetiver-cacao-cardamon/,https://goldapple.ru/parfjumerija/parfjumirovannyj-uhod?p=23,"Масло для тела линейки Wellness & Rich – уникальный продукт, вдохновленный природой, он объединяет в себе силу натуральных ингредиентов с передовыми технологиями. Мультифункциональное средство, обогащенное увлажняющими и ухаживающими компонентами, обеспечивает глубокое увлажнение и естественное сияние коже, волосам и ногтям. Всего несколько капель масла подарят гладкость, сатиновый блеск и поддержат естественный гидролипидный баланс. Это универсальное увлажняющее и питательное масло идеально подходит для ежедневного ухода за телом, лицом и волосами. Его можно использовать для принятия ванн, массажа, масок для лица и косметических процедур. Сочетание натуральных растительных масел предотвращает потерю тонуса кожи, появление сухости и растяжек. Средство стимулирует восстановление кожи и повышает её эластичность, делая кожу более упругой и гладкой.",После ванны или душа наносить тонким слоем на влажную кожу.,Россия,23
453,2026-10-01T12:02:50.516201,20261001_104711_f22aa185,99000015585,parfjumerija/parfjumirovannyj-uhod,LAMONNET,vanilla & amber,Нет категории,890.0,890.0,0.0,1,4.8,https://goldapple.ru/99000015585-vanilla-amber/,https://goldapple.ru/parfjumerija/parfjumirovannyj-uhod?p=23,"Гель для душа Lamonnét – это продукт, созданный по французскому принципу о том, что даже приятные повседневные вещи заслуживают серьезного отношения: l'art de bien faire. Текстура геля прозрачная и тягучая, а пена нежная. Она очищает глубоко, но мягко — без сухости и дискомфорта. В основе — экстракт лилии. Это ухаживающий компонент с природными антиоксидантами. Он смягчает кожу, поддерживает ее барьер и придает эффект сияния. Аромат Vanilla & Amber – сладкий, теплый и обволакивающий, но не тяжелый. Он чувствуется сразу, стоит только открыть крышку. Бархатная ваниль и золотистая амбра в начале. Шлейф кашемира остается на коже, мягкий и почти невесомый, как любимый шарф в прохладное утро. Все ароматы Lamonnét разрабатываются во Франции, в Грассе — мировой столице парфюмерии. Каждая композиция создается с двойной концентрацией парфюма, чтобы на коже оставался стойкий парфюмерный шлейф на несколько часов. •⁠  ⁠выверенный состав без SLS и парабенов •⁠  ⁠мягкий pH 5,5 •⁠  ⁠экстракт лилии — природный антиоксидант •⁠  ⁠не сушит, подходит для всех типов кожи","Нанесите небольшое количество геля на влажную кожу, тщательно вспеньте и распределите по телу, смойте теплой водой.",Россия,23
454,2026-10-01T12:03:00.053316,20261001_104711_f22aa185,19000325132,parfjumerija/parfjumirovannyj-uhod,FLORINDA,Mandorla di Sicilia,Мыло,558.0,558.0,0.0,1,4.9,https://goldapple.ru/19000325132-mandorla-di-sicilia/,https://goldapple.ru/parfjumerija/parfjumirovannyj-uhod?p=23,"Натуральное растительное мыло «Миндаль Сицилии» – это самый аппетитный, самый нежный и очаровательный аромат коллекции. Он подойдёт тем, кто любит побаловать себя парфюмом с пирамидой белоцветочных нот, или утонченной гурманикой. Аромат покоряет сердца ненавязчивым флёром едва распустившихся бутонов миндального дерева и десертным, аппетитным ароматом сладких орешков, мёда и сливок.","Вспенить в руках, равномерно нанести на влажную кожу и смыть.",Италия,23
455,2026-10-01T12:03:16.279911,20261001_104711_f22aa185,19000466215,parfjumerija/parfjumirovannyj-uhod,COSMETIME,Milky vanilla,Дезодорант-антиперспирант для тела,592.0,592.0,0.0,1,4.5,https://goldapple.ru/19000466215-milky-vanilla/,https://goldapple.ru/parfjumerija/parfjumirovannyj-uhod?p=23,"Дезодорант-антиперспирант спрей Milky Vanilla — это идеальное решение для женщин, которые ценят свежесть и комфорт в течение всего дня. Формула дезодоранта-антиперспиранта надежно защищает от пота, предотвращая появление неприятного запаха. Его аромат раскрывается тонкой сладостью ванили, чистотой белого мускуса и теплыми нотами амбры, оставляя за собой деликатный шлейф. Дезодорант для тела не только защищает от пота, но и заботится о вашей коже, делая её мягкой и увлажнённой. Форма спрея с удобным распылителем делает нанесение комфортным и равномерным, обеспечивая ощущение чистоты и свежести.",1. Распылите на чистую сухую кожу с расстояния 15 см. 2. Дайте дезодоранту высохнуть.,Россия,23
456,2026-10-01T12:03:27.529372,20261001_104711_f22aa185,19000455136,parfjumerija/parfjumirovannyj-uhod,Zielinski & Rozen,"White sage, Neroli",Твердое мыло,890.0,890.0,0.0,1,5.0,https://goldapple.ru/19000455136-white-sage-neroli/,https://goldapple.ru/parfjumerija/parfjumirovannyj-uhod?p=23,"Бережно и эффективно очищает кожу, сохраняя ее мягкость. Подходит для ежедневного использования для рук и тела.","Вспеньте мыло ладонями, затем тщательно смойте теплой водой.",Россия,23
457,2026-10-01T12:03:37.086398,20261001_104711_f22aa185,19000172133,parfjumerija/parfjumirovannyj-uhod,Tesori d’Oriente,White Musk,крем для тела,886.0,886.0,0.0,1,4.5,https://goldapple.ru/19000172133-white-musk/,https://goldapple.ru/parfjumerija/parfjumirovannyj-uhod?p=23,"Уникальная разработка итальянских парфюмеров создает крем с ярким ароматом, созданным на основе натуральных масел и компонентов. Продукция вдохновлена древней идеей превратить ежедневный уход за домом в красивый ритуал, гармонизирующим тело и душу. Парфюмерия бренда использует традиционные восточные компоненты, применяемые веками при создании косметики. Нанести продукт на тело или одежду, избегая глаз и раздраженной кожи.","Нанесите небольшое количество крема на тело. Распределите по коже, избегая области вокруг глаз и раздраженной зоны. При необходимости повторите нанесение в течение дня.",Италия,23
458,2026-10-01T12:03:49.418051,20261001_104711_f22aa185,19000455135,parfjumerija/parfjumirovannyj-uhod,Zielinski & Rozen,"Oud, Amber, Wood Blend",Твердое мыло,890.0,890.0,0.0,1,4.8,https://goldapple.ru/19000455135-oud-amber-wood-blend/,https://goldapple.ru/parfjumerija/parfjumirovannyj-uhod?p=23,"Бережно и эффективно очищает кожу, сохраняя ее мягкость. Подходит для ежедневного использования для рук и тела.","Вспеньте мыло ладонями, затем тщательно смойте теплой водой.",Россия,23
459,2026-10-01T12:04:01.212518,20261001_104711_f22aa185,19000470681,parfjumerija/parfjumirovannyj-uhod,Make Sense,Sense of Warmness,Парфюмированный лосьон для тела,810.0,810.0,0.0,1,5.0,https://goldapple.ru/19000470681-sense-of-warmness/,https://goldapple.ru/parfjumerija/parfjumirovannyj-uhod?p=23,"Парфюмированный лосьон для тела Sense of Warmness сочетает в себе увлажнение и утонченный аромат, создавая ощущение уюта каждый день. Его легкая, но насыщенная активными компонентами текстура позволяет увлажнять, смягчать и питать даже самые сухие участки кожи. Он наполнит ваш день особыми эмоциями и смыслом, которые так легко пропустить. Коллекция Sense of Warmness передает ощущение тепла и уюта через свои ароматы. — Амбра создает ауру загадочности. — Ветивер наполняет глубоким чувством спокойствия. — Кедр с его теплыми древесными нотами переносит вас в гармонию с природой. — Мускус придает нотку интимности и умиротворения, завершая эту уникальную композицию. Формула с пантенолом активно работает на восстановление клеток, устраняет дискомфорт и поддерживает естественный барьер кожи. Глицерин обеспечивает удержание влаги, благодаря чему кожа становится мягкой и эластичной. Масло ши глубоко питает, разглаживает и дарит бархатистость, а соль гиалуроновой кислоты насыщает влагой и улучшает упругость кожи. Такой состав делает средство отличным выбором для сухой кожи, требующей особого ухода. Увлажняющий эффект проявляется сразу после нанесения, при этом средство не оставляет жирной пленки и быстро впитывается. Лосьон подходит и для мужчин, так как его легкая консистенция комфортна и удобна в использовании. Его можно применять не только для тела и рук, но и для ног, что особенно актуально в период холодов или при повышенной нагрузке. Стильный флакон с дозатором легко впишется в интерьер, даря эстетическое удовольствие от использования. Наполните свой день особым смыслом вместе с Make Sense.",1. После душа нанесите лосьон на кожу. 2. Распределите лосьон мягкими массирующими движениями.,Россия,23
460,2026-10-01T12:04:33.942500,20261001_104711_f22aa185,7192200029,parfjumerija/parfjumirovannyj-uhod,DIOR,Miss Dior,Парфюмированная Дымка для тела,6800.0,6800.0,0.0,1,4.7,https://goldapple.ru/7192200029-miss-dior/,https://goldapple.ru/parfjumerija/parfjumirovannyj-uhod?p=24,"Шелковая дымка для тела Miss Dior с воздушной и чувственной текстурой дарит телу нежный аромат. Формула средства сочетает преимущества ухода за телом и свежесть дымки. Легкая и нежирная текстура дарит коже 6 часов увлажнения и невероятную мягкость при нанесении.Увлажненная, сияющая и гладка кожа, благоухающая ароматом Miss Dior.",Не указано,Франция,24
461,2026-10-01T12:04:42.980056,20261001_104711_f22aa185,19000180341,parfjumerija/parfjumirovannyj-uhod,Zielinski & Rozen,"Grapefruit, Basil, Petitgrain",Крем для тела,3990.0,3990.0,0.0,1,4.7,https://goldapple.ru/19000180341-grapefruit-basil-petitgrain/,https://goldapple.ru/parfjumerija/parfjumirovannyj-uhod?p=24,"Баланс эстетики и функциональности. Тонкий аромат и легкая, но при этом насыщенная текстура делают нанесение максимально комфортным: крем равномерно распределяется и быстро впитывается, не оставляя ощущения липкости, питает и увлажняет кожу.",Нанесите крем на сухую или слегка влажную кожу и распределите легкими массажными движениями до полного впитывания.,Израиль,24
462,2026-10-01T12:04:54.067031,20261001_104711_f22aa185,19000328377,parfjumerija/parfjumirovannyj-uhod,Yves Rocher,ВАНИЛЬ,Нет категории,555.0,555.0,0.0,1,4.8,https://goldapple.ru/19000328377-bain-de-nature-vanilla/,https://goldapple.ru/parfjumerija/parfjumirovannyj-uhod?p=24,"Экоформат помогает сократить потребление воды, пластика и углеродный след, что способствует бережному отношению к окружающей среде. Благодаря моющей основе без сульфатов пышная обволакивающая пена очищает кожу, не пересушивая ее, и дарит нежный аромат. Продукт позволяет принять душ столько же раз, сколько и флакон объемом 400 мл. При этом для его производства используется в 2 раза меньше пластика.","Выдавите каплю размером с горошину, нанесите на влажную кожу, массируя до образования пены. Тщательно смойте.",Франция,24
463,2026-10-01T12:05:04.260435,20261001_104711_f22aa185,15180900012,parfjumerija/parfjumirovannyj-uhod,Weleda,Inspire,Нет категории,884.0,884.0,0.0,1,4.8,https://goldapple.ru/15180900012-pomegranate-body-wash/,https://goldapple.ru/parfjumerija/parfjumirovannyj-uhod?p=24,"Деликатная текстура средства бережно ухаживает за кожей и способствует поддержанию её естественной увлажненности. В составе присутствуют драгоценное масло из семян граната и масло подсолнечника, которые помогают смягчить и питать кожу, сохраняя ощущение комфорта и свежести. Продукт протестирован дерматологами и подходит для регулярного ухода. Средство обладает выразительным женственным ароматом, наполненным тонкими нюансами тропических фруктов и цветочных нот. Свежие фруктовые акценты апельсина сочетаются со сладкими и теплыми оттенками тропической даваны. Верхние ноты: апельсин. Средние ноты: тропическая давана. Базовые ноты: ваниль.",Нанесите небольшое количество средства на кожу мягкими массирующими движениями. Вспеньте. Смойте водой.,Швейцария,24
464,2026-10-01T12:05:14.913414,20261001_104711_f22aa185,19000042576,parfjumerija/parfjumirovannyj-uhod,Zielinski & Rozen,"peach, passion fruit, musk",Гель для душа,2590.0,2590.0,0.0,1,4.5,https://goldapple.ru/19000042576-peach-passion-fruit-musk/,https://goldapple.ru/parfjumerija/parfjumirovannyj-uhod?p=24,"Уход, ароматерапия и признание в любви в одном флаконе. Бодрящий аромат способствует пробуждению, натуральные масла увлажняют кожу и питают, а мягкая пена позволяет по-настоящему насладиться редкими минутами наедине с собой.","Нанесите небольшое количество геля на влажную кожу, вспеньте руками или с помощью мочалки, а затем смойте.",Израиль,24
465,2026-10-01T12:05:25.438897,20261001_104711_f22aa185,19000307799,parfjumerija/parfjumirovannyj-uhod,Jo Malone London,Lime Basil & Mandarin,Очищающий гель-скраб,2780.0,2780.0,0.0,1,4.9,https://goldapple.ru/19000307799-lime-basil-mandarin/,https://goldapple.ru/parfjumerija/parfjumirovannyj-uhod?p=24,"Гель-скраб для душа с пикантным ароматом Lime Basil & Mandarin бережно очищает и подготавливает кожу к последующему уходу, оставляя на ней деликатный шлейф. Перечный базилик и ароматный белый тимьян привносят неожиданный акцент в аромат лайма, развеваемый тропическим ветром. Формула, обогащенная маслом жожоба, касторового семени и мелкодисперсным порошком стебля бамбука смягчает и полирует кожу. Философия сочетания ароматов: Все ароматы и текстуры Jo Malone London можно использовать самостоятельно и в сочетании с другими, создавая уникальные композиции. Чтобы придать аромату свежих акцентов и создать более яркий образ сочетайте Lime Basil & Mandarin с сочным ароматом ягод ежевики - Blackberry & Bay. Чтобы придать аромату теплых оттенков и создать более чувственный образ сочетайте Lime Basil & Mandarin с минеральным ароматом морской соли - Wood Sage & Sea Salt.",Нанесите небольшое количество геля массирующими движениями на влажную кожу и тщательно смойте водой. Подходит для ежедневного использования.,Великобритания,24
466,2026-10-01T12:05:38.922868,20261001_104711_f22aa185,19000348263,parfjumerija/parfjumirovannyj-uhod,Nimaskin,Cherry & Ambergris,Парфюмированный крем для тела,453.0,453.0,0.0,1,4.8,https://goldapple.ru/19000348263-cherry-ambergris/,https://goldapple.ru/parfjumerija/parfjumirovannyj-uhod?p=24,"Крем для тела Cherry & Ambergris. Та самая вишенка на торте, которая добавит яркий акцент вашему уходу за кожей. Позвольте себе насладиться моментом. Как работает крем? Парфюмированный крем для тела увлажняет и смягчает кожу, укрепляет её защитные свойства. Лёгкая текстура быстро впитывается без ощущения липкости. Аромат крема раскрывается на коже постепенно, сладкие и восточные ноты переплетаются со свежими и древесными. Активные компоненты: Гиалуроновая кислота – притягивает и накапливает влагу, поддерживая эластичность кожи. Аллантоин – способствует восстановлению кожи, помогает ей оставаться гладкой и эластичной. Пантенол – увлажняет, успокаивает и разглаживает кожу. Комплекс масел (миндальное, кокосовое, ши, жожоба, виноградных и вишнёвых косточек) – делает кожу мягкой и шелковистой, увлажняет и упругость. Эффект от применения: • Глубокое увлажнение и питание кожи. • Устранение сухости и шелушений. • Повышение гладкости и упругости. Почему стоит выбрать этот крем? • Содержит 6 видов натуральных масел. • Лёгкая текстура обеспечивает комфортное нанесение. • Подходит для ухода за различными участками тела. • После нанесения на коже остаётся приятный аромат. Идеальный вариант для тех, кто хочет: • Сделать кожу более нежной и бархатистой. • Усилить защитные функции кожи. • Превратить ежедневный уход в ритуал наслаждения. Применение: Наносите крем на чистую кожу лёгкими массажными движениями до полного впитывания. Можно использовать в качестве крема для рук. Пирамида аромата: Верхние ноты: вишня, ликёр, миндаль. Средние ноты: роза, анис, гелиотроп. Ноты шлейфа: бобы тонка, сандал, мускус, амбра, ваниль.",Наносите крем на чистую кожу лёгкими массажными движениями до полного впитывания. Только для наружного применения.,Россия,24
467,2026-10-01T12:05:50.215517,20261001_104711_f22aa185,19000325131,parfjumerija/parfjumirovannyj-uhod,FLORINDA,Limone del Golfo,Мыло,539.0,539.0,0.0,1,4.7,https://goldapple.ru/19000325131-limone-del-golfo/,https://goldapple.ru/parfjumerija/parfjumirovannyj-uhod?p=24,"Натуральное растительное мыло «Лимонная Бухта» можно назвать моноароматом коллекции «Искусство Солнца», ведь все его сложные оттенки, все яркие грани и сочные ноты – это натуральный аромат спелых лимонов, собранных на морском побережье. Насыщенное фруктовое сердце аромата красиво подчеркивается пикантной горчинкой лимонной цедры, а едва уловимые акватические штрихи соленого бриза делают композицию универсальной, завершенной и совершенной.","Вспенить в руках, равномерно нанести на влажную кожу и смыть.",Италия,24
468,2026-10-01T12:06:02.306582,20261001_104711_f22aa185,19000388646,parfjumerija/parfjumirovannyj-uhod,Olea,Роскошный мох,Парфюмированный гель для душа,326.0,326.0,0.0,1,4.7,https://goldapple.ru/19000388646-roskosnyj-moh/,https://goldapple.ru/parfjumerija/parfjumirovannyj-uhod?p=24,"Чарующий аромат: Верхняя нота: черный перец, бергамот, горький апельсин Нота сердца: ветивер, иланг-иланг, жасмин Базовая нота: амбра, мускус, пачули, ваниль","Небольшое количество геля нанесите на тело, массирующими движениями равномерно распределите до образования пены и смойте водой.",Россия,24
469,2026-10-01T12:06:13.004307,20261001_104711_f22aa185,19000347142,parfjumerija/parfjumirovannyj-uhod,Bohemia,Cherry&tobacco,Гель для душа,343.0,343.0,0.0,1,4.4,https://goldapple.ru/19000347142-cherry-tobacco/,https://goldapple.ru/parfjumerija/parfjumirovannyj-uhod?p=24,"Аромат геля для душа с нотами вишни и табака — это уникальное сочетание, которое погружает в мир сладости и глубины, создавая атмосферу уюта и теплоты. Гель для душа Cherry&tobacco — это идеальный выбор для тех, кто ищет сочетание свежести и глубины. Он подходит как для бодрящего утреннего душа, так и для вечернего релакса. Этот гель создаст атмосферу тепла и уюта, наполняя ваш день сладкими воспоминаниями и спокойствием. Мы используем только высококачественные ингредиенты: Экстракт зеленого кофе подтягивает и тонизирует кожу, предотвращает признаки целлюлита. Экстракт алоэ обладает противовоспалительным и регенерирующим свойствами, поддерживает оптимальный уровень увлажненности кожи, смягчает и успокаивает. Комплекс аминокислот (Glutamic Acid, Alanine, Lysine, Arginine, Threonine, Proline) - способствует восстановлению клеток кожи, ускоряя процессы заживления и обновления, что особенно важно при повреждениях или воспалениях, участвуют в синтезе коллагена и эластина, что помогает поддерживать упругость и эластичность кожи. Молочная кислота является альфа-гидроксикислотой (AHA), что делает её отличным эксфолиантом. Она помогает удалить мертвые клетки кожи, улучшая текстуру и делая кожу более гладкой. Молочная кислота поддерживает уровень увлажненности, выравнивает тон кожи, уменьшить пигментацию и дарит свежий и здоровый вид. Пантенол увлажняет, смягчает и успокаивает, способствует заживлению повреждений, ускоряет процесс регенерации клеток кожи. Бетаин помогает поддерживать оптимальный уровень pH кожи, что важно для её здоровья и нормального функционирования, защищает кожу от свободных радикалов и других вредных факторов окружающей среды, замедляет процессы старения.","Небольшое количество геля нанесите на влажную кожу или спонж, помассируйте до образования пены, смойте водой.",Россия,24
470,2026-10-01T12:06:23.185715,20261001_104711_f22aa185,99000168872,parfjumerija/parfjumirovannyj-uhod,Карма,Спелая вишня,Увлажняющий крем для тела,589.0,589.0,0.0,1,5.0,https://goldapple.ru/99000168872-karma-spelaa-visna/,https://goldapple.ru/parfjumerija/parfjumirovannyj-uhod?p=24,"Парфюмированный крем от бренда «Карма»: роскошный аромат и уход за телом. Парфюмированный крем с дозатором — это уход за руками и телом, превращающийся в сеанс ароматерапии на дому. Результат заметен уже после первого применения: увлажнённая, упругая кожа без сухости и шелушений. Крем идеален для нормальной, сухой, чувствительной и повреждённой кожи. Подходит для ежедневного использования — от кончиков пальцев до пяток. Масло ши, кокосовое и оливковое масла увлажняют и питают кожу, помогают бороться с сухостью и дряблостью. Активные компоненты: — масла ши, кокоса, авокадо и оливы — увлажнение, питание, упругость — мочевина и пантенол — восстановление, заживление трещин, защита от сухости — сок алоэ вера — успокаивает, укрепляет защитные функции кожи Парфюмированный крем Karma — увлажнение, питание, защита и роскошный аромат в одном флаконе. Уход, который дарит удовольствие каждый день!","Нанесите крем на чистую и сухую кожу, распределите легкими массирующими движениями, дождитесь, пока крем впитается.",Россия,24
471,2026-10-01T12:06:33.628153,20261001_104711_f22aa185,19000466684,parfjumerija/parfjumirovannyj-uhod,Tesori d’Oriente,HAMMAM,Лосьон для тела,1093.0,1093.0,0.0,1,4.6,https://goldapple.ru/19000466684-hammam/,https://goldapple.ru/parfjumerija/parfjumirovannyj-uhod?p=24,"Лосьон для тела от итальянского бренда Tesori d'Oriente — новинка от официального дистрибьютора в России. Этот парфюмированный лосьон с роскошным ароматом Хаммам напоминает о расслабляющем отдыхе в спа-центре. В его многогранном аромате переплетаются влажные, минеральные и восточные ноты, а острые аккорды лимонной цедры, нероли и миндаля придают ему уникальность. Лосьон с приятной кремовой текстурой легко наносится и быстро впитывается, даря коже мягкость и увлажнение. Он идеально подходит для женщин, которые ценят экзотические восточные ароматы и одновременно нежность. Сладковатый, но не приторный, аромат Хаммам подчеркивает ухоженность и красоту. В состав лосьона входят ценные масла арганы и миндаля, экстракты цветов и витамин Е. Они питают кожу, делая её нежной, как шёлк. Лёгкая текстура мгновенно впитывается, не оставляя ощущения плёнки. Лосьон увлажняет кожу, глубоко питает её и заботится о её состоянии. Органическое масло арганы интенсивно увлажняет кожу, делая её бархатистой. Миндаль повышает упругость и придаёт естественное сияние. Парфюмированный лосьон подходит для ежедневного ухода, сочетая функции питательного крема и увлажняющего средства. Удобный дозатор позволяет легко использовать продукт. Лосьон для тела Hammam от Tesori d'Oriente обеспечивает питание, увлажнение, регенерацию кожи и защиту от свободных радикалов. Это идеальный выбор для профессионального ухода за кожей.",1. Поверните дозатор по часовой стрелке и нажмите для первого использования. 2. Нанесите лосьон на чистую кожу тела. 3. Мягкими массажными движениями распределите лосьон до полного впитывания.,Италия,24
472,2026-10-01T12:06:44.982131,20261001_104711_f22aa185,19000438919,parfjumerija/parfjumirovannyj-uhod,Synergetic,вишня,Нет категории,357.0,357.0,0.0,1,4.7,https://goldapple.ru/19000438919-visna/,https://goldapple.ru/parfjumerija/parfjumirovannyj-uhod?p=24,"Парфюмированное мыло-пенка для рук SYNERGETIC cherry/вишня на основе натуральных компонентов бережно очищает кожу и оставляет на ней пряный цветочно-фруктовый аромат. Сок алоэ вера интенсивно увлажняет кожу, поддерживая гидролипидный баланс и её естественные барьерные функции. Масло сладкого миндаля питает и смягчает, а экстракты сандалового дерева и жасмина тонизируют и помогают сохранить эластичность и упругость кожи, придавая ей здоровый и ухоженный вид. Мыло с физиологичным уровнем pH 5,5 безопасно при частом использовании и не содержит SLES, минеральных масел, силиконов и красителей. Смелая и насыщенная парфюмерная композиция открывается сочными нотами спелой и сладкой вишни, звучание которой чувствуется с первых аккордов в обрамлении терпкой корицы и горького миндаля вплоть до заключительных шлейфовых тонов. Сочетание сладких фруктовых и пряных амбровых оттенков создаёт неповторимый и соблазнительный букет аромата. Завершает композицию богатая симфония чувственных нот перуанского бальзама, обжаренных бобов тонка, тёплых ванильных, карамельных и медовых тонов, которые окутывают и согревают, пробуждают чувственность и будоражат фантазию.","Перед применением снимите ограничитель с пенообразующего дозатора. Нажмите на дозатор, выдавив мыло-пенку, нанесите на влажную кожу, распределите по коже и тщательно смойте водой. Возможно незначительное изменение цвета средства, не влияющее на его качество и свойства.",Россия,24
473,2026-10-01T12:06:58.175488,20261001_104711_f22aa185,19000434815,parfjumerija/parfjumirovannyj-uhod,Fresh Line,White Jasmine,Нет категории,1134.0,1134.0,0.0,1,4.8,https://goldapple.ru/19000434815-white-jasmine/,https://goldapple.ru/parfjumerija/parfjumirovannyj-uhod?p=24,"Погрузитесь в атмосферу нежности и свежести с White Jasmine Body Water! Ароматная вода дарит коже ощущение бодрости и жизненную энергию на весь день. Сладкие, пьянящие ноты цветущего жасмина переплетаются с мягкими сливочно-белыми аккордами, создавая неповторимый цветочный букет. Легкий, но стойкий аромат обволакивает кожу, оставляя на ней тонкий, чувственный шлейф. Подчеркнет вашу естественную красоту и подарит ощущение свежести в любое время дня. Идеальный спутник для тех, кто ценит изысканность и гармонию в каждой детали. Активные компоненты: • Эфирное масло жасмина – придает неповторимый, чувственный цветочный аромат, который окутывает вас с первых секунд.","Нанести на очищенную, сухую кожу тела. Избегать попадания в глаза. При попадании промыть водой. Не использовать в целях, отличающихся от прямого назначения продукта. Беречь от детей.",Греция,24
474,2026-10-01T12:07:15.596293,20261001_104711_f22aa185,19000439663,parfjumerija/parfjumirovannyj-uhod,Hersteller,Dive In Fig,Увлажняющий лосьон для тела,1428.0,1428.0,0.0,1,4.8,https://goldapple.ru/19000439663-dive-in-fig/,https://goldapple.ru/parfjumerija/parfjumirovannyj-uhod?p=24,"Лосьон Hersteller интенсивно увлажняет и глубоко питает кожу тела, устраняя сухость и оставляя тонкий фруктовый аромат с нотой инжира и зелёным аккордом. Средство с маслами ши, мурумуру и макадамии помогает сделать кожу мягкой, гладкой и увлажнённой. Формула, также включающая зерновые экстракты и церамиды, успокаивает кожу и укрепляет естественный защитный барьер.","Нанесите необходимое количество лосьона на кожу тела, распределите массирующими движениями, уделяя особое внимание сухим участкам кожи.",Республика корея,24
475,2026-10-01T12:07:26.761082,20261001_104711_f22aa185,19000424325,parfjumerija/parfjumirovannyj-uhod,4FRESH beauty,White jasmine and amber,Гель для душа,661.0,661.0,0.0,1,4.7,https://goldapple.ru/19000424325-belyj-zasmin-i-ambra/,https://goldapple.ru/parfjumerija/parfjumirovannyj-uhod?p=24,"Парфюмированный гель для душа «Белый жасмин и амбра» с уникальным селективным ароматом Scentease® деликатно очищает и увлажняет кожу, дарит чувство спокойствия и внутренней гармонии. Формула с пантенолом ускоряет регенерацию клеток, препятствует трансэпидермальной потере влаги и успокаивает кожу. Экстракт жасмина помогает устранить раздражение, а экстракт сандала делает ее мягкой, упругой и шелковистой. Верхние ноты: бергамот, черная смородина. Ноты сердца: белый жасмин, флердоранж. Базовые ноты: амбра, ваниль, кедр, бальзам. Сложный многогранный аромат Scentease® с изысканным цветочным шлейфом помогает восстановить внутреннее равновесие и улучшает эмоциональный фон. Эффективность доказана научными исследованиями.",Нанесите небольшое количество геля на влажную кожу и распределите нежными массажными движениями. Затем смойте теплой водой.,Россия,24
476,2026-10-01T12:07:39.976278,20261001_104711_f22aa185,19000180342,parfjumerija/parfjumirovannyj-uhod,Zielinski & Rozen,"Grapefruit, Basil, Petitgrain",Крем для тела,3990.0,3990.0,0.0,1,4.6,https://goldapple.ru/19000180342-grapefruit-basil-petitgrain/,https://goldapple.ru/parfjumerija/parfjumirovannyj-uhod?p=24,"Баланс эстетики и функциональности. Тонкий аромат и легкая, но при этом насыщенная текстура делают нанесение максимально комфортным: крем равномерно распределяется и быстро впитывается, не оставляя ощущения липкости, питает и увлажняет кожу.",Нанесите крем на сухую или слегка влажную кожу и распределите легкими массажными движениями до полного впитывания.,Израиль,24
477,2026-10-01T12:07:51.593729,20261001_104711_f22aa185,19000438930,parfjumerija/parfjumirovannyj-uhod,Synergetic,вишня,Парфюмированный скраб для тела,434.0,434.0,0.0,1,4.7,https://goldapple.ru/19000438930-visna/,https://goldapple.ru/parfjumerija/parfjumirovannyj-uhod?p=24,"Парфюмированный скраб для тела SYNERGETIC cherry/вишня деликатно отшелушивает и очищает кожу. Экстракты сандала и жасмина тонизируют кожу, а сок алоэ вера, масла ши и миндаля бережно увлажняют и придают гладкость. Смелая и насыщенная парфюмерная композиция открывается сочными нотами спелой и сладкой вишни, звучание которой чувствуется с первых аккордов в обрамлении терпкой корицы и горького миндаля вплоть до заключительных шлейфовых тонов. Сочетание сладких фруктовых и пряных амбровых оттенков создаёт неповторимый и соблазнительный букет аромата. Завершает композицию богатая симфония чувственных нот перуанского бальзама, обжаренных бобов тонка, тёплых ванильных, карамельных и медовых тонов, которые окутывают и согревают, пробуждают чувственность и будоражат фантазию.","Нанести скраб на влажную кожу, помассировать и тщательно смыть водой. Возможно отслоение масла и незначительное изменение цвета скраба, не влияющие на его качество и свойства.",Россия,24
478,2026-10-01T12:08:08.673343,20261001_104711_f22aa185,19760340606,parfjumerija/parfjumirovannyj-uhod,Zielinski & Rozen,"Black Pepper, Vetiver, Neroli, Amber",Крем для тела,3990.0,3990.0,0.0,1,4.6,https://goldapple.ru/19760340606-black-pepper-amber-neroli/,https://goldapple.ru/parfjumerija/parfjumirovannyj-uhod?p=24,"Баланс эстетики и функциональности. Тонкий аромат и легкая, но при этом насыщенная текстура делают нанесение максимально комфортным: крем равномерно распределяется и быстро впитывается, не оставляя ощущения липкости, питает и увлажняет кожу. Ароматы продукции Zielinski&Rozen изменили свое наименование без изменения состава.",Нанесите крем на сухую или слегка влажную кожу и распределите легкими массажными движениями до полного впитывания.,Израиль,24
479,2026-10-01T12:08:21.825397,20261001_104711_f22aa185,19000311738,parfjumerija/parfjumirovannyj-uhod,Touch&Relax,"Флердоранж, мускус и мох",Парфюмированный гель для душа,558.0,558.0,0.0,1,4.5,https://goldapple.ru/19000311738-flerdoranz-muskus-i-moh/,https://goldapple.ru/parfjumerija/parfjumirovannyj-uhod?p=24,"Парфюмированный гель для душа Флердоранж, мускус и мох. Эксклюзивная формула с ароматом селективного парфюма. Гель для душа с чувственным ароматом флердоранжа, мускуса и мха создан для ценителей эксклюзивных ароматов! Его нежная воздушная пена бережно очищает, не нарушая pH кожи, и предотвращает ее сухость. Насыщенная формула геля содержит все необходимые ингредиенты для молодости, красоты и сияния кожи. После душа Ваша кожа гладкая и нежная, окутанная стойким ароматом красивого парфюма. -Гиалуроновая кислота глубоко увлажняет и разглаживает кожу. -Аминокислотный комплекс обновляет, восстанавливает и улучшает тургор кожи, стимулирует выработку коллагена и эластина. -Комплекс натуральных масел глубоко питает, дарят гладкость и эластичность. -Д-пантенол и витамин Е защищают липидный барьер, смягчают и омолаживают кожу.","Небольшое количество геля нанесите на влажную кожу или спонж, помассируйте до образования пены, смойте водой.",Россия,24
480,2026-10-01T12:09:02.576896,20261001_104711_f22aa185,19000402301,parfjumerija/parfjumirovannyj-uhod,Kilian Paris,Sunkissed Goddess,Парфюмерная вода,6390.0,6390.0,0.0,1,4.6,https://goldapple.ru/19000402301-sunkissed-goddess/,https://goldapple.ru/parfjumerija/parfjumirovannyj-uhod?p=25,"Источник вдохновения Килиана Хеннесси. Композиция Sunkissed Goddess отражает ольфакторные воспоминания Килиана Хеннесси о лете: уникальный аромат масла монои, сочетание цветов тиаре и кокосового масла с полинезийских островов. Масло монои известно во всём мире как масло для великолепного загара. Килиан хотел создать улучшенную роскошную версию совершенного летнего эликсира. «Для меня это запах лета, запах счастья», — говорит Килиан. «Представьте, что этот аромат будто бы растекается по вашему телу». Парфюмер: Калис Беккер. Sunkissed Goddess принадлежит к категории соблазняющих ароматов. Каждый пополняемый флакон Kilian Paris — это произведение искусства высочайшего качества, созданное с особым вниманием к деталям. Флаконы соблазняющих ароматов покрыты белым лаком и украшены гравировкой с изображением щита Ахиллеса. Как говорит Килиан Хеннесси: «Аромат — это не только оружие соблазнения, но и ваша защита». Золотистая металлическая пластина, на которой вручную выгравировано название аромата, делает флакон ещё более утончённым.","Нанесите аромат на запястья, шею и точки пульса на очищенную и увлажненную кожу. Не растирайте.",Франция,25
481,2026-10-01T12:09:11.341271,20261001_104711_f22aa185,99000092365,parfjumerija/parfjumirovannyj-uhod,MOYORY,"mango, orange, jasmine",Парфюмированное жидкое мыло для рук и тела,545.0,545.0,0.0,1,4.9,https://goldapple.ru/99000092365-mango-orange-jasmine/,https://goldapple.ru/parfjumerija/parfjumirovannyj-uhod?p=25,"А если бы каждое прикосновение воды превращалось в удовольствие? Солнечные ноты манго, апельсина и воздушный шлейф жасмина создают атмосферу летнего утра. Нежность, которую хочется ощущать снова и снова. Парфюмированное жидкое мыло для рук и тела moyory — это гармония ухода и аромата. Формула на основе натуральных компонентов бережно очищает кожу, не нарушая ее защитный барьер. Оно безопасно даже для детей и чувствительной кожи, не вызывает сухости и зуда.","Нанесите средство на влажное тело, вспеньте, тщательно смойте теплой водой.",Россия,25
482,2026-10-01T12:09:19.668841,20261001_104711_f22aa185,19000275222,parfjumerija/parfjumirovannyj-uhod,Бархатные ручки,УВЛАЖНЕНИЕ,Нет категории,170.0,170.0,0.0,1,4.6,https://goldapple.ru/19000275222-s-ekstraktom-belogo-caa-i-notami-zasmina/,https://goldapple.ru/parfjumerija/parfjumirovannyj-uhod?p=25,"Заметили, что кожа рук сухая? Бархатные ручки разработали новый парфюмированный крем-флюид Увлажнение Прогулка в дождь. Формула на 100% натуральной основе с экстрактом белого чая увлажняет, устраняет сухость и освежает. Свежий аромат крема раскрывается фруктами, далее следуют зеленые нотки и аккорд жасмина, в завершении – мускусные и древесные ноты. Результат: увлажненные и ухоженные ручки. Свойства подтверждены потребительским тестированием: 100 респондентов, min 91% согласившихся, РФ, 2023.",Наносите крем на чистую сухую кожу легкими массирующими движениями. Используйте по мере необходимости.,Россия,25
483,2026-10-01T12:09:27.655746,20261001_104711_f22aa185,19000442211,parfjumerija/parfjumirovannyj-uhod,BRAYE,SCENTED BALM WHITE RUM,Нет категории,1292.0,1292.0,0.0,1,4.7,https://goldapple.ru/19000442211-scented-balm-white-rum/,https://goldapple.ru/parfjumerija/parfjumirovannyj-uhod?p=25,"В любое время и в любом месте дополните свой стильный образ чарующим ароматом. Парфюмерный продукт BRAYE в удобном формате нежного тающего бальзама комфортно наносится на кожу, оставляя легкий и шелковистый финиш, и дарит насыщенный, стойкий аромат с ключевыми нотами ягод, рома и ванили. Классификация аромата: фруктовый, цветочный, восточный. WHITE RUM – аромат для смелых, уверенных женщин, которые не боятся проявить характер. Яркое сочетание свежих ягод и выдержанного рома напоминает об образе утонченной женщины, расслабленно отдыхающей в изысканном баре. Глубокие древесные ноты, роза и ваниль подчеркивают уверенность и элегантность. Просто нанесите легкий бальзам на точки пульсации – и выразительная, оригинальная парфюмерная композиция будет сопровождать вас в любой ситуации и в любом приключении, подчеркивая настроение и индивидуальность. Удобная упаковка-слайдер, превращающая бальзам в стильный аксессуар, также дополнит образ. Верхние ноты: ягоды, мандарин, груша. Ноты сердца: ром, роза, розовый перец. Базовые ноты: ваниль, дуб, пачули.","Аккуратно нанесите бальзам на точки пульса и другие желаемые участки, например, за ушами, на шею или на внутреннюю сторону запястий.",Республика корея,25
484,2026-10-01T12:09:39.367459,20261001_104711_f22aa185,19000295815,parfjumerija/parfjumirovannyj-uhod,Jo Malone London,Velvet Rose & Oud,Гель для душа,6500.0,6500.0,0.0,1,4.9,https://goldapple.ru/19000295815-velvet-rose-oud/,https://goldapple.ru/parfjumerija/parfjumirovannyj-uhod?p=25,"Гель для душа Velvet Rose & Oud с oокутывающим звучанием дамасской розы бережно очищает кожу, а благодаря натуральному глицерину и экстракту самфиры формула превращается в бархатистую пену. Привнесите незабываемое ароматическое впечатление в повседневную рутину вместе с гелями для душа Cologne Intense. Способ применения: Нанесите аромат на запястья, шею и точки пульса, чтобы он раскрылся от тепла тела и остался с вами до самого вечера. Чтобы продлить звучание аромата наносите одеколон на очищенную и увлажненную кожу. Философия сочетания ароматов: Все ароматы и текстуры Jo Malone London можно использовать самостоятельно и в сочетании с другими, создавая уникальные композиции. Чтобы придать аромату свежих акцентов и создать более яркий образ сочетайте Velvet Rose & Oud с соблазнительным ароматом пионов и дольки красного яблока - Peony & Blush Suede. Чтобы придать аромату теплых оттенков и создать более чувственный образ сочетайте Velvet Rose & Oud с гипнотическим ароматом удового дерева - Oud & Bergamot.",Нанесите небольшое количество геля массирующими движениями на влажную кожу и тщательно смойте водой.,Великобритания,25
485,2026-10-01T12:09:46.921329,20261001_104711_f22aa185,99000076067,parfjumerija/parfjumirovannyj-uhod,LOVIX,ritual 02,Парфюмированный мист для тела,486.0,486.0,0.0,1,4.7,https://goldapple.ru/99000076067-ritual-02/,https://goldapple.ru/parfjumerija/parfjumirovannyj-uhod?p=25,"Мист для тела мягко увлажняет кожу, придавая ощущение свежести. Натуральный пигмент оставляет деликатное сияние, подходящее для создания яркого и праздничного образа. Формула продукта обогащена маслом ши, которое делает кожу упругой и эластичной, а экстракты ванили и семян амаранта обеспечивают интенсивное увлажнение и питание. Парфюмированный мист оставляет нежный шлейф с нотами клубничного дайкири, бодрящего лайма и утончённой белой амбры. Не содержит спирта. Аромат: клубничный дайкири, лайм, белая амбра. Настроение аромата: летний вечер, встречи с друзьями, флирт и новые приключения — этот мист с ароматом свежего лайма и акцентом сладкого клубничного дайкири подарит чувство свободы и радости. Феромоны в составе усилят эффект, делая тебя ещё более притягательной. Смело вдохни и отправляйся навстречу незабываемым впечатлениям. Активные компоненты в составе: — Масло ши. Питает даже самую сухую кожу, смягчает и восстанавливает её. — Экстракт ванили. Делает кожу более гладкой и ухоженной. — Экстракт из семян растения амарант. Поддерживает естественный гидробаланс кожи. Свойства продукта: — стойкость на протяжении 3–6 часов; — быстро впитывается; — придаёт телу деликатное сияние за счёт микрочастиц шиммера; — подходит для чувствительной кожи; — продукта хватает на 4–6 месяцев использования.","1. Используйте мист в завершении ухода за кожей, после увлажнения и перед выходом. Распылите равномерно на тело с расстояния 25–30 см, избегая попадания в глаза и на повреждённые участки кожи. Достаточно 2–3 лёгких распылений для создания деликатного аромата. Применяйте утром и при необходимости в течение дня для обновления аромата.",Россия,25
486,2026-10-01T12:09:54.866343,20261001_104711_f22aa185,19000421158,parfjumerija/parfjumirovannyj-uhod,Dry RU,Active Boy,Дезодорант,481.0,481.0,0.0,1,4.8,https://goldapple.ru/19000421158-active-boy/,https://goldapple.ru/parfjumerija/parfjumirovannyj-uhod?p=25,"DRYRU Active Boy (ДРАЙРУ Актив Бой) - парфюмированный дезодорант для мальчиков старше 12 лет эффективно препятствует появлению неприятного запаха в течение длительного времени, не влияя на работу потовых желез. Российские технологи разработали подростковые дезодоранты с учетом особенностей кожи. Формула дезодоранта не содержит солей алюминия и агрессивных химических компонентов, что делает его абсолютно безопасным, обеспечивая полный комфорт, легкость и свежесть. Для детей от 12 лет и старше.",Тщательно встряхнуть баллон и равномерно распылять средство в течение 2-3 сек. с расстояния 15 – 20 см от тела. Рекомендуется использовать ежедневно после гигиенических процедур на сухую кожу в области подмышечных впадин.,Россия,25
487,2026-10-01T12:10:04.554084,20261001_104711_f22aa185,26290100007,parfjumerija/parfjumirovannyj-uhod,Narciso Rodriguez,For Her,Гель для душа,4350.0,4350.0,0.0,1,4.9,https://goldapple.ru/26290100007-for-her/,https://goldapple.ru/parfjumerija/parfjumirovannyj-uhod?p=25,"Гель для душа Narciso Rodriguez For Her способствует получению вами невероятной чистоты и свежести. Вместе с функциями бережного очищения, с гелем серии For Her вас ожидает особый уход, который насытит кожу увлажнителями, избавит от сухости, а также сделает поверхность безупречно гладкой и сияющей. Ароматическая основа геля для душа стойко фиксируется на теле, образуя легкий шлейф цветочного благородства. Продукт безусловно сочетается с туалетной водой Narciso Rodriguez, увеличивая ее стойкость и открывая для вас новые парфюмерные оттенки. Гель подходит для ежедневного использования и не содержит веществ, способных спровоцировать аллергическую реакцию.",Не указано,Франция,25
488,2026-10-01T12:10:13.492683,20261001_104711_f22aa185,19000084164,parfjumerija/parfjumirovannyj-uhod,Zielinski & Rozen,"Peach, Passion fruit, Musk",Скраб для тела,3390.0,3390.0,0.0,1,4.7,https://goldapple.ru/19000084164-peach-passion-fruit-musk/,https://goldapple.ru/parfjumerija/parfjumirovannyj-uhod?p=25,"Многофункциональное средство для ухода за кожей тела. Деликатные гранулы соли Мертвого моря, пропитанной миндальным маслом, отшелушивают ороговевший слой эпидермиса, улучшают микроциркуляцию и ускоряют обменные процессы в клетках кожи. Благодаря этому кожа становится мягкой и гладкой.","Нанесите нужное количество скраба на кожу легкими массажными движениями, а затем смойте водой.",Израиль,25
489,2026-10-01T12:10:21.145153,20261001_104711_f22aa185,19000307797,parfjumerija/parfjumirovannyj-uhod,Jo Malone London,Blackberry & Bay,Гель для душа,2780.0,2780.0,0.0,1,4.8,https://goldapple.ru/19000307797-blackberry-bay-body-hand-wash/,https://goldapple.ru/parfjumerija/parfjumirovannyj-uhod?p=25,"Гель для душа с ароматом «Blackberry & Bay» бережно очищает и смягчает кожу, оставляя деликатный шлейф. В композиции терпкая сладость ягод ежевики сочетается со свежестью лавра и колючими древесными акцентами. Формула с кофеином и экстрактом пенника лугового образует атласную пену при контакте с водой.",Нанесите небольшое количество геля на влажную кожу. Распределите массирующими движениями. Тщательно смойте водой.,Великобритания,25
490,2026-10-01T12:10:29.268734,20261001_104711_f22aa185,19000319124,parfjumerija/parfjumirovannyj-uhod,INNATURE,La Niche Tobacco Vanille,парфюмированный крем для тела и рук,698.0,698.0,0.0,1,4.4,https://goldapple.ru/19000319124-tobacco-vanille/,https://goldapple.ru/parfjumerija/parfjumirovannyj-uhod?p=25,"Натуральный крем для тела и рук Tobacco Vanille питает и увлажняет, оставляя на коже легкий аромат с нотами ванили и цветов табака. Верхние ноты: Ваниль, древесные ноты; Средние ноты: Листья табака, бобы тонка; Базовые ноты: Цветок табака, пряности. В интернет-магазине представлен актуальный дизайн продукта. Обращаем внимание, возможно поступление товара в старом дизайне.",Нанести на кожу тела легкими массирующими движениями до полного впитывания. Подходит для ежедневного применения c гелем для душа Innature La Niche Tobacco Vanille.,Россия,25
491,2026-10-01T12:10:41.664051,20261001_104711_f22aa185,19000035801,parfjumerija/parfjumirovannyj-uhod,Zielinski & Rozen,"Peach, Passion fruit, Musk",Крем для тела,3990.0,3990.0,0.0,1,4.6,https://goldapple.ru/19000035801-peach-passion-fruit-musk/,https://goldapple.ru/parfjumerija/parfjumirovannyj-uhod?p=25,"Баланс эстетики и функциональности. Тонкий аромат и легкая, но при этом насыщенная текстура делают нанесение максимально комфортным: крем равномерно распределяется и быстро впитывается, не оставляя ощущения липкости, питает и увлажняет кожу.",Нанесите крем на сухую или слегка влажную кожу и распределите легкими массажными движениями до полного впитывания.,Израиль,25
492,2026-10-01T12:10:50.584485,20261001_104711_f22aa185,99000016539,parfjumerija/parfjumirovannyj-uhod,LAMONNET,black pepper & amber,Нет категории,780.0,780.0,0.0,1,4.6,https://goldapple.ru/99000016539-black-pepper-amber/,https://goldapple.ru/parfjumerija/parfjumirovannyj-uhod?p=25,"Скраб для тела Lamonnét – это продукт, созданный по французскому принципу о том, что даже приятные повседневные вещи заслуживают серьезного отношения: l'art de bien faire. Аромат black pepper & amber – теплый и пряный. Он чувствуется сразу, стоит только открыть крышку. Черный перец раскрывается первым, за ним нероли, выделанная кожа и мягкая амбра. Вместе они складываются в густой восточный шлейф, который остается на коже надолго. Все ароматы Lamonnét разрабатываются во Франции, в Грассе — мировой столице парфюмерии. Каждая композиция создается с двойной концентрацией парфюма, чтобы на коже оставался стойкий парфюмерный шлейф на несколько часов. Текстура скраба кремовая и тает на коже, не оставляя пленки. Три вида отшелушивающих гранул: морская соль, сахар и пищевая соль, очищают мягко и деликатно – до гладкого идеала. В основе — экстракт лилии. Это ухаживающий компонент с природными антиоксидантами. Он смягчает кожу, поддерживает ее барьер и придает эффект сияния. Пять натуральных масел и алоэ вера интенсивно питают и успокаивают. Кожа гладкая, упругая и живая. • три вида гранул, мягкое очищение • экстракт лилии — природный антиоксидант • натуральные масла и алоэ вера • подходит для всех типов кожи. В интернет-магазине представлен актуальный дизайн продукта. Обращаем внимание, возможно поступление товара в старом дизайне.",Нанесте скраб на сухую или влажную кожу легкими массажными движениями. Помассируйте в течение 3-5 минут. Смойте теплой водой.,Россия,25
493,2026-10-01T12:10:59.451321,20261001_104711_f22aa185,19000021529,parfjumerija/parfjumirovannyj-uhod,Zielinski & Rozen,Black Vanilla,Нет категории,3990.0,3990.0,0.0,1,4.6,https://goldapple.ru/19000021529-vanilla-blend/,https://goldapple.ru/parfjumerija/parfjumirovannyj-uhod?p=25,"Баланс эстетики и функциональности. Тонкий аромат и легкая, но при этом насыщенная текстура делают нанесение максимально комфортным: крем равномерно распределяется и быстро впитывается, не оставляя ощущения липкости, питает и увлажняет кожу. Ароматы продукции Zielinski&Rozen изменили свое наименование без изменения состава.",Нанесите крем на сухую или слегка влажную кожу и распределите легкими массажными движениями до полного впитывания.,Израиль,25
494,2026-10-01T12:11:08.355619,20261001_104711_f22aa185,99000127965,parfjumerija/parfjumirovannyj-uhod,Spark' & Glow,sweet rush,Мист для тела,1118.0,1118.0,0.0,1,4.9,https://goldapple.ru/99000127965-sweet-rush/,https://goldapple.ru/parfjumerija/parfjumirovannyj-uhod?p=25,"Запах соленой карамели, как настоящий десерт, для отличного настроения. Обогащен экстрактом алоэ вера, который увлажняет и питает кожу, делая её мягкой и шелковистой. Оставляет после себя легкий сладкий шлейф на протяжении всего дня.",Распылите над поверхностью кожи или волосами.,Китай (китайская народная республика),25
495,2026-10-01T12:11:15.632330,20261001_104711_f22aa185,19000203307,parfjumerija/parfjumirovannyj-uhod,Acque di Italia,GAUDIUM,ГЕЛЬ ДЛЯ МЫТЬЯ РУК,1210.0,1210.0,0.0,1,5.0,https://goldapple.ru/19000203307-gaudium/,https://goldapple.ru/parfjumerija/parfjumirovannyj-uhod?p=25,"Единение, радость, эйфория, дружба, праздник. Жидкое мыло для рук обладает очень лёгкой гелевой текстурой, оптимальной для очищения кожи рук. Преобразуется в мягкую пену, делая кожу мягкой и шелковистой. Идеально для ежедневного использования: обеспечивает правильное очищение без агрессивного действия. Натуральные ПАВы природного происхождения мягко омывают кожу, не повреждая гидролипидный барьер.","Только для наружного применения, набрать небольшое количество в ладонь, добавить воды, подольше помассировать руки, затем смыть.",Италия,25
496,2026-10-01T12:11:24.600456,20261001_104711_f22aa185,19000479379,parfjumerija/parfjumirovannyj-uhod,Kilian Paris,Angels’ Share,ГЕЛЬ ДЛЯ ДУША,8235.0,8235.0,0.0,1,5.0,https://goldapple.ru/19000479379-angels-share/,https://goldapple.ru/parfjumerija/parfjumirovannyj-uhod?p=25,"Тающий гель. Стойкий аромат. Angels’ Share превращается в изысканный ритуал очищения для рук и тела. Этот гель для душа насыщен ароматом Angels' Share и имеет приятную текстуру, которая дарит многослойное и полноценное наслаждение. Его нежная гелеобразная формула быстро образует роскошную пену, которая бережно ухаживает за кожей. Ноты аромата: коньячная эссенция, абсолют бобов тонка, абсолют дуба.","Нанесите гель на мочалку или прямо на влажную кожу. Мягко помассируйте, чтобы создать густую пену. Кожа станет безупречно чистой и мягкой.",Великобритания,25
497,2026-10-01T12:11:35.439345,20261001_104711_f22aa185,19000203321,parfjumerija/parfjumirovannyj-uhod,Acque di Italia,VOLUPTAS,ДЫМКА ДЛЯ ТЕЛА,1629.0,1629.0,0.0,1,4.5,https://goldapple.ru/19000203321-voluptas/,https://goldapple.ru/parfjumerija/parfjumirovannyj-uhod?p=25,"Удовольствие, чувственность, страсть, очарование. Освежающая жидкость со слабоспиртовой отдушкой для нанесения на все тело. В ее составе – алоэ вера, что позволяет пользоваться ею как сразу после душа, так и в любое время в течение дня для ощущения свежести и аромата. А в летнюю жару вода для тела может с успехом заменить парфюмерное средство.",Нанести на все тело и дождаться впитывания.,Италия,25
498,2026-10-01T12:11:46.417977,20261001_104711_f22aa185,19000044038,parfjumerija/parfjumirovannyj-uhod,Zielinski & Rozen,"Black Pepper, Vetiver, Neroli, Amber",кондиционер для волос,2990.0,2990.0,0.0,1,4.6,https://goldapple.ru/19000044038-black-pepper-amber-neroli/,https://goldapple.ru/parfjumerija/parfjumirovannyj-uhod?p=25,"Кондиционер смягчает, питает и разглаживает волосы, восстанавливает их структуру и облегчает расчесывание и укладку.","Нанесите небольшое количество на чистые влажные волосы, оставьте на минуту и затем смойте.",Израиль,25
499,2026-10-01T12:11:58.299288,20261001_104711_f22aa185,19000479885,parfjumerija/parfjumirovannyj-uhod,LUVSCENT,FLOWER MARKET,Гель для душа,1454.0,1454.0,0.0,1,4.8,https://goldapple.ru/19000479885-flower-market/,https://goldapple.ru/parfjumerija/parfjumirovannyj-uhod?p=25,"Увлажняющий гель для душа с ароматом от французских парфюмеров. Окунитесь в яркий, свежий аромат цветочного магазина — охапки весенних тюльпанов, роскошные пионы, льдистый аромат фрезий, корзины с цветами, букеты, свежая зелень и лучи весеннего солнца.","1. Нанесите необходимое количество геля на губку. 2. Вспеньте. 3. Вымойте тело, применяя лёгкий массаж. 4. Тщательно смойте водой.",Республика корея,25
500,2026-10-01T12:12:24.883003,20261001_104711_f22aa185,19000107386,parfjumerija/parfjumirovannyj-uhod,Givenchy,L'INTERDIT,Парфюмированный дезодорант для тела,6000.0,6000.0,0.0,1,4.6,https://goldapple.ru/19000107386-l-interdit/,https://goldapple.ru/parfjumerija/parfjumirovannyj-uhod?p=26,"Откройте для себя неповторимый аромат L'Interdit от Givenchy в формате парфюмированного дезодоранта для тела. Смелая цветочная композиция из цветов апельсина, жасмина и туберозы контрастирует с более темными нотами ветивера и пачули и дарит коже соблазнительный аромат. Дезодорант в формате спрея обеспечивает мгновенное и длительное ощущение свежести. Обновленные флаконы банной линии L'Interdit соответствует принципам ответственного потребления! Дезодорант для тела L'Interdit представлен в 100% переработанной и подлежащей вторичной переработке алюминиевой упаковке. Дополните свой ритуал ухода парфюмерным маслом для душа и молочком для тела. Для усиления звучания любимого аромата воспользуйтесь парфюмерной водой L'Interdit Givenchy.","Нанести на тело, избегая попадания в глаза",Франция,26
501,2026-10-01T12:12:36.157626,20261001_104711_f22aa185,19000157332,parfjumerija/parfjumirovannyj-uhod,Flame moscow,Room spray Jackie,Душистая вода-спрей для тела,1425.0,1425.0,0.0,1,4.6,https://goldapple.ru/19000157332-room-spray-jackie/,https://goldapple.ru/parfjumerija/parfjumirovannyj-uhod?p=26,"Ноты амбры, цветов табака, сладкой мадагаскарской ванили, кориандра и бобов тонка создают слегка карамельный, немного пряный, но при этом достаточно темный и глубокий аромат. Верхние ноты: Кориандр, цветы табака, лимон Средние ноты: Специи, Мадагаскарская ваниль Базовые ноты: Бобы Тонка, амбра С помощью спрея можно создать нужную атмосферу дома, в офисе или в путешествии. Благодаря натуральному составу наши спреи не только безвредны, но и мультифункциональны — их можно использовать на текстиле, мебели, одежде, а также как туалетную воду для тела.","Аромат держится от 1 до 8 часов, в зависимости от поверхности, на которую наносился спрей, и количества распылений. Так, чем толще, например, текстиль, тем дольше будет держаться аромат! Мы проверили состав на большинстве видов изделий, но советуем также провести пробу самостоятельно в малозаметном уголке вашего изделия до полноценного использования.",Россия,26
502,2026-10-01T12:12:44.358264,20261001_104711_f22aa185,19000157331,parfjumerija/parfjumirovannyj-uhod,Flame moscow,Room spray Ines,Нет категории,1425.0,1425.0,0.0,1,4.7,https://goldapple.ru/19000157331-room-spray-ines/,https://goldapple.ru/parfjumerija/parfjumirovannyj-uhod?p=26,"Аромат Ines — уникальная композиция пряных трав в виде садовой мяты, томатного листа, петрушки, базилика и лимонного тимьяна на фоне зеленого чая и лепестков жасмина с острой ноткой цитрусовых. Приправлено пудрой на базе теплого сандала и пьянящего мускуса. Наша интерпретация свежего и яркого аромата, вдохновленного оранжереей пряных трав и самых приятных воспоминаний. Зеленый, свежий и бодрящий профиль делает этот аромат подходящим для кухни и веранды, а также спальни или ванной во время приятного ритуала утреннего пробуждения. Верхние ноты: Пряные травы, цитрусовые Средние ноты: Жасмин, зеленый чай, пудра Базовые ноты: Сандал, мускус С помощью спрея можно создать нужную атмосферу дома, в офисе или в путешествии. Благодаря натуральному составу наши спреи не только безвредны, но и мультифункциональны — их можно использовать на текстиле, мебели, одежде, а также как туалетную воду для тела. В каждой бутылочке 50 мл ароматической смеси, которую можно распылить около 350 раз. В зависимости от личных предпочтений в использовании один спрей прослужит от 1 до 3 месяцев.","Аромат держится от 1 до 8 часов, в зависимости от поверхности, на которую наносился спрей, и количества распылений. Так, чем толще, например, текстиль, тем дольше будет держаться аромат! Мы проверили состав на большинстве видов изделий, но советуем также провести пробу самостоятельно в малозаметном уголке вашего изделия до полноценного использования.",Россия,26
503,2026-10-01T12:12:52.707482,20261001_104711_f22aa185,19000470411,parfjumerija/parfjumirovannyj-uhod,Versace,Crystal emerald pour femme,Нет категории,4500.0,4500.0,0.0,1,4.7,https://goldapple.ru/19000470411-crystal-emerald/,https://goldapple.ru/parfjumerija/parfjumirovannyj-uhod?p=26,"Лосьон для тела VERSACE увлажняет кожу и делает её более мягкой, окутывая чувственным и свежим ароматом с нотами персика, бутона розы и бобов тонка. Парфюмерная композиция встречает насыщенной фруктовой свежестью: выразительная нота калабрийского бергамота переплетается с бархатистой, сочной сладостью персика. Нота розового перца добавляет игривый и изысканный акцент. В сердце аромата раскрывается аккорд нежного, полного жизни зеленого бутона розы, напоминающего о свежести ещё не распустившихся цветов, покрытых утренней росой. Жасмин придаёт бархатистую мягкость, а аккорд малинового сорбета оставляет красочный и притягательный штрих. В базе обволакивающая вуаль белого мускуса сливается с теплотой бобов тонка и таинственным ладаном.",Нанесите лосьон на кожу тела и равномерно распределите массирующими движениями.,Италия,26
504,2026-10-01T12:13:00.233141,20261001_104711_f22aa185,19000467303,parfjumerija/parfjumirovannyj-uhod,Zielinski & Rozen,"Amberwood, Vanilla, Davana",Жидкое мыло,2390.0,2390.0,0.0,1,4.8,https://goldapple.ru/19000467303-amberwood-vanilla-davana/,https://goldapple.ru/parfjumerija/parfjumirovannyj-uhod?p=26,Эффективно очищает кожу и способствует ее увлажнению. Подходит для всех типов кожи.,"Нанесите небольшое количество мыла на влажную кожу, вспеньте, затем тщательно смойте водой.",Израиль,26
505,2026-10-01T12:13:08.586796,20261001_104711_f22aa185,19000340632,parfjumerija/parfjumirovannyj-uhod,The Act,XX,Гель-масло для душа,816.0,816.0,0.0,1,4.5,https://goldapple.ru/19000340632-xx/,https://goldapple.ru/parfjumerija/parfjumirovannyj-uhod?p=26,"Гель-масло для душа The Act XX — твой секретный ритуал красоты! Ощути магию прикосновения геля со скрабирующими частицами The Act XX — средством, которое превратит обычный душ в настоящее удовольствие! Его легкая пена мягко очищает кожу, а натуральные частицы миндальной косточки нежно отшелушивают, делая её гладкой и шелковистой. Но самое интересное впереди — этот парфюмированный гель хранит тайну! Аромат XX — загадка, о которой ходят легенды. Он звучит по-разному на каждом: кто-то уловит уютные ноты корицы и свежеиспечённых булочек, а кто-то пустится в путешествие в восточный мир с нотами ладана и пряностей. Вначале тебя встретят насыщенные аккорды шоколада и кофе, затем аромат плавно перейдёт в дымный ладан и пало санто, а финальная нота — сладкая вуаль молочного миндального молока и ванили, останутся с тобой согревающей вуалью. Но это ещё не всё! В составе — легендарные проводники к мягкой коже: Д-пантенол, который глубоко увлажняет и восстанавливает кожу, масло миндаля, которое питает и делает её невероятно мягкой. Экстракты алоэ вера, вишни и центеллы азиатской тонизируют и защищают кожу, помогая ей оставаться эластичной и упругой. Продукт без сульфатов и парабенов, поэтому идеально подходит даже для чувствительной кожи. Гель-масло XX — это комбо бьюти-эффектов: очищение, скрабирование и увлажнение в эстетичном флаконе с удобным дозатором, которые подарят твоей коже гладкость и свежесть. Для женщин и мужчин, для тех, кто любит наслаждаться уходом, где красота и удовольствие идут рука об руку. Готовы разгадать загадку XX? Тогда не жди! Впереди — интригующие открытия в каждом прикосновении! В интернет-магазине представлен актуальный дизайн товара. При заказе вы можете получить товар как в старом, так и в новом дизайне.",Нанесите на влажную кожу тела во время принятия душа. После применения тщательно смойте тёплой водой.,Россия,26
506,2026-10-01T12:13:19.087859,20261001_104711_f22aa185,19000283257,parfjumerija/parfjumirovannyj-uhod,Byredo,Tulipmania,Лосьон для рук,7177.0,7177.0,0.0,1,4.8,https://goldapple.ru/19000283257-tulipmania/,https://goldapple.ru/parfjumerija/parfjumirovannyj-uhod?p=26,"Byredo представляет Tulipmania, новый аромат в линии ухода за руками, вдохновленный историческим феноменом, также известным как ""тюльпаномания"", в период которого был ажиотажный спрос на тюльпаны, и луковицы этих цветов стоили баснословных денег. Спустя почти 10 лет после запуска композиции La Tulipe (2010) – свежего аромата с цветочным звучанием, созданного как ода весне, Byredo продолжает исследовать бесконечный потенциал этого ""немого"" цветка. Глубокие стойкие базовые ноты белого дерева сочетаются с прозрачными и невесомыми цветочными оттенками, усиленными звучанием фрезии.",Нанести легкими массажными движениями на чистую и сухую кожу рук.,Франция,26
507,2026-10-01T12:13:30.864171,20261001_104711_f22aa185,19000449074,parfjumerija/parfjumirovannyj-uhod,OUME,Rose garden,Духи,4686.0,4686.0,0.0,1,4.6,https://goldapple.ru/19000449074-rose-garden/,https://goldapple.ru/parfjumerija/parfjumirovannyj-uhod?p=26,"Ты там, куда уже не думал вернуться. Тебя окружают розовые цветы, полные сладости. Ты чувствуешь, как утренний ветер гладит твою кожу, принося с собой тонкий цитрусовый аромат. Он пробуждает в тебе детские воспоминания о солнечных днях, полных игры и беззаботности. Ты оказываешься в самом сердце розового сада. Крупные, налитые росой розы вокруг тебя оживают и зовут к себе. Ты делаешь глубокий вдох и чувствуешь нежный, пудровый аромат роз, запоминающийся на всю жизнь. Он дарит тебе ощущение свободы и лёгкости — ты можешь быть здесь совершенно один, в гармонии с природой и своими мыслями. Этот сад — место, где ты можешь быть собой, обезопасить свои чувства и мечты от времени. Ароматы роз и ландышей смешиваются с кедровым деревом и пачули, придавая ощущение тепла и уюта, как дома. Сегодня ты оказался в мире, где время не имеет значения, и каждый момент наполнен смыслом и эмоциональным зарядом. Здесь можно молчать или громко смеяться, и никто не осудит тебя. Этот аромат приносит воспоминания, которым ты не готов позволить уйти, и мечты, которые ждут своего часа. И каждый раз ты возвращаешься сюда, чтобы вновь ощутить этот аромат розовых садов, которые подарили тебе счастье и спокойствие.","Нанесите небольшое количество аромата на активные точки на коже или одежду, при необходимости обновите в течение дня.",Беларусь,26
508,2026-10-01T12:13:39.154513,20261001_104711_f22aa185,19000084091,parfjumerija/parfjumirovannyj-uhod,Zielinski & Rozen,"Leather, Sandalwood, Amber",гель для душа,2590.0,2590.0,0.0,1,4.7,https://goldapple.ru/19000084091-leather-sandalwood-amber/,https://goldapple.ru/parfjumerija/parfjumirovannyj-uhod?p=26,"Уход, ароматерапия и признание в любви в одном флаконе. Бодрящий аромат способствует пробуждению, натуральные масла увлажняют кожу и питают, а мягкая пена позволяет по-настоящему насладиться редкими минутами наедине с собой.","Нанесите небольшое количество геля на влажную кожу, вспеньте руками или с помощью мочалки, а затем смойте.",Израиль,26
509,2026-10-01T12:13:49.466801,20261001_104711_f22aa185,19000318829,parfjumerija/parfjumirovannyj-uhod,Natura Siberica,bronze shimmer,Увлажняющий парфюмированный мист для волос и тела,1669.0,1669.0,0.0,1,4.5,https://goldapple.ru/19000318829-bronze-shimmer/,https://goldapple.ru/parfjumerija/parfjumirovannyj-uhod?p=26,"Увлажняющий парфюмированный мист «Золото Сибири» придаёт коже лёгкое сияние и естественный блеск, не оставляя ощущения липкости. Экстракт лаванды сибирской: оказывает успокаивающий, освежающий, охлаждающий и расслабляющий эффект. Экстракт родиолы розовой: защищает кожу от неблагоприятного воздействия окружающей среды. Лилия даурская: помогает поддерживать водно-липидный баланс.",Встряхните флакон перед использованием. Нанесите спрей на кожу с расстояния 15-20 см. Не требует растирания; дождитесь полного высыхания.,Россия,26
510,2026-10-01T12:13:59.401459,20261001_104711_f22aa185,19000208559,parfjumerija/parfjumirovannyj-uhod,Zielinski & Rozen,"Pink Pepper, Elemi, Cinnamon, Leather",Скраб для тела,3390.0,3390.0,0.0,1,4.6,https://goldapple.ru/19000208559-pink-pepper-elemi-cinnamon-leather/,https://goldapple.ru/parfjumerija/parfjumirovannyj-uhod?p=26,Эффективно очищает кожу и отшелушивает ороговевшие клетки. Улучшает микроциркуляцию и ускоряет обменные процессы.,"Нанести скраб на влажную или предварительно распаренную кожу. Втереть массажными движениями, смыть тёплой водой, нанести увлажняющий крем. Хранить в сухом, защищенном от света и недоступном для детей месте при температуре от +5 °С до +25 °С.",Израиль,26
511,2026-10-01T12:14:07.497233,20261001_104711_f22aa185,19000208063,parfjumerija/parfjumirovannyj-uhod,ALCHEMY CARE,Retinol gel-cream,Ночной крем-гель для лица,1430.0,1430.0,0.0,1,4.6,https://goldapple.ru/19000208063-retinol-gel-cream/,https://goldapple.ru/parfjumerija/parfjumirovannyj-uhod?p=26,"Ночной крем-гель для лица Alchemy Care Cosmetics с ретинолом активно стимулирует обновление кожи и помогает уменьшить видимость морщин. Средство, содержащее также ниацинамид, масло арганы и экстракт центеллы азиатской, выравнивает текстуру кожи и улучшает её тон, сужает поры и оказывает антиоксидантное действие. Продукт обладает тающей и освежающей текстурой. Рекомендуется для кожи, уже привыкшей к ретинолу. Тем, кто ранее не применял продукты с ретинолом, лучше начать с ночного омолаживающего крема с ретинолом ""Retinol Renewal"" от Alchemy Care Cosmetics или антивозрастной сыворотки с ретинолом Alchemy Care Cosmetics ""Retinol 0.3%"".","Для ночного ухода. Используйте только на коже, уже привыкшей к ретинолу. Нанесите вечером на кожу лица и шеи, распределите массирующими движениями, пока крем полностью не впитается. При использовании продуктов с ретинолом рекомендуется на следующий день защищать кожу с помощью солнцезащитных средств.",Испания,26
512,2026-10-01T12:14:18.225189,20261001_104711_f22aa185,19000319125,parfjumerija/parfjumirovannyj-uhod,INNATURE,La Niche Tobacco Сherry,Нет категории,698.0,698.0,0.0,1,4.5,https://goldapple.ru/19000319125-tobacco-cherry/,https://goldapple.ru/parfjumerija/parfjumirovannyj-uhod?p=26,"Натуральный крем для тела и рук Tobacco Cherry питает и увлажняет, оставляя на коже легкий аромат с нотами вишни и цветов табака. Верхние ноты: Вишня, жженая древесина; Средние ноты: Лист табака, бобы тонка; Базовые ноты: Цветы вишни, цветы табака. В интернет-магазине представлен актуальный дизайн продукта. Обращаем внимание, возможно поступление товара в старом дизайне.",Нанести на кожу тела легкими массирующими движениями до полного впитывания. Подходит для ежедневного применения c гелем для душа Innature La Niche Tobacco Cherry.,Россия,26
513,2026-10-01T12:14:28.005780,20261001_104711_f22aa185,19000418264,parfjumerija/parfjumirovannyj-uhod,DOMIX GREEN PROFESSIONAL,Anti-age,Нет категории,443.0,443.0,0.0,1,5.0,https://goldapple.ru/19000418264-anti-age/,https://goldapple.ru/parfjumerija/parfjumirovannyj-uhod?p=26,"Активное увлажнение. Молекулярный уход. Anti-age эффект. Эксклюзивный парфюмированный флюид с витамином В3, аминокислотами шелка, танинами и флавоноидами для профессионального ухода за кожей рук. Нежное, тактильно приятное средство быстро впитывается, оставляя на коже чувственный аромат с хрустальными нотами зелени и солнечных фруктов. Парфюмерная мелодия обладает долгим звучанием и люксовым шлейфом, раскрываясь сладостью лепестков жасмина, розы и теплотой сливочно-древесных оттенков. - Экстракт зеленого чая, богатый танинами и флавоноидами, препятствует разрушению волокон коллагена и эластина, подтягивает и омолаживает кожу, выравнивает тон. - Витамин В3 (ниацинамид) стимулирует регенерацию и укрепляет эпидермальный барьер, активирует синтез церамидов и клеточный метаболизм, оказывает выраженный anti-age эффект. - Аминокислоты шелка придают ногтям прочность и естественный блеск. - Гиалуроновая кислота и D-пантенол обеспечивают пролонгированное увлажнение. - Экстракт ламинарии насыщает клетки кислородом и ценными микроэлементами. - Гидролизат коллагена и витамин С обеспечивают дополнительное питание и стимулируют синтез собственного коллагена. Продукт клинически протестирован. Сделано в России.",Нанести на кожу мягкими массирующими движениями.,Россия,26
514,2026-10-01T12:14:38.395174,20261001_104711_f22aa185,19000035805,parfjumerija/parfjumirovannyj-uhod,Zielinski & Rozen,"Peach, Passion fruit, Musk",Мыло твердое,890.0,890.0,0.0,1,4.5,https://goldapple.ru/19000035805-peach-passion-fruit-musk/,https://goldapple.ru/parfjumerija/parfjumirovannyj-uhod?p=26,"Твердое мыло никогда не выйдет из моды, ведь тактильные ощущения — самое приятное, что можно испытывать. А положив кусочек мыла в гардероб одежда будет всегда пропитана любимым ароматом. Мыло имеет уникальную базу, создающую ощущение крема. От него не остаются мыльные следы на раковине или мыльнице. В составе только натуральные ингредиенты. Твердое мыло мягко и эффективно очищает кожу от жира и других видов загрязнений. Гигиеническое мыло Zielinski&Rozen подходит для ежедневного умывания лица, мытья рук и тела.",Вспенить мыло в руках. Тщательно смыть теплой водой.,Россия,26
515,2026-10-01T12:14:52.271992,20261001_104711_f22aa185,19000438921,parfjumerija/parfjumirovannyj-uhod,Synergetic,черный перец,Парфюмированный гель для душа,405.0,405.0,0.0,1,4.6,https://goldapple.ru/19000438921-cernyj-perec/,https://goldapple.ru/parfjumerija/parfjumirovannyj-uhod?p=26,"Парфюмированный гель для душа SYNERGETIC black pepper/черный перец эффективно очищает и бережно ухаживает за кожей, оставляя пряный аромат с восточным характером. Масло чёрного тмина питает, увлажняет и успокаивает, повышает эластичность кожи, помогает предотвратить появление сухости и шелушения. Экстракты кедра и шалфея тонизируют и освежают кожу, надолго сохраняя ощущения свежести, мягкости и комфорта. Физиологичный уровень pH 5,5 гарантирует мягкость кожи и безопасность при частом использовании даже для чувствительной кожи. Средство не содержит SLES, силиконов, красителей и минеральных масел. Насыщенная и глубокая парфюмерная композиция с восточным характером, который раскрывается элегантностью и чувственностью чёрного перца, мускусными оттенками амбры и пряными нотами специй. В сердце букета – выраженные лесные и дымно-древесные вкрапления, которые словно источают аромат смолистой коры старого тысячелетнего дерева и придают аромату теплоту и соблазнительность. Аромат создаёт уверенное и энергичное настроение, пробуждает силу и страсть, вдохновляет на смелые, авантюрные и захватывающие моменты.","Нанести гель на влажную кожу, вспенить и тщательно смыть водой. Перед применением рекомендуется взболтать. Возможно незначительное изменение цвета средства, не влияющее на его качество и свойства.",Россия,26
516,2026-10-01T12:15:01.893253,20261001_104711_f22aa185,19000402207,parfjumerija/parfjumirovannyj-uhod,INNATURE,Tobacco Vanille,Парфюмированный скраб для тела,635.0,635.0,0.0,1,4.9,https://goldapple.ru/19000402207-tobacco-vanille/,https://goldapple.ru/parfjumerija/parfjumirovannyj-uhod?p=26,"Натуральный парфюмированный скраб для тела La Niche Tobacco Vanille деликатно отшелушивает кожу, способствует ее разглаживанию и оставляет легкий аромат ванили и цветов табака. Верхние ноты: ваниль, девесные ноты. Средние ноты: листья табака, бобы тонка. Базовые ноты: цветок табака, пряности. В интернет-магазине представлен актуальный дизайн продукта. Обращаем внимание, возможно поступление товара в старом дизайне.","Мягкими массирующими движениями нанести на кожу, тщательно смыть водой. Рекомендуется использовать с гелем для душа и с кремом для тела и рук Innature La Niche Tobacco Vanille.",Россия,26
517,2026-10-01T12:15:11.763224,20261001_104711_f22aa185,99000127964,parfjumerija/parfjumirovannyj-uhod,Spark' & Glow,sweet rush,Мист для тела,968.0,968.0,0.0,1,4.5,https://goldapple.ru/99000127964-sweet-rush/,https://goldapple.ru/parfjumerija/parfjumirovannyj-uhod?p=26,"Соблазнительный аромат отражает сочетание экзотических фруктов с цветочными и восточными нотами, создавая образ нежного, сладковатого, но при этом воздушного аромата с кремовым оттенком. Мист обогащен экстрактом алоэ вера, который увлажняет и питает кожу, делая её мягкой и шелковистой. Обладает долговременным эффектом: оставляет после себя легкий сладкий шлейф на протяжении всего дня.",Распылите над поверхностью кожи или волосами.,Китай (китайская народная республика),26
518,2026-10-01T12:15:21.238897,20261001_104711_f22aa185,19000463581,parfjumerija/parfjumirovannyj-uhod,Solzao,IPANEMA GIRL,Крем для тела,619.0,619.0,0.0,1,4.5,https://goldapple.ru/19000463581-ipanema-girl/,https://goldapple.ru/parfjumerija/parfjumirovannyj-uhod?p=26,"На пляже Ипанема золотой час, солнце мягко окутывает теплом — и кожа сияет как никогда. Крем для тела Ipanema Girl с запатентованной технологией Elastimize дарит упругость и естественное сияние. Распределите его по телу, наслаждаясь плотной текстурой и цветочно-ореховым ароматом. Чем меньше одежды после — тем лучше. Пусть все видят, как сияет ваша кожа. — Масло миндаля делает кожу мягкой и восстанавливает естественный барьер. — Экстракт кофе тонизирует. — Масло бабассу глубоко увлажняет. — Ниацинамид выравнивает тон. Природа Бразилии здесь, чтобы сделать уход ярче — проверишь на себе?","1. Распределите крем по телу, наслаждаясь плотной текстурой и ароматом полуденного солнца. 2. Чем меньше одежды после нанесения — тем лучше. 3. Дайте коже сиять.",Россия,26
519,2026-10-01T12:15:33.601622,20261001_104711_f22aa185,19000295735,parfjumerija/parfjumirovannyj-uhod,4FRESH beauty,"Розовое дерево и кашемир, Sensual",Парфюмированный гель для душа,524.0,524.0,0.0,1,4.5,https://goldapple.ru/19000295735-rosewood-and-cashmere/,https://goldapple.ru/parfjumerija/parfjumirovannyj-uhod?p=26,"Парфюмированный гель для душа «Розовое дерево и кашемир» с уникальным селективным ароматом Scentease деликатно очищает и увлажняет кожу, настраивает на романтичный лад и пробуждает чувственность. Формула с пантенолом ускоряет регенерацию клеток, препятствует трансэпидермальной потере влаги и успокаивает кожу. Экстракт ягод асаи благодаря высокому содержанию антиоксидантов, повышает тонус и эластичность кожи, а масло сладкого миндаля делает её невероятно мягкой и бархатистой. Верхние ноты: сладкий апельсин, груша; Ноты сердца: жасмин, розовое дерево; Нижние ноты: мускус, кедр, ваниль, кашемир. Сложный многогранный аромат Scentease Sensual с соблазнительным сладковатым шлейфом усиливает ваш природный магнетизм и улучшает эмоциональный фон. Эффективность доказана научными исследованиями.",Нанесите небольшое количество геля на влажную кожу и распределите нежными массажными движениями. Затем смойте теплой водой.,Россия,26
520,2026-10-01T12:16:00.900600,20261001_104711_f22aa185,19760331242,parfjumerija/parfjumirovannyj-uhod,Zielinski & Rozen,"Tobacco, Cedarwood, Pepper",Соль Мертвого моря,1606.0,1606.0,0.0,1,4.8,https://goldapple.ru/19760331242-fiction/,https://goldapple.ru/parfjumerija/parfjumirovannyj-uhod?p=27,"Мертвое море — богатейший источник минералов, которые способны решить целый ряд проблем кожи: от сухости до высыпаний и воспалений. 100% натуральная кристаллическая соль Zielinski & Rozen, добытая из Мертвого моря, улучшает микроциркуляцию и обмен веществ в коже, деликатно отшелушивает ороговевшие клетки и ухаживает за проблемными участками.","Для принятия ванны разведите 100-200 г. соли в теплой воде, а после принятия ванны ополосните кожу чистой водой.",Израиль,27
521,2026-10-01T12:16:08.951193,20261001_104711_f22aa185,19000200476,parfjumerija/parfjumirovannyj-uhod,Poèmes de Provence,ORANGE & OAKMOSS,Крем для тела,1694.0,1694.0,0.0,1,4.5,https://goldapple.ru/19000200476-orange-oakmoss/,https://goldapple.ru/parfjumerija/parfjumirovannyj-uhod?p=27,"Парфюмированный крем для тела, обогащенный комплексом витаминов и растительных масел, обладает смягчающим и увлажняющим действием, возвращает коже упругость и эластичность. Рапсовое масло питает и защищает, масло кокоса активизирует процесс обновления клеток, а экстракт зеленого чая воздействует на структуру кожи, разглаживая и смягчая ее. Быстро впитывается, оставляя на коже легкий цитрусовый аромат.",Наносить на сухую кожу тела легкими массажными движениями. Не смывать.,Беларусь,27
522,2026-10-01T12:16:20.841538,20261001_104711_f22aa185,19000315568,parfjumerija/parfjumirovannyj-uhod,EQUIVALENT,Vanilla & taback,Нет категории,798.0,798.0,0.0,1,4.6,https://goldapple.ru/19000315568-vanilla-taback/,https://goldapple.ru/parfjumerija/parfjumirovannyj-uhod?p=27,"Позвольте себе насладиться утонченным сочетанием ванили и табака в креме для тела Vanilla & Taback. Этот изысканный аромат соединяет в себе сладкие нотки ванили и благородные аккорды табака, создавая неповторимую композицию, которая окутывает кожу теплом и комфортом. Крем обеспечивает глубокое увлажнение и питание, оставляя кожу мягкой и шелковистой.","Нанести на кожу легкими, массажными движениями.",Россия,27
523,2026-10-01T12:16:30.286312,20261001_104711_f22aa185,19000421278,parfjumerija/parfjumirovannyj-uhod,BIELITA,Пудровая фиалка & Теплый сандал,Нет категории,272.0,272.0,0.0,1,5.0,https://goldapple.ru/19000421278-pudrovaa-fialka-teplyj-sandal/,https://goldapple.ru/parfjumerija/parfjumirovannyj-uhod?p=27,"Гель-парфюм для душа «Пудровая фиалка & Теплый сандал» — это утонченное сочетание аромата и ухода за кожей. Композиция начинается с нот лимона и яблока, которые переплетаются с нежной фиалкой, ландышем и фрезией, завершаясь теплой базой из сандала, карамели и мускуса. Благодаря розовой воде в составе, гель интенсивно увлажняет, успокаивает и восстанавливает кожу, возвращая ей гладкость и бархатистость. Наслаждайтесь утонченным ароматом и заботой о коже каждый день.","Нанесите на влажную кожу, вспеньте, смойте водой.",Беларусь,27
524,2026-10-01T12:16:39.703021,20261001_104711_f22aa185,19000019564,parfjumerija/parfjumirovannyj-uhod,Jo Malone London,English Pear & Freesia Exfoliating Shower Gel,Гель-скраб для тела очищающий,5250.0,5250.0,0.0,1,5.0,https://goldapple.ru/19000019564-english-pear-freesia-exfoliating-shower-gel/,https://goldapple.ru/parfjumerija/parfjumirovannyj-uhod?p=27,Очищающий гель-скраб для тела с ароматом сочной груши и белой фрезии English Pear & Freesia эффективно очищает и разглаживает кожу. Мягкие частицы семян жожоба и стебля бамбука бережно удаляют сухие отмершие клетки и загрязнения. Кожа становится мягкой и наполняется энергией. Теперь она готова к нанесению увлажняющего средства. Прекрасно подходит для ежедневного ухода.,Нанесите небольшое количество геля массирующими движениями на влажную кожу и тщательно смойте водой. Подходит для ежедневного использования.,Великобритания,27
525,2026-10-01T12:16:48.463426,20261001_104711_f22aa185,19000322315,parfjumerija/parfjumirovannyj-uhod,Zielinski & Rozen,"Pink Pepper, Elemi, Cinnamon, Leather",Скраб для тела,1390.0,1390.0,0.0,1,4.7,https://goldapple.ru/19000322315-pink-pepper-elemi-cinnamon-leather/,https://goldapple.ru/parfjumerija/parfjumirovannyj-uhod?p=27,Содержит натуральную соль Мертвого моря. Способствует нежному удалению мертвых клеток эпидермиса. Обеспечивает длительное ощущение увлажнения и напитанности благодаря маслам. Не требует дополнительного использования крема.,"Нанесите на влажную или распаренную кожу, вотрите массирующими движениями, затем смойте теплой водой.",Израиль,27
526,2026-10-01T12:17:04.336825,20261001_104711_f22aa185,19000043243,parfjumerija/parfjumirovannyj-uhod,Flame moscow,Sonia,Крем для рук,1161.0,1161.0,0.0,1,4.7,https://goldapple.ru/19000043243-sonia/,https://goldapple.ru/parfjumerija/parfjumirovannyj-uhod?p=27,"Крем для рук и ногтей с питательными маслами ши, жожоба и воском рисовых отрубей подарит вашей коже невероятный аромат.",Использовать только для наружного применения. Хранить в недоступном для детей месте,Россия,27
527,2026-10-01T12:17:13.599870,20261001_104711_f22aa185,99000015604,parfjumerija/parfjumirovannyj-uhod,LAMONNET,vanilla & amber,Парфюмированный крем для тела,780.0,780.0,0.0,1,4.7,https://goldapple.ru/99000015604-vanilla-amber/,https://goldapple.ru/parfjumerija/parfjumirovannyj-uhod?p=27,"Крем для тела и рук Lamonnét – это продукт, созданный по французскому принципу о том, что даже приятные повседневные вещи заслуживают серьезного отношения: l'art de bien faire. Аромат Vanilla & Amber – сладкий, теплый и обволакивающий, но не тяжелый. Он чувствуется сразу, стоит только открыть крышку. Бархатная ваниль и золотистая амбра в начале. Шлейф кашемира остается на коже, мягкий и почти невесомый, как любимый шарф в прохладное утро. Все ароматы Lamonnét разрабатываются во Франции, в Грассе — мировой столице парфюмерии. Каждая композиция создается с двойной концентрацией парфюма, чтобы на коже оставался стойкий парфюмерный шлейф на несколько часов. Легкая текстура крема тает на коже и впитывается за минуту. Не оставляет липкости и блеска. Кожа глубоко увлажненная, мягкая и гладкая. В основе — экстракт лилии. Это ухаживающий компонент с природными антиоксидантами. Он смягчает кожу, поддерживает ее барьер и придает эффект сияния. • легкая текстура, быстро впитывается • экстракт лилии — природный антиоксидант • натуральные масла и витамины • подходит для всех типов кожи",Небольшое количество крема нанесите легкими массирующими движениями на чистую сухую кожу рук и тела.,Россия,27
528,2026-10-01T12:17:23.973346,20261001_104711_f22aa185,99000175774,parfjumerija/parfjumirovannyj-uhod,Карма,Дорога специй,Парфюмированный гель для душа,650.0,650.0,0.0,1,5.0,https://goldapple.ru/99000175774-karma-doroga-specij/,https://goldapple.ru/parfjumerija/parfjumirovannyj-uhod?p=27,"Гель для душа «Карма» сочетает мягкое очищение с тонким восточным ароматом, который окутывает кожу словно легкая вуаль. Он подходит для всех типов кожи и создаёт ощущение свежести и комфорта. Благодаря натуральным маслам, витаминам и растительным экстрактам гель поддерживает оптимальный уровень увлажнённости, оказывает питание и способствует восстановлению кожи. Средство образует густую мягкую пену, которая деликатно очищает кожу от загрязнений, пыли и излишков кожного сала. При регулярном использовании поддерживает ощущение чистоты и помогает сохранить поры открытыми. Формула с маслом оливы делает кожу более мягкой и эластичной, а пантенол способствует регенерации и заживлению небольших повреждений. Комплекс активных компонентов обеспечивает смягчение, поддержание упругости и защищает кожу от пересыхания. Аромат геля — многогранная композиция с восточными мотивами, которая остаётся на теле в течение дня.",Вспеньте гель. Нанесите на кожу мягкими массажными движениями. Смойте водой.,Россия,27
529,2026-10-01T12:17:34.571430,20261001_104711_f22aa185,19000251554,parfjumerija/parfjumirovannyj-uhod,Jo Malone London,Pomegranate Noir Soap,Мыло,2500.0,2500.0,0.0,1,4.9,https://goldapple.ru/19000251554-pomegranate-noir-soap/,https://goldapple.ru/parfjumerija/parfjumirovannyj-uhod?p=27,"Мыло с пикантным ароматом Pomegranate Noir бережно очищает кожу, оставляя на ней деликатный шлейф. Сочные ноты экзотического рубинового граната, подчеркнутые оттенками розового перца и лилии Касабланка, согреты соблазнительным сочетанием дымных акцентов гваякового дерева и пачули. Формула, обогащенная масло ши, смягчает кожу. Способ применения: Вспеньте мыло в густую ароматную пену и распределите по коже массирующими движениями. Смойте теплой водой. Завершите ритуал лосьоном для тела и рук Jo Malone London. Философия сочетания ароматов: Все ароматы и текстуры Jo Malone London можно использовать самостоятельно и в сочетании с другими, создавая уникальные композиции. Чтобы придать аромату свежих акцентов и создать более яркий образ сочетайте Pomegranate Noir с сочным ароматом ягод ежевики - Blackberry & Bay. Чтобы придать аромату теплых оттенков и создать более чувственный образ сочетайте Pomegranate Noir с гипнотическим ароматом удового дерева - Oud & Bergamot. Характеристики: Тип продукта: Мыло Объем: 100г Эффект: Очищение Для кого: Универсальный Страна производства: Великобритания",Вспеньте мыло в густую ароматную пену и распределите по коже массирующими движениями. Смойте теплой водой. Завершите ритуал лосьоном для тела и рук Jo Malone London.,Великобритания,27
530,2026-10-01T12:17:45.649009,20261001_104711_f22aa185,19000455121,parfjumerija/parfjumirovannyj-uhod,Zielinski & Rozen,"With mint, aloe, panthenol",Успокаивающий крем для тела,1690.0,1690.0,0.0,1,4.6,https://goldapple.ru/19000455121-with-mint-aloe-panthenol/,https://goldapple.ru/parfjumerija/parfjumirovannyj-uhod?p=27,"Успокаивающий крем для тела / Благодаря содержанию пантенола и экстракта алоэ крем обладает регенерирующим действием, способствует снятию покраснений, предотвращает шелушение кожи. Масла ши, жожоба и оливы в составе крема борются с сухостью и увлажняют кожу. Экстракт мяты тонизирует и оказывает легкое охлаждающее действие. Крем подходит для всех типов кожи, а также для кожи, склонной к атопии.",Нанесите на сухую или влажную кожу легкими массирующими движениями до полного впитывания.,Израиль,27
531,2026-10-01T12:17:55.441412,20261001_104711_f22aa185,19000203320,parfjumerija/parfjumirovannyj-uhod,Acque di Italia,VITALITAS,ДЫМКА ДЛЯ ТЕЛА,1629.0,1629.0,0.0,1,4.7,https://goldapple.ru/19000203320-vitalitas/,https://goldapple.ru/parfjumerija/parfjumirovannyj-uhod?p=27,"Сила, пробуждение, бодрость, энергия, возрождение. Освежающая жидкость со слабоспиртовой отдушкой для нанесения на все тело. В ее составе – алоэ вера, что позволяет пользоваться ею как сразу после душа, так и в любое время в течение дня для ощущения свежести и аромата. А в летнюю жару вода для тела может с успехом заменить парфюмерное средство.",Нанести на все тело и дождаться впитывания.,Италия,27
532,2026-10-01T12:18:06.023173,20261001_104711_f22aa185,99000088560,parfjumerija/parfjumirovannyj-uhod,SNNM. ESSENCE CAPTURED BY SYNONYME,GOODBYE DARKNESS,Нет категории,1312.0,1312.0,0.0,1,4.7,https://goldapple.ru/99000088560-goodbye-darkness/,https://goldapple.ru/parfjumerija/parfjumirovannyj-uhod?p=27,"GOODBYE DARKNESS - это синоним искушения. Его время наступает, когда солнце уходит за горизонт, а вечерние огни наполняются предвкушением встреч и легких касаний. Ваше присутствие нежное и пленительное. Постепенно проникая в ткань ночи, мысли о Вас наполняют пространство жаждой, но не утоляют её.","Аромат можно наносить на волосы, кожу, одежду.",Россия,27
533,2026-10-01T12:18:14.760678,20261001_104711_f22aa185,19000295740,parfjumerija/parfjumirovannyj-uhod,4FRESH beauty,"Сандал и сычуаньский перец, Relaxing",Нет категории,1035.0,1035.0,0.0,1,4.5,https://goldapple.ru/19000295740-sandalwood-and-sichuan-pepper/,https://goldapple.ru/parfjumerija/parfjumirovannyj-uhod?p=27,"Парфюмированный гель для душа «Сандал и сычуаньский перец» с уникальным селективным ароматом Scentease деликатно очищает и увлажняет кожу, расслабляет и дарит чувство спокойствия и равновесия. Формула с пантенолом ускоряет регенерацию клеток, препятствует трансэпидермальной потере влаги и успокаивает кожу. Экстракты кофе и ламинарии улучшают микроциркуляцию и тонизируют. Верхние ноты: бергамот, артемизия, шафран; Ноты сердца: сычуаньский перец, ваниль, малина; Нижние ноты: сандал, мускус, амбра, кедр. Сложный многогранный аромат Scentease Relaxing с восточными древесными нотами и пряным аккордом окунает в атмосферу умиротворения и улучшает эмоциональный фон. Эффективность доказана научными исследованиями.",Нанесите небольшое количество геля на влажную кожу и распределите нежными массажными движениями. Затем смойте теплой водой.,Россия,27
534,2026-10-01T12:18:22.746878,20261001_104711_f22aa185,26422500008,parfjumerija/parfjumirovannyj-uhod,Acqua di Parma,COLONIA ESSENZA,Парфюмированный дезодорант-спрей,4890.0,4890.0,0.0,1,4.8,https://goldapple.ru/26422500008-colonia-essenza-deodorant-natural-spray/,https://goldapple.ru/parfjumerija/parfjumirovannyj-uhod?p=27,"Дезодорант, в основе которого лежат ноты Colonia Essenza, создает настоящую сенсацию свежести и комфорта, длящихся в течении всего дня.",Не указано,Италия,27
535,2026-10-01T12:18:31.413072,20261001_104711_f22aa185,83320700011,parfjumerija/parfjumirovannyj-uhod,Jo Malone London,Peony & Blush Suede,Гель для душа,5250.0,5250.0,0.0,1,4.6,https://goldapple.ru/83320700011-peony-blush-suede/,https://goldapple.ru/parfjumerija/parfjumirovannyj-uhod?p=27,"Гель для душа с соблазнительным ароматом Peony & Blush Suede бережно очищает и смягчает кожу, оставляя на ней деликатный шлейф. Медовая сочность красного яблока. Пышный букет пионов, украшенный изысканными оттенками розы и жасмина, элегантно дополняет пудровый аккорд розовой замши. Формула, обогащенная кофеином и экстрактом пенника лугового, превращается в атласную пену при контакте с водой. Философия сочетания ароматов: Все ароматы и текстуры Jo Malone London можно использовать самостоятельно и в сочетании с другими, создавая уникальные композиции. Чтобы придать аромату свежих акцентов и создать более яркий образ сочетайте Peony & Blush Suede с ароматом сочной груши в букете белой фрезии - English Pear & Freesia. Чтобы придать аромату теплых оттенков и создать более чувственный образ сочетайте Peony & Blush Suede с притягательным ароматом дамасской розы - Velvet Rose & Oud.",Нанесите небольшое количество геля массирующими движениями на влажную кожу и тщательно смойте водой.,Великобритания,27
536,2026-10-01T12:18:40.451230,20261001_104711_f22aa185,19000084094,parfjumerija/parfjumirovannyj-uhod,Zielinski & Rozen,"Cedarwood, Neroli, Amber",Гель для душа,2590.0,2590.0,0.0,1,4.7,https://goldapple.ru/19000084094-cedar-sandalwood-amber-patchouli/,https://goldapple.ru/parfjumerija/parfjumirovannyj-uhod?p=27,"Уход, ароматерапия и признание в любви в одном флаконе. Бодрящий аромат способствует пробуждению, натуральные масла увлажняют кожу и питают, а мягкая пена позволяет по-настоящему насладиться редкими минутами наедине с собой. Ароматы продукции Zielinski&Rozen изменили свое наименование без изменения состава.","Нанесите небольшое количество геля на влажную кожу, вспеньте руками или с помощью мочалки, а затем смойте.",Израиль,27
537,2026-10-01T12:18:51.937259,20261001_104711_f22aa185,19000492970,parfjumerija/parfjumirovannyj-uhod,ECOLATIER,"Lotus, jasmine, heliotrop",Парфюмированное масло для душа,237.0,237.0,0.0,1,4.6,https://goldapple.ru/19000492970-ecolatier-lotus-jasmine-heliotrop/,https://goldapple.ru/parfjumerija/parfjumirovannyj-uhod?p=27,"Масло для душа деликатно очищает кожу, не нарушая её естественный липидный барьер. Формула с высоким содержанием масел делает кожу после душа мягкой, увлажнённой и шелковистой. Идеальное средство для ухода за сухой и чувствительной кожей. Аромат раскрывается нежными оттенками мимозы, жасмина и лотоса, дополненными зеленью фиалки и пряной гвоздикой, оставляя мягкий пудровый шлейф гелиотропа. Активные ингредиенты: — масло макадамии глубоко питает, восстанавливает и повышает эластичность кожи; — трегалоза интенсивно увлажняет и предотвращает потерю влаги; — масла инка инчи и бораго смягчают, насыщают кожу полиненасыщенными жирными кислотами и повышают её упругость; — постбиотики поддерживают баланс микробиома и укрепляют естественный защитный барьер кожи.","Нанесите масло на влажную кожу или мочалку, вспеньте, затем смойте теплой водой. Подходит для ежедневного использования.",Россия,27
538,2026-10-01T12:18:59.937359,20261001_104711_f22aa185,19000295745,parfjumerija/parfjumirovannyj-uhod,4FRESH beauty,"Вечерняя магнолия и нероли, Dreamy",Парфюмированное жидкое мыло,450.0,450.0,0.0,1,5.0,https://goldapple.ru/19000295745-evening-magnolia-and-neroli/,https://goldapple.ru/parfjumerija/parfjumirovannyj-uhod?p=27,"Парфюмированное жидкое мыло «Вечерняя магнолия и нероли» – это средство для деликатного очищения, специально разработанное для кожи, требующей дополнительного питания. Благодаря своей мягкой растительной формуле мыло бережно воздействует на кожу, не повреждая ее естественный защитный барьер, предотвращает появление сухости и шелушений и защищает от негативного воздействия внешних факторов. Пантенол в составе средства улучшает регенерацию клеток, и защищает от обезвоживания. Пребиотики помогают поддерживать здоровый микробиом, а масло арганы питает и интенсивно смягчает кожу, делая ее невероятно гладкой и шелковистой. Верхние ноты: нероли, мандарин, яблоневый цвет; Ноты сердца: магнолия, тубероза, гардения; Нижние ноты: ваниль, кашемир, бензойная смола. Сложный многогранный аромат Scentease Dreamy, где лепестки белых цветов дополнены легкими пудровыми нотами, погружает в состояние безмятежности и улучшает эмоциональный фон. Эффективность доказана научными исследованиями.","Нанесите небольшое количество мыла на влажную кожу, вспеньте, смойте водой.",Россия,27
539,2026-10-01T12:19:07.926696,20261001_104711_f22aa185,19000172134,parfjumerija/parfjumirovannyj-uhod,Tesori d’Oriente,Hammam,Парфюмированное твердое мыло,308.0,308.0,0.0,1,4.4,https://goldapple.ru/19000172134-hammam/,https://goldapple.ru/parfjumerija/parfjumirovannyj-uhod?p=27,"Уникальная разработка итальянских парфюмеров создает твердое мыло с ярким ароматом. Ароматы созданы на основе натуральных масел, с натуральными компонентами. Продукция вдохновлена древней идеей превратить ежедневный уход за домом в красивый ритуал, с помощью которого можно гармонизировать тело и душу. Парфюмерия данного бренда содержит традиционные восточные компоненты, использующиеся в течение многих веков при изготовлении косметики.","Нанесите необходимое количество мыла на влажную кожу. Массируйте до появления пены, затем смойте теплой водой.",Италия,27
540,2026-10-01T12:19:32.558999,20261001_104711_f22aa185,99000175772,parfjumerija/parfjumirovannyj-uhod,Карма,Черный перец и амбра,Парфюмированный гель для душа,650.0,650.0,0.0,1,5.0,https://goldapple.ru/99000175772-karma-cernyj-perec-i-ambra/,https://goldapple.ru/parfjumerija/parfjumirovannyj-uhod?p=28,"Гель для душа от бренда «Карма» обеспечивает мягкое и деликатное очищение кожи, способствует ее тонизированию и восстановлению. Благодаря входящим в состав маслу оливы и глицерину кожа получает питание, смягчается и становится более упругой и гладкой. Такая комбинация поддерживает ощущение комфорта без липкой пленки на поверхности, а поры остаются открытыми. Мягкая густая пена нежно удаляет загрязнения, не пересушивая кожу. Средство подходит для всех типов кожи и не вызывает чувства стянутости после использования. В формуле продукта также содержится пантенол, который поддерживает процесс обновления и восстановления поверхности кожи. Парфюмированный аромат геля окутывает легкой вуалью и погружает в атмосферу гармонии. В составе парфюмерной композиции выделяются пряные и теплые ноты, создающие ощущение утонченности и мягкого расслабления.",Вспеньте гель. Нанесите на кожу мягкими массажными движениями. Смойте водой.,Россия,28
541,2026-10-01T12:19:42.378461,20261001_104711_f22aa185,19000220961,parfjumerija/parfjumirovannyj-uhod,Botavikos,Anti-age Rejuvenating facial,Омолаживающая пенка для очищения лица,300.0,300.0,0.0,1,4.6,https://goldapple.ru/19000220961-anti-age-rejuvenating-facial/,https://goldapple.ru/parfjumerija/parfjumirovannyj-uhod?p=28,"Воздушная ароматная пенка бережно очищает кожу и подготавливает ее к последующему уходу. Комплекс натуральных AHA-кислот – молочной, гликолевой, яблочной – бережно растворяет ороговевшие клетки, очищает и сужает поры, выравнивает микрорельеф и тон кожи, а также повышает ее эластичность за счет ускорения синтеза коллагена. Новое поколение PHA-кислот на фоне деликатного пилинга оказывает антиоксидантное действие и способствует увлажнению кожи, не повышая при этом ее светочувствительность. Экстракт центеллы азиатской оказывает увлажняющее и регенерирующее действие. Экстракт клюквы эффективно тонизирует и питает кожу. Гидролизованные протеины пшеницы поддерживают оптимальный уровень увлажненности кожи и выравнивают ее микрорельеф.","Нанесите небольшое количество пенки на влажную кожу лица и шеи массирующими движениями, оставьте состав на лице на 1-2 минуты, смойте теплой водой.",Россия,28
542,2026-10-01T12:19:51.927404,20261001_104711_f22aa185,99000134130,parfjumerija/parfjumirovannyj-uhod,Somna Secra,blossoming florence,Нет категории,896.0,896.0,0.0,1,4.6,https://goldapple.ru/99000134130-blossoming-florence/,https://goldapple.ru/parfjumerija/parfjumirovannyj-uhod?p=28,"Blossoming Florence — парфюмированное молочко-лосьон для тела, соединяющее глубокий уход и чувственный парфюм, превращающее ежедневный уход в ритуал уверенности, женственности и стиля. Лёгкая шелковистая текстура быстро впитывается и делает кожу мягкой, увлажнённой и бархатистой. Масла ши и миндаля питают и смягчают кожу, а глицерин удерживает влагу, поддерживая её упругость и гладкость. Молочко не оставляет липкости или жирного блеска — только ощущение ухода и лёгкого сияния. Blossoming Florence делает кожу напитанной, гладкой и сияющей, а аромат создаёт чувство уверенности и элегантности. Аромат Blossoming Florence многослойно раскрывается на коже, соединяя элегантность и страсть. Цветочные и пряные ноты создают атмосферу стиля и внутренней силы, стойкий шлейф остаётся на коже надолго, превращая уход в парфюмерный ритуал. Это парфюмированное молочко подходит для всех типов кожи и идеально как для дня, так и для вечера. Ароматическая композиция: — Розовый перец и цветок апельсина добавляют искру и энергию. — Жасмин и кофе создают глубину и характер. — Миндаль и лакрица придают мягкость и утончённость. — Пачули, кедр и ваниль формируют благородную стойкую базу. Идеально как: — Ароматизированный лосьон для тела с кофейно-ванильным шлейфом. — Уход с ароматом для уверенности и женственности. — Ежедневный увлажняющий уход с парфюмированным эффектом. — Крем-лосьон после душа для гладкости и сияния кожи. Somna Blossoming Florence — это не просто уход, а ароматный ритуал, в котором сочетаются женственность, элегантность и уверенность. Парфюмированное молочко для тела остаётся на коже как драгоценный аромат и подчёркивает твой стиль.",1. Нанести на чистую кожу. 2. Распределить массирующими движениями до полного впитывания.,Беларусь,28
543,2026-10-01T12:20:00.244930,20261001_104711_f22aa185,80110600001,parfjumerija/parfjumirovannyj-uhod,Calvin Klein,One,Нет категории,1680.0,1680.0,0.0,1,4.2,https://goldapple.ru/80110600001-one/,https://goldapple.ru/parfjumerija/parfjumirovannyj-uhod?p=28,"Прохладный. Чистый. Освежающий. CK ONE – молодежный независимый аромат, побуждающий быть самим собой. Созданный одновременно и для мужчин, и для женщин, он принадлежит всем. CK ONE, выпущенный в 1994 году, но по-прежнему современный, остается свежим навсегда.
Аккорд зеленого чая, проходящий через весь аромат, делает уникальность CK ONE неповторимой. Аромат начинается с ярких нот мандарина, папайи, бергамота и лимона. Сердечные ноты раскрываются душистой гармонией мускатного ореха, фиалки, жасмина, ландыша и розы. Шлейф – чувственная комбинация мускуса и амбры.
Дезодорант-стик Calvin Klein CK One, представленный в белом флаконе и минималистской упаковке из переработанного картона, был, остается и всегда будет революционным.",Только для наружного применения.,Монако,28
544,2026-10-01T12:20:08.865582,20261001_104711_f22aa185,19000021521,parfjumerija/parfjumirovannyj-uhod,Zielinski & Rozen,Rosemary & Lemon,Кондиционер для волос,2990.0,2990.0,0.0,1,4.6,https://goldapple.ru/19000021521-rosemary-lemon-neroli/,https://goldapple.ru/parfjumerija/parfjumirovannyj-uhod?p=28,"Кондиционер смягчает, питает и разглаживает волосы, восстанавливает их структуру и облегчает расчесывание и укладку.","Нанесите небольшое количество на чистые влажные волосы, оставьте на минуту и затем смойте.",Израиль,28
545,2026-10-01T12:20:16.580232,20261001_104711_f22aa185,99000151010,parfjumerija/parfjumirovannyj-uhod,HELDI,Spice Road,Парфюмированный гель для душа,649.0,649.0,0.0,1,4.8,https://goldapple.ru/99000151010-heldi-spice-road/,https://goldapple.ru/parfjumerija/parfjumirovannyj-uhod?p=28,"Парфюмированный гель для душа HELDI с ароматом «Дорога специй» создан для неспешных моментов ухода, наполненных теплом и чувственностью. Шелковистая текстура легко скользит по телу, а воздушная пена бережно очищает и дарит приятное ощущение свежести. Аромат, которым хочется наслаждаться. Тёплая амброво-ванильная композиция с глубоким, обволакивающим характером: — бергамот, ландыш и сирень — свежий, деликатно-цветочный старт — пачули, амброво-древесные ноты, кумарин и камфора — пряное, насыщенное сердце — ваниль, мускус, лабданум и бензоин — чувственный сладковатый шлейф Лёгкая свежесть первых нот постепенно уступает место пряной глубине и завершается бархатистой ванильно-амбровой базой. Нежное очищение и увлажнение. Увлажняющий гель для душа деликатно удаляет загрязнения, не оставляя сухости и стянутости. pH 4,7–5,5 подходит для бережного ежедневного очищения. Большой формат — чтобы любимый аромат радовал дольше, а удобный дозатор делал каждое использование лёгким и приятным. Ухаживающие компоненты. — масло авокадо питает и смягчает — пантенол увлажняет и успокаивает — экстракт василька тонизирует и освежает — глицерин притягивает и удерживает влагу Результат. Мягкая, увлажнённая кожа без сухости и стянутости — с тёплым амброво-ванильным шлейфом после душа. HELDI — когда душ становится моментом удовольствия, который хочется повторять снова и снова.","Нанесите небольшое количество геля на влажную кожу или губку, вспеньте и распределите по телу лёгкими массажными движениями. Тщательно смойте водой. Подходит для ежедневного применения.",Россия,28
546,2026-10-01T12:20:25.058369,20261001_104711_f22aa185,19000468883,parfjumerija/parfjumirovannyj-uhod,Tashe professional,Moroccan night,Увлажняющий мист для тела,621.0,621.0,0.0,1,4.6,https://goldapple.ru/19000468883-moroccan-night/,https://goldapple.ru/parfjumerija/parfjumirovannyj-uhod?p=28,"Tashe professional Moroccan Night мист для тела — увлажнение и восстановление кожи с восточным ароматом ванили и пряностей Мист увлажняет и восстанавливает кожу, придавая свежесть, а его чувственный аромат с нотами пряностей и ванили окутывает тёплым восточным шлейфом. Комплекс активов увлажняет, укрепляет защитный барьер и улучшает эластичность кожи. Также дарит коже гладкость, мягкость и ухоженный вид. Он имеет лёгкую, невесомую текстуру, которая не оставляет липкости или других неприятных ощущений на коже. Используйте для мгновенного освежения, увлажнения и закрепления аромата в течение дня. Активные компоненты формулы: Гиалуроновая кислота — интенсивно увлажняет, удерживает влагу в коже, повышает её упругость и эластичность. Коллаген — улучшает структуру кожи, способствует восстановлению и поддерживает её гладкость. Пантенол — успокаивает, смягчает, устраняет сухость и ощущение стянутости. Аминокислоты — питают и увлажняют кожу, делают её более гладкой и устойчивой к внешним факторам. Рисовый протеин — насыщает влагой, смягчает и оказывает антиоксидантное действие. Аромат: Раскрывается тёплым восточным звучанием: в верхних нотах ощущаются ваниль и амбра, в сердце раскрываются аккорды болгарской розы и пачули, а в шлейфе остаются мягкие древесно-гурманские ноты сандала и бобов тонка, создавая глубокий и обволакивающий аромат. Для кого подходит: Идеален для тех, кто ищет увлажнение и освежающий эффект с приятным ароматом. Хорошо подходит для использования в течение дня, в том числе поверх крема для усиления увлажняющего эффекта и закрепления аромата. Для кого не подходит: Мист обладает выраженной парфюмированной композицией с насыщенным восточным ароматом. Поэтому он может не подойти тем, кто предпочитает нейтральные или слабо ароматизированные средства, а также тем, кто чувствителен к стойким и интенсивным запахам и ищет исключительно лёгкий освежающий эффект без выраженного парфюмерного шлейфа.","Распылите на кожу тела на расстоянии 20-30 см. Используйте для мгновенного освежения, увлажнения и закрепления аромата в течение дня.",Беларусь,28
547,2026-10-01T12:20:34.794359,20261001_104711_f22aa185,19760301695,parfjumerija/parfjumirovannyj-uhod,Zielinski & Rozen,Black Vanilla,Крем для тела,3990.0,3990.0,0.0,1,4.5,https://goldapple.ru/19760301695-vanilla-blend/,https://goldapple.ru/parfjumerija/parfjumirovannyj-uhod?p=28,"Баланс эстетики и функциональности. Тонкий аромат и легкая, но при этом насыщенная текстура делают нанесение максимально комфортным: крем равномерно распределяется и быстро впитывается, не оставляя ощущения липкости, питает и увлажняет кожу. Ароматы продукции Zielinski&Rozen изменили свое наименование без изменения состава.",Нанесите крем на сухую или слегка влажную кожу и распределите легкими массажными движениями до полного впитывания.,Израиль,28
548,2026-10-01T12:20:43.905355,20261001_104711_f22aa185,19000324262,parfjumerija/parfjumirovannyj-uhod,Краснополянская косметика,Цитрусовый сад,Гель для душа,517.0,517.0,0.0,1,4.5,https://goldapple.ru/19000324262-citrusovyj-sad/,https://goldapple.ru/parfjumerija/parfjumirovannyj-uhod?p=28,"Гель для душа «Цитрус» - невероятно ароматное решение для ежедневного бережного очищения кожи и повышения ее тонуса и упругости. С первых секунд нанесения гель обволакивает бодрящим и искрящимся ароматом цитрусовых, унося усталость и повышая уровень энергии благодаря своему ароматерапевтическому эффекту. - Миндальное масло в сочетании с экстрактами мать-и-мачехи, череды и аира питает и тонизирует кожу, выравнивает ее рельеф и способствует нормализации ее водного – липидного баланса. - Эфирные масла лимона, апельсина и вербены стимулируют повышение упругости и тонуса кожи, активизируют процессы регенерации клеток и оказывают выраженный ароматерапевтический эффект, улучшая самочувствие и настроение.","Нанесите на влажную кожу, слегка помассируйте при помощи мягкой губки в течение 1–2 минут. Тщательно смойте водой. Не допускайте попадания в глаза!",Россия,28
549,2026-10-01T12:20:51.339102,20261001_104711_f22aa185,19000322308,parfjumerija/parfjumirovannyj-uhod,Zielinski & Rozen,"Black pepper, Vetiver, Neroli, Amber",Шампунь для ежедневного использования,2990.0,2990.0,0.0,1,4.3,https://goldapple.ru/19000322308-black-pepper-vetiver-neroli-amber/,https://goldapple.ru/parfjumerija/parfjumirovannyj-uhod?p=28,"Шампунь для ежедневного использования бережно очищает волосы, придавая им мягкость и ощущение легкости. Подходит для всех типов волос, особенно для тонких и поврежденных, обеспечивает им питание и уход, добавляет объем и блеск. Для комплексного ухода за волосами рекомендуем использовать вместе с кондиционером и кератиновой маской для волос.","Вспеньте небольшое количество шампуня в ладонях, распределите по всей длине волос и смойте водой. Подходит для ежедневного использования.",Израиль,28
550,2026-10-01T12:21:00.955324,20261001_104711_f22aa185,19760325045,parfjumerija/parfjumirovannyj-uhod,Zielinski & Rozen,"Black Pepper, Vetiver, Neroli, Amber",Скраб для тела,3390.0,3390.0,0.0,1,4.7,https://goldapple.ru/19760325045-black-pepper-amber-neroli/,https://goldapple.ru/parfjumerija/parfjumirovannyj-uhod?p=28,"Многофункциональное средство для ухода за кожей тела. Деликатные гранулы соли Мертвого моря, пропитанной миндальным маслом, отшелушивают ороговевший слой эпидермиса, улучшают микроциркуляцию и ускоряют обменные процессы в клетках кожи. Благодаря этому кожа становится мягкой и гладкой. Ароматы продукции Zielinski&Rozen изменили свое наименование без изменения состава.","Нанесите нужное количество скраба на кожу легкими массажными движениями, а затем смойте водой.",Израиль,28
551,2026-10-01T12:21:09.252272,20261001_104711_f22aa185,19000295731,parfjumerija/parfjumirovannyj-uhod,4FRESH beauty,"Активный рост и сохранение длины, Relaxing",Бальзам для волос,699.0,699.0,0.0,1,4.6,https://goldapple.ru/19000295731-active-growth-and-length-preservation/,https://goldapple.ru/parfjumerija/parfjumirovannyj-uhod?p=28,"Глубоко питает и снижает ломкость, идеальный уход для длинных и красивых локонов. Комплекс растительных церамидов улучшает структуру и прочность волос, помогает восстановить повреждения кортекса. Кокосовое масло в составе эффективно удерживает влагу, увеличивает эластичность и делает волосы шелковистыми на ощупь. Верхние ноты: бергамот, артемизия, шафран; Ноты сердца: сычуаньский перец, ваниль, малина; Нижние ноты: сандал, мускус, амбра, кедр; Сложный многогранный аромат Scentease Relaxing с восточными древесными нотами и пряным аккордом окунает в атмосферу умиротворения и улучшает эмоциональный фон. Эффективность доказана научными исследованиями.","Нанесите бальзам на чистые влажные волосы, равномерно распределите по всей длине, оставьте на 2-3 минуты, тщательно смойте водой.",Россия,28
552,2026-10-01T12:21:17.514446,20261001_104711_f22aa185,19000135084,parfjumerija/parfjumirovannyj-uhod,Tesori d’Oriente,ORCHIDEA Imperiale,Нет категории,765.0,765.0,0.0,1,4.8,https://goldapple.ru/19000135084-chinese-orchid/,https://goldapple.ru/parfjumerija/parfjumirovannyj-uhod?p=28,"Tesori d'Oriente Дезодорант аэрозоль Императорская орхидея обладает утонченным, элегантным восточно-цветочным ароматом. Загадочный и пленительный, как сама орхидея. Ароматический дезодорант-спрей мягко дезодорирует и освежает, не повреждая кожу. Средство борется с образованием неприятных запахов, обеспечивая защиту на 24 часа. Дезодорант не оставляет следов на одежде и коже, дерматологически протестирован.",Встряхните баллон. Распыляйте средство в течение 2–3 секунд на сухую и чистую кожу подмышек с расстояния 15 см от тела. Прекратите использование при появлении сыпи или раздражения на коже.,Италия,28
553,2026-10-01T12:21:24.310152,20261001_104711_f22aa185,19000420966,parfjumerija/parfjumirovannyj-uhod,CLOZ,"Pink pepper, jasmine, sandalwood",Нет категории,841.0,841.0,0.0,1,4.9,https://goldapple.ru/19000420966-pink-pepper-jasmine-sandalwood/,https://goldapple.ru/parfjumerija/parfjumirovannyj-uhod?p=28,"Откройте для себя атмосферу чувственного наслаждения с натуральным парфюмированным гелем для душа CLOZ. Погрузитесь в чувственный аромат, который останется с Вами на протяжении всего дня, даря ощущение свежести и комфорта. Благородное сочетание искрящегося розового перца, цветочного жасмина и древесного сандала создает роскошный ароматический букет, который пробуждает чувства и наполняет энергией. Уникальная формула с натуральными компонентами обеспечивает интенсивное питание и длительное увлажнение, деликатно очищают кожу, не оставляя чувство сухости и стянутости. Нежная кремовая текстура обеспечивает обильную пену и дарит коже мягкость и шелковистость после каждого применения. Подарите себе моменты истинного удовольствия с CLOZ – где натуральность встречается с роскошью!","Нанесите небольшое количество геля на влажную кожу, вспеньте, скажите себе слова любви и благодарности, затем смойте водой.",Россия,28
554,2026-10-01T12:21:32.627287,20261001_104711_f22aa185,19000467313,parfjumerija/parfjumirovannyj-uhod,Zielinski & Rozen,"Black Pepper, Vetiver, Neroli, Amber",Гель для душа,1100.0,1100.0,0.0,1,4.8,https://goldapple.ru/19000467313-black-pepper-vetiver-neroli-amber/,https://goldapple.ru/parfjumerija/parfjumirovannyj-uhod?p=28,"Эффективно очищает кожу, нормализует гидробаланс, не сушит кожу, помогает ей сохранять естественную влажность. Подходит для всех типов кожи.","Нанесите небольшое количество геля на влажную кожу, вспеньте, затем смойте водой.",Израиль,28
555,2026-10-01T12:21:40.152673,20261001_104711_f22aa185,7034900007,parfjumerija/parfjumirovannyj-uhod,Hugo Boss,Boss The Scent,Дезодорант-спрей,2507.0,2507.0,0.0,1,4.8,https://goldapple.ru/7034900007-boss-the-scent/,https://goldapple.ru/parfjumerija/parfjumirovannyj-uhod?p=28,"Hugo Boss — символ элегантности и уверенности, воплощенный в каждом продукте. Дезодорант-спрей The Scent для мужчин — это не просто защита, а истинное олицетворение мужественности и стиля. Созданный для современного мужчины, он обеспечивает свежесть и комфорт на весь день. Верхние ноты имбиря и бергамота плавно переходят в сердце из лаванды и манинки, оставляя за собой шлейф из кожи и древесных аккордов. Легкая текстура спрея быстро впитывается, не оставляя следов на одежде. Идеально подходит для ежедневного использования, подчеркивая вашу индивидуальность и уверенность. Для полного образа рекомендуем сочетать с туалетной водой из той же линейки.","Распылите на чистую кожу с расстояния 15-20 см, уделяя внимание шее и запястьям, чтобы аромат раскрылся в полной мере.",Польша,28
556,2026-10-01T12:21:47.305060,20261001_104711_f22aa185,83320700007,parfjumerija/parfjumirovannyj-uhod,Jo Malone London,Lime Basil & Mandarin,Гель для душа,2887.0,2887.0,0.0,1,4.7,https://goldapple.ru/83320700007-lime-basil-mandarin/,https://goldapple.ru/parfjumerija/parfjumirovannyj-uhod?p=28,"Фирменный аромат. Острый базилик и ароматный белый тимьян привносят неожиданный акцент в аромат лайма, развеваемый карибским ветром. Современная классика. Обладающий роскошной пеной и заряжающий ароматом, гель для душа освежает и смягчает кожу, оставляя на ней деликатный аромат. У продукта есть несколько вариантов упаковки. Дизайн в заказе может отличаться от фото на сайте.",Нанесите небольшое количество геля массирующими движениями на влажную кожу и тщательно смойте водой.,Великобритания,28
557,2026-10-01T12:21:55.251415,20261001_104711_f22aa185,99000088557,parfjumerija/parfjumirovannyj-uhod,SNNM. ESSENCE CAPTURED BY SYNONYME,WHITE WIDOW,Рефил духов,900.0,900.0,0.0,1,4.5,https://goldapple.ru/99000088557-white-widow/,https://goldapple.ru/parfjumerija/parfjumirovannyj-uhod?p=28,"WHITE WIDOW - это синоним праздниĸа жизни. Взрыв дофамина в опьяняющем ĸоĸтейле изысĸанной гурманиĸи. Возбуждает аппетит ĸ ярĸой жизни, наполненной росĸошью, соблазнами и на время снятыми запретами.","Аромат можно наносить на волосы, кожу, одежду.",Россия,28
558,2026-10-01T12:22:04.568577,20261001_104711_f22aa185,19000466062,parfjumerija/parfjumirovannyj-uhod,JOVELLE,tobacco&vanille,Парфюмированный гель для душа,540.0,540.0,0.0,1,4.8,https://goldapple.ru/19000466062-tobacco-vanille/,https://goldapple.ru/parfjumerija/parfjumirovannyj-uhod?p=28,"Премиальная коллекция парфюмированных гелей для душа Jovelle создана для тех, кто ценит роскошь в повседневном уходе. Деликатные текстуры и утончённые парфюмерные композиции — идеальный выбор для утреннего пробуждения или вечернего расслабления. Jovelle — когда уход становится наслаждением. Пряные ноты, лист табака и ваниль открывают аромат, перетекая в мягкое сердце из бобов тонка и какао. Финальные акценты — сушёные фрукты и благородные древесные оттенки, которые оставляют на коже утончённый, обволакивающий шлейф. Формула с пантенолом, аллантоином и глицерином увлажняет, смягчает и поддерживает естественный pH-баланс кожи. Мягкие ПАВы деликатно очищают, не пересушивая, а кондиционирующие добавки дарят ощущение гладкости и комфорта после душа.","1. Нанесите небольшое количество геля на влажную кожу или мочалку. 2. Позвольте аромату раскрыться. 3. Вспеньте гель, наслаждаясь каждым моментом. 4. Смойте остатки геля водой.",Россия,28
559,2026-10-01T12:22:13.862774,20261001_104711_f22aa185,19760324888,parfjumerija/parfjumirovannyj-uhod,Zielinski & Rozen,"Tobacco, Vetiver & Amber",Твердое мыло,890.0,890.0,0.0,1,4.8,https://goldapple.ru/19760324888-tobacco-vetiver-amber/,https://goldapple.ru/parfjumerija/parfjumirovannyj-uhod?p=28,"Ароматное мыло — беспроигрышный подарок по любому поводу и любому человеку: в том числе, самому себе. В составе — только натуральные ингредиенты, которые мягко и эффективно очищают кожу от загрязнений и не оставляют ощущения сухости после мытья. Подходит для ежедневного мытья рук и тела, а компактную металлическую мыльницу удобно брать с собой в путешествия. Также твердое мыло можно использовать как саше: если положить его в шкаф с одеждой, гардероб наполнится любимым ароматом.",Храните мыло в гардеробе в качестве саше или используйте по прямому назначению: вспеньте в руках и смойте водой.,Россия,28
560,2026-10-01T12:22:39.825760,20261001_104711_f22aa185,19000371308,parfjumerija/parfjumirovannyj-uhod,Xerjoff,JTC 40 Knots,Дезодорант-спрей,4207.0,4207.0,0.0,1,5.0,https://goldapple.ru/19000371308-jtc-40-knots/,https://goldapple.ru/parfjumerija/parfjumirovannyj-uhod?p=29,"«40 knots» – это название знаменитого итальянского яхт-клуба. Серджио Момо, создатель xerjoff, воплотил в этой композиции путешествие на яхте по средиземному морю. Шум ветра и плеск волн, штурвал в руках и нагретые солнцем доски палубы под ногами. Ветер наполняет паруса, берег исчезает за горизонтом, оставляя чувство абсолютной свободы. Это ощущение раскрывается древесными нотами и аккордами морской воды и соли. Натуральные дезодоранты созданы на основе композиции эфирных масел и чистой эссенции, поэтому ощущаются ярче: в отличие от пропеллентов, эти компоненты позволяют аромату дольше сохраняться после нанесения и при этом смягчают кожу. Благодаря тончайшему распылению натуральные дезодоранты xerjoff сразу после нанесения мгновенно высыхают и подходят даже для самой чувствительной кожи. Каждый такой флакон станет вашим незаменимым спутником в дороге и будет дарить мгновенное ощущение свежести с вашими любимыми ароматами. При производстве натуральных дезодорантов xerjoff мы не изменяем своим принципам в отношении защиты окружающей среды: вся упаковка изготовлена из вторичного сырья, которое, в свою очередь, пригодно для дальнейшей переработки.",После принятия ванны или душа распылите на чистую кожу подмышек и дайте высохнуть.,Италия,29
561,2026-10-01T12:22:48.601794,20261001_104711_f22aa185,19000399442,parfjumerija/parfjumirovannyj-uhod,"hi,dear",Black tea & lumi,Крем для рук,900.0,900.0,0.0,1,4.7,https://goldapple.ru/19000399442-black-tea-lumi/,https://goldapple.ru/parfjumerija/parfjumirovannyj-uhod?p=29,"Универсальный аромат Black tea & Loomi — одновременно дерзкий и расслабляющий. Заряжает на все 100% яркими брызгами лимона, лайма и солнечного света, и тут же погружает в атмосферу чувственного и романтичного вечера у камина — нотами черного чая, дыма, теплого дерева. С ним ярко и тепло. И так будет всегда. Формула крема создана для ежедневного ухода, чтобы кожа оставалась мягкой, гладкой и защищённой. Интенсивное увлажнение: гиалуроновая кислота и глицерин помогают удерживать влагу, обеспечивая коже ощущение свежести и комфорта. Питание и восстановление: масло ши и витамин Е насыщают кожу, возвращая ей мягкость и эластичность, а натуральные жирные кислоты помогают сохранить её здоровье. Успокоение и защита: алоэ вера и экстракт мелиссы снимают раздражение, укрепляют кожный барьер и поддерживают естественное равновесие. Лёгкая текстура: крем быстро впитывается, не оставляя липкости или жирного блеска. Удобный формат делает его идеальным для ежедневного ухода — всегда под рукой, чтобы дарить коже ощущение заботы",Наносить на кожу рук легкими массажными движениями по мере необходимости.,Россия,29
562,2026-10-01T12:22:57.456652,20261001_104711_f22aa185,19000021511,parfjumerija/parfjumirovannyj-uhod,Zielinski & Rozen,"MOSS / Amber, Patchouli",Нет категории,2390.0,2390.0,0.0,1,4.9,https://goldapple.ru/19000021511-moss/,https://goldapple.ru/parfjumerija/parfjumirovannyj-uhod?p=29,"Эффективно очищает от всех видов загрязнений и подходит для ежедневного использования: средство содержит увлажняющие и смягчающие натуральные масла. Приятный бонус — ароматный шлейф, остающийся на коже несколько часов. Ароматы продукции Zielinski&Rozen изменили свое наименование без изменения состава.","Нажмите на дозатор, вспеньте мыло в руках и затем смойте водой.",Израиль,29
563,2026-10-01T12:23:07.910433,20261001_104711_f22aa185,19000021553,parfjumerija/parfjumirovannyj-uhod,Zielinski & Rozen,Black Vanilla,Нет категории,1606.0,1606.0,0.0,1,5.0,https://goldapple.ru/19000021553-vanilla-blend/,https://goldapple.ru/parfjumerija/parfjumirovannyj-uhod?p=29,"Мертвое море — богатейший источник минералов, которые способны решить целый ряд проблем кожи: от сухости до высыпаний и воспалений. 100% натуральная кристаллическая соль Zielinski & Rozen, добытая из Мертвого моря, улучшает микроциркуляцию и обмен веществ в коже, деликатно отшелушивает ороговевшие клетки и ухаживает за проблемными участками. Ароматы продукции Zielinski&Rozen изменили свое наименование без изменения состава.","Для принятия ванны разведите 100-200 г. соли в теплой воде, а после принятия ванны ополосните кожу чистой водой.",Израиль,29
564,2026-10-01T12:23:15.296722,20261001_104711_f22aa185,99000175776,parfjumerija/parfjumirovannyj-uhod,Карма,Спелая вишня,Парфюмированный гель для душа,650.0,650.0,0.0,1,5.0,https://goldapple.ru/99000175776-karma-spelaa-visna/,https://goldapple.ru/parfjumerija/parfjumirovannyj-uhod?p=29,"Гель для душа бренда «Карма» обеспечивает мягкое очищение, поддерживая баланс увлажнённости и повышая тонус кожи. Благодаря питательному маслу оливы кожа становится мягкой, контуры выглядят более упругими. Глицерин способствует глубокому увлажнению, а пантенол помогает поддерживать гладкость и ровный тон. Мягкая и густая пена нежно удаляет пыль, загрязнения и излишки кожного жира, не оставляя липкой плёнки и не закупоривая поры. Средство подойдёт для любого типа кожи, включая сухую, жирную, нормальную и комбинированную. Универсальная формула подходит как для женщин, так и для мужчин. Гель обладает парфюмированным вишнёвым ароматом, который окутывает тело, оставляя на коже многогранную композицию с живыми фруктовыми и цветочными акцентами.",Вспеньте гель. Нанесите на кожу мягкими массажными движениями. Смойте водой.,Россия,29
565,2026-10-01T12:23:27.027870,20261001_104711_f22aa185,19000284674,parfjumerija/parfjumirovannyj-uhod,Jo Malone London,Wood Sage & Sea Salt,Гель для душа,8450.0,8450.0,0.0,1,4.9,https://goldapple.ru/19000284674-wood-sage-sea-salt/,https://goldapple.ru/parfjumerija/parfjumirovannyj-uhod?p=29,"Гель для душа с обволакивающим ароматом Wood Sage & Sea Salt бережно очищает и смягчает кожу, оставляя на ней деликатный шлейф. Свежий воздух с ароматом морской соли и минеральным оттенком скалистых утесов, который смешивается с древесной и землистой нотой шалфея. Формула, обогащенная кофеином и экстрактом пенника лугового, превращается в атласную пену при контакте с водой. Философия сочетания ароматов: Все ароматы и текстуры Jo Malone London можно использовать самостоятельно и в сочетании с другими, создавая уникальные композиции. Чтобы придать аромату свежих акцентов и создать более яркий образ сочетайте Wood Sage & Sea Salt с сочным ароматом ягод ежевики - Blackberry & Bay. Чтобы придать аромату теплых оттенков и создать более чувственный образ сочетайте Wood Sage & Sea Salt с дурманящим ароматом африканской мирры - Myrrh & Tonka.",Нанесите небольшое количество геля на влажную кожу. Распределите гель массажными движениями. Тщательно смойте водой.,Великобритания,29
566,2026-10-01T12:23:35.193956,20261001_104711_f22aa185,19000262678,parfjumerija/parfjumirovannyj-uhod,Penhaligon's,Halfeti,Гель для душа,7220.0,7220.0,0.0,1,5.0,https://goldapple.ru/19000262678-halfeti/,https://goldapple.ru/parfjumerija/parfjumirovannyj-uhod?p=29,"Познакомьтесь с гелем для душа с чарующим ароматом Halfeti от британского парфюмерного дома Penhaligon’s. Средство оставляет после себя теплый древесный аромат, который позволяет продлить звучание парфюмерной воды. Невозможно не влюбиться в таинственный пряный аромат розы и грейпфрута. Внешний вид товара может отличаться.","Нанести на кожу, избегая попадания в глаза.",Испания,29
567,2026-10-01T12:23:44.947849,20261001_104711_f22aa185,19000446484,parfjumerija/parfjumirovannyj-uhod,Café mimi,Soft powder touch,Парфюмированный мист для тела и волос,469.0,469.0,0.0,1,4.5,https://goldapple.ru/19000446484-soft-powder-touch/,https://goldapple.ru/parfjumerija/parfjumirovannyj-uhod?p=29,"Парфюмированный мист для тела и волос Soft powder touch 2 в 1: увлажнение + аромат. Мист на основе коллагена и гиалуроната ухаживает за кожей и волосами, интенсивно увлажняет, делая кожу гладкой, сияющей и упругой, а волосы мягкими и послушными. Подходит для всех типов кожи и волос. Аромат: пудровый белый мускус, сочный личи, мягкий сандал. Нежный мускус окутывает невесомым облаком комфорта, сочный личи добавляет лёгкую свежесть, а сандал придаёт аромату тёплую, бархатистую глубину. #moodmist Каждый пшик — как внутреннее равновесие, которое чувствуешь кожей.",Распыли мист на тело и волосы с расстояния 15–20 см. Наслаждайся ароматом! Избегай попадания в глаза и на слизистые. Только для наружного применения.,Россия,29
568,2026-10-01T12:23:53.656847,20261001_104711_f22aa185,19000239337,parfjumerija/parfjumirovannyj-uhod,HFC,Devil`s Intrigue,Гель для душа,4875.0,4875.0,0.0,1,4.7,https://goldapple.ru/19000239337-devil-s-intrigue/,https://goldapple.ru/parfjumerija/parfjumirovannyj-uhod?p=29,"Культовые ароматы HFC Paris доступны в форме средств по уходу за кожей. Интригующий Дерзкий Волнующий Devil`s Intrigue. Гель для душа. Освежающий гель для душа мягко очищает кожу, делая ее гладкой и бархатистой, и оставляет на теле нежную вуаль любимого аромата. Каждое средство прекрасно сочетается как с оригинальной композицией, так и с другими парфюмами HFC Paris.","Небольшое количество геля равномерно распределите по всей поверхности кожи, затем смойте теплой водой.",Франция,29
569,2026-10-01T12:24:02.686287,20261001_104711_f22aa185,99000129263,parfjumerija/parfjumirovannyj-uhod,TSUYU,Hanami,Парфюмированный эликсир для тела,3515.0,3515.0,0.0,1,4.5,https://goldapple.ru/99000129263-tsuyu-hanami/,https://goldapple.ru/parfjumerija/parfjumirovannyj-uhod?p=29,"Hanami — аромат, повествующий об ускользающей красоте цветения сакуры. Такой же долгожданный и непредсказуемый, он переносит в туманное утро, где только-только раскрываются нежные бутоны, а после — в прохладной дымке сливаются в одну незабываемую композицию с яблочным цветом. Магнолия и гиацинт добавляют аромату нетривиальную утончённую интимность. Лёгкие аккорды камелии, кедра и белого мускуса оставляют за собой едва уловимый шлейф нежных воспоминаний. Именно это сочетание дарит атмосферу тонкого эротизма, и в то же время — свободы и близости к природе. Парфюмерный эликсир содержит натуральные масла виноградной косточки, макадамии, жожоба и кокоса, которые обеспечивают мягкое нанесение и дополнительный комфорт для кожи. Аромат раскрывается деликатно и мягко, оставляя лёгкий шлейф.","Рекомендации по нанесению: Наносите лёгкими круговыми движениями на точки пульса: запястья, за ушами, на шею. Не растирайте кожу после нанесения. Дайте аромату впитаться естественным образом. Наносите на чистую кожу — лучше всего после душа. Используйте небольшое количество: нескольких касаний роликового аппликатора достаточно. В случае, если вы выкрутили аппликатор - вы можете снова вставить его путем нажатия пальцами до легкого щелчка. Что важно знать: Стойкость аромата — от 5 часов и выше. Аромат раскрывается постепенно. Флакон удобно носить с собой и обновлять аромат в течение дня. Что влияет на стойкость: Тип и состояние кожи. Температура тела и окружающей среды. Сухой воздух в помещении — при низкой влажности аромат испаряется быстрее. Хранение: Храните в прохладном месте, вдали от прямых солнечных лучей и источников тепла. Избегайте хранения при высоких температурах. Плотно закрывайте флакон после использования. Меры предосторожности: Перед первым использованием протестируйте на небольшом участке кожи. Не наносите на повреждённую или раздражённую кожу. Избегайте попадания в глаза.",Россия,29
570,2026-10-01T12:24:11.991773,20261001_104711_f22aa185,19000021525,parfjumerija/parfjumirovannyj-uhod,Zielinski & Rozen,"Cedarwood, Patchouli, Jasmine",Крем для тела,3990.0,3990.0,0.0,1,4.7,https://goldapple.ru/19000021525-717/,https://goldapple.ru/parfjumerija/parfjumirovannyj-uhod?p=29,"Баланс эстетики и функциональности. Тонкий аромат и легкая, но при этом насыщенная текстура делают нанесение максимально комфортным: крем равномерно распределяется и быстро впитывается, не оставляя ощущения липкости, питает и увлажняет кожу. Ароматы продукции Zielinski&Rozen изменили свое наименование без изменения состава.",Нанесите крем на сухую или слегка влажную кожу и распределите легкими массажными движениями до полного впитывания.,Израиль,29
571,2026-10-01T12:24:23.549301,20261001_104711_f22aa185,99000015598,parfjumerija/parfjumirovannyj-uhod,LAMONNET,black pepper & amber,Парфюмированный крем для тела,784.0,784.0,0.0,1,4.5,https://goldapple.ru/99000015598-black-pepper-amber/,https://goldapple.ru/parfjumerija/parfjumirovannyj-uhod?p=29,"Профессиональный уход за кожей с парфюмированным кремом для тела от LAMONNET. Подарите себе ощущение нежности комфорта. Крем для тела с комплексом из 9 масел интенсивно питает, увлажняет, смягчает кожу. Препятствует потере влаги, предотвращает шелушение, делает кожу бархатной и нежной. Крем легко наносится на кожу и быстро впитывается, не оставляя ощущения жирности или липкости. Питательные натуральные масла в составе крема: масло карите, масло кокоса, масло макадамии, масло какао, масло миндаля, оливковое масло, масло жожоба, масло пальмы и масло органы. Крем подходит для всех типов кожи. Парфюмированная отдушка из Франции подарит легкий и ненавязчивый шлейф на протяжении нескольких часов. Роскошный дизайн флакона с удобным дозатором будет украшением любого интерьера. Парфюмерная композиция: ""Черный перец, амбра, нероли"". Роскошный, манящий, дерзкий. Взрывной микс из дразнящего черного перца, чувственного нероли, удового дерева, выделанной кожи, приглушенный аккордами амбры и ветивера. Универсальный шлейфовый аромат подойдёт как для женщин, так и для мужчин на каждый день.",Небольшое количество крема нанесите легкими массирующими движениями на чистую сухую кожу рук и тела.,Россия,29
572,2026-10-01T12:24:32.170903,20261001_104711_f22aa185,19000471453,parfjumerija/parfjumirovannyj-uhod,Adidas,Vibes Energy Drive,Нет категории,276.0,276.0,0.0,1,5.0,https://goldapple.ru/19000471453-adidas-vibes-energy-drive/,https://goldapple.ru/parfjumerija/parfjumirovannyj-uhod?p=29,"Свежий аромат делает обычный душ более выразительным с гелем Vibes Energy Drive. Средство предназначено для ежедневного очищения тела и оставляет кожу чистой, а аромат сочетает бергамот и розовый перец, формируя узнаваемый характер линии. Формула прошла дерматологическое тестирование, является веганской и заявлена как подходящая для чувствительной кожи. Гелевая текстура легко пенится при контакте с водой и смывается без тяжёлой плёнки. Очищающие компоненты дополнены увлажняющими ингредиентами, включая пропандиол и пентиленгликоль, а ароматические вещества создают характерное звучание, не меняя основную функцию продукта — очищение. Флакон рассчитан на регулярное использование в ванной и выпускается в нескольких объёмах внутри одной линии. Упаковка гелей Vibes содержит высокую долю переработанного материала, добавляя практичную деталь, связанную с экологичностью, без изменения привычного формата средства.","Нанесите небольшое количество средства на влажную кожу, вспеньте массирующими движениями и тщательно смойте водой.",Испания,29
573,2026-10-01T12:24:41.197049,20261001_104711_f22aa185,99000046665,parfjumerija/parfjumirovannyj-uhod,MOYORY,Cherry & Beans Tonka,Нет категории,545.0,545.0,0.0,1,4.9,https://goldapple.ru/99000046665-cherry-beans-tonka/,https://goldapple.ru/parfjumerija/parfjumirovannyj-uhod?p=29,"Вашему вниманию представляется эксклюзивное парфюмированное жидкое мыло для рук от MOYÖRY с дозатором, сочетающее в себе высочайшие стандарты качества ухода за кожей и уникальный, соблазнительный аромат. Его композиция раскрывается сочными нотами спелой черешни и терпкого вишнёвого ликёра, обогащёнными тёплыми оттенками горького миндаля и сливочными аккордами бобов тонка. Этот дерзкий, многогранный букет превращает каждое мытьё рук в момент наслаждения. При этом деликатная формула бережно очищает, увлажняет и питает кожу, не пересушивая её, — руки остаются мягкими и гладкими. Стильный флакон с дозатором идеально впишется в интерьер ванной, кухни или любого санузла, подчёркивая ваш безупречный вкус.","Нанесите небольшое количество средства на влажную кожу, вспеньте, смойте водой.",Россия,29
574,2026-10-01T12:24:55.525707,20261001_104711_f22aa185,26420500037,parfjumerija/parfjumirovannyj-uhod,Acqua di Parma,Barbiere,Крем для бритья,6770.0,6770.0,0.0,1,4.9,https://goldapple.ru/26420500037-barbiere/,https://goldapple.ru/parfjumerija/parfjumirovannyj-uhod?p=29,"У крема для бритья из коллекции Barbiere насыщенная текстура и увлажняющая формула с маслами лимона и семян граната, которые сделают скольжение бритвы более плавным и безопасным. Кроме того, средство смягчает и увлажняет кожу с помощью гиалуроновой кислоты в составе.","Равномерно нанести на коду лица перед бритьем, смыть водой.",Италия,29
575,2026-10-01T12:25:06.097749,20261001_104711_f22aa185,80620300008,parfjumerija/parfjumirovannyj-uhod,Sisley,Soir de Lune Perfumed Bath and Shower Gel,Гель для душа,8077.0,8077.0,0.0,1,4.8,https://goldapple.ru/80620300008-soir-de-lune-perfumed-bath-and-shower-gel/,https://goldapple.ru/parfjumerija/parfjumirovannyj-uhod?p=29,"Гель для душа Sisley Soir de Lune Perfumed Bath and Shower Gel  позволит окунуться тебе в мир ласки, заботы и любви. Sisley вобрали всё лучшее от взрывного красного винограда, царицы релакса ромашки добавив кладезь полезных свойств шиповника. Soir de Lune Perfumed Bath and Shower Gel  преобразовывается в воздушную пену, смягчая, тонизируя и очищая Ваше тело, окутывая его цепляющим ароматом ""Суар Де Люн"". Водный баланс остаётся неизменным, и кожа не нуждается в дополнительном увлажнении, после применения геля для душа, поскольку чуткое очищение не способствует пересушиванию кожи.",Использовать по необходимости часто для душа или ванны (4-5 нажатий на дозатор).,Франция,29
576,2026-10-01T12:25:15.213830,20261001_104711_f22aa185,19000210126,parfjumerija/parfjumirovannyj-uhod,Zielinski & Rozen,"Pink Pepper, Elemi, Cinnamon, Leather",Кондиционер для волос,2990.0,2990.0,0.0,1,4.6,https://goldapple.ru/19000210126-pink-pepper-elemi-cinnamon-leather/,https://goldapple.ru/parfjumerija/parfjumirovannyj-uhod?p=29,"Смягчает, питает и разглаживает волосы, облегчает расчесывание. Подходит для ежедневного использования. Для всех типов волос.","Небольшое количество кондиционера нанести на чистые влажные волосы. Распределить по всей длине и оставить на несколько минут, смыть водой.",Израиль,29
577,2026-10-01T12:25:26.483171,20261001_104711_f22aa185,19760330286,parfjumerija/parfjumirovannyj-uhod,Zielinski & Rozen,Black Vetiver & Amber,Мыло твердое,890.0,890.0,0.0,1,4.5,https://goldapple.ru/19760330286-black-vetiver-amber/,https://goldapple.ru/parfjumerija/parfjumirovannyj-uhod?p=29,"Мягко и эффективно очищает кожу от жира и других видов загрязнений. Подходит для ежедневного умывания, мытья рук и тела","Вспенить мыло в руках. Тщательно смыть теплой водой / Хранить в сухом месте при комнатной температуре. В случае попадания в глаза, немедленно промыть их большим количеством воды, при необходимости обратиться к врачу / Для наружного применения / Использование в пищевых целях опасно для жизни",Россия,29
578,2026-10-01T12:25:38.967779,20261001_104711_f22aa185,99000129266,parfjumerija/parfjumirovannyj-uhod,TSUYU,Fawn,Парфюмированный эликсир для тела,3515.0,3515.0,0.0,1,4.4,https://goldapple.ru/99000129266-tsuyu-fawn/,https://goldapple.ru/parfjumerija/parfjumirovannyj-uhod?p=29,"Fawn — многогранный, как ветвистый лес, манящий зайти всё глубже. Аромат совмещает в себе аккорды влажного мха на холодных грубых камнях и ноты размягчённой коры раскидистых многолетних деревьев. Дикие лесные груши, ноты дубовой древесины и замши предшествуют нежной сливочной базе из амбры и мускуса, создавая контрастную композицию, где соединяются импульсивность и хрупкость. Бобы тонка и семена амбретты придают аромату пряность и делают звучание на коже более чувственным. Парфюмерный эликсир обеспечивает мягкое нанесение и комфорт для кожи. Аромат раскрывается деликатно и мягко, оставляя легкий шлейф.","Рекомендации по нанесению: Наносите лёгкими круговыми движениями на точки пульса: запястья, за ушами, на шею. Не растирайте кожу после нанесения. Дайте аромату впитаться естественным образом. Наносите на чистую кожу — лучше всего после душа. Используйте небольшое количество: нескольких касаний роликового аппликатора достаточно. В случае, если вы выкрутили аппликатор - вы можете снова вставить его путем нажатия пальцами до легкого щелчка. Что важно знать: Стойкость аромата — от 5 часов и выше. Аромат раскрывается постепенно. Флакон удобно носить с собой и обновлять аромат в течение дня. Что влияет на стойкость: Тип и состояние кожи. Температура тела и окружающей среды. Сухой воздух в помещении — при низкой влажности аромат испаряется быстрее. Хранение: Храните в прохладном месте, вдали от прямых солнечных лучей и источников тепла. Избегайте хранения при высоких температурах. Плотно закрывайте флакон после использования. Меры предосторожности: Перед первым использованием протестируйте на небольшом участке кожи. Не наносите на повреждённую или раздражённую кожу. Избегайте попадания в глаза.",Россия,29
579,2026-10-01T12:25:47.743213,20261001_104711_f22aa185,19000442143,parfjumerija/parfjumirovannyj-uhod,Hugo Boss,Bottled Beyond,Гель для душа,2723.0,2723.0,0.0,1,4.8,https://goldapple.ru/19000442143-bottled-beyond/,https://goldapple.ru/parfjumerija/parfjumirovannyj-uhod?p=29,"Пробудите свои чувства бодрящим сочетанием имбиря и кожаных нот в геле для душа Boss Bottled Beyond. Этот роскошный гель превращает ваш ежедневный душ в освежающий ритуал, оставляя кожу обновленной и слегка благоухающей. Его густая пена глубоко очищает, а уникальный аромат остается с вами, даря ощущение амбициозности и успеха на протяжении всего дня. Идеальный выбор для тех, кто ценит как эффективность, так и утонченность в своем уходе.",Нанесите гель для душа на влажную кожу тела и массируйте до образования густой пены.,Монако,29
580,2026-10-01T12:26:19.929368,20261001_104711_f22aa185,7150200010,parfjumerija/parfjumirovannyj-uhod,Clinique,Happy For Men,Гель для мытья волос и тела,3111.0,3111.0,0.0,1,4.8,https://goldapple.ru/7150200010-happy-for-men-body-and-hair-wash/,https://goldapple.ru/parfjumerija/parfjumirovannyj-uhod?p=30,"Гель для мытья волос и тела с ароматом Happy For Men Body And Hair Wash способствует пробуждению, усиливает интенсивность цитрусовых нот одноименного одеколона. Натуральные ингредиенты увлажняют кожу и питают, а мягкая и густая пена очищает, легко смывается и не сушит кожу. Средство подходит для использования в качестве шампуня для волос. Группа ароматов - цирусовые.",Нанесите на смоченную водой кожу и вспените.,Бельгия,30
581,2026-10-01T12:26:28.660917,20261001_104711_f22aa185,90151100006,parfjumerija/parfjumirovannyj-uhod,Zielinski & Rozen,Rosemary & Lemon,Мыло твердое,890.0,890.0,0.0,1,4.6,https://goldapple.ru/90151100006-rosemary-lemon-neroli/,https://goldapple.ru/parfjumerija/parfjumirovannyj-uhod?p=30,"Твердое мыло никогда не выйдет из моды, ведь тактильные ощущения — самое приятное, что можно испытывать. А положив кусочек мыла в гардероб одежда будет всегда пропитана любимым ароматом. Мыло имеет уникальную базу, создающую ощущение крема. От него не остаются мыльные следы на раковине или мыльнице. В составе только натуральные ингредиенты. Твердое мыло мягко и эффективно очищает кожу от жира и других видов загрязнений. Гигиеническое мыло Zielinski&Rozen подходит для ежедневного умывания лица, мытья рук и тела. Ароматы продукции Zielinski&Rozen изменили свое наименование без изменения состава.",Вспенить мыло в руках. Тщательно смыть теплой водой,Россия,30
582,2026-10-01T12:26:38.523383,20261001_104711_f22aa185,19000386846,parfjumerija/parfjumirovannyj-uhod,Emi,Perfumed Lotion №5,Нет категории,127.0,127.0,0.0,1,4.8,https://goldapple.ru/19000386846-perfumed-lotion-no5/,https://goldapple.ru/parfjumerija/parfjumirovannyj-uhod?p=30,"Perfumed Lotion – это легкий лосьон, с мягкой текстурой, которая впитывается за считанные секунды, не создавая ощущения липкости, тяжести и пленки на коже.","Нанесите небольшое количество лосьона на тело, втирайте массажными движениями до полного впитывания. Подходит для ежедневного применения.",Россия,30
583,2026-10-01T12:26:48.798131,20261001_104711_f22aa185,19000418208,parfjumerija/parfjumirovannyj-uhod,DOMIX GREEN PROFESSIONAL,Skin therapy,Нет категории,130.0,130.0,0.0,1,4.6,https://goldapple.ru/19000418208-skin-therapy/,https://goldapple.ru/parfjumerija/parfjumirovannyj-uhod?p=30,"SOS-восстановление и обновление. Skin therapy. Ультрапитательный бальзам с тающей текстурой для реконструкции и защиты сухой, тонкой, чувствительной кожи. Дарит рукам живой и чувственный аромат с пряным аккордом имбиря, медовыми нотами туберозы и элегантного жасмина. Теплая вуаль древесно-амбровых оттенков придает аромату особый магнетизм и долгое звучание. • Ниацинамид (витамин В3) обладает выраженным регенерирующим действием и укрепляет эпидермальный барьер, активирует синтез церамидов и клеточный метаболизм, оказывает выраженный anti-age эффект. • Рутин (витамин Р) укрепляет стенки кровеносных сосудов и капилляров, активирует микроциркуляцию, обеспечивает клеткам антиоксидантную защиту. • Натуральные масла кокоса и Ши устраняют шелушение и чувство стянутости, защищают кожу от неблагоприятных внешних факторов. • Гидроксиэтилмочевина и карбамид обновляют сухую и грубую кожу, компенсируют потерю влаги и повышают эластичность, разглаживают микрорельеф. • Гидролизат коллагена обеспечивает дополнительное питание и стимулирует синтез собственного коллагена. • Экстракт ламинарии насыщает клетки кислородом и ценными микроэлементами. Продукт клинически протестирован. Сделано в России.",Нанести на кожу мягкими массирующими движениями.,Россия,30
584,2026-10-01T12:26:55.746955,20261001_104711_f22aa185,19000458419,parfjumerija/parfjumirovannyj-uhod,Synergetic,peach,Парфюмированный гель для душа,392.0,392.0,0.0,1,4.6,https://goldapple.ru/19000458419-peach/,https://goldapple.ru/parfjumerija/parfjumirovannyj-uhod?p=30,"Парфюмированный гель для душа Synergetic peach/персик бережно очищает и ухаживает за кожей, оставляя на ней соблазнительный аромат сочного и сладкого персика. Масла миндаля и льна интенсивно питают и восстанавливают кожу, делая её нежной и бархатистой, помогают сохранить естественные барьерные свойства кожи. Экстракты персика и яблока увлажняют, смягчают и оказывают регенерирующее действие, повышая эластичность и упругость. Физиологичный уровень pH 5,5 гарантирует мягкость кожи и безопасность при частом использовании даже для чувствительной кожи. Средство не содержит SLES, силиконов, красителей и минеральных масел. Чувственная парфюмерная композиция открывается свежими и сочными нотами бергамота, мандарина и нежным ароматом яблоневых цветов, дарящих ощущение весеннего утра. Ноты сердца представляют собой соблазнительное сочетание сладкого персика, утончённого жасмина и экзотического османтуса. Лёгкий акцент мягкой и тёплой замши придаёт аромату шарм и загадочность, подчёркивая его индивидуальность. Шлейфовые ноты завершают композицию глубокими древесными аккордами пачули, ветивера и сандала и сладостью натуральной ванили, оставляя долгое и запоминающееся впечатление. Аромат напоминает спелый и сочный фрукт, перед роскошным вкусом которого невозможно устоять.",1. Перед применением рекомендуется взболтать. 2. Нанести гель на влажную кожу. 3. Вспенить. 4. Тщательно смыть водой.,Россия,30
585,2026-10-01T12:27:05.764779,20261001_104711_f22aa185,19000311740,parfjumerija/parfjumirovannyj-uhod,Touch&Relax,"Розовый перец, ветивер и пачули",Парфюмированный гель для душа,558.0,558.0,0.0,1,4.3,https://goldapple.ru/19000311740-rozovyj-perec-vetiver-i-paculi/,https://goldapple.ru/parfjumerija/parfjumirovannyj-uhod?p=30,"Парфюмированный гель для душа Розовый перец, ветивер и пачули. Эксклюзивная формула с ароматом селективного парфюма. Гель для душа с волнующим ароматом розового перца, ветивера и пачули окунет вас в роскошь эксклюзивной парфюмерии. Его нежная воздушная пена бережно очищает, не нарушая pH кожи, и предотвращает ее сухость. Насыщенная формула геля содержит все необходимые ингредиенты для молодости, красоты и сияния кожи. После душа Ваша кожа гладкая и нежная, окутанная шлейфом изысканного парфюма. -Гиалуроновая кислота глубоко увлажняет и разглаживает кожу. -Аминокислотный комплекс обновляет, восстанавливает и улучшает тургор кожи, стимулирует выработку коллагена и эластина. -Комплекс натуральных масел глубоко питает, дарит гладкость и эластичность. -Д-пантенол и витамин Е защищают липидный барьер, смягчают и омолаживают кожу.","Небольшое количество геля нанесите на влажную кожу или спонж, помассируйте до образования пены, смойте водой.",Россия,30
586,2026-10-01T12:27:15.096392,20261001_104711_f22aa185,19000171701,parfjumerija/parfjumirovannyj-uhod,Jo Malone London,Lime basil&Mandarin,Гель для душа,8450.0,8450.0,0.0,1,4.9,https://goldapple.ru/19000171701-lime-basil-mandarin/,https://goldapple.ru/parfjumerija/parfjumirovannyj-uhod?p=30,"Гель для душа с пикантным ароматом Lime Basil & Mandarin бережно очищает и смягчает кожу, оставляя на ней деликатный шлейф. Перечный базилик и ароматный белый тимьян привносят неожиданный акцент в аромат лайма, развеваемый тропическим ветром. Формула, обогащенная кофеином и экстрактом пенника лугового, превращается в атласную пену при контакте с водой. Философия сочетания ароматов: Все ароматы и текстуры Jo Malone London можно использовать самостоятельно и в сочетании с другими, создавая уникальные композиции. Чтобы придать аромату свежих акцентов и создать более яркий образ сочетайте Lime Basil & Mandarin с сочным ароматом ягод ежевики - Blackberry & Bay. Чтобы придать аромату теплых оттенков и создать более чувственный образ сочетайте Lime Basil & Mandarin с минеральным ароматом морской соли - Wood Sage & Sea Salt.",Нанесите небольшое количество геля массирующими движениями на влажную кожу и тщательно смойте водой.,Великобритания,30
587,2026-10-01T12:27:23.638366,20261001_104711_f22aa185,99000110860,parfjumerija/parfjumirovannyj-uhod,L'EMBRASSE​,Champagne Rosé,Скраб-хайлайтер для тела,3060.0,3060.0,0.0,1,4.9,https://goldapple.ru/99000110860-champagne-rose/,https://goldapple.ru/parfjumerija/parfjumirovannyj-uhod?p=30,"Искрящийся скраб поможет быстро подготовиться к празднику или романтическому свиданию. Одно средство даёт четыре эффекта для совершенной кожи: безупречную гладкость, глубокое увлажнение, изысканное сияние и яркий вдохновляющий аромат роз. Натуральный минерал мика оставляет волшебное мерцание на коже. Морская ракушка-ложка станет вашим любимым аксессуаром для нанесения скраба, даря ощущение морского побережья и незабываемые эмоции. Действия: — Бережно и глубоко очищает кожу. — Увлажняет, питает и смягчает. — Мерцает, оставляя сияние на коже. — Ароматерапия — создает атмосферу СПА-процедур. Пирамида аромата: роза, пион, магнолия, жасмин, белый чай.",1. Зачерпнуть необходимое количество скраба прилагающейся ракушкой-ложкой и нанести на очищенную влажную кожу круговыми движениями снизу вверх. 2. Смыть тёплой водой. 3. Используйте 1-2 раза в неделю для достижения максимального эффекта.,Россия,30
588,2026-10-01T12:27:32.978664,20261001_104711_f22aa185,19000438922,parfjumerija/parfjumirovannyj-uhod,Synergetic,вишня,Парфюмированный гель для душа,405.0,405.0,0.0,1,4.5,https://goldapple.ru/19000438922-visna/,https://goldapple.ru/parfjumerija/parfjumirovannyj-uhod?p=30,"Парфюмированный гель для душа SYNERGETIC cherry/вишня мягко очищает и оказывает комплексное действие на структуру кожи, оставляет на ней пряный цветочно-фруктовый аромат. Сок алоэ вера увлажняет, поддерживая гидролипидный баланс кожи, а также способствует выработке коллагена и эластина. Масло сладкого миндаля питает и смягчает, делая кожу нежной и бархатистой. Экстракты сандалового дерева и жасмина тонизируют и помогают сохранить гладкость и упругость кожи, придавая ей свежий и сияющий вид. Физиологичный уровень pH 5,5 гарантирует мягкость кожи и безопасность при частом использовании даже для чувствительной кожи. Средство не содержит SLES, силиконов, красителей и минеральных масел. Смелая и насыщенная парфюмерная композиция открывается сочными нотами спелой и сладкой вишни, звучание которой чувствуется с первых аккордов в обрамлении терпкой корицы и горького миндаля вплоть до заключительных шлейфовых тонов. Сочетание сладких фруктовых и пряных амбровых оттенков создаёт неповторимый и соблазнительный букет аромата. Завершает композицию богатая симфония чувственных нот перуанского бальзама, обжаренных бобов тонка, тёплых ванильных, карамельных и медовых тонов, которые окутывают и согревают, пробуждают чувственность и будоражат фантазию.","Нанести гель на влажную кожу, вспенить и тщательно смыть водой. Перед применением рекомендуется взболтать. Возможно незначительное изменение цвета средства, не влияющее на его качество и свойства.",Россия,30
589,2026-10-01T12:27:39.893795,20261001_104711_f22aa185,19000360048,parfjumerija/parfjumirovannyj-uhod,La Fabrique,Tuberose,Парфюмированное мыло для рук,337.0,337.0,0.0,1,4.9,https://goldapple.ru/19000360048-tuberose/,https://goldapple.ru/parfjumerija/parfjumirovannyj-uhod?p=30,"Парфюмированное мыло для рук с ароматом туберозы сочетает в себе деликатное очищение и бережное отношение к коже. Состав продукта обогащён экстрактами алоэ вера, ромашки, зелёного чая и виноградной косточки, что обеспечивает смягчающее и питательное действие на кожу. Благодаря этим компонентам мыло увлажняет, помогает поддерживать комфортное состояние кожи, а также способствует её восстановлению. Легкий цветочный аромат туберозы с медовым шлейфом делает процесс ухода более приятным, наполняя атмосферу особым чувственным звучанием. Упаковка создана с учётом современного стиля и эстетики, что подчёркивает внимание к деталям.","Нанесите немного средства на влажные ладони, вспеньте и тщательно смойте водой.",Россия,30
590,2026-10-01T12:27:48.680524,20261001_104711_f22aa185,99000015602,parfjumerija/parfjumirovannyj-uhod,LAMONNET,black baccara rose,Парфюмированный гель для душа,890.0,890.0,0.0,1,4.8,https://goldapple.ru/99000015602-black-baccara-rose/,https://goldapple.ru/parfjumerija/parfjumirovannyj-uhod?p=30,"Парфюмированный гель для душа от LAMONNET. Профессиональный уход и забота о вашей коже. Нежная кремовая пена и активный увлажняющий комплекс восстанавливают гидробаланс кожи, повышая её мягкость, тонус и упругость. Сбалансированная формула с высокой концентрацией натуральных природных компонентов бережно и в то же время глубоко очищает кожу от загрязнений. Густая текстура геля обеспечит маленький и экономный расход. Большой объем 750 мл станет идеальным выбором для всей семьи. Гармония и расслабление. Парфюмированная отдушка из Франции подарит легкий и ненавязчивый шлейф на протяжении нескольких часов. Роскошный дизайн флакона с удобным дозатором будет украшением любой ванной комнаты. Парфюмерная композиция: ""Черная роза Баккара"". Благородный, притягательный, желанный. Ноты: мускус, белый жасмин, амбра, карамельный дубовый мох, лаванда, древесный янтарь. Универсальный шлейфовый аромат подойдёт как для женщин, так и для мужчин на каждый день.","Нанесите небольшое количество геля на влажную кожу, тщательно вспеньте и распределите по телу, смойте теплой водой.",Россия,30
591,2026-10-01T12:27:56.756462,20261001_104711_f22aa185,80620200009,parfjumerija/parfjumirovannyj-uhod,Sisley,Eau du Soir Scented Deodorant,Парфюмированный дезодорант,5376.0,5376.0,0.0,1,4.3,https://goldapple.ru/80620200009-eau-du-soir-scented-deodorant/,https://goldapple.ru/parfjumerija/parfjumirovannyj-uhod?p=30,"Дезодорант-спрей Sisley Eau du Soir Scented Deodorant — надёжный защитник с волнующим приятным ароматом. Дезодорант от Sisley, содержащий спирт в своём составе, прошёл все тест-драйвы и обеспечивает молниеносный результат, дарящий свободу от неприятных запахов и пота. Eau du Soir Scented Deodorant имея передовую формулу наносится нежным прикосновением лепестка и моментально впитывается, экономя Ваше время и позволяя сразу облачиться в одежду. Будь защищённой весь день, один раз воспользовавшись дезодорантом-спреем с волнующим ароматом ""О Дю Суар"". Не дай запаху пота встать между тобой и успехом сегодняшнего и последующих дней.","Использовать ежедневно, после водных процедур. Распыляя на кожу, не более 1-2 нажатий,  с расстояния 10-15 см.",Франция,30
592,2026-10-01T12:28:04.067097,20261001_104711_f22aa185,99000023636,parfjumerija/parfjumirovannyj-uhod,Uneedme Cosmetics,sand poem,Нет категории,881.0,881.0,0.0,1,4.7,https://goldapple.ru/99000023636-sand-poem/,https://goldapple.ru/parfjumerija/parfjumirovannyj-uhod?p=30,"Парфюмированный крем для рук и тела Sand Poem с растительными экстрактами обеспечивает комплексный уход за кожей любого типа, способствуя её обновлению и восстановлению. Ольфакторное путешествие по песчаным дюнам, посреди бескрайней пустыни. Здесь днём солнце волнует наши души, а ночью небо мерцает миллионами звёзд. Это ароматные порывы ветра с кремовыми оттенками бензоина, мерцающее амбровое дыхание в колыхании пальмовых листьев, ярко сияющих в лучах солнца. Жгучий песок и загорелая кожа, палящее солнце и хрустальные ночи, сила и умиротворение. Цветочное сердце аромата Sand Poem- это микс ярких солнечных нот и белых цветов. Утончённая нежность жасмина и туберозы уравновешивается деликатной мягкостью миндаля и кокоса. Контраст манящей чувственности и восточно-амбровых нот. Sand Poem- это история о том, как красота рождается в пустыне, а душа находит в ней умиротворение. Ольфакторная пирамида: Восточно-цветочный, Амбровый. Верхние ноты: Фисташки, бергамот, кардамон, розовый перец. Средние ноты: Жасмин, иланг-иланг, тубероза, мускатный орех. Базовые Ноты: Кокос, амбра, мексиканская ваниль, бобы тонка, миндаль, бензоин.",Массажными движениями нанесите небольшое количество крема на кожу и распределите до полного впитывания. Подходит для ежедневного ухода за кожей любого типа.,Россия,30
593,2026-10-01T12:28:11.587268,20261001_104711_f22aa185,99000136198,parfjumerija/parfjumirovannyj-uhod,GESSEN,Vol.2 Aqua Serena,Нет категории,864.0,864.0,0.0,1,5.0,https://goldapple.ru/99000136198-vol-2-aqua-serena/,https://goldapple.ru/parfjumerija/parfjumirovannyj-uhod?p=30,"Vol. 2 — эффективные формулы для тщательного очищения, подходящие как для чувствительной, так и склонной к жирности кожи. Аромат Aqua Serena — чистота и безмятежность горного источника, окружённого лесными цветами. Верхние ноты: озон, алоэ вера. Средние ноты: хлопок, цикламен. Нижние ноты: древесные ноты, мускус. Gessen — бренд, сочетающий точную науку с миром эмоций. Gessen создаёт продукты, в которых эффективные формулы встречаются с силой ароматических ассоциаций. Концепция «мест-состояний» помогает превратить рутинные действия в моменты наслаждения и самопознания.","Нанесите на влажную кожу тела или губку, помассируйте до образования пены, смойте водой. Избегайте контакта с глазами. При попадании в глаза тщательно промыть водой.",Россия,30
594,2026-10-01T12:28:21.441801,20261001_104711_f22aa185,19000145085,parfjumerija/parfjumirovannyj-uhod,Versace,Dylan Purple,Дымка для волос,5580.0,5580.0,0.0,1,4.3,https://goldapple.ru/19000145085-dylan-purple/,https://goldapple.ru/parfjumerija/parfjumirovannyj-uhod?p=30,"Яркий и элегантный аромат Dylan Purple приглашает в увлекательное парфюмерное путешествие. Парфюмерная дымка VERSACE – это продолжение чувственной линии Dylan Purple. Средство придаёт волосам блеск и стойкий фруктовый аромат с нотами искрящегося бергамота, свежего апельсина сочной груши, кедра и невесомых молекул Mahonial и Pomarose. Silkolide добавляет композиции легкие мускусные и фруктовые акценты. Классификация аромата – цветочный, фруктовый мускусный. Парфюмер – Кристоф Рейно.",Только для наружного применения,Италия,30
595,2026-10-01T12:28:30.919468,20261001_104711_f22aa185,19000203325,parfjumerija/parfjumirovannyj-uhod,Acque di Italia,GAUDIUM,КРЕМ ДЛЯ ТЕЛА,1899.0,1899.0,0.0,1,4.9,https://goldapple.ru/19000203325-gaudium/,https://goldapple.ru/parfjumerija/parfjumirovannyj-uhod?p=30,"Единение, радость, эйфория, дружба, праздник. Супер насыщенный крем: масса эксклюзивных и действенных активных ингредиентов и невероятно нежная текстура. При регулярном использовании крем помогает предотвратить потерю тонуса кожи и поддержать естественную физиологию гидролипидного барьера.",Наносить массажными движениями на чистую сухую кожу.,Италия,30
596,2026-10-01T12:28:37.762505,20261001_104711_f22aa185,19000400756,parfjumerija/parfjumirovannyj-uhod,MiPASSION,Sea salt & freesia,Парфюмированный крем для рук,490.0,490.0,0.0,1,4.6,https://goldapple.ru/19000400756-sea-salt-freesia/,https://goldapple.ru/parfjumerija/parfjumirovannyj-uhod?p=30,"Окутайте руки нежной заботой с парфюмированным кремом-флюидом, который дарит коже комфорт и шелковистость. Легкая текстура быстро впитывается, увлажняя и питая без ощущения липкости. Ниацинамид выравнивает тон и улучшает текстуру кожи, масло виноградной косточки глубоко питает, а экстракт липы смягчает и успокаивает. Продукт временно может поступать как в новом так и в старом дизайне.","Небольшое количество крема нанести на чистую кожу рук, массировать до полного впитывания. Только для наружного применения.",Россия,30
597,2026-10-01T12:28:44.535711,20261001_104711_f22aa185,99000157427,parfjumerija/parfjumirovannyj-uhod,Faroosh,Ginkgo Biloba,Шампунь против выпадения волос,1926.0,1926.0,0.0,1,4.8,https://goldapple.ru/99000157427-faroosh-ginkgo-biloba/,https://goldapple.ru/parfjumerija/parfjumirovannyj-uhod?p=30,"Шампунь против выпадения волос Ginkgo biloba с экстрактом листьев и семян дерева гинкго, аминексилом и ниацинамидом пробуждает волосяные луковицы, предотвращая выпадение, стимулируя рост и укрепляя волосы от самых корней. Коллаген, пантенол и биотин проникают в структуру волоса, заполняя повреждённые участки и возвращая им плотность, эластичность и блеск. Масло жожоба устраняет сухость и чувство стянутости кожи головы. Трегалоза, природный углевод, насыщает волосы влагой, делая их мягкими, послушными и шёлковистыми. Подходит для всех типов волос. Направлен на: — Предотвращение выпадения волос, улучшение их структуры. — Усиление роста и пробуждение спящих волосяных луковиц. — Устранение перхоти, сухости и чувства стянутости кожи головы. — Восстановление потерянного блеска и эластичности волос. Ключевые компоненты и их действие: — Экстракт гинкго — мощный антиоксидант, играет ключевую роль в улучшении микроциркуляции кожи головы. — Экстракт лопуха известен своими противовоспалительными и антибактериальными свойствами, что помогает бороться с перхотью и зудом кожи головы. — Экстракт облепихи, богатый витаминами, минералами и ненасыщенными жирными кислотами, питает и восстанавливает структуру волос, делая их более эластичными и блестящими. — Экстракт мать-и-мачехи укрепляет корни волос, стимулирует их рост и предотвращает преждевременное старение. — Масло жожоба создаёт защитный барьер, предохраняя волосы от вредного воздействия окружающей среды и термических повреждений. — Пантенол проникает в стержень волоса, увеличивая его толщину и эластичность, а также способствует удержанию влаги, что предотвращает ломкость и сухость. — Ниацинамид улучшает кровообращение кожи головы, что способствует лучшему поступлению питательных веществ к волосяным фолликулам. Аромат: утончённая парфюмерная композиция с глубоким шлейфом.",Нанесите средство на влажные волосы и бережно массируйте кожу головы в течение 1-2 минут. Тщательно промойте волосы теплой водой. При необходимости повторите процедуру. Для достижения максимального эффекта используйте в сочетании с кондиционером или маской для волос бренда.,Россия,30
598,2026-10-01T12:28:53.373301,20261001_104711_f22aa185,19000160522,parfjumerija/parfjumirovannyj-uhod,HFC,Wear love everywhere,Лосьон для тела,6205.0,6205.0,0.0,1,4.6,https://goldapple.ru/19000160522-wear-love-everywhere/,https://goldapple.ru/parfjumerija/parfjumirovannyj-uhod?p=30,"Позвольте жизни заиграть яркими красками и ощутите настоящую любовь. Чувственный и бархатистый аромат королевской розы со сладким оттенком ванили согреет ваше сердце, в то время как увлажняющий лосьон придаст вашей коже неповторимую нежность и окутает вас едва уловимой вуалью цветочно-ягодной композиции.",Не указано,Франция,30
599,2026-10-01T12:29:00.763248,20261001_104711_f22aa185,19000322299,parfjumerija/parfjumirovannyj-uhod,Zielinski & Rozen,"Vetiver, Lemon",Гель для душа,1790.0,1790.0,0.0,1,4.8,https://goldapple.ru/19000322299-vetiver-lemon/,https://goldapple.ru/parfjumerija/parfjumirovannyj-uhod?p=30,"Эффективно очищает кожу, обогащает её витаминами, нормализует гидробаланс, восстанавливает тонус и жизненные силы. Подходит для ухода за кожей любого типа.","Небольшое количество геля нанести на влажную кожу, вспенить и тщательно смыть водой. Хранить в сухом, защищенном от света и недоступном для детей месте при температуре от +5 °С до +25 °С.",Израиль,30
600,2026-10-01T12:29:23.484533,20261001_104711_f22aa185,19000084127,parfjumerija/parfjumirovannyj-uhod,Zielinski & Rozen,Nourishing,Ночной крем для лица,841.0,841.0,0.0,1,4.4,https://goldapple.ru/19000084127-nourishing-face-cream-universal/,https://goldapple.ru/parfjumerija/parfjumirovannyj-uhod?p=31,Активное питание. Быстро впитывается благодаря легкой текстуре. Для всех типов кожи.,Нанесите на чистую кожу легкими массирующими движениями. Меры предосторожности: Избегайте попадания в глаза. При возникновении раздражения прекратите использование.,Израиль,31
601,2026-10-01T12:29:32.227890,20261001_104711_f22aa185,19000130586,parfjumerija/parfjumirovannyj-uhod,Flame moscow,Anna,Соль для ванны,370.0,370.0,0.0,1,4.8,https://goldapple.ru/19000130586-anna/,https://goldapple.ru/parfjumerija/parfjumirovannyj-uhod?p=31,"Неторопливый завтрак во внутреннем дворе. Ноты согревающихся солнцем ароматных трав и кустарников начинают наполнять пространство. Южный воздух подсвечивает искры от только что сорванных с лимонного дерева хрустящих листьев, а цедра делится ароматной росой. Терпкий, но землянистый. Свежий и цитрусовый. Верхние ноты: Цедра лимона, лайм, петитгрейн Средние ноты: Лаванда, мирт, цитрон Базовые ноты: Белый мускус, бобы тонка, ладан Морская соль Северного и Средиземного морей пропитана ароматическими маслами. Смесь способствует ароматерапии, а также общему расслаблению и восстановлению, поддержанию тонуса и уменьшению напряжения в мышцах.","Наполните не менее половины ванной, рас- творите содержимое в горячей воде и дайте настояться 5 минут, затем разбавьте воду до комфортной температуры при необходимости. Пакетика хватает на 1-2 применения. Будьте осторожны! После использования поверхность ванны может быть чуть более скользкой, чем обычно.",Россия,31
602,2026-10-01T12:29:39.569202,20261001_104711_f22aa185,90150600004,parfjumerija/parfjumirovannyj-uhod,Zielinski & Rozen,Black Vanilla,Нет категории,1690.0,1690.0,0.0,1,4.4,https://goldapple.ru/90150600004-vanilla-blend/,https://goldapple.ru/parfjumerija/parfjumirovannyj-uhod?p=31,"Универсальные кремы для рук подходят для использования в любое время года и в любом климате. Благодаря легкой текстуре средство быстро впитывается, а обогащенная натуральными маслами формула надолго оставляет кожу мягкой и нежной. Тюбик удобного travel-формата поместится даже в очень маленькой сумке или кармане. Ароматы продукции Zielinski&Rozen изменили свое наименование без изменения состава.",Выдавите небольшое количество крема на руки и равномерно распределите на коже.,Испания,31
603,2026-10-01T12:29:47.865432,20261001_104711_f22aa185,19000135082,parfjumerija/parfjumirovannyj-uhod,Tesori d’Oriente,HAMMAM,Нет категории,549.0,549.0,0.0,1,4.3,https://goldapple.ru/19000135082-hammam/,https://goldapple.ru/parfjumerija/parfjumirovannyj-uhod?p=31,"Чувственная, сияющая цветочная эссенция открывается яркими нотами мандарина, смешанными с цветами сладкого миндаля, ванили и амбры. Средние ноты – это яркий аккорд жасмина и цветов апельсина. Шлейфовые ноты: сладкая ваниль, амбра и мускус – поманят вас в путешествие по загадочным восточным сказкам. Ароматический дезодорант-спрей мягко дезодорирует и освежает, не повреждая кожу. Борется с образованием неприятных запахов, обеспечивая защиту на 24 часа. Не оставляет следов на одежде и коже. Дерматологически протестировано.","Тщательно встряхните баллон, распыляйте на сухую чистую кожу подмышек с расстояния 15 см. Не наносите на раздраженную и поврежденную кожу.",Италия,31
604,2026-10-01T12:29:55.795325,20261001_104711_f22aa185,19000125938,parfjumerija/parfjumirovannyj-uhod,PRESS GURWITZ PERFUMERIE,"№1 Cardamon, Leather, Jasmine",Увлажняющее молочко для рук и тела,1264.0,1264.0,0.0,1,4.8,https://goldapple.ru/19000125938-no1-sardamon-leather-jasmine/,https://goldapple.ru/parfjumerija/parfjumirovannyj-uhod?p=31,"Концентрированное увлажняющее молочко для тела и рук Press Gurwitz Perfumerie быстро впитывается, глубоко увлажняет и восстанавливает гидролипидную пленку кожи. Свежий и одновременно чувственный аромат с нотами кардамона, кожи и нежного жасмина. Содержит питательное масло ши, витамин Е и пантенол, благодаря которым кожа быстро восстанавливается и удерживает влагу, становится мягкой и ухоженной. Входящие в состав пребиотики защищают кожу от негативного воздействия окружающей среды. В коллекции используются селекционные авторские ароматы, которые остаются с вами надолго. Все ароматы унисекс.",Нанести небольшое количество молочка на чистое тело и руки,Россия,31
605,2026-10-01T12:30:04.306249,20261001_104711_f22aa185,19000224707,parfjumerija/parfjumirovannyj-uhod,Jo Malone London,English Pear & Freesia,Мыло,2500.0,2500.0,0.0,1,4.7,https://goldapple.ru/19000224707-english-pear-freesia/,https://goldapple.ru/parfjumerija/parfjumirovannyj-uhod?p=31,"Мыло с элегантным ароматом English Pear & Freesia бережно очищает кожу, оставляя на ней деликатный шлейф. Чувственная свежесть спелой груши в букете белых фрезий, украшенная амброй, пачули и древесным оттенком. Формула, обогащенная масло ши, смягчает кожу. Философия сочетания ароматов: Все ароматы и текстуры Jo Malone London можно использовать самостоятельно и в сочетании с другими, создавая уникальные композиции. Чтобы придать аромату свежих акцентов и создать более яркий образ сочетайте English Pear & Freesia с искрящимся ароматом цветов клементина - Orange Blossom. Чтобы придать аромату теплых оттенков и создать более чувственный образ сочетайте English Pear & Freesia с соблазнительным ароматом пионов и дольки красного яблока - Peony & Blush Suede.",Вспеньте мыло в густую ароматную пену и распределите по коже массирующими движениями. Смойте теплой водой. Завершите ритуал лосьоном для тела и рук Jo Malone London.,Великобритания,31
606,2026-10-01T12:30:13.198949,20261001_104711_f22aa185,19000084126,parfjumerija/parfjumirovannyj-uhod,Zielinski & Rozen,Orange & Jasmine,кондиционер для волос,2990.0,2990.0,0.0,1,4.6,https://goldapple.ru/19000084126-orange-jasmine-vanilla/,https://goldapple.ru/parfjumerija/parfjumirovannyj-uhod?p=31,"Кондиционер смягчает, питает и разглаживает волосы, восстанавливает их структуру и облегчает расчесывание и укладку. Ароматы продукции Zielinski&Rozen изменили свое наименование без изменения состава.","Нанесите небольшое количество на чистые влажные волосы, оставьте на минуту и затем смойте.",Израиль,31
607,2026-10-01T12:30:21.671000,20261001_104711_f22aa185,99000178372,parfjumerija/parfjumirovannyj-uhod,SIRENATA,SANTORINI GELATO,Парфюмированный мист для тела,1095.0,1095.0,0.0,1,4.7,https://goldapple.ru/99000178372-sirenata-santorini-gelato/,https://goldapple.ru/parfjumerija/parfjumirovannyj-uhod?p=31,"Sirenata Santorini Gelato — парфюмированный мист для тела с гурманским ароматом фисташкового мороженого, взбитых сливок, персика и воздушного маршмеллоу. Композиция раскрывается прохладной фисташкой, сочным персиком и ярким бергамотом, а затем становится мягче и сливочнее: какао, капля рома, взбитые сливки, сахарная вата, зефир и маршмеллоу создают сладкий, воздушный шлейф. Это не просто сладкий мист. Это аромат удовольствия, которое сразу поднимает настроение! Он делает образ мягче, притягательнее и теплее, как золотой час на коже после дня у моря. Бесспиртовая формула подходит для тела и волос, не пересушивает и легко обновляется в течение дня. Наносите мист после душа, перед выходом или на одежду, чтобы аромат дольше оставался рядом. Santorini Gelato — аромат фисташкового десерта, солнца на коже и настроения, которое хочется продлить.","Распылите мист на тело, волосы или одежду с расстояния 15-20 см. Наносите аромат на волосы, одежду и увлажненную кожу.",Россия,31
608,2026-10-01T12:30:29.271477,20261001_104711_f22aa185,19000315569,parfjumerija/parfjumirovannyj-uhod,EQUIVALENT,Mango orgasm,Парфюмированный крем для тела,946.0,946.0,0.0,1,4.7,https://goldapple.ru/19000315569-mango-orgasm/,https://goldapple.ru/parfjumerija/parfjumirovannyj-uhod?p=31,Почувствуйте взрывную энергию тропиков с кремом для тела Mango Orgasm. Его яркий и сочный аромат манго моментально поднимает настроение и наполняет кожу жизненной силой. Обогащенная питательными веществами формула крема обеспечивает глубокое увлажнение и оставляет кожу бархатистой и сияющей. Подарите себе наслаждение и окунитесь в мир экзотических удовольствий.,"Нанести на кожу легкими, массажными движениями.",Россия,31
609,2026-10-01T12:30:37.681382,20261001_104711_f22aa185,19000192610,parfjumerija/parfjumirovannyj-uhod,HFC,Diamond in the sky,Мерцающий гель для тела,9450.0,9450.0,0.0,1,4.4,https://goldapple.ru/19000192610-dimond-in-the-sky/,https://goldapple.ru/parfjumerija/parfjumirovannyj-uhod?p=31,"Мерцающий гель для тела Diamond in the sky. Композиция открывается вкусным гурманским аккордом, к которому постепенно добавляются элегантные древесные ноты. Яркий аромат, наполненный магическим очарованием, медленно завершается ванильно -бальзамической базой в облаке густой томной амбры.",Наносить на очищенную кожу.,Франция,31
610,2026-10-01T12:30:46.066019,20261001_104711_f22aa185,19000215865,parfjumerija/parfjumirovannyj-uhod,ADELEIDE,Rose & Oud,Парфюмированный крем для рук,460.0,460.0,0.0,1,4.5,https://goldapple.ru/19000215865-rose-oud/,https://goldapple.ru/parfjumerija/parfjumirovannyj-uhod?p=31,"Парфюмированный крем с цветочно-древесным ароматом Rose & Oud. Восстановление и тонус. Для кожи рук и кутикулы. Как работает крем? Крем глубоко увлажняет и восстанавливает сухую кожу, делает её более свежей и подтянутой благодаря активным компонентам: • Цветочная вода розы дамасской – придаёт коже тонус, успокаивает раздражённую кожу. • Кокосовое масло – разглаживает и питает, восстанавливает естественный защитный барьер кожи. • Экстракт цветов дамасской розы – увлажняет и разглаживает кожу, улучшает клеточный иммунитет кожи. • Аллантоин – смягчает и успокаивает кожу, отшелушивает роговой слой. • Экстракт стебля агарового дерева – оказывает тонизирующее и регенерирующее действие на кожу. • Гиалуроновая кислота (высоко-, средне- и низкомолекулярная) – интенсивно увлажняет кожу, активизирует выработку коллагена. Эффект от применения: • Восстановление – крем помогает восстановить раздражённую кожу. • Глубокое увлажнение – исчезает ощущение стянутости. • Тонус – повышается упругость и эластичность кожи. • Укрепление и защита – крем защищает от агрессивных внешних факторов и преждевременного старения. Почему стоит выбрать этот крем? • Лёгкая текстура – быстро впитывается, не оставляет жирный блеск или ощущение липкости. • Аромат – сочетание розы и древесных нот звучит нежно и деликатно. • Удобный формат – для ежедневного использования в любых условиях. Идеальный вариант для тех, кто хочет: • Придать коже рук и кутикуле более ухоженный вид. • Усилить защиту от негативного воздействия окружающей среды. • Восстановить упругость и эластичность кожи. • Получить удовольствие от уходовых процедур. Аромат: Удовольствие от использования усиливает утончённый, воздушный аромат. В верхних нотах звучат мандарин и герань. В сердце композиции – дуэт розы и жасмина. Сладким послевкусием на коже остаётся аромат сандала и удового дерева.",Наносите на чистую кожу рук в течение дня по мере необходимости.,Россия,31
611,2026-10-01T12:30:55.304776,20261001_104711_f22aa185,99000104272,parfjumerija/parfjumirovannyj-uhod,HELDI,Spice Road,Парфюмированный крем для рук и тела,645.0,645.0,0.0,1,4.8,https://goldapple.ru/99000104272-spice-road/,https://goldapple.ru/parfjumerija/parfjumirovannyj-uhod?p=31,"Парфюмированный крем для рук и тела HELDI с ароматом «Дорога специй» сочетает уход за кожей и тёплую амброво-ванильную композицию с глубоким, обволакивающим характером. Увлажняющий крем поддерживает мягкость и комфорт кожи в течение дня. Лёгкая кремовая текстура быстро впитывается, не оставляя липкости и жирной плёнки, а аромат постепенно раскрывается на коже мягким пряно-древесным шлейфом. Увлажнение и комфорт каждый день. Крем восполняет необходимое увлажнение, устраняет чувство стянутости и поддерживает комфорт кожи в течение дня. Подходит для рук и всего тела, в том числе участков, особенно склонных к сухости: локтей, коленей, голеней и стоп. Формат с дозатором удобно использовать дома или держать на рабочем столе. Аромат. Тёплая амброво-ванильная композиция с глубоким, обволакивающим характером: — бергамот, ландыш и сирень — свежий, деликатно-цветочный старт — пачули, амброво-древесные ноты, кумарин и камфора — глубокое, пряно-древесное сердце — ваниль, мускус, лабданум и бензоин — тёплый, сладковатый и чувственный шлейф Аромат начинается лёгкой свежестью, постепенно становится теплее и глубже и раскрывается на коже мягкой ванильно-амбровой базой. Формула для питания и увлажнения. — масла ши, оливы и авокадо питают и смягчают кожу — витамин Е обеспечивает антиоксидантный уход — пантенол и бетаин поддерживают увлажнённость и ощущение комфорта — мочевина и глицерин притягивают и удерживают влагу Результат. Мягкая, гладкая и увлажнённая кожа без ощущения сухости и стянутости — с тёплым амброво-ванильным ароматом, который остаётся после нанесения. HELDI — когда уход звучит как любимый аромат.","Нанесите необходимое количество крема на чистую сухую кожу рук или тела и распределите массажными движениями до полного впитывания. После душа нанесите средство на всё тело, уделяя особое внимание участкам, склонным к сухости и шелушению: локтям, коленям, голеням и стопам. Для рук используйте после контакта с водой или в течение дня, когда коже требуется дополнительное увлажнение. Подходит для ежедневного применения.",Россия,31
612,2026-10-01T12:31:04.669690,20261001_104711_f22aa185,19000418241,parfjumerija/parfjumirovannyj-uhod,DOMIX GREEN PROFESSIONAL,Silk therapy,Нет категории,118.0,118.0,0.0,1,4.8,https://goldapple.ru/19000418241-silk-therapy/,https://goldapple.ru/parfjumerija/parfjumirovannyj-uhod?p=31,"Silk therapy. Клеточное питание, упругость и тонус. Комплексный профессиональный уход за кожей и ногтями с рутином, кератином и хитозаном. Парфюмированное молочко дарит рукам роскошный аромат, где взрывной аккорд солнечных цитрусов и душистой смородины рассыпается лепестками королевских цветов: жасмина, розы и апельсинового дерева. Квинтэссенция удовольствия для тонких ценителей люксовых ароматов, долго живущих на коже! • Хитозан и гидролизат кератина возвращают ногтям эластичность, повышают устойчивость к повреждениям, стимулируют рост. • Рутин (витамин Р) укрепляет стенки кровеносных сосудов и капилляров, активирует микроциркуляцию, обеспечивает клеткам антиоксидантную защиту. • Аминокислоты шелка придают ногтям прочность и естественный блеск. • Карбамид, D-пантенол и масло сладкого миндаля интенсивно увлажняют, смягчают и разглаживают кожу. • Гидролизат коллагена повышает тургор и стимулирует синтез собственного коллагена. Продукт клинически протестирован. Сделано в России.",Нанести на кожу мягкими массирующими движениями.,Россия,31
613,2026-10-01T12:31:11.849925,20261001_104711_f22aa185,26420500034,parfjumerija/parfjumirovannyj-uhod,Acqua di Parma,Barbiere,Нет категории,5700.0,5700.0,0.0,1,4.9,https://goldapple.ru/26420500034-barbiere/,https://goldapple.ru/parfjumerija/parfjumirovannyj-uhod?p=31,"Сыворотка для бороды от Acqua di Parma с приятной текстурой и ненавязчивым ароматом обладает интенсивным увлажняющим действием, прекрасно питает бороду, придает ей ухоженный и красивый вид. Средство создано на основе растительных ингредиентов. Не оставляет следов и не утяжеляет, стимулирует рост волос.",Нанести сыворотку массажными движениями на бороду.,Италия,31
614,2026-10-01T12:31:21.684765,20261001_104711_f22aa185,19000472586,parfjumerija/parfjumirovannyj-uhod,TEA ART,"Green tea & Grape, Lemongrass",Парфюмированный гель для душа,1863.0,1863.0,0.0,1,5.0,https://goldapple.ru/19000472586-green-tea-grape-lemongrass/,https://goldapple.ru/parfjumerija/parfjumirovannyj-uhod?p=31,"Погрузитесь в атмосферу свежести с гелем для душа и рук Зеленый чай & Виноград, Лемонграсс — идеальным средством для ежедневного ухода. Он мягко очищает кожу, сохраняя увлажнение, и превращает рутину в приятный ритуал. 
Тонизирующий аромат сочетает ноты зеленого чая, винограда и лемонграсса, поднимая настроение и наполняя энергией. Гель оставляет свежий шлейф бодрости, активирует внутренний тонус и дарит ощущение легкости.
Идеально подходит для утреннего пробуждения или вечернего расслабления, наполняя вас позитивом и гармонией.","Нанесите небольшое количество геля на влажную кожу, помассируйте, смойте водой. Подходит для ежедневного использования.",Россия,31
615,2026-10-01T12:31:29.869742,20261001_104711_f22aa185,19000135081,parfjumerija/parfjumirovannyj-uhod,Tesori d’Oriente,LOTO,Парфюмированный дезодорант аэрозоль для тела,549.0,549.0,0.0,1,4.2,https://goldapple.ru/19000135081-lotus-flower-and-shea-butter/,https://goldapple.ru/parfjumerija/parfjumirovannyj-uhod?p=31,"Уютный, кремовый, цветочно-восточный аромат ласкает чувства, создавая приятное ощущение благополучия. Цветок лотоса приобретает кремовый, сливочный, слегка молочный оттенок в обрамлении свежих нот ландыша. По мере раскрытия аромата проявляется ваниль, сандаловое дерево и мускус. Ароматический дезодорант-спрей мягко дезодорирует и освежает, не повреждая кожу. Борется с образованием неприятных запахов, обеспечивая защиту на 24 часа. Не оставляет следов на одежде и коже. Дерматологически протестировано.","Тщательно встряхните баллон, распыляйте на сухую чистую кожу подмышек с расстояния 15 см. Не наносите на раздраженную и поврежденную кожу.",Италия,31
616,2026-10-01T12:31:37.783729,20261001_104711_f22aa185,19000400089,parfjumerija/parfjumirovannyj-uhod,Huxley,BLUE MEDINA TANGERINE,Парфюмированный крем для рук,999.0,999.0,0.0,1,4.8,https://goldapple.ru/19000400089-blue-medina-tangerine/,https://goldapple.ru/parfjumerija/parfjumirovannyj-uhod?p=31,"Крем для рук Huxley с маслом опунции дарит увлажнение, устраняет сухость и делает кожу мягкой. Формула помогает успокоить кожу, улучшить её текстуру и укрепить естественный защитный барьер. Средство окутывает кожу рук ароматом, в котором переплетаются свежее звучание мандарина, горько-сладкие аккорды зеленых листьев и расслабляющие древесно-амбровые ноты.","Нанесите на чистую кожу рук и распределите. Используйте по мере необходимости, когда кожа рук становится сухой.",Республика корея,31
617,2026-10-01T12:31:46.754105,20261001_104711_f22aa185,19000135083,parfjumerija/parfjumirovannyj-uhod,Tesori d’Oriente,White Musk,Парфюмированный дезодорант аэрозоль для тела,549.0,549.0,0.0,1,4.1,https://goldapple.ru/19000135083-white-musk/,https://goldapple.ru/parfjumerija/parfjumirovannyj-uhod?p=31,"Нежный, мягкий, гармоничный аромат кристальной чистоты с бархатной цветочной нотой. Ароматический дезодорант-спрей мягко дезодорирует и освежает, не повреждая кожу. Борется с образованием неприятных запахов, обеспечивая защиту на 24 часа. Не оставляет следов на одежде и коже. Дерматологически протестировано.",1. Тщательно встряхните баллон. 2. Распыляйте на сухую чистую кожу подмышек с расстояния 15 см. 3. Не наносите на раздраженную и поврежденную кожу.,Италия,31
618,2026-10-01T12:31:53.583265,20261001_104711_f22aa185,19000420968,parfjumerija/parfjumirovannyj-uhod,CLOZ,Black cherry,Гель-крем для душа,841.0,841.0,0.0,1,4.7,https://goldapple.ru/19000420968-black-cherry/,https://goldapple.ru/parfjumerija/parfjumirovannyj-uhod?p=31,"Откройте для себя атмосферу чувственного наслаждения с натуральным парфюмированным гелем для душа CLOZ. Погрузитесь в чувственный аромат, который останется с Вами на протяжении всего дня, даря ощущение свежести и комфорта. Гармоничный дуэт сочной вишни и нежного миндаля создает неповторимый шлейф, который остается на коже легким воспоминанием о моменте наслаждения. Уникальная формула с натуральными компонентами обеспечивает интенсивное питание и длительное увлажнение, деликатно очищают кожу, не оставляя чувство сухости и стянутости. Нежная кремовая текстура обеспечивает обильную пену и дарит коже мягкость и шелковистость после каждого применения. Подарите себе моменты истинного удовольствия с CLOZ – где натуральность встречается с роскошью!","Нанесите небольшое количество геля на влажную кожу, вспеньте, скажите себе слова любви и благодарности, затем смойте водой.",Россия,31
619,2026-10-01T12:32:01.035465,20261001_104711_f22aa185,19000386291,parfjumerija/parfjumirovannyj-uhod,GOURMANDISE,Savon Parfume Papavero Set,Набор натурального парфюмированного мыла,708.0,708.0,0.0,1,5.0,https://goldapple.ru/19000386291-savon-parfume-papavero-set/,https://goldapple.ru/parfjumerija/parfjumirovannyj-uhod?p=31,"Натуральное парфюмированное флорентийское мыло с маком, 50 г x 6 шт. Благодаря натуральной растительной основе мягко очищает кожу, не пересушивая её.","Равномерно нанести на влажную кожу массирующими движениями, смыть водой.",Италия,31
620,2026-10-01T12:32:27.135063,20261001_104711_f22aa185,19000360041,parfjumerija/parfjumirovannyj-uhod,La Fabrique,Tobacco and vanilla,Парфюмированный крем для тела,501.0,501.0,0.0,1,4.5,https://goldapple.ru/19000360041-tobacco-and-vanilla/,https://goldapple.ru/parfjumerija/parfjumirovannyj-uhod?p=32,"Парфюмированный крем для рук и тела с ароматом табака и ванили сочетает в себе терпкость табачного листа и нежную сладость ванили, создавая утончённый и роскошный шлейф на коже.
Лёгкая текстура крема быстро впитывается и не оставляет ощущения липкости. Состав, обогащённый маслами ши, жожоба и сладкого миндаля, помогает поддерживать ощущение гладкости и ухоженности кожи.","Нанесите средство на кожу массажными движениями и распределите до полного впитывания. Рекомендуется использовать как днём, так и вечером.",Россия,32
621,2026-10-01T12:32:38.564255,20261001_104711_f22aa185,19000399439,parfjumerija/parfjumirovannyj-uhod,"hi,dear",Basil & vetiver,Крем для рук,800.0,800.0,0.0,1,4.9,https://goldapple.ru/19000399439-basil-vetiver/,https://goldapple.ru/parfjumerija/parfjumirovannyj-uhod?p=32,"Тонизирующий и мягкий аромат Basil&Vetiver. Он дарит вдохновение, легкость и энергию. Представь бодрящий, чуть терпкий лимонад из свежего базилика и фруктов. Запахи инжира, питахайи, трав, теплой земли сплетаются, создавая ощущение комфорта и неги. Почувствуй беззаботность и чистую радость летнего утра. Формула крема создана для ежедневного ухода, чтобы кожа оставалась мягкой, гладкой и защищённой. Интенсивное увлажнение: гиалуроновая кислота и глицерин помогают удерживать влагу, обеспечивая коже ощущение свежести и комфорта. Питание и восстановление: масло ши и витамин Е насыщают кожу, возвращая ей мягкость и эластичность, а натуральные жирные кислоты помогают сохранить её здоровье. Успокоение и защита: алоэ вера и экстракт мелиссы снимают раздражение, укрепляют кожный барьер и поддерживают естественное равновесие. Лёгкая текстура: крем быстро впитывается, не оставляя липкости или жирного блеска. Удобный формат делает его идеальным для ежедневного ухода — всегда под рукой, чтобы дарить коже ощущение заботы",Наносить на кожу рук легкими массажными движениями по мере необходимости.,Россия,32
622,2026-10-01T12:32:48.534746,20261001_104711_f22aa185,90150300003,parfjumerija/parfjumirovannyj-uhod,Zielinski & Rozen,Rosemary & Lemon,Нет категории,2390.0,2390.0,0.0,1,4.9,https://goldapple.ru/90150300003-rosemary-lemon-neroli/,https://goldapple.ru/parfjumerija/parfjumirovannyj-uhod?p=32,"Эффективно очищает от всех видов загрязнений и подходит для ежедневного использования: средство содержит увлажняющие и смягчающие натуральные масла. Приятный бонус — ароматный шлейф, остающийся на коже несколько часов. Ароматы продукции Zielinski&Rozen изменили свое наименование без изменения состава.","Нажмите на дозатор, вспеньте мыло в руках и затем смойте водой.",Израиль,32
623,2026-10-01T12:33:00.342115,20261001_104711_f22aa185,19000438920,parfjumerija/parfjumirovannyj-uhod,Synergetic,табак-ваниль,Нет категории,428.0,428.0,0.0,1,4.8,https://goldapple.ru/19000438920-tabak-vanil/,https://goldapple.ru/parfjumerija/parfjumirovannyj-uhod?p=32,"Парфюмированное мыло-пенка для рук SYNERGETIC tobacco-vanille/табак-ваниль на основе натуральных компонентов бережно очищает кожу и оставляет на ней пряный амбровый аромат. Масло макадамии увлажняет и питает кожу, помогает восстановить её естественные защитные свойства. Экстракт розмарина тонизирует, помогая сохранить упругость и эластичность, а экстракт ванили оказывает регенерирующее действие, успокаивает и смягчает. Мыло с физиологичным уровнем pH 5,5 безопасно при частом использовании и не содержит SLES, минеральных масел, силиконов и красителей. Парфюмерная композиция наполнена восхитительными сочетаниями сладких восточных, древесно-пряных и пьянящих табачных нот. Загадочный характер аромата открывается дымными и терпкими оттенками специй и табачных листьев, которые плавно перетекают в сладость ванили, какао и обжаренных бобов тонка. Завершается симфония аккордами многогранных древесных акцентов с нотами сухофруктов. Аромат наполнен тёплым вечерним настроением, он восхищает своей многогранной красотой и смелым темпераментом.","Перед применением снимите ограничитель с пенообразующего дозатора. Нажмите на дозатор, выдавив мыло-пенку, нанесите на влажную кожу, распределите по коже и тщательно смойте водой. Возможно незначительное изменение цвета средства, не влияющее на его качество и свойства.",Россия,32
624,2026-10-01T12:33:11.126460,20261001_104711_f22aa185,19000327282,parfjumerija/parfjumirovannyj-uhod,Philosophy by Alex Kontier,SEA SALT+WHITE THYME,парфюмированный спрей для волос,7990.0,7990.0,0.0,1,4.6,https://goldapple.ru/19000327282-sea-salt-white-thyme/,https://goldapple.ru/parfjumerija/parfjumirovannyj-uhod?p=32,"ЧТО ТАКОЕ: Спрей для создание неповторимого аромата на волосах с протеинами шелка и фитонцидами. Объем, удобный для путешествий. Для всех типов волос. ПРЕИМУЩЕСТВА: Герметичный стеклянный флакон для более надежной защиты продукта от окислительных процессов. Натуральный распылитель. Необходимое дозирование продукта. ЧЕГО ОЖИДАТЬ: Парфюмированный спрей создаст легкую дымку и оставит нежный аромат на ваших волосах.","Откройте флакон, распылите необходимое количество на расстоянии 30 см от волос.",Россия,32
625,2026-10-01T12:33:21.087097,20261001_104711_f22aa185,19000167868,parfjumerija/parfjumirovannyj-uhod,PRESS GURWITZ PERFUMERIE,"№ 4 Bergamot, Fig, Musk",Английская соль с магнием,696.0,696.0,0.0,1,4.8,https://goldapple.ru/19000167868-no-4-bergamot-fig-musk/,https://goldapple.ru/parfjumerija/parfjumirovannyj-uhod?p=32,"Соль для ванны PRESS GURWITZ PERFUMERIE №4 парфюмированная является натуральным источником магния 99,9%.Epsom расслабляет и снимает боли в мышцах, помогает в борьбе от целлюлита, при детокс процедурах, насыщает организм магнием, помогает от отёков. Магнезия способствует выведению токсинов из организма, что хорошо влияет на коррекцию фигуры. При приеме ванн отлично подходит для похудения, расслабления, борется со стрессом, следами усталости, выводит лишнюю воду из организма, снимает воспаления на коже, восполняет дефицит магния в организме. Способствует улучшению сна. Соль эпсом обеспечивает комплексный уход за кожей, ногами и руками, волосами, а также за ногтями. Восхитительный парфюмированный аромат Бергамота, Инжира и Мускуса, который остается с вами надолго. Средство можно использовать как скраб для кожи, ванну для ног, маску для ногтей и даже обертывание. Частички соли мягко отшелушивают кожу снаружи, а магний очищает организм изнутри. Рекомендуем проводить процедуры 2-3 раза в неделю, курсом 10-15 процедур. В коллекции используются селективные авторские ароматы, разработанные в парфюмерных домах Франции. Все ароматы унисекс.","ПРИНЯТИЕ ВАННЫ ВЗРОСЛЫМ: 300-500 г соли растворить в ванной при температуре 37-38 С. Продолжительность процедуры 15-20 мин. После принятия ванны ополоснуться водой. м СКРАБ ДЛЯ КОЖИ: Если нет ванны, можно смешать соль с гелем для душа в пропорции 40/60, нанести на кожу, промассировать и затем смыть тёплой водой. При необходимости процедуру повторить. МАСКА ДЛЯ НОГТЕЙ: Залить в ванночку для рук 1 л горячей воды и растворить в ней 100-200 г соли. Опустить кисти рук на 10-15 минут. ВАННА ДЛЯ НОГ: Добавить 1 стакан соли на таз с водой 37-38 С, погрузить ноги на 30 мин. После применения ополоснуть ноги. ОБЕРТЫВАНИЕ :Добавить к 100 г соли 5 ст.л. меда и несколько капель эфирного масла апельсина. Такая смесь за 30 минут под пищевой пленкой ощутимо подтянет кожу, придаст ей бархатистость и заставит светиться изнутри.",Россия,32
626,2026-10-01T12:33:32.663390,20261001_104711_f22aa185,99000012735,parfjumerija/parfjumirovannyj-uhod,AnnBleor,ROSE'S LOVE,Крем-сливки для тела,1750.0,1750.0,0.0,1,4.3,https://goldapple.ru/99000012735-rose-s-love/,https://goldapple.ru/parfjumerija/parfjumirovannyj-uhod?p=32,"Крем-сливки для тела с роскошной, нежной, тающей текстурой моментально впитывается в кожу, увлажняет и смягчает. Насыщает кожу минералами и витаминами, обладает разглаживающим и подтягивающим действием, возвращает ее естественное здоровое сияние. Входящие в состав масла обеспечивают максимальное увлажнение, придают коже эластичность, гладкость и бархатистость. Главные компоненты: Масло Карите; Масло сладкого миндаля; Масло подсолнуха; Рапсовое масло. Аромат крема: нежный, пудровый, холодный аромат. Пион - полноправный обладатель сердца аромата - дополнен розой и ландышем. Красивый букет вышит на тончайшей дорогой ткани базы из мускуса, ванили и кашмерана.",Нужное количество крема нанесите массажными движениями снизу вверх на предварительно очищенную кожу тела.,Россия,32
627,2026-10-01T12:33:41.526744,20261001_104711_f22aa185,19000328393,parfjumerija/parfjumirovannyj-uhod,Yves Rocher,КОКОСОВЫЙ ОРЕХ,ЖИДКОЕ МЫЛО ДЛЯ РУК,429.0,429.0,0.0,1,4.9,https://goldapple.ru/19000328393-bain-de-nature-coconut/,https://goldapple.ru/parfjumerija/parfjumirovannyj-uhod?p=32,"Моющая основа 100% растительного происхождения без сульфатов деликатно очищает и окутывает нежным ароматом, сохраняя естественное увлажнение кожи. 95% ингредиентов натурального происхождения. Содержит экстракт Кокосового Ореха.","Нанесите на влажную кожу рук, вспеньте и смойте водой.",Франция,32
628,2026-10-01T12:33:50.860645,20261001_104711_f22aa185,15053100001,parfjumerija/parfjumirovannyj-uhod,Guerlain,Délices de Bain,Гель для душа,6410.0,6410.0,0.0,1,4.7,https://goldapple.ru/15053100001-delices-de-bain/,https://goldapple.ru/parfjumerija/parfjumirovannyj-uhod?p=32,"Дом Guerlain представляет новую линию средств для тела, в которых объединяется искусство Красоты с искусством ванных процедур.
Чувственные текстуры, восхитительно свежий аромат с нотами цитрусов и белого мускуса, изысканная упаковка, вдохновленная дизайном легендарного флакона с пчелами, – позвольте себе восхитительные моменты расслабления с роскошными средствами Délices de Bain.
Средства идеально сочетаются со всеми парфюмерными творениями Guerlain и одинаково гармонично подходят и женщинам, и мужчинам.
Парфюмированный Гель для душа Les Délices de Bain при контакте с водой превращается в нежнейшую душистую пену. Он делает кожу мягкой и упругой, даря ей тонкий изысканный аромат.",Не указано,Франция,32
629,2026-10-01T12:33:59.096283,20261001_104711_f22aa185,19000021520,parfjumerija/parfjumirovannyj-uhod,Zielinski & Rozen,"Vetiver, Lemon",Кондиционер для волос,2990.0,2990.0,0.0,1,4.6,https://goldapple.ru/19000021520-vetiver-lemon-bergamot/,https://goldapple.ru/parfjumerija/parfjumirovannyj-uhod?p=32,"Кондиционер смягчает, питает и разглаживает волосы, восстанавливает их структуру и облегчает расчесывание и укладку. Ароматы продукции Zielinski&Rozen изменили свое наименование без изменения состава.","Нанесите небольшое количество на чистые влажные волосы, оставьте на минуту и затем смойте.",Израиль,32
630,2026-10-01T12:34:08.367457,20261001_104711_f22aa185,99000018251,parfjumerija/parfjumirovannyj-uhod,BOCA AROMA,One and only,Увлажняющее крем-мыло для рук,1565.0,1565.0,0.0,1,4.9,https://goldapple.ru/99000018251-one-and-only/,https://goldapple.ru/parfjumerija/parfjumirovannyj-uhod?p=32,"Парфюмированное крем-мыло «Boca Aroma» бережно и мягко очищает кожу рук, питает, увлажняет и помогает поддерживать её гладкость и бархатистость. Кремовая текстура дополняется лёгким ароматным шлейфом, создающим атмосферу роскошного спа-отеля. Формула с алоэ вера, пантенолом, глюконолактоном и мягкими поверхностно-активными веществами на основе кокосового масла успокаивает и смягчает кожу, способствует её увлажнению и защите. Крем-мыло создаёт защитный барьер и помогает сохранять ощущение увлажнённости в течение дня.",Нанесите небольшое количество крем-мыла на влажную кожу рук. Распределите. Тщательно смойте водой.,Россия,32
631,2026-10-01T12:34:17.594402,20261001_104711_f22aa185,19000272936,parfjumerija/parfjumirovannyj-uhod,Camomilla Blu,Fior di Camomilla,Питательный очищающий гель для лица и тела для чувствительной кожи,972.0,972.0,0.0,1,4.3,https://goldapple.ru/19000272936-fior-di/,https://goldapple.ru/parfjumerija/parfjumirovannyj-uhod?p=32,"Гидролат ромашки и мед задают этому очищающему гелю мягкое, питательное направление для чувствительной кожи лица и тела. Средство удаляет повседневные загрязнения, помогает сохранить естественный гидролипидный баланс и оставляет после смывания ощущение свежести, мягкости и комфорта без выраженной стянутости. Дистиллированная вода цветков ромашки обеспечивает успокаивающий и смягчающий уход, а мед дополняет формулу питательными и защитными свойствами. Глицерин и мочевина поддерживают комфорт кожи, пока мягкая очищающая база смывает загрязнения. Формула рассчитана на регулярное применение и не перегружает кожу плотным остаточным слоем. Линия Fior di Camomilla объединяет ежедневное очищение лица и тела в одном удобном формате. Средство особенно актуально для нежной, обезвоженной и чувствительной кожи, когда в повседневном уходе важны деликатность, мягкость и спокойное ощущение после очищения.","Нанесите средство на губку или непосредственно на влажную кожу лица и тела, мягко очистите кожу, затем тщательно смойте водой. Подходит для ежедневного применения.",Италия,32
632,2026-10-01T12:34:26.726901,20261001_104711_f22aa185,19000324264,parfjumerija/parfjumirovannyj-uhod,Краснополянская косметика,Ароматный Глинтвейн,Нет категории,517.0,517.0,0.0,1,4.5,https://goldapple.ru/19000324264-aromatnyj-glintvejn/,https://goldapple.ru/parfjumerija/parfjumirovannyj-uhod?p=32,"Гель для душа «Глинтвейн» - невероятно ароматное решение для ежедневного бережного очищения кожи и восстановления ее мягкости и комфорта. С первых секунд нанесения гель обволакивает согревающим и слегка терпким ароматом, унося усталость и повышая уровень энергии благодаря своему ароматерапевтическому эффекту. - Миндальное масло в сочетании с экстрактами ромашки, мяты и шалфея питает и восстанавливает кожу, способствует нормализации ее водного – липидного баланса, устраняет чувство дискомфорта. - Эфирные масла гвоздики, апельсина, лимона и корицы улучшают микроциркуляцию, согревают тело после воздействия холода, снимают усталость и повышают настроение.","Нанесите на влажную кожу, слегка помассируйте при помощи мягкой губки в течение 1–2 минут. Тщательно смойте водой. Не допускайте попадания в глаза!",Россия,32
633,2026-10-01T12:34:36.995296,20261001_104711_f22aa185,19000283241,parfjumerija/parfjumirovannyj-uhod,Byredo,Mojave Ghost,Нет категории,4702.0,4702.0,0.0,1,5.0,https://goldapple.ru/19000283241-mojave-ghost/,https://goldapple.ru/parfjumerija/parfjumirovannyj-uhod?p=32,"Mojave Ghost (Пустынный призрак) – это древесная композиция, вдохновленная красотой и тайной пустыни Мохаве. На этой засушливой безжизненной земле редкое растение осмелится цвести. Легкие и изящные оттенки мускусной амбретты в верхних нотах соединяются со свежим звучанием ямайской саподиллы. В сердце раскрываются пудровые ноты фиалки, обнажая сандаловое дерево. А в базе звучат амбра и кедр в огранке теплого шантильского мускуса, оставляя на коже аромат редкого призрачного цветка пустыни Мохаве.",Нанести небольшое количество крема на кожу рук массажными движениями до полного впитывания.,Франция,32
634,2026-10-01T12:34:49.195644,20261001_104711_f22aa185,19000438929,parfjumerija/parfjumirovannyj-uhod,Synergetic,черный перец,Парфюмированный скраб для тела,283.0,283.0,0.0,1,4.8,https://goldapple.ru/19000438929-cernyj-perec/,https://goldapple.ru/parfjumerija/parfjumirovannyj-uhod?p=32,"Парфюмированный скраб для тела SYNERGETIC black pepper/черный перец деликатно отшелушивает и очищает кожу. Экстракты кедра и шалфея тонизируют кожу, масло черного тмина дарит упругость, а масло ши бережно увлажняет. Насыщенная и глубокая парфюмерная композиция с восточным характером, который раскрывается элегантностью и чувственностью чёрного перца, мускусными оттенками амбры и пряными нотами специй. В сердце букета – выраженные лесные и дымно-древесные вкрапления, которые словно источают аромат смолистой коры старого тысячелетнего дерева и придают аромату теплоту и соблазнительность. Аромат создаёт уверенное и энергичное настроение, пробуждает силу и страсть, вдохновляет на смелые, авантюрные и захватывающие моменты.","Нанести скраб на влажную кожу, помассировать и тщательно смыть водой. Возможно отслоение масла и незначительное изменение цвета скраба, не влияющие на его качество и свойства.",Россия,32
635,2026-10-01T12:34:59.616901,20261001_104711_f22aa185,19000032752,parfjumerija/parfjumirovannyj-uhod,HFC,DIAMOND IN THE SKY,Гель для душа,4882.0,4882.0,0.0,1,4.7,https://goldapple.ru/19000032752-diamond-in-the-sky/,https://goldapple.ru/parfjumerija/parfjumirovannyj-uhod?p=32,"Каждая женщина в мире обладает особым сиянием. Мечтая о необычных приключениях, тайнах и любви, она готова взлететь над землей при взгляде на пульсирующее бриллиантами звездное небо.","Небольшое количество геля равномерно распределите по всей поверхности кожи, затем смойте теплой водой",Франция,32
636,2026-10-01T12:35:11.565064,20261001_104711_f22aa185,99000110936,parfjumerija/parfjumirovannyj-uhod,Somna Secra,Eternal Glow,Увлажняющее молочко-шиммер для тела,996.0,996.0,0.0,1,4.4,https://goldapple.ru/99000110936-eternal-glow/,https://goldapple.ru/parfjumerija/parfjumirovannyj-uhod?p=32,"Eternal Glow — увлажняющее молочко-лосьон для тела с деликатным шиммером и парфюмированным шлейфом. Это многофункциональное средство, которое объединяет уход, аромат и сияние — питает, смягчает и визуально выравнивает тон кожи. Эффект похож на жидкие колготки: кожа выглядит ровной, сияющей и ухоженной. Подходит как для ежедневного применения, так и для особых случаев, когда хочется чувствовать себя особенно женственной и уверенной. Формула сочетает уход за телом и ароматерапию. Амбра — даёт телесный, мягкий шлейф. Ваниль и тонка — уютная база с оттенком женственности. Лаванда — добавляет свежесть и внутренний комфорт. Шиммер для тела — мика и диоксид титана дарят коже деликатное сияние без навязчивого блеска. Eternal Glow особенно красиво раскрывается на светлой коже славянского типа, подчёркивая её фарфоровую гладкость. При этом крем-шиммер мягко подсвечивает любой оттенок кожи, визуально улучшая её текстуру и тон. Увлажняющая база, как у баттера, с маслами ши и миндаля глубоко питает кожу, а глицерин удерживает влагу. Лёгкая текстура впитывается за секунды, не оставляя липкости или жирности, не пачкает одежду. Подходит для всех типов кожи, включая чувствительную. Может использоваться как мист-шиммер при нанесении на зону декольте или плеч для быстрого эффекта перед выходом. Somna Eternal Glow — это не просто уход. Это энергия кожи, света и желания — в каждой капле.","1. Нанесите небольшое количество молочка на слегка влажную кожу после душа, уделяя внимание зонам декольте, плечам и другим участкам, где желательно подчеркнуть мерцающий эффект. 2. Аккуратно распределите массажными движениями до полного впитывания. Используйте ежедневно для поддержания увлажнённости и сияющего вида кожи.",Беларусь,32
637,2026-10-01T12:35:22.036776,20261001_104711_f22aa185,19000041990,parfjumerija/parfjumirovannyj-uhod,PRESS GURWITZ PERFUMERIE,"№3 Tobacco, Cinnamon, Vanilla",Гель для душа,1439.0,1439.0,0.0,1,4.5,https://goldapple.ru/19000041990-no3/,https://goldapple.ru/parfjumerija/parfjumirovannyj-uhod?p=32,"Гель для душа Press Gurwitz Perfumerie, обогащенный экстрактами алое вера, а так же маслом авокадо и пантенолом, бережно очищает кожу и ухаживает за ней. Дымчатый, уютный и пряный аромат. в котором ярко сочетаются ноты мадагаскарской ванили, табака, жгучей корицы. Натуральный гель для душа хорошо увлажняет и питает кожу, восстанавливает ее защитные свойства, успокаивает и удерживает влагу внутри. Гипоаллергенный гель не сушит кожу и не нарушает естественный PH-баланс, наполняет кожу витаминами и аминокислотами, подходит даже для чувствительной кожи, подходит даже для чувствительной кожи. В коллекции используются селекционные авторские ароматы, которые остаются с вами надолго. Все ароматы унисекс.","Нанести небольшое количество на тело, затем смыть",Россия,32
638,2026-10-01T12:35:32.332204,20261001_104711_f22aa185,99000136200,parfjumerija/parfjumirovannyj-uhod,GESSEN,Vol.1 Velata,Увлажняющий парфюмированный гель для душа,864.0,864.0,0.0,1,5.0,https://goldapple.ru/99000136200-vol-1-velata/,https://goldapple.ru/parfjumerija/parfjumirovannyj-uhod?p=32,"Vol. 1 — деликатные увлажняющие гели для самой требовательной кожи. Аромат Velata — шелковый шлейф золотой эры элегантности дарит изысканный аромат винтажного парфюма. Верхние ноты: альдегиды, мандарин, ландыш. Средние ноты: роза, ирис. Нижние ноты: сандал, кашмеран, амбра. Gessen — бренд, сочетающий точную науку с миром эмоций. Gessen создаёт продукты, в которых эффективные формулы встречаются с силой ароматических ассоциаций. Концепция «мест-состояний» помогает превратить рутинные действия в моменты наслаждения и самопознания.","Нанесите на влажную кожу тела или губку, помассируйте до образования пены, смойте водой. Избегайте контакта с глазами. При попадании в глаза тщательно промыть водой.",Россия,32
639,2026-10-01T12:35:41.543102,20261001_104711_f22aa185,19000240974,parfjumerija/parfjumirovannyj-uhod,Moschino,Toy 2 pearl,Парфюмированный лосьон для тела,2900.0,2900.0,0.0,1,4.6,https://goldapple.ru/19000240974-toy-2-pearl/,https://goldapple.ru/parfjumerija/parfjumirovannyj-uhod?p=32,"Парфюмированный лосьон для тела MOSCHINO увлажняет и смягчает кожу, оставляя на ней тонкий аромат. Игривая и переливающаяся композиция TOY 2 PEARL с нотами лимонного сорбета, жасмина, орегано, фрезии и песка переносит на залитый солнцем и омываемый свежими морскими волнами райский остров.",Нанесите на чистую кожу тела и распределите круговыми массажными движениями до полного впитывания.,Италия,32
640,2026-10-01T12:36:12.831531,20261001_104711_f22aa185,19000464152,parfjumerija/parfjumirovannyj-uhod,Yves Rocher,Новогодний мандарин,Парфюмированный спрей для тела и волос,1192.0,1192.0,0.0,1,4.6,https://goldapple.ru/19000464152-novogodnij-mandarin/,https://goldapple.ru/parfjumerija/parfjumirovannyj-uhod?p=33,"Легкий парфюмированный спрей с искрящимся фруктовым ароматом мандарина и древесными нотами окутывает тело и волосы невесомой вуалью, оставляя деликатный шлейф. Новинка из лимитированной коллекции, которую нельзя пропустить! 97% ингредиентов натурального происхождения.","Распыляйте на тело и волосы; не наносите на раздраженную кожу и на зону подмышечных впадин, избегайте попадания в глаза.",Франция,33
641,2026-10-01T12:36:22.534409,20261001_104711_f22aa185,19000295730,parfjumerija/parfjumirovannyj-uhod,4FRESH beauty,"Экстрапитание и восстановление, Attractive",Бальзам для волос,699.0,699.0,0.0,1,4.5,https://goldapple.ru/19000295730-extra-nutrition-and-recovery/,https://goldapple.ru/parfjumerija/parfjumirovannyj-uhod?p=33,"Интенсивно ухаживает за окрашенными и поврежденными волосами. Комплекс растительных церамидов восстанавливает повреждения кортекса, снижает ломкость и запечатывает секущиеся кончики. Масла арганы, брокколи, авокадо и жожоба глубоко питают и смягчают, делают локоны послушными и блестящими. Протеины пшеницы повышают эластичность волос и защищают их от негативного внешнего воздействия. Верхние ноты: карамельное яблоко; Ноты сердца: сладкая ваниль, жасмин; Нижние ноты: сандал, бобы тонка. Сложный многогранный аромат Scentease Attractive со сливочно-ванильным послевкусием раскрывает внутреннюю привлекательность и улучшает эмоциональный фон. Эффективность доказана научными исследованиями.","Нанесите бальзам на чистые влажные волосы, равномерно распределите по всей длине, оставьте на 2-3 минуты, тщательно смойте водой.",Россия,33
642,2026-10-01T12:36:32.659526,20261001_104711_f22aa185,99000128332,parfjumerija/parfjumirovannyj-uhod,Peach,Blanc,Нет категории,499.0,499.0,0.0,1,4.9,https://goldapple.ru/99000128332-blanc/,https://goldapple.ru/parfjumerija/parfjumirovannyj-uhod?p=33,"Крем для рук Blanc удивляет своей невесомой текстурой и при этом работает на глубоком уровне. Обогащенный питательными маслами ши, миндальным и кокосовым и витаминами, он запускает процессы активного восстановления, насыщает влагой, смягчает и дарит коже необходимое питание. Его тающая текстура позволяет наносить крем легко и быстро, без жирного блеска. А удобный формат делает его идеальным спутником в вашей сумочке для поддержания красоты и здоровья рук в любой ситуации.",1. Небольшое количество крема нанести на руки. 2. Распределить массажными движениями.,Беларусь,33
643,2026-10-01T12:36:42.296364,20261001_104711_f22aa185,19000412766,parfjumerija/parfjumirovannyj-uhod,Yves Rocher,AMBRE NOIR,Нет категории,761.0,761.0,0.0,1,5.0,https://goldapple.ru/19000412766-ambre-noir/,https://goldapple.ru/parfjumerija/parfjumirovannyj-uhod?p=33,Парфюмированный гель для душа для мужчин подчеркивает восточные и древесные нотки туалетной воды «Ambre Noir»‚ оставляя на коже легкий аромат. Дизайн упаковки может отличаться.,"Нанести на влажные волосы и кожу тела, помассировать до появления пены, тщательно смыть водой. Избегать попадания в глаза. Хранить в недоступном для детей месте.",Франция,33
644,2026-10-01T12:36:49.930309,20261001_104711_f22aa185,99000046359,parfjumerija/parfjumirovannyj-uhod,BOCA AROMA,"almond, peach, olive oil & shea, grapeseed oil",Набор для тела,3150.0,3150.0,0.0,1,4.6,https://goldapple.ru/99000046359-almond-peach-olive-oil-shea-grapeseed-oil/,https://goldapple.ru/parfjumerija/parfjumirovannyj-uhod?p=33,"Гель-масло для душа объемом 400 мл создано для ежедневного деликатного очищения кожи тела. Оливковое, персиковое и миндальное масла – идеально смягчают и питают, насыщают витаминами. Мочевина, экстракт алоэ вера, бетаин, пантенол - эффективно увлажняют, успокаивают и восстанавливают кожу. Инулин – пребиотик растительного происхождения, поддерживает здоровый микробиом. Глюконолактон - эффективный антиоксидант, защищает кожу от УФ-повреждения, стресса, негативного воздействия экологии, возрастных изменений. Шелковая текстура гель-масла превосходно ухаживает за кожей, а изысканный парфюмированный аромат дарит отличное настроение на весь день. Лосьон для рук и тела парфюмированный объемом 400 мл дарит коже непревзойдённую гладкость и мягкость, эффективно устраняет сухость и шелушение, насыщая витаминами. Масло ши, масло виноградных косточек, касторовое масло, инулин, бетаин, глюконолактон, гиалуроновая кислота, гидроксиэтилмочевина интенсивно увлажняют, питают, тонизируют, активизируют выработку коллагена. Крем отлично ухаживает за кожей рук, придавая ей аромат изысканного парфюма.","Гель-масло для душа: легкими массирующими движениями нанесите гель-масло на влажную кожу тела, вспеньте, смойте водой. Лосьон для рук и тела парфюмированный: нанесите небольшое количество крема на чистую сухую кожу рук и равномерно распределите легкими массирующими движениями.",Россия,33
645,2026-10-01T12:37:00.267943,20261001_104711_f22aa185,99000112721,parfjumerija/parfjumirovannyj-uhod,Burley,Султана,Сахарный скраб для тела,585.0,585.0,0.0,1,5.0,https://goldapple.ru/99000112721-sultana/,https://goldapple.ru/parfjumerija/parfjumirovannyj-uhod?p=33,"Cахарный скраб «Султана» от бренда Burley разработан для деликатного отшелушивания, интенсивного питания и увлажнения, выравнивания рельефа кожи, улучшения тонуса, а также для расслабления благодаря приятной парфюмированной композиции. Его формула сочетает деликатные скрабирующие компоненты (мелкие кристаллы сахара и нежная пудра из скорлупы миндаля), натуральные масла, витамины и растительные экстракты, обеспечивая бережное отшелушивание, улучшение эластичности и защиту кожи от пересушивания и внешних воздействий. Эффективный и безопасный скраб, который не просто отшелушивает, но и дарит коже мгновенное ощущение ухоженности и комфорта. Подходит для всех типов кожи.","1. Нанести необходимое количество скраба на влажную кожу тела легкими круговыми движениями, слегка помассировать. 2. Смыть теплой водой. 3. Подходит для ежедневного использования. Только для наружного применения.",Россия,33
646,2026-10-01T12:37:09.325681,20261001_104711_f22aa185,7140600005,parfjumerija/parfjumirovannyj-uhod,NINA RICCI,Nina,Лосьон для тела,3995.0,3995.0,0.0,1,4.7,https://goldapple.ru/7140600005-nina/,https://goldapple.ru/parfjumerija/parfjumirovannyj-uhod?p=33,"Nina ― соблазнительно-сладкое имя героини, рожденной под счастливой звездой. Она ― спонтанная и радостная муза, живущая своей очаровательной мечтой. Так же назван и ее аромат: элегантный и ультраженственный шлейф, который, впервые раскрываясь, демонстрирует свои уверенные и благородные грани. Этот парфюм, не похожий ни на один другой, представляет собой поэтическую композицию из ярких аккордов калабрийского лимона, лайма кайпиринья, гардении, яблока в карамели, кедрового дерева и белого мускуса. Лосьон для тела Nina станет прекрасным дополнением к оригинальному аромату и неотъемлемой частью ритуалов ухода за собой.",Наносить на чистую сухую кожу легкими массирующими движениями.,Испания,33
647,2026-10-01T12:37:19.012678,20261001_104711_f22aa185,99000123005,parfjumerija/parfjumirovannyj-uhod,WASHRITE,"RUN, tobacco, ginger & spicy notes",Парфюмированный гель для душа 3в1,356.0,356.0,0.0,1,5.0,https://goldapple.ru/99000123005-run/,https://goldapple.ru/parfjumerija/parfjumirovannyj-uhod?p=33,"Парфюмированный гель для душа Run — идеальный выбор для мужчин, которые ведут активный образ жизни, увлекаются спортом и фитнесом. Он создан для тех, кто ценит насыщенные ароматы и ищет надёжное средство ухода за кожей после тренировок. Нотки табака, ванили и какао придают этому средству ощущение теплоты, уверенности и изысканности, подчёркивая индивидуальность. Мужской гель для душа не только эффективно очищает кожу, но и глубоко увлажняет её, защищая от сухости и даря комфорт на весь день. Формула с натуральными компонентами помогает поддерживать гидробаланс кожи, оставляя её мягкой и гладкой даже после высоких нагрузок. Люксовый аромат остаётся на теле, даря уверенность и свежесть после любых тренировок. Универсальное уходовое средство 3 в 1 заменит сразу несколько продуктов, обеспечивая полноценный уход за телом. Гель для душа Run гипоаллергенный, подходит для всех типов кожи и увлажняет её в течение всего дня. Парфюмированный гель для душа Run — это уверенность, уход и настоящий акцент в ежедневном ритуале.","1. Возьмите небольшое количество геля, нанесите на влажную кожу, хорошо вспеньте. 2. Тщательно смойте тёплой водой.",Россия,33
648,2026-10-01T12:37:28.148926,20261001_104711_f22aa185,19000404485,parfjumerija/parfjumirovannyj-uhod,To my skin,Baccarat muse,Гель для душа,568.0,568.0,0.0,1,4.6,https://goldapple.ru/19000404485-baccarat-muse/,https://goldapple.ru/parfjumerija/parfjumirovannyj-uhod?p=33,"Гель для душа To My Skin — почувствуй роскошь от прикосновения с кожей. Парфюмированный гель создан на основе натуральных активных компонентов, которые не только бережно и тщательно очищают кожу тела, но и ухаживают за ней, делая тело более мягким и нежным. Мягкий гель для душа Baccarat Muse окутает тело нежнейшей аурой блаженного аромата. В состав увлажняющего геля для душа входят: экстракт риса, витамин E и витамин B5. Экстракт риса — мощный антиоксидант, который выравнивает рельеф и тон кожи, питает и смягчает кожный покров. Витамин Е и витамин В5 — делают кожу упругой и эластичной, устраняют шелушения и защищают. To My Skin — профессиональная уходовая косметика у Вас дома!","Нанесите необходимое количество на влажную кожу, легкими массажными движениями руками или мочалкой вспеньте гель. Тщательно смойте пену теплой водой. Наслаждайтесь бархатистой кожей и ароматом.",Россия,33
649,2026-10-01T12:37:37.346801,20261001_104711_f22aa185,19000467308,parfjumerija/parfjumirovannyj-uhod,Zielinski & Rozen,"Vetiver, Elemi, Patchouli",Твердое мыло,890.0,890.0,0.0,1,5.0,https://goldapple.ru/19000467308-vetiver-elemi-patchouli/,https://goldapple.ru/parfjumerija/parfjumirovannyj-uhod?p=33,"Бережно и эффективно очищает кожу, сохраняя ее мягкость. Подходит для ежедневного использования для рук и тела.","Вспеньте мыло ладонями, затем тщательно смойте теплой водой.",Россия,33
650,2026-10-01T12:37:47.026056,20261001_104711_f22aa185,7034900004,parfjumerija/parfjumirovannyj-uhod,Hugo Boss,Boss The Scent,Дезодорант-стик,1970.0,1970.0,0.0,1,4.6,https://goldapple.ru/7034900004-boss-the-scent/,https://goldapple.ru/parfjumerija/parfjumirovannyj-uhod?p=33,"Бренд Hugo Boss известен своим безупречным стилем и элегантностью, воплощая в себе истинную мужскую харизму и уверенность. Твёрдый дезодорант для мужчин Boss Hugo Boss The Scent — это воплощение соблазнительного аромата, который оставляет неизгладимое впечатление. В его композиции изысканные ноты имбиря, экзотического фрукта манинка и дымчатой кожи постепенно раскрываются, завораживая чувства. Этот компактный дезодорант обеспечит свежесть и аромат даже в самые напряженные дни. Для завершения вашего ежедневного ритуала нанесите дезодорант подмышками столько раз, сколько потребуется в течение дня. Откройте для себя всю линейку BOSS The Scent, чтобы создать гармоничный и запоминающийся образ.",Не указано,Монако,33
651,2026-10-01T12:37:54.456257,20261001_104711_f22aa185,19760330289,parfjumerija/parfjumirovannyj-uhod,Zielinski & Rozen,"Grapefruit, Patchouli, White Rose",Гель для душа,2590.0,2590.0,0.0,1,4.5,https://goldapple.ru/19760330289-grapefruit-rose-patchouli/,https://goldapple.ru/parfjumerija/parfjumirovannyj-uhod?p=33,"Уход, ароматерапия и признание в любви в одном флаконе. Бодрящий аромат способствует пробуждению, натуральные масла увлажняют кожу и питают, а мягкая пена позволяет по-настоящему насладиться редкими минутами наедине с собой. Ароматы продукции Zielinski&Rozen изменили свое наименование без изменения состава.","Нанесите небольшое количество геля на влажную кожу, вспеньте руками или с помощью мочалки, а затем смойте.",Израиль,33
652,2026-10-01T12:38:03.587924,20261001_104711_f22aa185,7030300004,parfjumerija/parfjumirovannyj-uhod,Hugo Boss,Boss Bottled,Нет категории,2380.0,2380.0,0.0,1,4.3,https://goldapple.ru/7030300004-boss-bottled/,https://goldapple.ru/parfjumerija/parfjumirovannyj-uhod?p=33,"Мужчина в стиле BOSS рожден быть успешным — он готов к соперничеству, мотивирован и амбициозен. Ежедневный утренний ритуал — неотъемлемая составляющая его успеха, и дезодорант-стик Hugo Boss Bottled становится его незаменимым оружием на этом пути. Стойкий и современный BOSS Bottled — это легендарная классика в аккуратном и строгом флаконе, прекрасное воплощение стиля BOSS. Это сочетание элегантности и стиля, созданное для современных мужчин. Яркий аромат со свежими и чувственными нотами подчеркивает индивидуальность и изысканность вашего образа и воплощает в себе радость жизни. Аромат герани с едва различимым оттенком гвоздики преобладает над теплыми, пряно-цветочными сердечными нотами, уравновешивая свежую фруктовую верхнюю ноту. Базовая нота решительно мужская — это пульсирующая гармония сандалового дерева, кедра и ветивера. BOSS Bottled — это классика, которая всегда остается актуальной.",Не указано,Монако,33
653,2026-10-01T12:38:12.957212,20261001_104711_f22aa185,19000437806,parfjumerija/parfjumirovannyj-uhod,To my skin,Baccarat Muse,Нет категории,600.0,600.0,0.0,1,4.6,https://goldapple.ru/19000437806-baccarat-muse/,https://goldapple.ru/parfjumerija/parfjumirovannyj-uhod?p=33,"Благодаря составу, основанному на качественных ингредиентах, молочко To my skin обеспечивает нежное увлажнение и питание кожи, предотвращает ее сухость и шелушение. Легкая текстура быстро впитывается, не оставляя липкий слой, окутывая сложным, настраивающим на расслабление ароматом египетского жасмина, белого кедра, миндаля, шафрана и мускуса.",Нанести легкими массажными движениями на чистую и сухую кожу тела.,Россия,33
654,2026-10-01T12:38:20.912445,20261001_104711_f22aa185,19000445886,parfjumerija/parfjumirovannyj-uhod,Versace,YELLOW DIAMOND,подарочный парфюмерный набор,16740.0,16740.0,0.0,1,5.0,https://goldapple.ru/19000445886-yellow-diamond/,https://goldapple.ru/parfjumerija/parfjumirovannyj-uhod?p=33,"Аромат Yellow Diamond – подлинный бриллиант коллекции Versace. Он подобен солнечному свету – яркий, сияющий и лучистый. Насладиться многогранной композицией позволит изысканный набор, в который входят туалетная вода для женщин Yellow Diamond (90 мл), парфюмированный гель для душа (100 мл) и парфюмированный лосьон для тела (100 мл). Набор дополняет стильная и удобная косметичка. Вдохновляющий аромат стартует с завораживающих нот лимона, бергамота, нероли и грушевого сорбета. В сердце композиции раскрываются белая водяная лилия, фрезия, цветы апельсина и мимоза. Базовые древесные ноты и мускус подчёркивают чувственный, яркий и женственный характер композиции.","1. Гель для душа: нанесите на влажную кожу тела, равномерно распределите, затем смойте водой. 2. Лосьон для тела: нанесите на кожу и распределите массирующими движениями. 3. Туалетная вода: распылите с небольшого расстояния. Избегайте попадания средств в глаза.",Италия,33
655,2026-10-01T12:38:30.599480,20261001_104711_f22aa185,19000324479,parfjumerija/parfjumirovannyj-uhod,Zielinski & Rozen,Rosemary & Lemon,Шампунь восстанавливающий,2990.0,2990.0,0.0,1,4.5,https://goldapple.ru/19000324479-rosemary-lemon/,https://goldapple.ru/parfjumerija/parfjumirovannyj-uhod?p=33,"Восстанавливающий шампунь придает силу и возвращает мягкость поврежденным и ломким волосам. Глубоко увлажняет и питает волосы, придает им блеск и мягкость, облегчает расчесывание. Подходит для ежедневного использования. Для комплексного ухода за волосами рекомендуем использовать вместе с восстанавливающей маской.","Вспеньте небольшое количество шампуня в ладонях, распределите по всей длине волос и смойте водой. Подходит для ежедневного использования.",Израиль,33
656,2026-10-01T12:38:39.128152,20261001_104711_f22aa185,19000322316,parfjumerija/parfjumirovannyj-uhod,Zielinski & Rozen,Orange & Jasmine,Скраб для тела,1390.0,1390.0,0.0,1,4.3,https://goldapple.ru/19000322316-orange-jasmine/,https://goldapple.ru/parfjumerija/parfjumirovannyj-uhod?p=33,Содержит натуральную соль Мертвого моря. Способствует нежному удалению мертвых клеток эпидермиса. Обеспечивает длительное ощущение увлажнения и напитанности благодаря маслам. Не требует дополнительного использования крема.,"Нанесите на влажную или распаренную кожу, вотрите массирующими движениями, затем смойте теплой водой.",Израиль,33
657,2026-10-01T12:38:49.079499,20261001_104711_f22aa185,19000422459,parfjumerija/parfjumirovannyj-uhod,La Fabrique,Tobacco & Vanilla,Спрей для тела,324.0,324.0,0.0,1,4.4,https://goldapple.ru/19000422459-tabak-vanil/,https://goldapple.ru/parfjumerija/parfjumirovannyj-uhod?p=33,"Парфюмированный мист для кожи и волос отличается утончённым ароматом, сочетающим сладость ванили, цветочную лёгкость и терпкость табачного листа с нюансами пряных специй. Лёгкая текстура средства быстро впитывается, не оставляет липкости и не пачкает одежду, что делает его комфортным для регулярного использования. В состав миста включены ухаживающие компоненты, поддерживающие увлажнение и мягкость кожи. Благодаря компактному флакону мист легко брать с собой, чтобы освежить образ в любой момент дня.","Перед применением необходимо встряхнуть флакон. Продукт подходит для распыления на разные части тела, волосы и одежду.",Россия,33
658,2026-10-01T12:38:58.149435,20261001_104711_f22aa185,19000322290,parfjumerija/parfjumirovannyj-uhod,Zielinski & Rozen,"Peach, Passion fruit, Musk",Кондиционер для волос,2990.0,2990.0,0.0,1,4.5,https://goldapple.ru/19000322290-peach-passion-fruit-musk/,https://goldapple.ru/parfjumerija/parfjumirovannyj-uhod?p=33,"Смягчает, питает и разглаживает волосы, облегчает расчесывание. Подходит для ежедневного использования.","Небольшое количество кондиционера нанести на чистые влажные волосы. Распределить по всей длине и оставить на несколько минут, смыть водой.",Израиль,33
659,2026-10-01T12:39:06.929829,20261001_104711_f22aa185,19000061264,parfjumerija/parfjumirovannyj-uhod,HFC,INDIAN VENUS,Лосьон для тела,5475.0,5475.0,0.0,1,4.5,https://goldapple.ru/19000061264-indian-venus/,https://goldapple.ru/parfjumerija/parfjumirovannyj-uhod?p=33,"Легкий и воздушный лосьон для тела обеспечит вашей коже необходимый уход, не только даря ей глубокое увлажнение и мягкость в течение 24 часов, но и окутывая ее нежной вуалью изысканного аромата. Насладитесь таинственным восточным путешествием вместе с чувственной цветочно-древесной композицией. Сладкий дуэт мускуса и сандалового дерева подарит вам мечтательное настроение, в то время как лосьон для тела с его богатой ухаживающей формулой придаст вашей коже особую нежность и длительное увлажнение.",для наружного применения.,Франция,33
660,2026-10-01T12:39:30.205295,20261001_104711_f22aa185,19000399441,parfjumerija/parfjumirovannyj-uhod,"hi,dear",Saffron & tonka beans,Крем для рук,900.0,900.0,0.0,1,4.8,https://goldapple.ru/19000399441-saffron-tonka-beans/,https://goldapple.ru/parfjumerija/parfjumirovannyj-uhod?p=34,"Согревающий и манящий аромат Saffron & Tonka. Будоражит все чувства, раскрывается для каждого по-разному: легкая притягательная сладость, глубокое и густое сочетание амбры, мускуса и бобов тонка, игривый и пряный шафран. Подходит жадным до жизни натурам — тем, кто знает, что не надо выбирать, когда можно взять всё сразу. Формула крема создана для ежедневного ухода, чтобы кожа оставалась мягкой, гладкой и защищённой. Интенсивное увлажнение: гиалуроновая кислота и глицерин помогают удерживать влагу, обеспечивая коже ощущение свежести и комфорта. Питание и восстановление: масло ши и витамин Е насыщают кожу, возвращая ей мягкость и эластичность, а натуральные жирные кислоты помогают сохранить её здоровье. Успокоение и защита: алоэ вера и экстракт мелиссы снимают раздражение, укрепляют кожный барьер и поддерживают естественное равновесие. Лёгкая текстура: крем быстро впитывается, не оставляя липкости или жирного блеска. Удобный формат делает его идеальным для ежедневного ухода — всегда под рукой, чтобы дарить коже ощущение заботы",Наносить на кожу рук легкими массажными движениями по мере необходимости.,Россия,34
661,2026-10-01T12:39:39.165328,20261001_104711_f22aa185,19000324480,parfjumerija/parfjumirovannyj-uhod,Zielinski & Rozen,"Black Pepper, Vetiver, Neroli, Amber",Шампунь восстанавливающий,2990.0,2990.0,0.0,1,4.2,https://goldapple.ru/19000324480-black-pepper-vetiver-neroli-amber/,https://goldapple.ru/parfjumerija/parfjumirovannyj-uhod?p=34,"Восстанавливающий шампунь придает силу и возвращает мягкость поврежденным и ломким волосам. Глубоко увлажняет и питает волосы, придает им блеск и мягкость, облегчает расчесывание. Подходит для ежедневного использования. Для комплексного ухода за волосами рекомендуем использовать вместе с восстанавливающей маской.","Вспеньте небольшое количество шампуня в ладонях, распределите по всей длине волос и смойте водой. Подходит для ежедневного использования.",Израиль,34
662,2026-10-01T12:39:50.303258,20261001_104711_f22aa185,19000295733,parfjumerija/parfjumirovannyj-uhod,4FRESH beauty,"Сладкое манго и лепестки франжипани, Joyful",Нет категории,508.0,508.0,0.0,1,4.4,https://goldapple.ru/19000295733-sweet-mango-and-frangipani-petals/,https://goldapple.ru/parfjumerija/parfjumirovannyj-uhod?p=34,"Парфюмированный гель для душа «Сладкое манго и лепестки франжипани» с уникальным селективным ароматом Scentease деликатно очищает и смягчает кожу, повышает настроение и дарит заряд энергии. Формула с пантенолом ускоряет регенерацию клеток, препятствует трансэпидермальной потере влаги и успокаивает. Экстракт манго увлажняет и тонизирует кожу, а масло сладкого миндаля делает ее невероятно нежной и бархатистой. Верхние ноты: яблоко, груша, лайм, арбуз; Ноты сердца: сладкое манго, персик, жасмин, пион; Нижние ноты: мускус, сандал, франжипани; Сложный многогранный аромат Scentease Joyful с яркими фруктовыми нотами дарит чувство беззаботности и улучшает эмоциональный фон. Эффективность доказана научными исследованиями.",Нанесите небольшое количество геля на влажную кожу и распределите нежными массажными движениями. Затем смойте теплой водой.,Россия,34
663,2026-10-01T12:39:59.257001,20261001_104711_f22aa185,26420500045,parfjumerija/parfjumirovannyj-uhod,Acqua di Parma,Barbiere,Нет категории,4690.0,4690.0,0.0,1,4.8,https://goldapple.ru/26420500045-barbiere/,https://goldapple.ru/parfjumerija/parfjumirovannyj-uhod?p=34,"Кремообразный гель, защищает и регенерирует, превращается в богатую пену при контакте с кожей, поднимает волоски для превосходного бритья. Идеально подходит для нежной кожи и для тех, кто предпочитает быстрое бритье. Гель для бритья удобен в использовании, оптимизирует гладкое скольжение бритвы, минимизирует раздражение и ускоряет процесс бритья. Богат эудермальными маслами, не сушит кожу и предотвращает от красноты и раздражения. Оставляет кожу нежной и свежей.","Умойте лицо и шею теплой водой, нанесите тонким слоем гель для бритья на поверхность кожи и приступите к бритью.",Италия,34
664,2026-10-01T12:40:11.003305,20261001_104711_f22aa185,19000160521,parfjumerija/parfjumirovannyj-uhod,HFC,Indian Venus,Гель для душа,5533.0,5533.0,0.0,1,4.8,https://goldapple.ru/19000160521-indian-venus/,https://goldapple.ru/parfjumerija/parfjumirovannyj-uhod?p=34,"Насладитесь настоящим восточным вояжем вместе с этим волнующим цветочно-древесным ароматом. Сладкий дуэт мускуса и сандала наполнит вас мечтательным настроением на весь день, а гель, во мгновение трансформирующийся в приятную пену, подарит коже бережный уход, нежность и длительное увлажнение.",Не указано,Франция,34
665,2026-10-01T12:40:23.138913,20261001_104711_f22aa185,19000438924,parfjumerija/parfjumirovannyj-uhod,Synergetic,черный перец,Парфюмированный крем для рук и тела,468.0,468.0,0.0,1,4.4,https://goldapple.ru/19000438924-cernyj-perec/,https://goldapple.ru/parfjumerija/parfjumirovannyj-uhod?p=34,"Парфюмированный крем для рук и тела SYNERGETIC black pepper/черный перец с маслами карите и кокоса интенсивно питает, смягчает и восстанавливает кожу, оставляет пряный аромат с восточным характером. Масло чёрного тмина увлажняет и освежает кожу, помогает предотвратить появление сухости, улучшает ее структуру и внешний вид. Экстракты кедра и шалфея обладают тонизирующим действием, способствуют сохранению упругости и эластичности, помогают сохранить естественные барьерные свойства кожи. Безопасная формула с высокой концентрацией натуральных компонентов не содержит минеральных масел, силиконов и красителей. Ламеллярная эмульсия крема повторяет строение эпидермиса, она позволяет проникать полезным компонентам средства в липидный слой кожи, на клеточном уровне восстанавливая его поврежденные участки и укрепляя защитный барьер. В результате кожа более увлажненная, напитанная, гладкая и упругая. Насыщенная и глубокая парфюмерная композиция с восточным характером, который раскрывается элегантностью и чувственностью чёрного перца, мускусными оттенками амбры и пряными нотами специй. В сердце букета – выраженные лесные и дымно-древесные вкрапления, которые словно источают аромат смолистой коры старого тысячелетнего дерева и придают аромату теплоту и соблазнительность. Аромат создаёт уверенное и энергичное настроение, пробуждает силу и страсть, вдохновляет на смелые, авантюрные и захватывающие моменты.","Нанести массирующими движениями на чистую сухую кожу. Возможно незначительное изменение цвета средства, не влияющее на его качество и свойства.",Россия,34
666,2026-10-01T12:40:32.614870,20261001_104711_f22aa185,19000472643,parfjumerija/parfjumirovannyj-uhod,Botavikos,Golden Glow,Набор по уходу за телом,591.0,591.0,0.0,1,5.0,https://goldapple.ru/19000472643-golden-glow/,https://goldapple.ru/parfjumerija/parfjumirovannyj-uhod?p=34,"Эксклюзивный дуэт облепихового геля для душа и парфюмированного баттер-мусса с золотым мерцанием и ароматом розового дерева и литсеи кубеба. Это роскошный уход, дарящий коже сияние и комфорт. Ароматы розового дерева и литсеи кубеба для ощущения роскоши. Интенсивное питание и защита кожи. Сияние и деликатное золотистое свечение.","Гель для душа нанести на влажную кожу, вспенить и смыть. Баттер-мусс: 1. Мягко распределить по коже, уделяя внимание сухим участкам. 2. Использовать регулярно для поддержания здорового цвета и увлажненности.",Россия,34
667,2026-10-01T12:40:43.272657,20261001_104711_f22aa185,19000521670,parfjumerija/parfjumirovannyj-uhod,4FRESH beauty,Flower Marmalade,Парфюмированный гель для душа,467.0,467.0,0.0,1,5.0,https://goldapple.ru/19000521670-4fresh-beauty-flower-marmalade/,https://goldapple.ru/parfjumerija/parfjumirovannyj-uhod?p=34,"Парфюмированный гель для душа, который превращает уход в чувственный ритуал — мягко очищает кожу, деликатно увлажняя и окутывая её шёлковой нежностью. Пантенол и пребиотики в составе препятствуют появлению сухости и шелушений, ускоряют регенерацию кожи и поддерживают здоровый микробиом. Аромат раскрывается медленно, завораживающе, как тёплый мёд, растекающийся по коже. С первых мгновений слышится бархатная сладость сахарной пудры, переплетённая с нежным жасмином и сливочной ванилью — мягкое, обволакивающее вступление, которое словно растворяется в тепле тела. В сердце композиции — густой золотистый мёд, томный иланг-иланг и пион, придающий аромату кремовую глубину и соблазнительную плотность. Шлейф звучит глубоко и чувственно: тёплый мускус, благородный уд и едва уловимая свежесть можжевельника переплетаются с мягкой сладостью лукума, создавая многослойное, почти гипнотическое послевкусие на коже. Это аромат мягкой силы — той самой внутренней энергии, в которой сочетаются нежность и власть, чувственность и уверенность. Он пробуждает состояние, в котором хочется создавать, притягивать, реализовывать и позволять себе больше. Формула дополнена запатентованными аромамолекулами Scentease®, которые воздействуют на эмоциональное состояние и заряжают энергией. 96,9% натуральных компонентов. Не тестируется на животных. Подходит для чувствительной кожи. Нейтральный физиологичный рН 5,0-5,5.",Нанесите небольшое количество геля на влажную кожу и распределите нежными массажными движениями. Смойте теплой водой.,Россия,34
668,2026-10-01T12:40:54.504159,20261001_104711_f22aa185,19000344116,parfjumerija/parfjumirovannyj-uhod,Bohemia,Amber&Musk,Парфюмированный гель для душа,343.0,343.0,0.0,1,4.4,https://goldapple.ru/19000344116-amber-musk/,https://goldapple.ru/parfjumerija/parfjumirovannyj-uhod?p=34,"Парфюмированный гель для душа амбра и мускус. Эксклюзивная формула с ароматом селективного парфюма. Гель для душа с изысканным ароматом ванили, амбры и бобов тонка подарит незабываемые эмоции и великолепный уход за вашей кожей. Его нежная воздушная пена бережно очищает, не нарушая рН кожи, и предотвращает ее сухость. Насыщенная формула геля содержит все необходимые ингредиенты для молодости, красоты и сияния кожи. Ваша кожа гладкая и нежная, окутанная роскошным шлейфом селективной парфюмерии на целый день. - Комплекс натуральных масел глубоко питает, дарит гладкость и эластичность; - Д-пантенол и витамин Е защищают липидный барьер, смягчают и омолаживают кожу; - Натуральные экстракты предотвращают обезвоживание кожи, тонизируют, дарят свежий и сияющий вид; - Инулин – натуральный пребиотик поддерживает гармоничный баланс микробиома кожи.","Небольшое количество геля нанесите на влажное тело или на мокрую губку и массажными движениями распределите по всему телу, затем тщательно смойте водой. Действие геля обусловлено действием компонентов.",Россия,34
669,2026-10-01T12:41:05.432177,20261001_104711_f22aa185,19000043238,parfjumerija/parfjumirovannyj-uhod,Flame moscow,Marie,Гель для душа,1662.0,1662.0,0.0,1,4.7,https://goldapple.ru/19000043238-marie/,https://goldapple.ru/parfjumerija/parfjumirovannyj-uhod?p=34,"Гель для душа мягко очищает и увлажняет кожу, не покрывая ее пленкой и не стягивая ее. Придает коже деликатный аромат после использования. Имеет приятную легкую пену. Рекомендован для всех типов кожи. Создан из ингредиентов растительного происхождения. Земляные и бальзамические ноты сосны, лесной хвои и мускуса балансируют с яркими лимонными и мятными акцентами. Сандал и кедр добавляют теплоты и близости. Этот аромат напоминает старого хорошего друга: он утонченный, но по-семейному близкий. Верхние ноты: Сосновая хвоя, мята Средние ноты: Кипарис, лимон Базовые ноты: Мох, мускус, сандаловое дерево, кедр",Разотрите капли геля между влажными ладонями и наносите на тело массажными движениями. Смойте водой.,Россия,34
670,2026-10-01T12:41:17.444489,20261001_104711_f22aa185,19000181014,parfjumerija/parfjumirovannyj-uhod,Clarins,Eau Dynamisante,Парфюмированный дезодорант-спрей,2592.0,2592.0,0.0,1,4.1,https://goldapple.ru/19000181014-eau-dynamisante/,https://goldapple.ru/parfjumerija/parfjumirovannyj-uhod?p=34,"Парфюмированный дезодорант-спрей Eau Dynamisante выпущен в дополнение к одноименной ароматической воде. Средство устраняет неприятный запах и предотвращает его появление, оставляя на коже аромат тонизирующей воды Eau Dynamisante с бодрящими нотами.","Используйте средство каждое утро и в любой момент дня. Распыляйте на сухую, чистую кожу, на которой нет раздражений.",Франция,34
671,2026-10-01T12:41:27.002843,20261001_104711_f22aa185,26730600003,parfjumerija/parfjumirovannyj-uhod,Byredo,Bal d'Afrique,Гель для душа,5527.0,5527.0,0.0,1,4.6,https://goldapple.ru/26730600003-bal-d-afrique/,https://goldapple.ru/parfjumerija/parfjumirovannyj-uhod?p=34,"В дополнение к аромату BAL D'AFRIQUE была выпущена коллекция средств по уходу за телом. Мягкий гель для душа окутает тело нежной аурой вашего любимого аромата. Флакон оснащен удобной крышкой, благодаря которой его удобно брать с собой в дорогу. Вся продукция BYREDO не содержит парабенов и включает только натуральные масла. Обращаем внимание: товар поставляется без дозатора.",Не указано,Франция,34
672,2026-10-01T12:41:35.894419,20261001_104711_f22aa185,19000447078,parfjumerija/parfjumirovannyj-uhod,Принцесса,Сказочное сияние,Нет категории,324.0,324.0,0.0,1,4.5,https://goldapple.ru/19000447078-skazocnoe-sianie/,https://goldapple.ru/parfjumerija/parfjumirovannyj-uhod?p=34,"Сказочное сияние добавит волшебную искорку к любому образу! Лёгкий шиммер, как нежная вуаль, сияет и переливается на волосах и коже, не оставляя липкости и стянутости. Нежный парфюмерный аромат дополняет образ прекрасной принцессы! Продукт не содержит микропластика, CMIT/MIT* и аллергенов, легко смывается водой. — Аллантоин активно и глубоко увлажняет, оживляя кожу; — D-пантенол обеспечивает восстановление, мягкость и придает блеск; — Натуральные экстракты фиалки, лотоса и фрезии увлажняют волосы и кожу, придавая блеск и сияние для волшебного преображения.","Перед использованием тщательно встряхнуть! Нанести спрей на волосы и/или кожу, избегая попадания в глаза. Блестки легко смываются водой.",Россия,34
673,2026-10-01T12:41:47.040642,20261001_104711_f22aa185,19000088686,parfjumerija/parfjumirovannyj-uhod,HFC,Wear Love Everywhere,Нет категории,4882.0,4882.0,0.0,1,4.9,https://goldapple.ru/19000088686-wear-love-everywhere/,https://goldapple.ru/parfjumerija/parfjumirovannyj-uhod?p=34,"Ощутите, как жизнь играет новыми красками и позвольте чувству влюбленности наполнить вас изнутри. Легкий гель для душа с чувственным аккордом королевской розы, нотами розового перца и ванили, ухаживающей формулой и богатой пеной подарит вашей коже настоящий SPA-ритуал, придавая ей нежность и надолго окутывая вуалью цветочно-ягодного аромата. Розовый перец, Роза, Ягоды Магнолия, Герань, Ирис, Бурбонская герань Мадагаскарская ваниль, Белый мускус, Сандал","Небольшое количество геля равномерно распределите по всей поверхности кожи, затем смойте теплой водой",Франция,34
674,2026-10-01T12:41:58.449411,20261001_104711_f22aa185,99000168873,parfjumerija/parfjumirovannyj-uhod,Карма,Спелая вишня,Крем для ног с мочевиной,600.0,600.0,0.0,1,5.0,https://goldapple.ru/99000168873-karma-spelaa-visna/,https://goldapple.ru/parfjumerija/parfjumirovannyj-uhod?p=34,"Крем для ног от бренда «Карма»: невероятное увлажнение, питание и мягкость для ваших пяточек! Крем для ног подарит вашим ножкам и пяточкам глубокое увлажнение, питание и мягкость. Результат заметен уже после первого применения: устранение сухости, трещин, обветренности, натоптышей и сухих мозолей. Крем идеален для всех типов кожи: нормальной, сухой, жирной и комбинированной. Подходит для ежедневного применения утром, днём или вечером. Аромат — спелая вишня. Специально разработанная формула с маслами, растительными экстрактами и мочевиной обеспечивает интенсивную защиту, рекомендован как зимний крем для интенсивной защиты. Активно смягчает кутикулу, придавая ухоженный вид пальчикам. Активные компоненты: — Мочевина — интенсивное увлажнение и смягчение даже самой сухой кожи. — Масла ши и кокоса — повышают упругость и эластичность кожи. — Оливковое масло — заживляет трещины, устраняет сухость и шелушение. — Пантенол — глубокое питание, увлажнение и быстрая регенерация клеток эпидермиса. — Ментол — тонизирует, обладает антибактериальным эффектом, снижает потливость и появление неприятного запаха. Крем для ног — увлажнение, питание, защита и забота. Уход превращается в массажный сеанс ароматерапии у вас дома!","Нанесите на чистую кожу стоп, распределите массажными движениями, оставьте до полного впитывания. Подходит для ежедневного использования. Можно наносить крем для немного влажную кожу после душа, чтобы усилить эффект увлажнения.",Россия,34
675,2026-10-01T12:42:08.922487,20261001_104711_f22aa185,19000283261,parfjumerija/parfjumirovannyj-uhod,Byredo,Lost Rose,Жидкое мыло для рук,6270.0,6270.0,0.0,1,5.0,https://goldapple.ru/19000283261-rose/,https://goldapple.ru/parfjumerija/parfjumirovannyj-uhod?p=34,"Жидкое мыло для рук Lost Rose нежно очищает кожу, придавая ей божественный аромат. Розовый перец звучит солнечно и жизнерадостно в сочетании с сочным аккордом малины. Базовые ноты пачули и белого мускуса придают розе утонченную ауру. В интернет-магазине представлен актуальный дизайн товара. При заказе вы можете получить товар как в старом, так и в новом дизайне.","Нанести на влажную кожу, тщательно смыть.",Франция,34
676,2026-10-01T12:42:18.224686,20261001_104711_f22aa185,19000044074,parfjumerija/parfjumirovannyj-uhod,BARBARO,Tourmaline,Парфюмированное масло для бороды,1310.0,1310.0,0.0,1,5.0,https://goldapple.ru/19000044074-tourmaline/,https://goldapple.ru/parfjumerija/parfjumirovannyj-uhod?p=34,"Парфюмированное масло для бороды Barbaro TOURMALINE- это симбиоз внутренней силы и легкой иронии. Верхние ноты созданы теплым кардамоном, плавно переходящие в букет нот сердца кедра, лаванды и терпкого бергамота. Ароматная композиция заканчивает свой путь пикантными нотами ветивера и тмина. Аромат для динамичных мужчин. Масло оптимально подходит для питания и увлажнения бороды, способствует росту и восстановлению волос. Благодаря натуральным маслам и экстракту зеленого кофе в составе, делает бороду мягкой и послушной, а при систематическом применении более густой и красивой.","Нанесите  масло на ладони, разогрейте в руках и массажными движениями нанесите на всю бороду, затем расчешите волосы.",Россия,34
677,2026-10-01T12:42:28.747552,20261001_104711_f22aa185,99000088561,parfjumerija/parfjumirovannyj-uhod,SNNM. ESSENCE CAPTURED BY SYNONYME,GOODBYE DARKNESS,Рефил духов,900.0,900.0,0.0,1,4.4,https://goldapple.ru/99000088561-goodbye-darkness/,https://goldapple.ru/parfjumerija/parfjumirovannyj-uhod?p=34,"GOODBYE DARKNESS - это синоним искушения. Его время наступает, когда солнце уходит за горизонт, а вечерние огни наполняются предвкушением встреч и легких касаний. Ваше присутствие нежное и пленительное. Постепенно проникая в ткань ночи, мысли о Вас наполняют пространство жаждой, но не утоляют её.","Аромат можно наносить на волосы, кожу, одежду.",Россия,34
678,2026-10-01T12:42:38.668318,20261001_104711_f22aa185,99000157432,parfjumerija/parfjumirovannyj-uhod,Faroosh,Sacred Lotus,Восстанавливающий кондиционер для волос,1979.0,1979.0,0.0,1,5.0,https://goldapple.ru/99000157432-faroosh-sacred-lotus/,https://goldapple.ru/parfjumerija/parfjumirovannyj-uhod?p=34,"Кондиционер Sacred Lotus с экстрактом цветков лотоса, коллагеном и гиалуроновой кислотой восстанавливает волосы после многочисленных окрашиваний и агрессивных салонных процедур. Он дарит волосам глубокое увлажнение, уменьшает ломкость и сохраняет яркий, насыщенный цвет после окрашивания. Масла оливы и авокадо питают сухие кончики волос и делают их мягкими и послушными, а пробиотики бережно поддерживают баланс кожи головы, обеспечивая её здоровье. Подходит для всех типов волос. Направлен на: — Защиту цвета и предотвращение вымывания пигмента после окрашивания или завивки. — Восстановление и улучшение структуры пересушённых волос. — Восстановление потерянного блеска и эластичности волос. Ключевые компоненты и их действие: — Экстракт лотоса сохраняет насыщенность цвета после окрашивания и профессиональных процедур, природный антиоксидант. — Коллаген «склеивает» клетки волосяных фолликулов, обеспечивая их целостность и предотвращая ломкость. — Гиалуроновая кислота — настоящий «магнит» для влаги, притягивая её из окружающей среды и удерживая в структуре волоса. — Пробиотики уменьшают ломкость, придавая волосам эластичность и визуально ощутимый объём, не перегружая их. — Масло оливы и авокадо питают сухие кончики волос и делают их мягкими и послушными. Аромат: утончённая парфюмерная композиция с глубоким шлейфом.","После использования бессульфатного шампуня нанесите кондиционер Sacred Lotus от середины длины до кончиков волос, оставьте на 2-3 минуты. Смойте теплой водой.",Россия,34
679,2026-10-01T12:42:51.412479,20261001_104711_f22aa185,19000295741,parfjumerija/parfjumirovannyj-uhod,4FRESH beauty,"Вечерняя магнолия и нероли, Dreamy",Парфюмированный гель для душа,605.0,605.0,0.0,1,4.4,https://goldapple.ru/19000295741-evening-magnolia-and-neroli/,https://goldapple.ru/parfjumerija/parfjumirovannyj-uhod?p=34,"Парфюмированный гель для душа «Вечерняя магнолия и нероли» с уникальным селективным ароматом Scentease деликатно очищает и увлажняет кожу, окунает в мир сладких грез и фантазий. Формула с пантенолом ускоряет регенерацию клеток, препятствует трансэпидермальной потере влаги и успокаивает кожу. Экстракт дамасской розы придает ей гладкость, а масло арганы обеспечивает питание, глубокое увлажнение и восстановление. Верхние ноты: нероли, мандарин, яблоневый цвет; Ноты сердца: магнолия, тубероза, гардения; Нижние ноты: ваниль, кашемир, бензойная смола. Сложный многогранный аромат Scentease Dreamy, где лепестки белых цветов дополнены легкими пудровыми нотами, погружает в состояние безмятежности и улучшает эмоциональный фон. Эффективность доказана научными исследованиями.",нанесите небольшое количество геля на влажную кожу и распределите нежными массажными движениями. Затем смойте теплой водой.,Россия,34
680,2026-10-01T12:43:51.134356,20261001_104711_f22aa185,99000018042,parfjumerija/parfjumirovannyj-uhod,HELDI,"gentle vanilla flavour, vanilla&tobacco",Набор кремов для тела,1090.0,1090.0,0.0,1,4.7,https://goldapple.ru/99000018042-gentle-vanilla-flavour-vanilla-tobacco/,https://goldapple.ru/parfjumerija/parfjumirovannyj-uhod?p=35,"Уходовый набор кремов-баттеров для тела HELDI — это прекрасный выбор для тех, кто хочет сохранить красоту, молодость и здоровье своей кожи. 1. Крем-баттер «Ваниль» — ритуал спокойствия. — Тающая текстура, интенсивное увлажнение, восстановление защитного барьера благодаря церамидам. Делает кожу мягкой и гладкой. — Аромат: мягкая, сливочная ваниль, тёплая и уютная, как плед — идеальна для утра и расслабленного вечера. 2. Крем-баттер «TOBACCO VANILLE» — парфюмерный след. — Питает, смягчает, придаёт коже бархатистость, не оставляя липкости. — Аромат: глубокий, пряный — табак, тёплая ваниль, какао и бобы тонка. Стойкий, интимный шлейф для особых случаев. Почему набор выгоден: — Два настроения и два аромата по цене выгоднее отдельных банок. — Можно чередовать: днём — нежная «Ваниль», вечером — выразительный «Табак-Ваниль». — Идеален как подарок или для собственной парфюмерной коллекции для тела.",Нанесите необходимое количество крем-баттера на чистую кожу тела легкими массажными движениями.,Россия,35
681,2026-10-01T12:44:00.784248,20261001_104711_f22aa185,99000014054,parfjumerija/parfjumirovannyj-uhod,Touchy,fig tea cedar,Крем-баттер для тела,893.0,893.0,0.0,1,4.8,https://goldapple.ru/99000014054-fig-tea-cedar/,https://goldapple.ru/parfjumerija/parfjumirovannyj-uhod?p=35,"Идеально сбалансированный шелковистый крем-баттер с воздушной текстурой, легко впитывается не оставляя жирной пленки на коже. Масла какао и кокоса глубоко питают, увлажняют и успокаивают кожу, обеспечивают доставку других активных компонентов в глубокие слои эпидермиса и активирует резервный потенциал организма. Драгоценные масла виноградной косточки и авокадо повышают эластичность кожи, способствуют синтезу нового коллагена, разглаживают рельеф кожи. Масла персика, рисовых отрубей и зародышей пшеницы включают в себя незаменимые для организма жирные кислоты omega-3-6-9 и комплекс витаминов A, Е, F, способствующий обновлению клеток кожи, защищает от отрицательных УФ-излучений.",Массажными движениями нанести баттер на очищенную кожу.,Россия,35
682,2026-10-01T12:44:11.798724,20261001_104711_f22aa185,99000002915,parfjumerija/parfjumirovannyj-uhod,АЛЬТЕРИЯ,№1 альтер эго,Нет категории,1170.0,1170.0,0.0,1,4.7,https://goldapple.ru/99000002915-no1-al-ter-ego/,https://goldapple.ru/parfjumerija/parfjumirovannyj-uhod?p=35,"Питательная ароматическая дымка — это… Характерный и соблазнительный ароматический мист для тела. Обволакивающая невесомая дымка для волос и тела. Увлажняющий лосьон-мист для питания даже самых деликатных и капризных мест территории Вашей женственности. Питательная сыворотка для ухода за кожей тела — от кончиков пальцев ног до шеи. Освежающий и восстанавливающий мист для кожного покрова. Величественная ароматическая пирамида: Вершина: инжир, красный апельсин. Сердцевина: лист инжира, водная лилия. База: сандал, кедр, белый мускус. Активные ингредиенты: экстракт алоэ вера, гиалуроновая кислота, пантенол (провитамин В5), бетаин (увлажнитель), провитамин В3 (ниацинамид), аминокислоты серин и аланин, пролин, лизин, треонин, глутаминовая кислота. В составе: Экстракт алоэ вера — лечебное растение, в котором содержится более 300 полезных веществ и витаминов. Гиалуроновая кислота, которая притягивает и накапливает влагу на поверхности кожи, создаёт лёгкую защитную плёнку, предотвращает обезвоживание и разглаживает морщины. Провитамин В5 (пантенол) — обладает ранозаживляющими и метаболическими свойствами, участвует в процессах биосинтеза и регенерации эпителиальной и соединительной ткани. Провитамин В3 (ниацинамид) — способствует поддержанию баланса церамидов (липидов, формирующих верхний слой кожи) и жирных кислот, помогает восстанавливать гидролипидную покров кожи, локализует воспаления и снимает раздражение. Предупреждает возрастные признаки: морщины, пигментацию, снижение тургора (упругости и эластичности) и тонуса кожи. Бетаин (увлажнитель) — удерживает в клетках кожи молекулы воды, не дает им просачиваться сквозь клеточные мембраны. Смягчает кожу, успокаивает, ускоряет восстановление тканей. Аминокислоты серин и аланин, пролин, лизин, треонин — вместе они несут защитную функцию, увлажняют, улучшают структуру кожи, поддерживают баланс влажности кожи, не допуская обезвоживания. Глутаминовая кислота — незаменимая аминокислота повышает эластичность и упругость кожи, улучшает ее иммунитет, а также стимулирует выработку собственного коллагена.","Распыляйте ежедневно на очищенную кожу и волосы после душа. Применять дымку-мист можно по мере необходимости для поддержания яркости ароматического шлейфа, а также после уходовых ритуалов перед сном для погружения в легкое облако аромата. Возможно использовать для ароматизации нижнего белья и постельных комплектов. Не наносите на лицо. Не храните вблизи источника тепла. Меры предосторожности: возможна индивидуальная непереносимость ингредиентов, входящих в состав.",Россия,35
683,2026-10-01T12:44:22.765075,20261001_104711_f22aa185,19000371310,parfjumerija/parfjumirovannyj-uhod,Xerjoff,Renaissance,Нет категории,4207.0,4207.0,0.0,1,4.7,https://goldapple.ru/19000371310-renaissance/,https://goldapple.ru/parfjumerija/parfjumirovannyj-uhod?p=35,"Вдохновленный классической итальянской dolce vita, Renaissance – яркий, чистый, искрящийся аромат, в котором бергамот и лимон звучат в окружении кедра и пачули, а нестандартные сочетания нот и аккордов нисколько не утяжеляют эту легкую композицию. XJ 1861 – коллекция ароматов, выпущенная в честь 150-летия объединения Италии. Это признание основателя Xerjoff, Серджио Момо, в любви к своей стране, отражение ее величия, очарования и культурного наследия. Натуральные дезодоранты созданы на основе композиции эфирных масел и чистой эссенции, поэтому ощущаются ярче: в отличие от пропеллентов, эти компоненты позволяют аромату дольше сохраняться после нанесения и при этом смягчают кожу. Благодаря тончайшему распылению натуральные дезодоранты xerjoff сразу после нанесения мгновенно высыхают и подходят даже для самой чувствительной кожи. Каждый такой флакон станет вашим незаменимым спутником в дороге и будет дарить мгновенное ощущение свежести с вашими любимыми ароматами. При производстве натуральных дезодорантов xerjoff мы не изменяем своим принципам в отношении защиты окружающей среды: вся упаковка изготовлена из вторичного сырья, которое, в свою очередь, пригодно для дальнейшей переработки.",После принятия ванны или душа распылите на чистую кожу подмышек и дайте высохнуть.,Италия,35
684,2026-10-01T12:44:32.479181,20261001_104711_f22aa185,99000116720,parfjumerija/parfjumirovannyj-uhod,Beauty365,shimmer body oil,Мерцающее парфюмированное масло для тела SPF 10,1580.0,1580.0,0.0,1,5.0,https://goldapple.ru/99000116720-shimmer/,https://goldapple.ru/parfjumerija/parfjumirovannyj-uhod?p=35,"Роскошное, лёгкое солнцезащитное масло с добавлением шиммера быстро впитывается и глубоко увлажняет. Сияющие частицы золотого, бронзового и розового оттенков моментально преображают, создавая эффект многогранного мерцания и гладкой, идеальной кожи. Масло легко распределяется, быстро впитывается и не забивает поры. После использования кожа становится мягкой, шелковистой, максимально напитанной и увлажнённой. Синергия ценных масел в составе (масла авокадо, арганы, жожоба, камелии, макадамии) восстанавливает гидролипидный баланс, стимулирует синтез меланина, устраняет раздражение и уменьшает воспаления, а также подтягивает и разглаживает кожу. Моментальный результат: кожа сияет, выглядит ухоженной и защищённой от солнца. Средство идеально подходит для пляжа, вечеринок или фотосессий. Чувственный и тёплый аромат открывается фруктовыми сочными нотами экзотических фруктов и лесных ягод. В сердце аромата раскрывается искрящаяся фруктовая феерия с нотами нежного ландыша, а шлейф подчеркнёт изысканную ауру утончённой чувственности: нежный гелиотропин, сандал, ваниль, мускус и пачули.","Обязательно встряхните флакон с маслом перед использованием. Распределите небольшое количество масла по телу лёгкими массажными движениями. Наносите масло на чистую, сухую кожу после душа или перед выходом на солнце.",Россия,35
685,2026-10-01T12:44:41.863464,20261001_104711_f22aa185,99000119136,parfjumerija/parfjumirovannyj-uhod,MOYORY,AMBER & BLACK PEPPER,Парфюмированное мыло-пенка для рук и тела,550.0,550.0,0.0,1,4.7,https://goldapple.ru/99000119136-amber-black-pepper/,https://goldapple.ru/parfjumerija/parfjumirovannyj-uhod?p=35,"Жидкое мыло-пенка от Moyory — идеальное средство для ежедневного ухода за кожей рук и тела. В стильном флаконе объемом 400 мл это парфюмированное мыло мягко очищает и увлажняет кожу, даря ей мягкость и комфорт. Мягкая текстура мыла с глубоким соблазнительным ароматом амбры и черного перца превращает обычное мытье в настоящий ритуал удовольствия. Специально разработанная формула защищает кожу от сухости и раздражения, обеспечивая антибактериальный эффект и предотвращая аллергические реакции, что делает его идеальным для использования как взрослыми, так и детьми.","Нанесите пенку на руки или тело, тщательно распределите, помассируйте и смойте водой.",Россия,35
686,2026-10-01T12:44:52.126146,20261001_104711_f22aa185,83321800008,parfjumerija/parfjumirovannyj-uhod,Jo Malone London,English Pear & Freesia,Гель для душа,2780.0,2780.0,0.0,1,4.6,https://goldapple.ru/83321800008-english-pear-freesia/,https://goldapple.ru/parfjumerija/parfjumirovannyj-uhod?p=35,"Гель для душа с элегантным ароматом English Pear & Freesia бережно очищает и смягчает кожу, оставляя на ней деликатный шлейф. Чувственная свежесть спелой груши в букете белых фрезий, украшенная амброй, пачули и древесным оттенком. Формула, обогащенная кофеином и экстрактом пенника лугового, превращается в атласную пену при контакте с водой. Философия сочетания ароматов: Все ароматы и текстуры Jo Malone London можно использовать самостоятельно и в сочетании с другими, создавая уникальные композиции. Чтобы придать аромату свежих акцентов и создать более яркий образ сочетайте English Pear & Freesia с искрящимся ароматом цветов клементина - Orange Blossom. Чтобы придать аромату теплых оттенков и создать более чувственный образ сочетайте English Pear & Freesia с соблазнительным ароматом пионов и дольки красного яблока - Peony & Blush Suede.",Нанесите небольшое количество геля массирующими движениями на влажную кожу и тщательно смойте водой.,Великобритания,35
687,2026-10-01T12:45:00.866536,20261001_104711_f22aa185,99000039749,parfjumerija/parfjumirovannyj-uhod,AROCELL,02 Vetiver,Крем для рук,975.0,975.0,0.0,1,4.9,https://goldapple.ru/99000039749-02-vetiver/,https://goldapple.ru/parfjumerija/parfjumirovannyj-uhod?p=35,"Омолаживающий крем для рук интенсивно увлажняет и питает, избавляет от сухости и шелушений, успокаивает раздражение и ускоряет заживление повреждений, борется с возрастными изменениями, разглаживая морщины и осветляя пигментацию. Формула продукта содержит 5% Biolipid Shea — ферментированное масло ши, которое буквально встраивается в липидный слой и обладает ещё большей способностью удерживать влагу, препятствуя сухости и обезвоженности, активизирует процесс регенерации, защищает от агрессивного воздействия внешних факторов, а также выполняет роль бустера, «проталкивая» активы вглубь кожного покрова. Тающая текстура моментально впитывается без остатка и оставляет матовый, нежирный финиш. Средство обладает освежающим ароматом ветивера.",На чистую кожу рук нанесите небольшое количество крема лёгкими массажными движениями до полного впитывания.,Республика корея,35
688,2026-10-01T12:45:12.667258,20261001_104711_f22aa185,19000514279,parfjumerija/parfjumirovannyj-uhod,Акс,рубиновая вишня,мужской дезодорант-спрей,511.0,511.0,0.0,1,4.7,https://goldapple.ru/19000514279-axe-rubinovaa-visna/,https://goldapple.ru/parfjumerija/parfjumirovannyj-uhod?p=35,"Дезодорант мужской спрей «АКС Рубиновая вишня» дарит ощущение уверенности в любой ситуации. Этот уходовый продукт становится неотъемлемой частью образа, придавая решительность и позволяя выразить индивидуальность. Дезодорант обогащен натуральными эфирными маслами и защитным комплексом, нейтрализующим неприятный запах. Эффективно блокирует появление неприятного запаха на протяжении 72 часов. Бережная формула не вызывает раздражение кожи и подходит для ежедневного применения. Средство не содержит солей алюминия и не оставляет следов на одежде. Аромат спелой вишни в сочетании с восточными специями и дымной древесиной создаёт мощный, но не навязчивый запах. Вишня добавляет сочную энергию, бобы тонка – благородную пряность, а агаровое дерево – дымную глубину. Стойкий аромат премиальной отдушки сохраняется на коже, создавая выразительный шлейф. Средства из парфюмированной коллекции АКС разработаны с учетом особенностей мужской кожи и предпочтений в ароматах, обеспечивая комфорт и удобство. Рубиновая вишня – доминирующая нота композиции.",Встряхните баллон. Распыляйте 2-3 секунды на сухую и чистую кожу подмышек с расстояния 15 см от тела. Прекратите использование при появлении сыпи или раздражения на коже.,Россия,35
689,2026-10-01T12:45:24.759927,20261001_104711_f22aa185,83320700018,parfjumerija/parfjumirovannyj-uhod,Jo Malone London,Poppy & Barley,Гель для душа,5250.0,5250.0,0.0,1,4.9,https://goldapple.ru/83320700018-poppy-barley/,https://goldapple.ru/parfjumerija/parfjumirovannyj-uhod?p=35,"Освежающий гель для душа с маслом семян лугового пенника бережно очищает кожу и придает ей аромат Poppy&Barley. Яркий цветочный аромат с букетом из розы и фиалки и сочными нотами черной смородины. Ноты мака, собранного на плодородных полях, где смешиваются злаки и цветы, оттенены звучанием отрубей и мягкого как хлопок ячменя. Эффективная формула смягчает кожу рук и тела, ухаживая за ней. Прозрачный гель образует густую пену, наполняя воздух бодрящим ароматом.",Нанесите небольшое количество геля массирующими движениями на влажную кожу и тщательно смойте водой.,Великобритания,35
690,2026-10-01T12:45:35.604246,20261001_104711_f22aa185,19000423710,parfjumerija/parfjumirovannyj-uhod,EDEN,Whispers of Paris,Парфюмированный гель для душа,265.0,265.0,0.0,1,4.9,https://goldapple.ru/19000423710-whispers-of-paris/,https://goldapple.ru/parfjumerija/parfjumirovannyj-uhod?p=35,"Парфюмированный гель для душа бережно очищает и тонизирует вашу кожу, оставляя на ней невероятный шлейф аромата свежести цитрусовых, изысканных цветов и белого мускуса. Экстракт зелёного чая способствует сохранению влаги в коже, обладает антиоксидантной активностью. Входящий в состав провитамин В5 увлажняет и разглаживает кожу. Ощутите настоящий уход и неповторимый аромат с парфюмированным гелем для душа «Whispers of Paris».","Нанести небольшое количество геля на тело или губку, вспенить и смыть водой.",Россия,35
691,2026-10-01T12:45:45.304967,20261001_104711_f22aa185,99000020326,parfjumerija/parfjumirovannyj-uhod,BYSSFIT,Perfect Skin,Крем для тела,1145.0,1145.0,0.0,1,4.5,https://goldapple.ru/99000020326-perfect-skin-cream/,https://goldapple.ru/parfjumerija/parfjumirovannyj-uhod?p=35,"Универсальный питательный крем без липкости для тела и лица с легким ароматом. Мгновенно впитывается и придает ухоженный вид. Не оставляет пленку, не пачкает одежду. В составе Perfect Skin Cream содержатся компоненты, которые повышают эластичность кожи и восстанавливают её защитный барьер, заживляют мелкие ранки: ниацинамид, пантенол, мочевина, молочная кислота, аллантоин, витамин Е, экстракт корня солодки. Не содержит парабены. Парфюмированная французская отдушка с легким ароматом. Аромат, который подходит для любого времени года и любой ситуации. Его теплота и уют создают ощущение комфорта и спокойствия. Верхние ноты: груша, мандарин, черная смородина. Средние ноты: жасмин, роза, фиалка. Базовые ноты: ваниль, карамель, мускус. Парфюмированная отдушка отличается от моно-отдушки богатым, сложным ароматом, который раскрывается на коже постепенно, как парфюм, и звучит очень деликатно, не приторно.",Нанесите на чистую кожу массирующими движениями до полного впитывания. Меры предосторожности: избегать попадания в глаза. При попадании в глаза промыть водой. Возможны случаи индивидуальной непереносимости компонентов. Только для наружного применения.,Россия,35
692,2026-10-01T12:45:58.293006,20261001_104711_f22aa185,99000110862,parfjumerija/parfjumirovannyj-uhod,L'EMBRASSE​,Coral de Mer,Нет категории,3400.0,3400.0,0.0,1,5.0,https://goldapple.ru/99000110862-coral-de-mer/,https://goldapple.ru/parfjumerija/parfjumirovannyj-uhod?p=35,"Морской эликсир красоты L’embrassé Coral de Mer объединяет мощь природных компонентов для глубокого очищения и преображения вашей кожи. Этот скраб насыщает кожу витаминами и минералами, делая её упругой, подтянутой и сияющей здоровьем. Свежий, как морской бриз, аромат дарит бодрость и ощущение свежести. Действие: — Эксфолиация. — Увлажнение. — Питание. — Насыщение минералами. — Повышение упругости. — Антисептический эффект. Пирамида аромата: цветущий апельсин, морские ноты, белые цветы, ваниль.",1. Зачерпнуть необходимое количество скраба прилагающейся ракушкой-ложкой и нанести на очищенную влажную кожу круговыми движениями снизу вверх. 2. Смыть тёплой водой. 3. Используйте 1-2 раза в неделю для достижения максимального эффекта.,Россия,35
693,2026-10-01T12:46:09.966272,20261001_104711_f22aa185,19000395787,parfjumerija/parfjumirovannyj-uhod,Camay,DÉSIR Пион и ягоды,Нет категории,110.0,110.0,0.0,1,4.5,https://goldapple.ru/19000395787-desir-pion-i-agody/,https://goldapple.ru/parfjumerija/parfjumirovannyj-uhod?p=35,"Мыло твердое туалетное Camay DÉSIR Восхитительное очарование – это уходовое средство-новинка с ароматом пиона и красных ягод. Бережно ухаживает за кожей, увлажняет ее, имеет состав, обогащенный 4 маслами. Мыло Восхитительное очарование содержит эфирное масло мяты, масло сладкого миндаля, пальмовое и пальмоядровое масла, препятствует потере кожей влаги. Мыло имеет стойкий аромат пиона и красных ягод, который сохраняется на коже до 8 часов*. Наши эксперты вдохновились феноменально популярным парфюмом Baccarat rouge 540. Так появилось мыло Camay DÉSIR Восхитительное очарование. Пион, персик и лайм представляют собой верхние ноты парфюма, плавно переходящие в сердце композиции – сочные красные ягоды (вишня и клубника). Завершающие акценты обволакивающего кашемира и белого кедра стали шлейфом, послевкусием данного аромата. Парфюмированное мыло с восточно-ягодным запахом – это то, что нужно для гладкой, благоухающей и увлажненной кожи. Уходовые продукты бренда Camay созданы для того, чтобы вдохновлять женщин на раскрытие своей внутренней силы и красоты. Исследуйте все грани своей чувственности и женственности с помощью магического сочетания ароматов Camay. DÉSIR – Желание. * По результатам ольфакторного анализа изготовителя.","Нанесите на влажные руки, вспеньте, смойте водой.",Россия,35
694,2026-10-01T12:46:22.417086,20261001_104711_f22aa185,99000123004,parfjumerija/parfjumirovannyj-uhod,WASHRITE,"SAPPHIRE, saffron, vanilla & cedar",Парфюмированный гель для душа,356.0,356.0,0.0,1,5.0,https://goldapple.ru/99000123004-sapphire/,https://goldapple.ru/parfjumerija/parfjumirovannyj-uhod?p=35,"Парфюмированный женский гель для душа Sapphire создан для тех, кто ценит уход за кожей. Уникальный состав без парабенов и сульфатов делает этот продукт безопасным даже для самой чувствительной кожи. Благодаря гипоаллергенной формуле гель подходит большинству женщин, обеспечивая бережное очищение тела после долгого дня. Парфюмированный гель может порадовать разными оттенками запахов: нежная ваниль добавляет сладкие нотки, а кедр придаёт глубину и утончённость. Шафран создаёт атмосферу уюта и гармонии. Такой стойкий запах остаётся на коже надолго, делая её привлекательной и ухоженной. Гели этой серии отличаются натуральными компонентами в составе, благодаря чему они обладают не только очищающим эффектом, но и увлажняющими свойствами. После использования кожа становится бархатистой и мягкой на ощупь, а ощущение свежести сохраняется весь день. Ванильный акцент парфюма идеально подчёркивает женскую индивидуальность и создаёт неповторимый образ. Осенний шафрановый шлейф понравится тем, кто любит менять настроение своего аромата вместе со сменой времени года. Подчеркните свою индивидуальность — выберите гель для душа Sapphire, где уход встречается с искусством парфюмерии.","1. Возьмите небольшое количество геля, нанесите на влажную кожу, хорошо вспеньте. 2. Тщательно смойте тёплой водой.",Россия,35
695,2026-10-01T12:46:33.245012,20261001_104711_f22aa185,99000055570,parfjumerija/parfjumirovannyj-uhod,Human Being,Purity,Дезодорант,649.0,649.0,0.0,1,4.9,https://goldapple.ru/99000055570-purity/,https://goldapple.ru/parfjumerija/parfjumirovannyj-uhod?p=35,"Защита от неприятного запаха и излишнего потоотделения без забивания протоков. Алюмокалиевые квасцы - природный безопасный регулятор потоотделения. Алоэ-вера концентрат для успокоения раздражённой кожи. Цитрат серебра для уничтожения бактерий, чья жизнедеятельность и вызывает неприятный запах. Используем экологичный растворитель эфирных масел в воде. В пудровом аромате раскрываются ноты белых цветов, белого мускуса, цитруса, амбры.",Встряхнуть флакон. Нанести на чистую кожу подмышечных впадин.,Россия,35
696,2026-10-01T12:46:42.183053,20261001_104711_f22aa185,19000386850,parfjumerija/parfjumirovannyj-uhod,Emi,Perfumed Lotion №9,Парфюмированный лосьон для тела,127.0,127.0,0.0,1,4.7,https://goldapple.ru/19000386850-perfumed-lotion-no9/,https://goldapple.ru/parfjumerija/parfjumirovannyj-uhod?p=35,"Perfumed Lotion – это легкий лосьон, с мягкой текстурой, которая впитывается за считанные секунды, не создавая ощущения липкости, тяжести и пленки на коже.","Нанесите небольшое количество лосьона на тело, втирайте массажными движениями до полного впитывания. Подходит для ежедневного применения.",Россия,35
697,2026-10-01T12:46:51.388949,20261001_104711_f22aa185,19000383233,parfjumerija/parfjumirovannyj-uhod,RBG,Х Алёна Лаврентьева no. 7,Парфюмированный крем для рук и ног,639.0,639.0,0.0,1,4.7,https://goldapple.ru/19000383233-h-alena-lavrent-eva-no-7/,https://goldapple.ru/parfjumerija/parfjumirovannyj-uhod?p=35,"Гипнотическая обволакивающая текстура и чарующие аккорды ароматов. Крем для кожи рук и ног из коллаборации с нэйл экспертом Алёной Лаврентьевой создан с особым акцентом на детали. Приготовьтесь к непревзойденному комфорту в ежедневном ритуале красоты и ухода. Благодаря уникальной формуле с маслом ши и абрикосовой косточки, лецитином, витамином Е, экстрактом ромашки и календулы, крем глубокого увлажняет, питает и восстанавливает водный баланс кожи. Легкая текстура крема быстро впитывается, без ощущения липкости. Создавая ароматы и присваивая им номера, мы вдохновились древним учением о нумерологии – мистическое значение чисел наделяет каждый крем парфюмерной аффирмацией. Незримая связь таинства знаков, чарующих природных компонентов и тонко продуманной формулы откроет новые грани ритуала ухода за собой. Цифра 7 символизирует мудрость, утонченность, философское отношение к жизни и оригинальность. Когда воплотившаяся в реальность мечта об отпуске на побережье океана, переворачивает жизнь на 180°. Сердечный аккорд морской соли наполнит каждый день воспоминанием о минеральных утесах прибрежных скал и свободном бризе. А напитанные разгоряченным солнцем цветы шалфея и семена амбры напомнят о жарких моментах счастья. Верхние ноты: Семена амбры. Ноты сердца: Морская соль. Базовые ноты: Шалфей.",Равномерно нанести массажными движениями на чистую кожу рук и ног. Использовать ежедневно.,Россия,35
698,2026-10-01T12:46:59.653948,20261001_104711_f22aa185,99000136197,parfjumerija/parfjumirovannyj-uhod,GESSEN,Vol.2 Pax Aurea,Парфюмированный гель для душа,864.0,864.0,0.0,1,5.0,https://goldapple.ru/99000136197-vol-2-pax-aurea/,https://goldapple.ru/parfjumerija/parfjumirovannyj-uhod?p=35,"Vol. 2 — эффективные формулы для тщательного очищения, подходящие как для чувствительной, так и склонной к жирности кожи. Аромат Pax Aurea — свежий бергамот, душистые медовые ноты, сочный шлейф бобов тонка и ванили, который переносит в медовый закат над золотыми полями. Верхние ноты: бергамот, лаванда. Средние ноты: мёд, корица, жасмин. Нижние ноты: бобы тонка, ваниль. Gessen — бренд, сочетающий точную науку с миром эмоций. Gessen создаёт продукты, в которых эффективные формулы встречаются с силой ароматических ассоциаций. Концепция «мест-состояний» помогает превратить рутинные действия в моменты наслаждения и самопознания.","Нанесите на влажную кожу тела или губку, помассируйте до образования пены, смойте водой. Избегайте контакта с глазами. При попадании в глаза тщательно промыть водой.",Россия,35
699,2026-10-01T12:47:10.366413,20261001_104711_f22aa185,99000134131,parfjumerija/parfjumirovannyj-uhod,Somna Secra,"eternal moon, blossoming florence, charming amelia",Набор увлажняющего молочка для тела,2331.0,2331.0,0.0,1,4.7,https://goldapple.ru/99000134131-eternal-moon-blossoming-florence-charming-amelia/,https://goldapple.ru/parfjumerija/parfjumirovannyj-uhod?p=35,"Премиальный набор парфюмированного молочка для тела — всё, что нужно для комплексного ухода за кожей и ароматного удовольствия. Три полноценных средства объединяют увлажнение, питание и восстановление кожи, наполняя её мягкостью и сиянием. Формулы с маслом ши и сладкого миндаля глубоко питают, делают кожу гладкой и шелковистой, а лёгкая текстура быстро впитывается, не оставляя липкости. Каждое молочко обладает собственным ароматом-парфюмом и создаёт настроение — от уютного домашнего тепла до чувственной элегантности. 1. Молочко для тела Charming Amelia, 300 мл. Питательное увлажняющее молочко для тела с мягкой кремовой текстурой и ароматом уюта. — Масла ши и миндаля восстанавливают кожу, делают её бархатистой и ухоженной. — Аромат раскрывается теплом сливок, мёда, кокоса и ванили — будто мягкий плед на коже. — Отлично подходит для сухой и чувствительной кожи, особенно в холодный сезон. — После применения кожа становится гладкой, напитанной и сохраняет аромат на весь день. 2. Молочко для тела Blossoming Florence, 300 мл. Лёгкое парфюмированное молочко-лосьон для тела с цветочно-кофейным ароматом. — Средство питает и увлажняет кожу, придавая ей ухоженность и естественное сияние. — Аромат сочетает кофе, жасмин, апельсиновый цвет и ваниль — шлейф женственности и уверенности. — Подходит для всех типов кожи, можно использовать как ароматное молочко после душа или как альтернативу лёгкому парфюму. — Молочко впитывается мгновенно, не оставляя следов, и оставляет на коже нежное свечение. 3. Молочко для тела Eternal Moon, 300 мл. Увлажняющее молочко-баттер для тела с лёгкой тающей текстурой и деликатным ароматом ванили и миндаля. — Масла ши, подсолнечника и сладкого миндаля глубоко питают кожу, предотвращая сухость и шелушение. — Молочко обеспечивает длительное увлажнение и питание кожи, возвращая мягкость и упругость. — Идеально подходит для вечернего ухода, помогает расслабиться и создать ощущение комфорта. — Рекомендуется для нормальной, сухой и чувствительной кожи, особенно после душа. Три аромата — три состояния: уют, женственность и гармония. Каждое средство превращает ежедневный уход за телом в спа-ритуал. Белорусская косметика Somna создаёт видимый эффект уже после первого применения: кожа становится гладкой, увлажнённой и благоухающей.",1. Нанести на чистую кожу. 2. Распределить массирующими движениями до полного впитывания.,Беларусь,35
700,2026-10-01T12:47:59.185111,20261001_104711_f22aa185,19000418265,parfjumerija/parfjumirovannyj-uhod,DOMIX GREEN PROFESSIONAL,Anti-age,флюид для рук,117.0,117.0,0.0,1,4.7,https://goldapple.ru/19000418265-anti-age/,https://goldapple.ru/parfjumerija/parfjumirovannyj-uhod?p=36,"Активное увлажнение. Молекулярный уход. Anti-age эффект. Эксклюзивный парфюмированный флюид с витамином В3, аминокислотами шелка, танинами и флавоноидами для профессионального ухода за кожей рук. Нежное, тактильно приятное средство быстро впитывается, оставляя на коже чувственный аромат с хрустальными нотами зелени и солнечных фруктов. Парфюмерная мелодия обладает долгим звучанием и люксовым шлейфом, раскрываясь сладостью лепестков жасмина, розы и теплотой сливочно-древесных оттенков. - Экстракт зеленого чая, богатый танинами и флавоноидами, препятствует разрушению волокон коллагена и эластина, подтягивает и омолаживает кожу, выравнивает тон. - Витамин В3 (ниацинамид) стимулирует регенерацию и укрепляет эпидермальный барьер, активирует синтез церамидов и клеточный метаболизм, оказывает выраженный anti-age эффект. - Аминокислоты шелка придают ногтям прочность и естественный блеск. - Гиалуроновая кислота и D-пантенол обеспечивают пролонгированное увлажнение. - Экстракт ламинарии насыщает клетки кислородом и ценными микроэлементами. - Гидролизат коллагена и витамин С обеспечивают дополнительное питание и стимулируют синтез собственного коллагена. Продукт клинически протестирован. Сделано в России.",Нанести на кожу мягкими массирующими движениями.,Россия,36
701,2026-10-01T12:48:08.857037,20261001_104711_f22aa185,99000004326,parfjumerija/parfjumirovannyj-uhod,UNCHARTED,"black pepper, vanilla, bergamot",Парфюмированный гель для душа,998.0,998.0,0.0,1,5.0,https://goldapple.ru/99000004326-no1-frozen-black-pepper/,https://goldapple.ru/parfjumerija/parfjumirovannyj-uhod?p=36,"Парфюмированный гель для душа Uncharted Kamchatka Veil бережно очищает кожу и окутывает ее выразительным ароматом. Сок алоэ вера увлажняет и питает кожу, помогая поддерживать ее мягкость и комфорт. Пантенол обладает успокаивающими кожу свойствами, а кокосовое масло смягчает, питает и деликатно очищает. Бетаин и глицерин способствуют удержанию влаги, помогают защитить кожу от сухости и дарят ощущение гладкости и ухоженности. Аромат Kamchatka Veil вдохновлен неизведанными холодными вершинами вулканов Камчатки, где каждый вздох наполнен морозной свежестью, таинственностью и пряной остротой, оттененными экзотическим цитрусом, зелеными акцентами и каплей сладкой ванили. Ноты аромата: Верхние — черный перец, чай Средние — бергамот Базовые — амбра, ваниль","Небольшое количество геля нанести на влажную кожу, вспенить, смыть водой.",Россия,36
702,2026-10-01T12:48:21.441451,20261001_104711_f22aa185,99000016355,parfjumerija/parfjumirovannyj-uhod,Contently,Aromatic Body Wash 5LACTO,Нет категории,4400.0,4400.0,0.0,1,5.0,https://goldapple.ru/99000016355-aromatic-body-wash-5lacto/,https://goldapple.ru/parfjumerija/parfjumirovannyj-uhod?p=36,"Aromatic Body Wash 5LACTO Contently – это нежное средство для мытья тела со сбалансированным pH, богатое растительными экстрактами и AHA-кислотами. Содержит запатентованный комплекс GREENOL, который бережно удаляет омертвевшие клетки и пробуждает в коже новую энергию. 5LACTO способствует укреплению и повышению эластичности тканей, оказывает противовоспалительное действие, восстанавливает функции эпидермиса. Окуните свое тело и разум сочетанием натурального и растительного древесно-мускусного аромата. Гипоаллергенное средство, не содержит сульфатов и парабенов. Для всех типов кожи. Здоровое тело - обещание от CONTENTLY. Ключевые свойства: - укрепляет и повышает эластичность тканей; - глубокое увлажнение и питание; - противовоспалительный и заживляющий эффект; - выравнивает тон кожи и придает сияние; - восстанавливает защитный барьер кожи; - быстро впитывается, не оставляя следов и липкости. Основные ингредиенты: Экстракт бергамота, комплекс 5LACTO, экстракт коптиса японского, экстракт розмарина, экстракт корня куркумы, экстракт белой фрезии, экстракт цветков матрикарии, экстракт мяты перечной, экстракт лаванды.","Возьмите необходимое количество геля на ладонь или губку. Массажными движениями нанесите на все тело, тщательно смойте водой.",Республика корея,36
703,2026-10-01T12:48:38.699659,20261001_104711_f22aa185,19000386849,parfjumerija/parfjumirovannyj-uhod,Emi,Perfumed Lotion №8,Нет категории,127.0,127.0,0.0,1,4.6,https://goldapple.ru/19000386849-perfumed-lotion-no8/,https://goldapple.ru/parfjumerija/parfjumirovannyj-uhod?p=36,"Perfumed Lotion – это легкий лосьон, с мягкой текстурой, которая впитывается за считанные секунды, не создавая ощущения липкости, тяжести и пленки на коже.","Нанесите небольшое количество лосьона на тело, втирайте массажными движениями до полного впитывания. Подходит для ежедневного применения.",Россия,36
704,2026-10-01T12:48:48.847941,20261001_104711_f22aa185,99000122998,parfjumerija/parfjumirovannyj-uhod,WASHRITE,"FIGHT, coffee, woody notes & tobacco",Парфюмированный гель для душа 3в1,356.0,356.0,0.0,1,5.0,https://goldapple.ru/99000122998-fight/,https://goldapple.ru/parfjumerija/parfjumirovannyj-uhod?p=36,"Парфюмированный гель для душа Fight станет незаменимым элементом ухода для мужчин, которые выбирают активный образ жизни, спорт и стремятся к внутренней силе. Его бодрящий аромат кофе в сочетании с теплыми нотками табака и древесными аккордами дарит не только уверенность, но и заряд энергии, необходимый для любого активного дня. Мужской гель для душа с ароматом парфюма идеально подойдёт тем, кто ценит энергичные тренировки и стремится поддерживать стиль в каждом моменте жизни. Формула на основе натуральных компонентов бережно очищает кожу, ухаживает и увлажняет, оставляя ощущение свежести и комфорта. После интенсивных тренировок или активного дня парфюмированный гель для душа подарит приятное чувство чистоты и бодрости. Уникальный аромат сохраняется на теле, придавая уверенности в каждом движении. Гель для душа 3 в 1 можно использовать как универсальное уходовое средство для тела, что делает его практичным и функциональным. Гипоаллергенный состав подходит даже для чувствительной кожи.","1. Возьмите небольшое количество геля, нанесите на влажную кожу, хорошо вспеньте. 2. Тщательно смойте тёплой водой.",Россия,36
705,2026-10-01T12:48:58.971687,20261001_104711_f22aa185,19000360045,parfjumerija/parfjumirovannyj-uhod,La Fabrique,amber and plum,Парфюмированный крем для тела,359.0,359.0,0.0,1,4.5,https://goldapple.ru/19000360045-amber-and-plum/,https://goldapple.ru/parfjumerija/parfjumirovannyj-uhod?p=36,"Парфюмированный крем для рук и тела сочетает в себе сладкие фруктовые и пряные оттенки, где сочная слива дополняется благородной терпкостью черной амбры. Композиция дополнена тонкими гвоздичными акцентами, создающими объемное и утонченное звучание аромата. Стойкий аромат оставляет на коже роскошный и утонченный шлейф. Продукт отличается легкой текстурой, которая быстро впитывается и не оставляет липкости. Благодаря маслам ши, жожоба и виноградной косточки кожа становится гладкой и ухоженной. Крем подходит для питания и увлажнения кожи, придавая ей ощущение комфорта и мягкости.","Нанесите средство на кожу массажными движениями и распределите до полного впитывания. Рекомендуется использовать как днём, так и вечером.",Россия,36
706,2026-10-01T12:49:08.564710,20261001_104711_f22aa185,19000420965,parfjumerija/parfjumirovannyj-uhod,CLOZ,"Vanilla, sandalwood, tuberose",Гель-крем для душа,841.0,841.0,0.0,1,4.7,https://goldapple.ru/19000420965-vanilla-sandalwood-tuberose/,https://goldapple.ru/parfjumerija/parfjumirovannyj-uhod?p=36,"Откройте для себя атмосферу чувственного наслаждения с натуральным парфюмированным гелем для душа CLOZ. Погрузитесь в чувственный аромат, который останется с Вами на протяжении всего дня, даря ощущение свежести и комфорта. Изысканная композиция из теплых нот ванили, древесного сандала и нежной туберозы создает неповторимый аромат, который перенесет вас в мир роскоши и комфорта. Уникальная формула с натуральными компонентами обеспечивает интенсивное питание и длительное увлажнение, деликатно очищают кожу, не оставляя чувство сухости и стянутости. Нежная кремовая текстура обеспечивает обильную пену и дарит коже мягкость и шелковистость после каждого применения. Подарите себе моменты истинного удовольствия с CLOZ – где натуральность встречается с роскошью!","Нанесите небольшое количество геля на влажную кожу, вспеньте, скажите себе слова любви и благодарности, затем смойте водой.",Россия,36
707,2026-10-01T12:49:20.286307,20261001_104711_f22aa185,19000492965,parfjumerija/parfjumirovannyj-uhod,ECOLATIER,"Tonka, ambra, caramel",Парфюмированный гель для душа,233.0,233.0,0.0,1,4.4,https://goldapple.ru/19000492965-ecolatier-tonka-ambra-caramel/,https://goldapple.ru/parfjumerija/parfjumirovannyj-uhod?p=36,"Гель для душа мягко очищает кожу, не нарушая её естественный баланс. Увлажняет, смягчает и тонизирует, не вызывая ощущения сухости и стянутости. После использования кожа становится гладкой, ухоженной и увлажнённой. Аромат раскрывается утончёнными древесными оттенками, дополненными мягкой сладостью ванили, карамели и тонка, с пряными акцентами чёрного перца и кардамона. Активные ингредиенты: — инулин — увлажняет и укрепляет защитный барьер кожи; — аллантоин — успокаивает и поддерживает барьерные функции кожи; — экстракт мальвы — освежает, тонизирует и придаёт коже мягкость; — масло авокадо — питает, повышает упругость и улучшает тонус кожи; — постбиотики — поддерживают баланс микробиома и укрепляют естественный защитный барьер кожи.","Нанесите гель на влажную кожу или мочалку, вспеньте, затем смойте теплой водой.",Россия,36
708,2026-10-01T12:49:29.411263,20261001_104711_f22aa185,19000295732,parfjumerija/parfjumirovannyj-uhod,4FRESH beauty,"Роскошный объем и плотность, Joyful",Бальзам для волос,699.0,699.0,0.0,1,4.3,https://goldapple.ru/19000295732-luxurious-volume-and-density/,https://goldapple.ru/parfjumerija/parfjumirovannyj-uhod?p=36,"Облегчает расчесывание и делает волосы легкими и послушными. Протеины пшеницы восстанавливают повреждения кортекса, увеличивает плотность и эластичность локонов. Комплекс растительных церамидов и кокосовое масло обеспечивают интенсивное питание и разглаживают чешуйки волоса. Верхние ноты: яблоко, груша, лайм, арбуз; Ноты сердца: сладкое манго, персик, жасмин, пион; Нижние ноты: мускус, сандал, франжипани. Сложный многогранный аромат Scentease Joyful с яркими фруктовыми нотами дарит чувство беззаботности и улучшает эмоциональный фон. Эффективность доказана научными исследованиями.","Нанесите бальзам на чистые влажные волосы, равномерно распределите по всей длине, оставьте на 2-3 минуты, тщательно смойте водой.",Россия,36
709,2026-10-01T12:49:38.202267,20261001_104711_f22aa185,99000015595,parfjumerija/parfjumirovannyj-uhod,LAMONNET,orchid & mango,Парфюмированный крем для тела,780.0,780.0,0.0,1,4.7,https://goldapple.ru/99000015595-orchid-mango/,https://goldapple.ru/parfjumerija/parfjumirovannyj-uhod?p=36,"Профессиональный уход за кожей с парфюмированным кремом для тела от LAMONNET. Подарите себе ощущение нежности комфорта. Крем для тела с комплексом из 9 масел интенсивно питает, увлажняет, смягчает кожу. Препятствует потере влаги, предотвращает шелушение, делает кожу бархатной и нежной. Крем легко наносится на кожу и быстро впитывается, не оставляя ощущения жирности или липкости. Питательные натуральные масла в составе крема: масло карите, масло кокоса, масло макадамии, масло какао, масло миндаля, оливковое масло, масло жожоба, масло пальмы и масло органы. Крем подходит для всех типов кожи. Парфюмированная отдушка из Франции подарит легкий и ненавязчивый шлейф на протяжении нескольких часов. Роскошный дизайн флакона с удобным дозатором будет украшением любого интерьера. Парфюмерная композиция: “Орхидея и манго”. Очаровывающий, аппетитный, солнечный. Воздушный летний пудинг. Цветущая орхидея переливается с ароматом сочного манго, под теплыми тропическими лучами. Универсальный шлейфовый аромат подойдёт как для женщин, так и для мужчин на каждый день.",Небольшое количество крема нанесите легкими массирующими движениями на чистую сухую кожу рук и тела.,Россия,36
710,2026-10-01T12:49:49.595974,20261001_104711_f22aa185,19760314278,parfjumerija/parfjumirovannyj-uhod,Zielinski & Rozen,"Cedarwood, Neroli, Amber",Мыло твердое,890.0,890.0,0.0,1,4.5,https://goldapple.ru/19760314278-cedarwood-sandalwood-amber-patchouli/,https://goldapple.ru/parfjumerija/parfjumirovannyj-uhod?p=36,"Твердое мыло никогда не выйдет из моды, ведь тактильные ощущения — самое приятное, что можно испытывать. А положив кусочек мыла в гардероб одежда будет всегда пропитана любимым ароматом. Мыло имеет уникальную базу, создающую ощущение крема. От него не остаются мыльные следы на раковине или мыльнице. В составе только натуральные ингредиенты. Твердое мыло мягко и эффективно очищает кожу от жира и других видов загрязнений. Гигиеническое мыло Zielinski & Rozen подходит для ежедневного умывания лица, мытья рук и тела. Ароматы продукции Zielinski&Rozen изменили свое наименование без изменения состава.",Вспенить мыло в руках. Тщательно смыть теплой водой.,Россия,36
711,2026-10-01T12:49:59.483039,20261001_104711_f22aa185,19000263820,parfjumerija/parfjumirovannyj-uhod,Maison Francis Kurkdjian,OUD satin mood,Очищающий гель для рук и тела,9700.0,9700.0,0.0,1,4.5,https://goldapple.ru/19000263820-oud-satin-mood/,https://goldapple.ru/parfjumerija/parfjumirovannyj-uhod?p=36,"Парфюмированный гель для рук и тела OUD satin mood с кремовой текстурой мусса бережно очищает кожу, оставляя нежный аромат. Кожа ощущает комфорт, увлажненная и бархатистая. OUD satin mood отражает желание парфюмера привнести в жизнь мерцающую грань. Окутайте себя древесно-амбровой вуалью, чтобы приостановить время и почувствовать себя здесь и сейчас. Утонченные фиалковые аккорды, ноты удового дерева, эссенция розы и абсолю розы сливаются с насыщенным ванильно-амбровым шлейфом. Нежная текстура геля, заключенная в элегантный флакон с иконическим полуночно-синим цветом OUD satin mood, дарит коже моментальное ощущение защиты. Чтобы насладиться моментом ухода за собой и продлить звучание вашего аромата OUD satin mood , попробуйте также парфюмированный лосьон для тела OUD satin mood .","Нанести на влажную кожу, избегая попадания в глаза, распределить по телу, смыть достаточным количеством воды. При необходимости повторить.",Франция,36
712,2026-10-01T12:50:10.358695,20261001_104711_f22aa185,99000106003,parfjumerija/parfjumirovannyj-uhod,Burley,Интрига,Нет категории,700.0,700.0,0.0,1,4.7,https://goldapple.ru/99000106003-intrigue/,https://goldapple.ru/parfjumerija/parfjumirovannyj-uhod?p=36,"Парфюмированный крем для тела «Burley» создан на основе органических масел и натуральных экстрактов. Глубоко увлажняет и питает кожу, делая ее более эластичной. Легкая текстура быстро впитывается, не оставляя ощущения липкости. Подходит для всех типов кожи. После нанесения на коже остается нежный аромат.",Небольшое количество крема нанести на чистую сухую или влажную кожу массажными движениями до полного впитывания.,Россия,36
713,2026-10-01T12:50:20.689914,20261001_104711_f22aa185,19000252033,parfjumerija/parfjumirovannyj-uhod,TNL Professional,Vanilla & Amber,Нет категории,400.0,400.0,0.0,1,4.7,https://goldapple.ru/19000252033-vanilla-amber/,https://goldapple.ru/parfjumerija/parfjumirovannyj-uhod?p=36,"Парфюмированное жидкое мыло с ухаживающим за кожей рук комплексом. Достоинства: Бархатная текстура парфюмированного мыла создана на основе высококачественных ингредиентов. Бережно заботится о чистоте и красоте кожи: не содержит формальдегидов, соответствует естественному уровню pH. Благодаря ценному маслу риса и соку алоэ Барбаденсис в составе обеспечивает прекрасный уход за кожей рук. Результат: Мягкое очищение и одновременно уход за кожей рук: смягчение и увлажнение, восстановление липидного баланса. Бархатистый пудровый аромат парфюмерной композиции окутывает нежной негой.","Небольшое количество мыла нанести на влажную кожу, тщательно намылить руки пеной и смыть проточной водой.",Россия,36
714,2026-10-01T12:50:33.370678,20261001_104711_f22aa185,19000471456,parfjumerija/parfjumirovannyj-uhod,Adidas,Vibes Get Comfy,Парфюмированный гель для душа,198.0,198.0,0.0,1,4.8,https://goldapple.ru/19000471456-adidas-vibes-get-comfy/,https://goldapple.ru/parfjumerija/parfjumirovannyj-uhod?p=36,"Тёпкая мягкая композиция сопровождает обычный душ более выразительным с гелем Vibes Get Comfy. Средство предназначено для ежедневного очищения тела и оставляет кожу чистой, а аромат сочетает ваниль и апельсин, формируя узнаваемый характер линии. Формула прошла дерматологическое тестирование, является веганской и заявлена как подходящая для чувствительной кожи. Гелевая текстура легко пенится при контакте с водой и смывается без тяжёлой плёнки. Очищающие компоненты дополнены увлажняющими ингредиентами, включая пропандиол и пентиленгликоль, а ароматические вещества создают характерное звучание, не меняя основную функцию продукта — очищение. Флакон рассчитан на регулярное использование в ванной и выпускается в нескольких объёмах внутри одной линии. Упаковка гелей Vibes содержит высокую долю переработанного материала, добавляя практичную деталь, связанную с экологичностью, без изменения привычного формата средства.","Нанесите небольшое количество средства на влажную кожу, вспеньте массирующими движениями и тщательно смойте водой.",Испания,36
715,2026-10-01T12:50:45.121190,20261001_104711_f22aa185,19000282565,parfjumerija/parfjumirovannyj-uhod,Flame moscow,Alexandra,Жидкое мыло,1363.0,1363.0,0.0,1,4.8,https://goldapple.ru/19000282565-alexandra/,https://goldapple.ru/parfjumerija/parfjumirovannyj-uhod?p=36,"Мыло для рук мягко очищает и увлажняет кожу, не покрывая ее пленкой и не стягивая ее. Придает коже деликатный аромат после использования. Имеет приятную легкую пену. Рекомендован для всех типов кожи. Создан из ингредиентов растительного происхождения. Смесь сандала, кедра и пачули укореняeтся с гвоздикой и мускусом, проявляя удовольствие неожиданных соединений. Верхние ноты: Сандал, пачули, листья клевера. Средние ноты: Кедр, мускус. Базовые ноты: Мадагаскарская ваниль, гвоздика.",Разотрите капли мыла между влажными ладонями и наносите на тело массажными джвижениями. Смойте водой.,Россия,36
716,2026-10-01T12:50:56.050628,20261001_104711_f22aa185,19000388643,parfjumerija/parfjumirovannyj-uhod,Olea,Пьянящая ваниль,Парфюмированный гель для душа,326.0,326.0,0.0,1,4.7,https://goldapple.ru/19000388643-p-anasaa-vanil/,https://goldapple.ru/parfjumerija/parfjumirovannyj-uhod?p=36,"Чарующий аромат: Верхняя нота: табачный лист, пряности Нота сердца: ваниль, какао, бобы тонка, цветок табака Базовая нота: сухофрукты, древесные ноты","Небольшое количество геля нанесите на тело, массирующими движениями равномерно распределите до образования пены и смойте водой.",Россия,36
717,2026-10-01T12:51:06.626440,20261001_104711_f22aa185,19000295728,parfjumerija/parfjumirovannyj-uhod,4FRESH beauty,"Активный рост и cохранение длины, Relaxing",Шампунь для волос,699.0,699.0,0.0,1,4.2,https://goldapple.ru/19000295728-active-growth-and-length-preservation/,https://goldapple.ru/parfjumerija/parfjumirovannyj-uhod?p=36,"Усиливает рост волос и ухаживает за кончиками. Мягкая формула без SLS воздействует максимально деликатно, а комплекс растительных церамидов уменьшает выпадение, снижает ломкость и увеличивает эластичность. Кофеин и аргинин стимулируют микроциркуляцию и питание волосяных фолликулов, делая ваши волосы длинными и красивыми. Верхние ноты: бергамот, артемизия, шафран; Ноты сердца: сычуаньский перец, ваниль, малина; Нижние ноты: сандал, мускус, амбра, кедр. Сложный многогранный аромат Scentease Relaxing с восточными древесными нотами и пряным аккордом окунает в атмосферу умиротворения и улучшает эмоциональный фон. Эффективность доказана научными исследованиями. В интернет-магазине представлен актуальный дизайн товара. При заказе вы можете получить товар как в старом, так и в новом дизайне.","Нанесите небольшое количество шампуня на влажные волосы, хорошо вспеньте и тщательно смойте водой. При необходимости повторите процедуру.",Россия,36
718,2026-10-01T12:51:16.242313,20261001_104711_f22aa185,19000464151,parfjumerija/parfjumirovannyj-uhod,Yves Rocher,Зимние ягоды,Парфюмированный спрей для тела и волос,1192.0,1192.0,0.0,1,4.4,https://goldapple.ru/19000464151-zimnie-agody/,https://goldapple.ru/parfjumerija/parfjumirovannyj-uhod?p=36,"Легкий парфюмированный спрей с теплым ванильным ароматом зимних ягод и цветочными нотами окутывает тело и волосы невесомой вуалью, оставляя деликатный шлейф. Новинка из лимитированной коллекции, которую нельзя пропустить! 96% ингредиентов натурального происхождения.","Распыляйте на тело и волосы; не наносите на раздраженную кожу и на зону подмышечных впадин, избегайте попадания в глаза.",Франция,36
719,2026-10-01T12:51:30.624915,20261001_104711_f22aa185,19000526840,parfjumerija/parfjumirovannyj-uhod,Zielinski & Rozen,"Black Pepper, Vetiver, Neroli, Amber",Парфюмированный крем для рук,890.0,890.0,0.0,1,5.0,https://goldapple.ru/19000526840-zielinski-rozen-black-pepper-vetiver-neroli-amber/,https://goldapple.ru/parfjumerija/parfjumirovannyj-uhod?p=36,Питает и смягчает кожу. Быстро впитывается и имеет легкую текстуру.,"Выдавите небольшое количество крема на чистые руки и распределите равномерно.
При необходимости повторите.",Израиль,36
720,2026-10-01T12:51:56.655518,20261001_104711_f22aa185,19000041994,parfjumerija/parfjumirovannyj-uhod,PRESS GURWITZ PERFUMERIE,"№4 Bergamot, Fig, Musk",Гель для душа,1146.0,1146.0,0.0,1,4.6,https://goldapple.ru/19000041994-no4/,https://goldapple.ru/parfjumerija/parfjumirovannyj-uhod?p=37,"Гель для душа Press Gurwitz Perfumerie обогащенный экстрактами алое вера, а так же маслом авокадо и пантенолом, бережно очищает кожу и ухаживает за ней. Аромат, напоминающий морской бриз, с нотами соли, свежего бергамота и сочного инжира с аккордом мускуса. Бессульфатный гель для душа хорошо увлажняет и питает кожу, восстанавливает ее защитные свойства, успокаивает и удерживает влагу внутри. Гипоаллергенный гель не сушит кожу и не нарушает естественный PH-баланс, наполняет кожу витаминами и аминокислотами, подходит даже для чувствительной кожи. В коллекции используются селекционные авторские ароматы, которые остаются с вами надолго. Все ароматы унисекс.","Нанести небольшое количество на тело, затем смыть",Россия,37
721,2026-10-01T12:52:04.832885,20261001_104711_f22aa185,19000429261,parfjumerija/parfjumirovannyj-uhod,Mirada,SURF SECRET CODE,Дезодорант-спрей для тела,611.0,611.0,0.0,1,4.4,https://goldapple.ru/19000429261-surf-secret-code/,https://goldapple.ru/parfjumerija/parfjumirovannyj-uhod?p=37,"Дезодорант Mirada Surf Secret Code — аромат для мужчин, интригует и опьяняет, дарит ощущение хмельной расслабленности. Обладающий исключительно длительным, окутывающим звучанием, дезодорант создает ощущение гармонии с окружающим миром и подчеркивает вкус и уникальный стиль своего владельца. В мелодию аромата входят древесно-пряные ноты и мускус, образующие густой, долгоиграющий шлейф.","Дезодорант распылять на расстоянии  10-15 сантиметров от тела, предварительно встряхнув флакон.",Оаэ,37
722,2026-10-01T12:52:13.717508,20261001_104711_f22aa185,19000444979,parfjumerija/parfjumirovannyj-uhod,Moschino,CHEAP & CHIC I LOVE LOVE,Нет категории,10890.0,10890.0,0.0,1,5.0,https://goldapple.ru/19000444979-cheap-chic-i-love-love/,https://goldapple.ru/parfjumerija/parfjumirovannyj-uhod?p=37,"Туалетная вода MOSCHINO """"CHEAP AND CHIC I LOVE LOVE"""" женская. Объем: 50 мл. Парфюмированный лосьон для тела MOSCHINO """"CHEAP AND CHIC I LOVE LOVE"""". Лосьон для тела питает и смягчает кожу, придавая ей мягкость и тонкий аромат.","Парфюмированный лосьон для тела MOSCHINO ""CHEAP AND CHIC I LOVE LOVE"": Наносить утром и/или вечером круговыми движениями на очищенную кожу всего тела.",Италия,37
723,2026-10-01T12:52:22.571561,20261001_104711_f22aa185,19000087924,parfjumerija/parfjumirovannyj-uhod,PRESS GURWITZ PERFUMERIE,"№2 Black Pepper, Tonka bean, Patchouli",Нет категории,696.0,696.0,0.0,1,4.7,https://goldapple.ru/19000087924-no2/,https://goldapple.ru/parfjumerija/parfjumirovannyj-uhod?p=37,"Соль для ванны PRESS GURWITZ PERFUMERIE №2 парфюмированная является натуральным источником магния 99,9%. Соль расслабляет и снимает боли в мышцах, помогает в борьбе от целлюлита, при детокс процедурах, насыщает организм магнием, помогает от отёков. Способствует выведению токсинов из организма, что хорошо влияет на коррекцию фигуры. При приеме ванн отлично подходит для расслабления, борется со стрессом, следами усталости, выводит лишнюю воду из организма, снимает воспаления на коже, восполняет дефицит магния в организме. Способствует улучшению сна. Соль обеспечивает комплексный уход за кожей, ногами и руками, волосами, а также за ногтями. Восхитительный парфюмированный аромат Черный перец, Бобы Тонка, Пачули, который остается с вами надолго. Средство можно использовать как скраб для кожи, ванну для ног, маску для ногтей и даже обертывание. Частички соли мягко отшелушивают кожу снаружи, а магний очищает организм изнутри. Рекомендуем проводить процедуры 2-3 раза в неделю,курсом 10-15 процедур. В коллекции используются селективные авторские ароматы, разработанные в парфюмерных домах Франции. Все ароматы унисекс.","ПРИНЯТИЕ ВАННЫ ВЗРОСЛЫМ:300-500 г соли растворить в ванной при температуре 37-38 С. Продолжительность процедуры 15-20 мин. После принятия ванны ополоснуться водой. СКРАБ ДЛЯ КОЖИ: Если нет ванны, можно смешать соль с гелем для душа в пропорции 40/60, нанести на кожу, промассировать и затем смыть тёплой водой. При необходимости процедуру повторить. МАСКА ДЛЯ НОГТЕЙ: Залить в ванночку для рук 1 л горячей воды и растворить в ней 100-200 г соли. Опустить кисти рук на 10-15 минут. ВАННА ДЛЯ НОГ: Добавить 1 стакан соли на таз с водой 37-38 С, погрузить ноги на 30 мин. После применения ополоснуть ноги. ОБЕРТЫВАНИЕ :Добавить к 100 г соли 5 ст.л. меда и несколько капель эфирного масла апельсина. Такая смесь за 30 минут под пищевой пленкой ощутимо подтянет кожу, придаст ей бархатистость и заставит светиться изнутри.",Россия,37
724,2026-10-01T12:52:30.420443,20261001_104711_f22aa185,19000422959,parfjumerija/parfjumirovannyj-uhod,Tesori d’Oriente,AYURVEDA,Парфюмированный крем для тела,901.0,901.0,0.0,1,4.5,https://goldapple.ru/19000422959-ayurveda/,https://goldapple.ru/parfjumerija/parfjumirovannyj-uhod?p=37,"Парфюмированный крем для тела Ayurveda из Италии. Итальянские мастера создали крем для тела увлажняющий с ярким фруктовым ароматом, обладающим хорошей стойкостью до 3 часов и уходовыми свойствами. Крем для рук и тела женский с ароматом духов обеспечит бережное увлажнение и питание вашей кожи. Вдохновленный философией и ароматами Востока, Tesori d'Oriente создает новый ритуал благополучия для возрождения тела и ума, восстанавливая состояние внутренней гармонии. Парфюмированный крем воск Аюрведа из группы Восточные Древесные, вдохновлен индийским ритуалом обретения гармонии и оздоровления. Шедевр итальянских парфюмеров окутает кожу пряными нотами иланг-иланга и Ириса. Древесные, амбровые ноты с утонченными вкраплениями сладкого апельсина и цветков амлы на острой базе пачули и кедра создадут ореол загадочности и восточной роскоши. Парфюмированный крем для тела подарочный создает шарм загадочности и восточной роскоши, а 5 драгоценных масел ухаживают за кожей, делая ее нежной как шелк.","Нанести на тело или одежду, избегая попадания в глаза или на раздраженную кожу. При необходимости повторить нанесение в течение дня.",Италия,37
725,2026-10-01T12:52:38.661453,20261001_104711_f22aa185,19000283246,parfjumerija/parfjumirovannyj-uhod,Byredo,Vetyver,Крем для рук,6919.0,6919.0,0.0,1,4.9,https://goldapple.ru/19000283246-vetyver/,https://goldapple.ru/parfjumerija/parfjumirovannyj-uhod?p=37,"Звучание аромата начинается с бодрящего сочетания сладостных семян ангелики и освежающего терпкого помело. В сердце аромата Vetyver появляется оттенок невесомого ароматного мате в дуэте с теплыми лепестками жасмина, прохладу которым придает пудровая фиалка. Тонкие оттенки дымного ветивера и чувственного кашмерана надолго остаются на коже.",Нанести небольшое количество крема на кожу рук массажными движениями до полного впитывания.,Франция,37
726,2026-10-01T12:52:46.769392,20261001_104711_f22aa185,19000472591,parfjumerija/parfjumirovannyj-uhod,TEA ART,Black tea & Cherry,Парфюмированный крем-лифтинг для тела,2600.0,2600.0,0.0,1,4.8,https://goldapple.ru/19000472591-black-tea-cherry/,https://goldapple.ru/parfjumerija/parfjumirovannyj-uhod?p=37,"Погрузитесь в мир роскоши с Lifting Moisturizer Body Cream Black Tea & Cherry — подтягивающим кремом для тела, который превращает уход в удовольствие. Благодаря коллагеновому комплексу, он стимулирует выработку собственного коллагена, повышая упругость и эластичность кожи, делая её более гладкой и молодой. Гиалуроновая кислота и масло Ши обеспечивают интенсивное увлажнение и мягкость. Крем быстро впитывается, оставляя кожу бархатистой и свежей. 
Аромат сочетает ноты вишни и черного чая, создавая атмосферу загадочности и привлекательности. Уже после первых применений кожа становится заметно лучше.","Наносить по мере необходимости, распределяя легкими массирующими движениями. Подходит для ежедневного использования.",Россия,37
727,2026-10-01T12:52:56.431145,20261001_104711_f22aa185,19000311745,parfjumerija/parfjumirovannyj-uhod,Touch&Relax,"Розовый перец, ветивер и пачули",Парфюмированный гель для рук,502.0,502.0,0.0,1,4.5,https://goldapple.ru/19000311745-rozovyj-perec-vetiver-i-paculi/,https://goldapple.ru/parfjumerija/parfjumirovannyj-uhod?p=37,"Парфюмированный гель для мытья рук Розовый перец, ветивер и пачули. Эксклюзивная формула с ароматом селективного парфюма. Гель для мытья рук с волнующим ароматом розового перца, ветивера и пачули окунет вас в роскошь эксклюзивной парфюмерии. Его нежная воздушная пена бережно очищает, не нарушая pH кожи, и предотвращает ее сухость. Насыщенная формула геля содержит все необходимые ингредиенты для молодости, красоты и сияния кожи. Ваша кожа гладкая и нежная, окутанная шлейфом изысканного парфюма. -Комплекс натуральных масел глубоко питает, дарит гладкость и эластичность. -Д-пантенол и витамин Е защищают липидный барьер, смягчают и омолаживают кожу. -Натуральные экстракты предотвращают обезвоживание кожи, тонизируют, дарят свежий и сияющий вид. -Инулин – натуральный пребиотик поддерживает гармоничный баланс микробиома кожи.","Небольшое количество геля нанесите на влажную кожу рук, помассируйте до образования пены,  смойте водой.",Россия,37
728,2026-10-01T12:53:06.039125,20261001_104711_f22aa185,99000073840,parfjumerija/parfjumirovannyj-uhod,Touchy,"Wellness & Rich coffee, rose, amber",Масло для тела,1418.0,1418.0,0.0,1,4.6,https://goldapple.ru/99000073840-wellness-rich-coffee-rose-amber/,https://goldapple.ru/parfjumerija/parfjumirovannyj-uhod?p=37,"Масло для тела линейки Wellness & Rich – уникальный продукт, вдохновленный природой, он объединяет в себе силу натуральных ингредиентов с передовыми технологиями. Мультифункциональное средство, обогащенное увлажняющими и ухаживающими компонентами, обеспечивает глубокое увлажнение и естественное сияние коже, волосам и ногтям. Всего несколько капель масла подарят гладкость, сатиновый блеск и поддержат естественный гидролипидный баланс. Это универсальное увлажняющее и питательное масло идеально подходит для ежедневного ухода за телом, лицом и волосами. Его можно использовать для принятия ванн, массажа, масок для лица и косметических процедур. Сочетание натуральных растительных масел предотвращает потерю тонуса кожи, появление сухости и растяжек. Средство стимулирует восстановление кожи и повышает её эластичность, делая кожу более упругой и гладкой.",После ванны или душа наносить тонким слоем на влажную кожу.,Россия,37
729,2026-10-01T12:53:15.277053,20261001_104711_f22aa185,99000129628,parfjumerija/parfjumirovannyj-uhod,TSUYU,Nocturne,Парфюмированный эликсир для тела,3515.0,3515.0,0.0,1,4.3,https://goldapple.ru/99000129628-tsuyu-nocturne/,https://goldapple.ru/parfjumerija/parfjumirovannyj-uhod?p=37,"Nocturne — мягкий и томный аромат летней ночи, наполненной пением цикад и мягким светом луны. Искристый юдзу и прохладный камфорный лавр сменяются аккордами ещё не остывших от дневного солнца цветов жасмина и апельсина. Отголоски нот ландыша сплетаются с лавандой и вместе уносятся лёгким ночным ветром, который так и хочется успеть вдохнуть ещё. А древесные ноты придают чувственности моменту — будто сквозь шелест листвы вы слышите, как кто-то перебирает струны в полумраке. Парфюмерный эликсир содержит в составе натуральные масла виноградной косточки, макадамии, жожоба и лимнантеса, которые обеспечивают мягкое нанесение и дополнительный комфорт для кожи. Аромат раскрывается деликатно и мягко, оставляя легкий шлейф.","Рекомендации по нанесению: Наносите лёгкими круговыми движениями на точки пульса: запястья, за ушами, на шею. Не растирайте кожу после нанесения. Дайте аромату впитаться естественным образом. Наносите на чистую кожу — лучше всего после душа. Используйте небольшое количество: нескольких касаний роликового аппликатора достаточно. В случае, если вы выкрутили аппликатор - вы можете снова вставить его путем нажатия пальцами до легкого щелчка. Что важно знать: Стойкость аромата — от 5 часов и выше. Аромат раскрывается постепенно. Флакон удобно носить с собой и обновлять аромат в течение дня. Что влияет на стойкость: Тип и состояние кожи. Температура тела и окружающей среды. Сухой воздух в помещении — при низкой влажности аромат испаряется быстрее. Хранение: Храните в прохладном месте, вдали от прямых солнечных лучей и источников тепла. Избегайте хранения при высоких температурах. Плотно закрывайте флакон после использования. Меры предосторожности: Перед первым использованием протестируйте на небольшом участке кожи. Не наносите на повреждённую или раздражённую кожу. Избегайте попадания в глаза.",Китай (китайская народная республика),37
730,2026-10-01T12:53:23.371668,20261001_104711_f22aa185,99000015582,parfjumerija/parfjumirovannyj-uhod,LAMONNET,blackberry & vetiver,Парфюмированный гель для душа,973.0,973.0,0.0,1,4.6,https://goldapple.ru/99000015582-blackberry-vetiver/,https://goldapple.ru/parfjumerija/parfjumirovannyj-uhod?p=37,"Парфюмированный гель для душа от LAMONNET. Профессиональный уход и забота о вашей коже. Нежная кремовая пена и активный увлажняющий комплекс восстанавливают гидробаланс кожи, повышая её мягкость, тонус и упругость. Сбалансированная формула с высокой концентрацией натуральных природных компонентов бережно и в то же время глубоко очищает кожу от загрязнений. Густая текстура геля обеспечит маленький и экономный расход. Большой объем 750 мл станет идеальным выбором для всей семьи. Гармония и расслабление. Парфюмированная отдушка из Франции подарит легкий и ненавязчивый шлейф на протяжении нескольких часов. Роскошный дизайн флакона с удобным дозатором будет украшением любой ванной комнаты. Парфюмерная композиция: “Лист смородины и ветивер”. Завораживающий, романтичный, свежий. Драгоценные воспоминания из детства. Только что сорванный лист черной смородины, терпкая сладость ежевики и глубокие оттенки ветивера. Универсальный шлейфовый аромат подойдёт как для женщин, так и для мужчин на каждый день.","Нанесите небольшое количество геля на влажную кожу, тщательно вспеньте и распределите по телу, смойте теплой водой.",Россия,37
731,2026-10-01T12:53:31.115571,20261001_104711_f22aa185,19000429251,parfjumerija/parfjumirovannyj-uhod,EMPER,Epic Adventure,Дезодорант-спрей для тела,611.0,611.0,0.0,1,5.0,https://goldapple.ru/19000429251-epic-adventure/,https://goldapple.ru/parfjumerija/parfjumirovannyj-uhod?p=37,"Emper Epic Adventure — это мужской парфюмированный дезодорант, в котором сочетаются аромат восточного парфюма и надёжная защита на весь день. Композиция открывается бодрым мандарином, артемизией, грейпфрутом и лимоном. В сердце — базилик, лаванда, пачули и кедр. Базовые ноты: дубовый мох, кожа и амбра, которые создают стойкую и завораживающую основу аромата. Этот парфюмированный спрей для тела создан для тех, кто всегда в движении.","Дезодорант распылять на расстоянии  10-15 сантиметров от тела, предварительно встряхнув флакон.",Оаэ,37
732,2026-10-01T12:53:42.191292,20261001_104711_f22aa185,19000510275,parfjumerija/parfjumirovannyj-uhod,JEEP,ADVENTURE,Нет категории,1295.0,1295.0,0.0,1,5.0,https://goldapple.ru/19000510275-adventure/,https://goldapple.ru/parfjumerija/parfjumirovannyj-uhod?p=37,"Jeep Adventure создан для мужчины, который рождён для приключений — он ценит дорогу, путешествия и ощущение ветра за спиной. Аромат открывается искристыми нотами грейпфрута, освежающей мяты и пряного розового перца. В сердце — тёплый мускатный орех и благородный цистус, придающие композиции глубину и характер. База из бархатистого ветивера, таинственного ладана и влажного дубового мха создаёт стойкий, утончённый шлейф. Jeep Adventure — это сбалансированный аромат для тех, кто выбирает стиль, свободу и приключения.","Встряхните баллон, распыляйте 2-3 секунды на сухую и чистую кожу подмышек с расстояния 15 см от тела.
Прекратите использование при появлении сыпи или раздражения на коже.",Италия,37
733,2026-10-01T12:53:52.321846,20261001_104711_f22aa185,19000283239,parfjumerija/parfjumirovannyj-uhod,Byredo,Blanche,Нет категории,4702.0,4702.0,0.0,1,4.6,https://goldapple.ru/19000283239-blanche/,https://goldapple.ru/parfjumerija/parfjumirovannyj-uhod?p=37,"Идея аромата Blanche основана на моем восприятии белого цвета. Впервые я изобрел аромат для определенного человека. Я хотел запечатлеть ее невинную, чистую сторону. Сам аромат получился по своему характеру довольно прозрачным. Blanche также передает мое понимание классической красоты. Аромат чистый и простой по структуре, но экстремальный по характеру"" – основатель марки Бен Горхэм.",Нанести небольшое количество крема на кожу рук массажными движениями до полного впитывания.,Франция,37
734,2026-10-01T12:54:01.793161,20261001_104711_f22aa185,19000420963,parfjumerija/parfjumirovannyj-uhod,CLOZ,"Ambra, jasmine, saffron",Гель-крем для душа,841.0,841.0,0.0,1,5.0,https://goldapple.ru/19000420963-ambra-jasmine-saffron/,https://goldapple.ru/parfjumerija/parfjumirovannyj-uhod?p=37,"Откройте для себя атмосферу чувственного наслаждения с натуральным парфюмированным гелем для душа CLOZ. Погрузитесь в чувственный аромат, который останется с Вами на протяжении всего дня, даря ощущение свежести и комфорта. Благородное сочетание амбры, царственного жасмина и пряного шафрана создает роскошный ароматический букет, который пробуждает чувства и наполняет энергией. Уникальная формула с натуральными компонентами обеспечивает интенсивное питание и длительное увлажнение, деликатно очищают кожу, не оставляя чувство сухости и стянутости. Нежная кремовая текстура обеспечивает обильную пену и дарит коже мягкость и шелковистость после каждого применения. Подарите себе моменты истинного удовольствия с CLOZ – где натуральность встречается с роскошью!","Нанесите небольшое количество геля на влажную кожу, вспеньте, скажите себе слова любви и благодарности, затем смойте водой.",Россия,37
735,2026-10-01T12:54:10.980538,20261001_104711_f22aa185,19000473203,parfjumerija/parfjumirovannyj-uhod,VICHY,neovadiol,дневной лифтинг-крем для лица,7616.0,7616.0,0.0,1,4.3,https://goldapple.ru/19000473203-neovadiol-longevity/,https://goldapple.ru/parfjumerija/parfjumirovannyj-uhod?p=37,"Инновация от Vichy: ремоделирующий лифтинг-крем с технологией Longevisia с доказанной эффективностью на клеточном уровне. Согласно исследованиям, у 73% пользователей кожа выглядит подтянутой. Видимый результат в пяти ключевых областях лица: сокращение морщин в области лба, глаз и уголков рта, более упругая кожа на щеках, более четкие овал и контур лица. Технология Longevisia замедляет процессы старения кожи на клеточном уровне. Основой технологии стала более 20 лет исследований в области долголетия, более 100 проведенных исследований и свыше 43 научных публикаций. В составе активные ингредиенты: проксилан, ниацинамид и сенеизиум. Крем имеет легкую и тающую текстуру, придавая коже ощущение шелковистости и гладкости. Быстро впитывается, не оставляя ощущения жирности и не скатываясь, что обеспечивает комфорт в течение всего дня. Крем обладает изысканным цветочным ароматом, раскрывающимся утонченными нотами гардении и мягкими мускусными нотами. Верхние ноты: белый перец. Ноты сердца: гардения и нероли. Базовые ноты: сандал, мускус и молочные ноты. Гипоаллергенно и некомедогенно. Подходит для всех типов кожи, включая чувствительную. Протестировано под дерматологическим контролем.",Наносите крем ежедневно на кожу лица поверх своей сыворотки. Используйте крем утром и вечером. Для более выраженного эффекта применяйте в сочетании с другими продуктами гаммы Neovadiol.,Франция,37
736,2026-10-01T12:54:19.120583,20261001_104711_f22aa185,19000511809,parfjumerija/parfjumirovannyj-uhod,Zielinski & Rozen,"Pink Pepper, Elemi, Cinnamon, Leather",Жидкое мыло-скраб для рук,2390.0,2390.0,0.0,1,5.0,https://goldapple.ru/19000511809-zielinski-rozen-pink-pepper-elemi-cinnamon-leather/,https://goldapple.ru/parfjumerija/parfjumirovannyj-uhod?p=37,"Ассортимент Zielinski & Rozen был дополнен новым продуктом, который изменяет ритуал повседневной гигиены. Жидкое мыло с измельченной абрикосовой косточкой — натуральным отшелушивающим ингредиентом — помогает эффективно очищать и обновлять кожу, превращая даже обычное мытье рук в настоящую заботу о себе. «Я создал этот продукт прежде всего для себя, поскольку у меня не всегда есть время на полноценный уход», — рассказывает основатель бренда Эрез Розен. Этот подход к созданию продукта воплощает принцип простоты, эффективности и наслаждения каждодневными мелочами, который стал основой философии бренда.","Нанесите на руки, помассируйте. Смойте теплой водой.",Израиль,37
737,2026-10-01T12:54:27.976028,20261001_104711_f22aa185,19000125942,parfjumerija/parfjumirovannyj-uhod,PRESS GURWITZ PERFUMERIE,"№15 Iris, Fig, Sandal",Увлажняющее молочко для рук и тела,1264.0,1264.0,0.0,1,4.4,https://goldapple.ru/19000125942-no15-iris-fig-sandal/,https://goldapple.ru/parfjumerija/parfjumirovannyj-uhod?p=37,"Концентрированное увлажняющее молочко для тела и рук Press Gurwitz Perfumerie быстро впитывается, глубоко увлажняет и восстанавливает гидролипидную пленку кожи. Свежий и одновременно чувственный аромат с нотами ириса, инжира, нежного сандала. Содержит питательное масло ши, витамин Е и пантенол, благодаря которым кожа быстро восстанавливается и удерживает влагу, становится мягкой и ухоженной. Входящие в состав пребиотики защищают кожу от негативного воздействия окружающей среды. В коллекции используются селекционные авторские ароматы, которые остаются с вами надолго. Все ароматы унисекс.",Нанести небольшое количество молочка на чистое тело и руки,Россия,37
738,2026-10-01T12:54:38.222765,20261001_104711_f22aa185,19000479381,parfjumerija/parfjumirovannyj-uhod,Kilian Paris,"Love, don’t be shy",ГЕЛЬ ДЛЯ ДУША,8235.0,8235.0,0.0,1,5.0,https://goldapple.ru/19000479381-love-don-t-be-shy/,https://goldapple.ru/parfjumerija/parfjumirovannyj-uhod?p=37,"Гель для душа Love, don’t be shy — роскошный ритуал очищения для рук и тела. Вначале абзаца: этот гель для душа, обогащённый ароматом Love, don’t be shy, создан с использованием нежной, шелковистой текстуры, дарящей многослойное чувственное удовольствие. Его мягкая гелевая формула быстро превращается в густую, воздушную пену, ласкающую кожу и наполняющую пространство утончённым ароматом. Флакон выполнен в стильном дизайне и может быть повторно наполнен. Его украшает сияющая гравировка в форме буквы K.","Нанесите гель на мочалку или прямо на влажную кожу. Мягко помассируйте, чтобы создать густую пену. Кожа станет безупречно чистой и мягкой.",Великобритания,37
739,2026-10-01T12:54:48.472404,20261001_104711_f22aa185,19000041167,parfjumerija/parfjumirovannyj-uhod,Juliette Has A Gun,Not a Hand Cream,Крем для рук,2887.0,2887.0,0.0,1,4.4,https://goldapple.ru/19000041167-not-a-hand-cream/,https://goldapple.ru/parfjumerija/parfjumirovannyj-uhod?p=37,"Крем для рук NOT A HAND CREAM обладает всеми теми качествами, которые вы хотите получить от крема, плюс – у него идеальная текстура. Смягчающий и питательный, но при этом не липкий, он придает вашим рукам идеальный вид. Кожа рук становится матовой, шелковой на ощупь и долгое время источает чувственный аромат.","Наносить по мере необходимости на очищенную и сухую кожу рук небольшое количество крема (примерно пол чайной ложки), уделяя особое внимание кутикуле.",Франция,37
740,2026-10-01T12:55:16.810499,20261001_104711_f22aa185,19000420572,parfjumerija/parfjumirovannyj-uhod,DZIYNA,Vanilla,Парфюмированный Спрей-мист для тела и волос,339.0,339.0,0.0,1,4.4,https://goldapple.ru/19000420572-vanilla/,https://goldapple.ru/parfjumerija/parfjumirovannyj-uhod?p=38,"Парфюмированный спрей-мист для тела DZIYNA ""Vanilla"" с ароматом ванили предназначен для увлажнения и тонизирования кожи тела. Спрей-мист обладает богатым парфюмированным ароматом с доминирующими нотками ванили. Моментально увлажняет кожу, не оставляя липкости. Преимущества спрея-миста для тела DZIYNA ""Vanilla"": • Глицерин, входящий в состав миста, действует как мощный увлажнитель, придавая коже мягкость и комфорт. Избавляет от сухости, обезвоженности, шелушения. Благодаря своим антисептическим и успокаивающим свойствам, снимает дискомфорт и раздражение. • D-пантенол в составе улучшает клеточную регенерацию кожи, помогает разгладить морщины, улучшает качество и тонус кожи. • Растительный экстракт алоэ увлажняет и защищает кожу от негативного воздействия солнечных лучей, снимает воспаление. • Экстракт клюквы действует как отличный антисептик. • Экстракт лаванды регулирует выработку кожного жира, сужает поры, очищает кожу от загрязнений и токсинов. • Экстракт корня солодки снимает отечность, укрепляет кожный каркас, оказывает лифтинг-эффект.",Распылить необходимое количество средства на чистую сухую кожу с расстояния 25-30 см.,Беларусь,38
741,2026-10-01T12:55:27.745046,20261001_104711_f22aa185,19000514440,parfjumerija/parfjumirovannyj-uhod,ECOLATIER,Golden Vanilla & Ambra,Парфюмированный крем для рук и тела,600.0,600.0,0.0,1,5.0,https://goldapple.ru/19000514440-ecolatier-golden-vanilla-ambra/,https://goldapple.ru/parfjumerija/parfjumirovannyj-uhod?p=38,"Коллекция кремов для рук и тела Ecolatier Intense Perfume — это идеальное сочетание роскошных ароматов и натуральных ингредиентов, предназначенных для бережного и эффективного ухода за кожей. Роскошный крем с нежной текстурой легко наносится и идеально впитывается, интенсивно питает, увлажняет и смягчает кожу. Парфюмерная композиция раскрывается на коже уютным и обволакивающим сочетанием теплой ванили и амбры, дополненным изысканной нотой нероли и многогранными оттенками восточных пряностей. Ароматическая пирамида представлена верхними нотами розового перца, бергамота и кориандра, средними нотами ириса, жасмина, розы и нероли, а также базовыми нотами мускуса, ванили, амбры и карамели. Это создаёт неповторимую атмосферу безмятежности, комфорта и невероятной нежности, подчеркивая вашу индивидуальность. Крем включает в себя масло арганы, которое питает и восстанавливает кожу, придавая ей гладкость и бархатистость. Коллаген поддерживает необходимый уровень влаги, увлажняя и смягчая кожу, а экстракт ванили обладает тонизирующим и укрепляющим эффектом.",Массажными движениями нанесите крем на чистую сухую кожу до полного впитывания.,Россия,38
742,2026-10-01T12:55:37.838634,20261001_104711_f22aa185,99000016537,parfjumerija/parfjumirovannyj-uhod,LAMONNET,blackberry & vetiver,Нет категории,780.0,780.0,0.0,1,5.0,https://goldapple.ru/99000016537-blackberry-vetiver/,https://goldapple.ru/parfjumerija/parfjumirovannyj-uhod?p=38,"Скраб для тела Lamonnét – это продукт, созданный по французскому принципу о том, что даже приятные повседневные вещи заслуживают серьезного отношения: l'art de bien faire. Аромат blackberry & vetiver – фруктовый, свежий и яркий. Он чувствуется сразу, стоит только открыть крышку. Лист черной смородины раскрывается своей терпкостью в начале, за ним спелая ежевика. Ветивер добавляет землистой прохлады в завершении. Все ароматы Lamonnét разрабатываются во Франции, в Грассе — мировой столице парфюмерии. Каждая композиция создается с двойной концентрацией парфюма, чтобы на коже оставался стойкий парфюмерный шлейф на несколько часов. Текстура скраба кремовая и тает на коже, не оставляя пленки. Три вида отшелушивающих гранул: морская соль, сахар и пищевая соль, очищают мягко и деликатно – до гладкого идеала. В основе — экстракт лилии. Это ухаживающий компонент с природными антиоксидантами. Он смягчает кожу, поддерживает ее барьер и придает эффект сияния. Пять натуральных масел и алоэ вера интенсивно питают и успокаивают. Кожа гладкая, упругая и живая. • три вида гранул, мягкое очищение • экстракт лилии — природный антиоксидант • натуральные масла и алоэ вера • подходит для всех типов кожи.",Нанесте скраб на сухую или влажную кожу легкими массажными движениями. Помассируйте в течение 3-5 минут. Смойте теплой водой.,Россия,38
743,2026-10-01T12:55:46.418449,20261001_104711_f22aa185,83321800007,parfjumerija/parfjumirovannyj-uhod,Jo Malone London,Lime Basil & Mandarin,Нет категории,2780.0,2780.0,0.0,1,4.7,https://goldapple.ru/83321800007-lime-basil-mandarin/,https://goldapple.ru/parfjumerija/parfjumirovannyj-uhod?p=38,"Гель для душа с пикантным ароматом Lime Basil & Mandarin бережно очищает и смягчает кожу, оставляя на ней деликатный шлейф. Перечный базилик и ароматный белый тимьян привносят неожиданный акцент в аромат лайма, развеваемый тропическим ветром. Формула, обогащенная кофеином и экстрактом пенника лугового, превращается в атласную пену при контакте с водой. Философия сочетания ароматов: Все ароматы и текстуры Jo Malone London можно использовать самостоятельно и в сочетании с другими, создавая уникальные композиции. Чтобы придать аромату свежих акцентов и создать более яркий образ сочетайте Lime Basil & Mandarin с сочным ароматом ягод ежевики - Blackberry & Bay. Чтобы придать аромату теплых оттенков и создать более чувственный образ сочетайте Lime Basil & Mandarin с минеральным ароматом морской соли - Wood Sage & Sea Salt.",Нанесите небольшое количество геля массирующими движениями на влажную кожу и тщательно смойте водой.,Великобритания,38
744,2026-10-01T12:55:55.495346,20261001_104711_f22aa185,99000055140,parfjumerija/parfjumirovannyj-uhod,MOYORY,Amber & Black Pepper и Cherry & Beans Tonka,Подарочный набор для рук,815.0,815.0,0.0,1,4.8,https://goldapple.ru/99000055140-amber-black-pepper-i-cherry-beans-tonka/,https://goldapple.ru/parfjumerija/parfjumirovannyj-uhod?p=38,"Изысканный подарочный набор жидкого мыла для рук от MOYÖRY включает в себя два флакона, предлагая эксклюзивные ароматы Amber&Black pepper и Cherry&Beans tonka. Этот набор - идеальное сочетание ароматического блаженства и тщательного очищения, разработанного для тех, кто ценит не только чистоту, но и уникальные парфюмерные композиции. Благодаря своей универсальности, мыло подходит как для взрослых, так и для детей, обеспечивая мягкий уход за кожей рук и тела. Используйте его в ванной, на кухне или в гостевом санузле, чтобы каждое мытье рук стало маленьким ритуалом красоты и ухода.","Нанесите небольшое количество средства на влажную кожу, вспеньте, смойте водой.",Россия,38
745,2026-10-01T12:56:05.287900,20261001_104711_f22aa185,19000488766,parfjumerija/parfjumirovannyj-uhod,Maison Francis Kurkdjian,724,Парфюмированный крем для рук,5600.0,5600.0,0.0,1,5.0,https://goldapple.ru/19000488766-724/,https://goldapple.ru/parfjumerija/parfjumirovannyj-uhod?p=38,"Парфюмированный крем для рук 724 увлажняет кожу, распространяя нежный аромат с каждым движением. Нанесите крем на кожу и распределите легкими массирующими движениями. Элегантный, современный и притягательный аромат 724 приглашает вас почувствовать ритм города. Под аккорды бергамота, белых цветов и чувственного мускуса 724 передает то, что объединяет все мегаполисы: вибрирующую энергию, резонирующую в унисон, как пульсация с частотой 724 удара в минуту. Представлен в алюминиевом тюбике, подлежащем 100% переработке, сочетающем функциональность с экологичностью. Этот легкий, герметично запечатанный и мягкий материал сохраняет качество формулы, ограничивая окисление и обеспечивая идеальную простоту использования вплоть до ее последнего применения. Его элегантная крышечка повторяет форму крышек флаконов с духами и украшена монограммой Дома. Нанесите крем на кожу и распределите легкими массирующими движениями. Нежная и легкая текстура быстро впитывается, мгновенно создавая ощущение комфорта на коже. Чтобы насладиться моментом ухода за собой и продлить звучание вашего аромата, попробуйте также другие средства из коллекции 724: очищающий гель для рук и тела, парфюмированный лосьон, дымку для волос и масло для тела.",Нанести на кожу и распределить легкими массирующими движениями.,Франция,38
746,2026-10-01T12:56:14.618852,20261001_104711_f22aa185,19000384402,parfjumerija/parfjumirovannyj-uhod,Casa Leggera,Dolce Ambra,Крем для рук,1791.0,1791.0,0.0,1,4.7,https://goldapple.ru/19000384402-dolce-ambra/,https://goldapple.ru/parfjumerija/parfjumirovannyj-uhod?p=38,"Парфюмированный крем для рук Dolce Ambra с нотами ванили, амбры и цитрусовых – это революционная технология, которая сочетает в себе натуральные и питательные компоненты и активы. За счёт уникального состава, кожа рук, страдающая от частого мытья и использования дезинфицирующих средств, становится мягкой, эластичной и увлажненной. Крем обладает легкой текстурой и быстро впитывается, не оставляя следов. Содержит в своём составе инновационные активы: SpecAWK® Plus — омолаживающий комплекс из лечебных трав, который стимулирует синтез коллагена, придает коже гладкость, упругость и здоровое сияние. Filagrinol — натуральный актив для модуляции выработки филаггрина, который повышает уровень увлажнения эпидермиса и эластичности кожи. Vyox-G — смесь антиоксидантов растительного происхождения. Комплекс масел – сбалансированное сочетание масел сладкого миндаля, виноградной косточки и жожоба, идеально подходит для чувствительной кожи, питает и восстанавливает липидный барьер.",Нанесите крем на сухую или слегка влажную кожу и распределите легкими массажными движениями до полного впитывания.,Россия,38
747,2026-10-01T12:56:23.722907,20261001_104711_f22aa185,99000016051,parfjumerija/parfjumirovannyj-uhod,Contently,After All!,Лосьон для тела,3720.0,3720.0,0.0,1,4.7,https://goldapple.ru/99000016051-after-all/,https://goldapple.ru/parfjumerija/parfjumirovannyj-uhod?p=38,"Aromatic Body Lotion Contently – это ароматный лосьон для тела со сбалансированным pH, содержащий растительные ингредиенты, AHA-кислоты и запатентованный комплекс Greenol. Быстро впитывается, не оставляя следов и липкости. Фермент бифидобактерий укрепляет и повышает эластичность тканей, интенсивно увлажняет, предотвращая возникновение сухости и обезвоженности кожи. Ферменты лактобактерий оказывают противовоспалительное действие, восстанавливают функции эпидермиса. Облегчают симптомы воспалительных заболеваний кожи, уменьшают её чувствительность, а также поддерживают ее эластичность, гладкость и упругость. Сочетание натуральных и насыщенных ароматов расслабляет тело и разум. Гипоаллергенное средство. Для всех типов кожи. Подходит при атопическом дерматите. Здоровое тело - обещание от Contently. Ключевые свойства: · укрепляет и повышает эластичность тканей · глубокое увлажнение и питание · противовоспалительный и заживляющий эффект · выравнивает тон кожи и придает сияние · восстанавливает защитный барьер кожи · быстро впитывается, не оставляя следов и липкости Основные ингредиенты: Экстракт бергамота, экстракт корня куркумы, лизаты лактобактерий, лизаты бифидобактерий, экстракт белой фрезии, экстракт цветков матрикарии, экстракт мяты перечной, экстракт лаванды, лизаты фермента лактококка, никатиномед.","После ванны или душа, нанесите небольшое количество лосьона на все тело мягкими массажными движениями до полного впитывания.",Республика корея,38
748,2026-10-01T12:56:31.831571,20261001_104711_f22aa185,19000357696,parfjumerija/parfjumirovannyj-uhod,Emmanuelle Jane,COMME L’AIR,Спрей для тела и волос,2010.0,2010.0,0.0,1,4.2,https://goldapple.ru/19000357696-comme-l-air/,https://goldapple.ru/parfjumerija/parfjumirovannyj-uhod?p=38,"Спрей для тела Comme l'air — это захватывающий и теплый аромат, сочетающий свежесть фруктов, нежность цветов и таинственную глубину янтаря. Композиция приглашает окунуться в мир ярких и незабываемых впечатлений и эмоций. Фруктовые ноты напоминают о свежести и жизненной силе спелых фруктов, привнося в композицию нотку легкости и элегантности. Оттенки цветов розы, жасмина и ландыша придают композиции особый шарм, подчеркивая твой особый стиль. Янтарная нота дополняет эту симфонию ароматов своей теплотой и придает ощущение комфорта и чувство уверенности в себе. Коллекция Emmanuelle Jane Parfum Mist Brume — 11 ароматов, где каждый представляет собой уникальное облако эмоций, которое помогает выразить настроение и вдохновить на новые свершения. Мист обладает легкой текстурой и свежим ароматом — идеален для повседневного использования. Такой формат можно использовать не только на коже, но и на волосах, одежде или в помещении. Откройте для себя мир утонченной элегантности с коллекцией ароматов Emmanuelle Jane Parfum Mist Brume. Бренд французской парфюмерии Emmanuelle Jane в своем творчестве объединил восточную культуру, средиземноморскую легкость и французский образ жизни. Сочетание популярных и редких нот парфюмерии позволило создать поистине шедевры парфюмерного искусства, которые сегодня пользуются большой популярностью на рынках Европы и Азии. Бренд постоянно сотрудничает с лучшими парфюмерами со всего мира. Главная цель Emmanuelle Jane — поиск наиболее совершенных парфюмерных композиций, эффектно дополняющих образ и имидж своих потребителей.",Распылите на расстоянии 20 см на открытые участки тела и волосы после ванны или душа. При желании можно наносить мист в течение дня.,Греция,38
749,2026-10-01T12:56:42.693746,20261001_104711_f22aa185,19760314275,parfjumerija/parfjumirovannyj-uhod,Zielinski & Rozen,"Vetiver, Lemon",Соль мертвого моря,2590.0,2590.0,0.0,1,5.0,https://goldapple.ru/19760314275-vetiver-lemon-bergamot/,https://goldapple.ru/parfjumerija/parfjumirovannyj-uhod?p=38,Натуральная кристаллическая соль Мертвого моря. Способствует расслаблению во время купания. Делает кожу мягкой и гладкой. Ароматы продукции Zielinski&Rozen изменили свое наименование без изменения состава.,"Способ применения: Растворите 100–200 г соли в теплой воде, примите восстанавливающую ванну, а затем ополоснитесь.",Израиль,38
750,2026-10-01T12:56:51.671715,20261001_104711_f22aa185,19000412765,parfjumerija/parfjumirovannyj-uhod,Yves Rocher,COMME UNE EVIDENCE,Парфюмированный гель для душа,1103.0,1103.0,0.0,1,4.6,https://goldapple.ru/19000412765-comme-une-evidence/,https://goldapple.ru/parfjumerija/parfjumirovannyj-uhod?p=38,"Откройте для себя всю гармонию композиции Comme une Evidence в геле для душа, который бережно очищает кожу и оставляет на ней деликатный аромат. Идеальный продукт, чтобы продлить звучание нашего культового цветочного шипра, неподвластного времени. Аромат: Бергамот - Дамасская Роза - Пачули. Текстура: нежная гелевая. 
Преимущество: очищает кожу и дарит легкий ароматComme une Evidence, или Как Явность. Сортируя отходы, вы каждый раз помогаете дать им вторую жизнь.","Нанесите на влажную кожу, помассируйте, тщательно смойте. Избегайте попадания в глаза.",Франция,38
751,2026-10-01T12:57:01.193250,20261001_104711_f22aa185,19000324267,parfjumerija/parfjumirovannyj-uhod,Краснополянская косметика,Ароматный Глинтвейн,Скраб для тела,598.0,598.0,0.0,1,4.6,https://goldapple.ru/19000324267-aromatnyj-glintvejn/,https://goldapple.ru/parfjumerija/parfjumirovannyj-uhod?p=38,"Скраб «Глинтвейн» - эффективный способ поддержать гладкость, мягкость и тонус кожи, выровнять ее рельеф, получив не только активное отшелушивание, но и настоящее ароматическое удовольствие! - Сахар в сочетании с семенами клубники мягко полирует кожу, забирая с нее все лишнее, при этом даря чувство увлажнения и смягчения. - Масла кокоса и персика напитывают кожу необходимыми липидами, повышая ее эластичность и мягкость. - Эфирные масла гвоздики и корицы в сочетании с перцем чили разогревают кожу и улучшают микроциркуляцию, помогая моделировать силуэт и бороться с проявлениями целлюлита.","Нанесите легкими движениями на влажную кожу тела, помассируйте, смойте теплой водой.",Россия,38
752,2026-10-01T12:57:09.213180,20261001_104711_f22aa185,19000196810,parfjumerija/parfjumirovannyj-uhod,Givenchy,LE SOIN NOIR,Нет категории,11030.0,11030.0,0.0,1,5.0,https://goldapple.ru/19000196810-le-soin-noir/,https://goldapple.ru/parfjumerija/parfjumirovannyj-uhod?p=38,"Очищающая пенка для снятия макияжа Le Soin Noir от Givenchy – невероятно чувственный ритуал очищения кожи. Уникальный концентрат Black Sap™, являющийся основой всех ритуалов ухода Le Soin Noir, вобрал в себя живительную силу водоросли. В состав средства, на 83% состоящего из ингредиентов натурального происхождения, входит дуэт активных ингредиентов: Black Sap™, извлеченный из живительной водоросли, а также экстракт планктона, который защищает кожу от проявлений агрессивного воздействия окружающей среды. Гелевая текстура продукта превращается в кремовую пену, которая прекрасно удаляет загрязнения, образовавшиеся в течение дня. Нежная текстура оставляет ощущение абсолютного комфорта, напитывает и восстанавливает кожу даже на этапе очищения. Кожа выглядит более совершенной и гладкой. Натуральная губка из конжака обеспечивает мягкую эксфолиацию, повышая эффективность продукта. Картонная упаковка выполнена из бумаги по стандарту FSC с печатью экологически безопасными чернилами. Дополните свой ритуал очищения кожи лица гель-маслом для снятия макияжа Le Soin Noir от Givenchy.","Закройте глаза, глубоко дышите и погрузитесь в морскую вселенную Le Soin Noir. 1. После снятия макияжа слегка смочите лицо теплой водой. 2. Мягко вспеньте средство между ладонями, используя небольшое количество воды, пока гель не превратится в обильную пену. Нанесите пенку мягкими движениями на лицо, избегая области вокруг глаз. 3. Смочите спонж Конжак водой. Выполните небольшие круговые движения увлажненным спонжем, который способствует оптимальному очищению благодаря мягкому отшелушивающему действию. 4. Тщательно смойте прохладной водой, чтобы получить безупречно чистую кожу. После использования хорошо промойте спонж и оставьте для высыхания. Наносите на кожу лица и шеи утром и вечером. Используйте сыворотку, крем для лица и крем для ухода вокруг глаз Le Soin Noir для получения комплексного регенерирующего эффекта.",Франция,38
753,2026-10-01T12:57:17.976568,20261001_104711_f22aa185,19000482635,parfjumerija/parfjumirovannyj-uhod,L'AVISAL,Softness of Patchouli,Нет категории,366.0,366.0,0.0,1,5.0,https://goldapple.ru/19000482635-softness-of-patchouli/,https://goldapple.ru/parfjumerija/parfjumirovannyj-uhod?p=38,"Волшебство аромата «Мягкость пачули»: • Первое впечатление — влажный, тёплый аромат пачули, словно утренний лес после дождя, пропитанный земной свежестью и мягким светом солнца, пробуждающий чувства и окутывающий уютом. • Развитие — древесно‑мускусные ноты раскрываются плавно и глубоко, добавляя тепла и немного дымных оттенков, словно тихий вечер у камина, напоённый спокойствием и внутренней гармонией. • Финал — сладковатая нота пачули оставляет мягкое послевкусие, окутывающее теплом и уютом, словно тёплый плед в прохладный вечер, даря ощущение спокойствия и умиротворения. Для кого подойдёт: Этот аромат идеально подойдёт людям, ценящим мягкую глубину и природную теплоту. Он подчеркнёт внутреннюю гармонию, спокойствие и утончённость тех, кто любит ощущать связь с природой и ценит уютные моменты. Особенно хорошо подойдёт для тех, кто ищет в парфюме ощущение уюта и внутренней силы.","Нанести гель на влажную кожу тела или мочалку, вспенить массирующими движениями, смыть водой.",Россия,38
754,2026-10-01T12:57:26.095831,20261001_104711_f22aa185,99000118547,parfjumerija/parfjumirovannyj-uhod,MOYORY,"MANGO, ORANGE, JASMINE",Парфюмированное мыло-пенка для рук и тела,550.0,550.0,0.0,1,4.6,https://goldapple.ru/99000118547-mango-orange-jasmine/,https://goldapple.ru/parfjumerija/parfjumirovannyj-uhod?p=38,"Жидкое мыло-пенка от Moyöry — идеальное средство для ежедневного ухода за кожей рук и тела. Оно обеспечивает нежное очищение и увлажнение, придавая мягкость и ощущение комфорта. Обладает мягкой текстурой с глубоким изысканным тропическим ароматом, который раскрывается сочными нотами спелого, сладкого манго, утончённого жасмина и апельсина. Специально разработанная формула и защитный состав не вызывают аллергии и подходят для любого типа кожи, даже самой сухой и чувствительной. Сухость и раздражение больше не проблема: антибактериальное действие обеспечивает защиту от бактерий и аллергических реакций. Ароматизированное мыло-пенка превращает процесс мытья в настоящее удовольствие. Парфюмерное средство с нотками аромата дарит чувство свежести и чистоты на долгие часы.","Нанесите пенку на руки или тело, тщательно распределите, помассируйте и смойте водой.",Россия,38
755,2026-10-01T12:57:34.538813,20261001_104711_f22aa185,19000125941,parfjumerija/parfjumirovannyj-uhod,PRESS GURWITZ PERFUMERIE,"№15 Iris, Fig, Sandal",Жидкое мыло для рук,1146.0,1146.0,0.0,1,4.8,https://goldapple.ru/19000125941-no15-iris-fig-sandal/,https://goldapple.ru/parfjumerija/parfjumirovannyj-uhod?p=38,"Жидкое мыло для рук Press Gurwitz Perfumerie, обогащенное экстрактами ириса, инжира, а так же маслом сандала и пантенолом, бережно очищает кожу и ухаживает за ней. Чувственная и волнующая композиция с нотами ириса, инжира и сандалана. Натуральное мыло хорошо увлажняет и питает сухую кожу рук, восстанавливает ее защитные свойства, успокаивает и удерживает влагу внутри. Мыло не сушит кожу и не нарушает естественный PH-баланс, гарантирует мягкость кожи и безопасность при частом использовании даже для чувствительной кожи, обладает антибактериальным эффектом. В коллекции используются селекционные авторские ароматы, которые остаются с вами надолго. Все ароматы унисекс.","Нанести небольшое количество на руки, затем смыть",Россия,38
756,2026-10-01T12:57:42.720201,20261001_104711_f22aa185,19000496952,parfjumerija/parfjumirovannyj-uhod,Tesori d’Oriente,PERSIAN DREAM,Дезодорант-спрей для тела,544.0,544.0,0.0,1,4.3,https://goldapple.ru/19000496952-tesori-d-oriente-persian-dream/,https://goldapple.ru/parfjumerija/parfjumirovannyj-uhod?p=38,"Tesori d'Oriente Дезодорант аэрозоль Персидские грезы. Чувственные ноты жасмина, сладкие и пряные ноты граната сплетаются с ароматом красного чая и теплой амброй. Ароматический дезодорант-спрей мягко дезодорирует и освежает, не повреждая кожу. — Борется с образованием неприятных запахов, обеспечивая защиту на 24 часа. — Не оставляет следов на одежде и коже. — Дерматологически протестировано.",Встряхните баллон. Распыляйте средство в течение 2–3 секунд на сухую и чистую кожу подмышек с расстояния 15 см от тела. Прекратите использование при появлении сыпи или раздражения на коже.,Италия,38
757,2026-10-01T12:57:51.242752,20261001_104711_f22aa185,19000429247,parfjumerija/parfjumirovannyj-uhod,EMPER,G. Woman,Дезодорант-спрей для тела,611.0,611.0,0.0,1,4.3,https://goldapple.ru/19000429247-g-woman/,https://goldapple.ru/parfjumerija/parfjumirovannyj-uhod?p=38,"Emper G.woman - это премиальный парфюмированный дезодорант женский, который обеспечивает надежную защиту на протяжении 24 часов. Этот арабский дезодорант антиперспирант женский является идеальным сочетанием арабской косметики и изысканного аромата, призванный подчеркнуть вашу женственность и привлекательность. G.WOMAN парфюмированный спрей для тела представляет собой смесь свежих и сочных начальных нот малины и земляники, которые создают ощущение яркости и энергии. В сердце аромата расцветает нежная флоральная симфония жасмина, сандала и гелиотропа, добавляющая ноты элегантности и роскоши. В шлейфе проявляются глубокие и привлекательные ноты амбры и мускуса, придающие аромату стойкость и соблазнительность.","Дезодорант распылять на расстоянии  10-15 сантиметров от тела, предварительно встряхнув флакон.",Оаэ,38
758,2026-10-01T12:58:01.418297,20261001_104711_f22aa185,90150700003,parfjumerija/parfjumirovannyj-uhod,Zielinski & Rozen,Rosemary & Lemon,Крем для тела,3990.0,3990.0,0.0,1,4.4,https://goldapple.ru/90150700003-rosemary-lemon-neroli/,https://goldapple.ru/parfjumerija/parfjumirovannyj-uhod?p=38,"Имеет легкую текстуру, увлажняет и питает кожу. Подходит для всех типов кожи.",Нанесите на сухую или влажную кожу легкими массирующими движениями до полного впитывания.,Израиль,38
759,2026-10-01T12:58:11.044524,20261001_104711_f22aa185,19000328395,parfjumerija/parfjumirovannyj-uhod,Yves Rocher,МАНГО & КОРИАНДР,ЖИДКОЕ МЫЛО ДЛЯ РУК,434.0,434.0,0.0,1,5.0,https://goldapple.ru/19000328395-bain-de-nature-mango-and-coriander/,https://goldapple.ru/parfjumerija/parfjumirovannyj-uhod?p=38,"Моющая основа 100% растительного происхождения без сульфатов деликатно очищает и окутывает нежным ароматом, сохраняя естественное увлажнение кожи. 95% ингредиентов натурального происхождения.","Нанесите на влажную кожу рук, вспеньте и смойте водой.",Франция,38
760,2026-10-01T12:58:34.304314,20261001_104711_f22aa185,19000514281,parfjumerija/parfjumirovannyj-uhod,Акс,рубиновая вишня,мужской шампунь-гель для душа,620.0,620.0,0.0,1,5.0,https://goldapple.ru/19000514281-axe-rubinovaa-visna/,https://goldapple.ru/parfjumerija/parfjumirovannyj-uhod?p=39,"Гель для душа мужской и шампунь для волос очищающий 2в1 АКС Рубиновая Вишня — превосходное решение для мужчин, которые ценят универсальные средства для ухода за собой. Этот продукт обеспечивает качественный уход за волосами и кожей тела, а его выразительный аромат оставляет стойкое впечатление на долгое время. Гель для душа обогащен насыщенной формулой с эфирными маслами в парфюмерной композиции. Бережное очищение тела и волос от излишков себума и загрязнений происходит без пересушивания, благодаря наличию увлажняющих компонентов. Содержит пребиотик растительного происхождения. Средство с ароматом вишни легко наносится, хорошо пенится и быстро смывается, оставляя кожу гладкой и волосы послушными. Подходит для ежедневного применения для любого типа волос. Уникальная парфюмерная композиция сочетает в себе спелую вишню, восточные специи и дымную древесину. Стойкий аромат, разработанный европейским парфюмерным домом, сохраняется до 12 часов, оставляя на коже тонкий, но выразительный шлейф. Этот продукт разработан с учетом особенностей мужской кожи и предпочтений в ароматах, обеспечивая максимальный комфорт и удобство использования. Рубиновая вишня является доминирующей нотой в парфюмерной композиции.",Нанесите гель на мочалку или ладонь. Слегка вспеньте водой и распределите по всему телу. Смойте пену водой. Вы можете использовать этот гель как шампунь.,Россия,39
761,2026-10-01T12:58:43.874308,20261001_104711_f22aa185,19000282261,parfjumerija/parfjumirovannyj-uhod,The Skin House,Vita Snail,освежающий крем для лица,1931.0,1931.0,0.0,1,4.6,https://goldapple.ru/19000282261-vita-snail/,https://goldapple.ru/parfjumerija/parfjumirovannyj-uhod?p=39,"Освежающий крем с легкой текстурой улучшает внешний вид и состояние кожи, выравнивает цвет, придает сияние, делает кожу мягкой и гладкой. Экстракты мандарина, бергамота, смородины — сильные антиоксиданты с омолаживающим, освежающим и заряжающим энергией действием. Муцин улитки сужает поры, выравнивает рельеф и устраняет повреждения. После нанесения крема кожа становится гладкой, свежей, увлажненной. Крем подходит для всех типов кожи.",На последнем этапе ухода за кожей возьмите необходимое количество крема и аккуратно нанесите его на лицо.,Республика корея,39
762,2026-10-01T12:58:52.607260,20261001_104711_f22aa185,19000421316,parfjumerija/parfjumirovannyj-uhod,Bouquet Garni,Clean Soap,Нет категории,1563.0,1563.0,0.0,1,4.4,https://goldapple.ru/19000421316-clean-soap/,https://goldapple.ru/parfjumerija/parfjumirovannyj-uhod?p=39,"Лосьон для тела BOUQUET GARNI Fragranced Body Lotion Clean Soap - Увлажняющий лосьон для тела с глубоким ароматом парфюма, богатый полезными ингредиентами, успокаивает и питает кожу. Активные компоненты: пантенол и токоферилацетат помогают сухой коже сохранять ощущение глубокого увлажнения в течение длительного времени. Масло Ши глубоко увлажняет и питает кожу витаминами (A, C, E), придавая ей естественное сияние. Кроме того, средство содержит в себе ряд полезных экстрактов, которые имеют успокаивающий эффект. В составе лосьона ароматы премиум-класса, тщательно отобранные в соответствии с рекомендациями IFRA (Международная ассоциация вкусовых добавок) и Управлением по санитарному надзору за качеством пищевых продуктов и медикаментов. Для всех типов кожи.",Нанесите небольшое количество лосьона на чистую кожу после душа. Массажными движениями рук втирайте его в кожу.,Республика корея,39
763,2026-10-01T12:59:02.310080,20261001_104711_f22aa185,19000377175,parfjumerija/parfjumirovannyj-uhod,Fabrik cosmetology,MISTERO,Нет категории,229.0,229.0,0.0,1,4.6,https://goldapple.ru/19000377175-mistero/,https://goldapple.ru/parfjumerija/parfjumirovannyj-uhod?p=39,"Элегантный и утончённый аромат MISTERO — это внезапная и яркая встреча двух противоположностей. Тонкое сочетание яркого бергамота и свежей зелени встречают с первых нот, создавая ощущение комфорта и безмятежности. На смену спокойствия приходит аккорд пряных специй, который придает композиции живость и бунтарство. И только букет из лаванды и белых цветов умиротворяет буйное настроение. После вихря эмоций в игру вступают уверенный дубовый мох и сладострастные бобы тонка, оставляя шлейф силы и харизмы. Парфюмированный крем идеально подходит для ежедневного ухода за кожей лица, рук и тела. Глицин оказывает тонизирующее и омолаживающее действие, делает кожу упругой и эластичной. Масло зародышей пшеницы смягчает, интенсивно увлажняет и питает. Легкая невесомая текстура быстро впитывается, не оставляя жирных следов и ощущения липкости.",Массажными движениями нанесите небольшое количество крема на кожу до полного впитывания.,Россия,39
764,2026-10-01T12:59:11.724864,20261001_104711_f22aa185,19000318831,parfjumerija/parfjumirovannyj-uhod,Natura Siberica,golden shimmer,"Увлажняющий парфюмированный мист для волос, лица и тела",1922.0,1922.0,0.0,1,4.2,https://goldapple.ru/19000318831-golden-shimmer/,https://goldapple.ru/parfjumerija/parfjumirovannyj-uhod?p=39,"Увлажняющий парфюмированный мист для волос, лица и тела с золотым шиммером. Увлажняющий парфюмированный мист «Сияние севера» придаёт лёгкое сияние коже и естественный блеск волосам, не оставляя ощущения липкости. Увлажняет и питает, придавая ухоженный вид. Кладония снежная: выравнивает тон кожи. Экстракт женьшеня: увлажняет кожу и волосы. Экстракт ягод брусники: усиливает естественное свечение.",Встряхните флакон перед использованием. Нанесите спрей на кожу с расстояния 15-20 см. Не требует растирания; дождитесь полного высыхания.,Россия,39
765,2026-10-01T12:59:19.348842,20261001_104711_f22aa185,19000324270,parfjumerija/parfjumirovannyj-uhod,Краснополянская косметика,Ароматный Глинтвейн,Крем - баттер для тела,747.0,747.0,0.0,1,4.4,https://goldapple.ru/19000324270-aromatnyj-glintvejn/,https://goldapple.ru/parfjumerija/parfjumirovannyj-uhod?p=39,"Крем – баттер для тела «Глинтвейн» - роскошное ароматное средство для мгновенного смягчения и повышения эластичности кожи и улучшении ее рельефа. Таящая текстура крема дарит приятное чувство комфорта и обволакивает согревающим терпким ароматом. - Масла кокоса и какао глубоко питают и восстанавливают кожу, стимулируют процессы ее обновления и поддерживают упругость и эластичность. - Эфирные масла гвоздики, лимона и корицы улучшают микроциркуляцию, помогая моделировать силуэт и бороться с проявлениями целлюлита.","Нанесите массажными движениями на тело, используйте после душа или по мере необходимости.",Россия,39
766,2026-10-01T12:59:29.020195,20261001_104711_f22aa185,19000472808,parfjumerija/parfjumirovannyj-uhod,Camay,ROMANTIQUE,Парфюмированный гель для душа,664.0,664.0,0.0,1,4.9,https://goldapple.ru/19000472808-romantique/,https://goldapple.ru/parfjumerija/parfjumirovannyj-uhod?p=39,"Парфюмированный гель для душа Camay Romantique с ароматом французской розы — идеальный выбор для женщин и девушек, которые ценят истинное наслаждение и бережный уход. Это средство подходит для обладательниц любого типа кожи. Уходовая формула геля помогает сохранить естественное увлажнение кожи и предотвратить чувство сухости и стянутости после использования. Купаж цветочных масел создает неповторимую симфонию ароматов, даря коже роскошный уход. Благодаря насыщенной гелеобразной текстуре средство легко превращается в нежную пену и полностью смывается водой, позволяя коже дышать. Он помогает настроиться на новый день или расслабиться вечером, а воздушная пена бережно очищает и заботится о коже. Аромат вдохновлен розами из знаменитого французского парка Багатель в Париже и пробуждает чувство влюбленности. В верхних нотах вы почувствуете прохладу и зелень, которые переходят в окутывающий теплый цветочно-медовый запах красных роз в сердце аромата. Завершают романтическое ощущение сладковато-древесные нотки кедра. Стойкий тонкий аромат роз остается на коже и продлевает чувство расслабления.",1. Нанесите на влажную кожу или ладонь. 2. Вспеньте. 3. Распределите по всему телу. 4. Смойте водой.,Россия,39
767,2026-10-01T12:59:41.108052,20261001_104711_f22aa185,19000400759,parfjumerija/parfjumirovannyj-uhod,MiPASSION,Currant leaf & Amber,Масло для тела,866.0,866.0,0.0,1,4.3,https://goldapple.ru/19000400759-currant-leaf-amber/,https://goldapple.ru/parfjumerija/parfjumirovannyj-uhod?p=39,"Погрузитесь в нежность с парфюмированным баттером для тела, текстура которого напоминает воздушное суфле с мягкими зефирными завитками. 
Масло ши глубоко питает, масло манго смягчает и восстанавливает, кокосовое дарит эластичность, масла персика и сладкого миндаля насыщают витаминами, а витамин Е защищает кожу от сухости. Аромат Смородиновый лист & Амбра — это гармония свежей зелени с теплым древесным шлейфом, обволакивающая уютом и утонченностью. Идеальное сочетание ухода, удовольствия и эстетики!","Разогреть небольшое количество баттера в руках и нанести на чистую кожу тела, массировать до полного впитывания. Уделите особое внимание сухим участкам кожи на локтях, коленях, пятках. Баттер может использоваться в качестве массажного масла.",Россия,39
768,2026-10-01T12:59:51.754697,20261001_104711_f22aa185,19000042000,parfjumerija/parfjumirovannyj-uhod,PRESS GURWITZ PERFUMERIE,"№5 Ginger, Vanilla, Verviene",увлажняющее Молочко для тела и рук,1264.0,1264.0,0.0,1,4.4,https://goldapple.ru/19000042000-no5/,https://goldapple.ru/parfjumerija/parfjumirovannyj-uhod?p=39,"Увлажняющее молочко для рук и тела Press Gurwitz Perfumerie, быстро впитывается, глубоко увлажняет и восстанавливает гидролипидную пленку кожи. Легкий и свежий аромат с миксом из яркого имбиря и свежей вербены, смягченный нотами сладкой ванили. Содержит питательное масло ши, витамин Е и пантенол, благодаря которым кожа быстро восстанавливается и удерживает влагу, становится мягкой и ухоженной. Входящие в состав пребиотики защищают кожу от негативного воздействия окружающей среды. В коллекции используются селекционные авторские ароматы, которые остаются с вами надолго. Все ароматы унисекс.","Нанести небольшое количество на тело, затем смыть",Россия,39
769,2026-10-01T13:00:02.218434,20261001_104711_f22aa185,99000157428,parfjumerija/parfjumirovannyj-uhod,Faroosh,Ginkgo Biloba,Кондиционер для роста волос,1926.0,1926.0,0.0,1,5.0,https://goldapple.ru/99000157428-faroosh-ginkgo-biloba/,https://goldapple.ru/parfjumerija/parfjumirovannyj-uhod?p=39,"Кондиционер для стимуляции роста волос Ginkgo biloba с экстрактами листьев и семян дерева гинкго, лопуха, облепихи и мать-и-мачехи эффективно борется с сухостью волос, существенно снижая их ломкость. Комплекс коллагена, пантенола и биотина проникает глубоко в структуру волоса, восстанавливая повреждения и придавая волосам заметную плотность и упругость. Подходит для всех типов волос. Направлен на: — Предотвращение выпадения волос, улучшение их структуры. — Усиление роста и пробуждение спящих волосяных луковиц. — Устранение перхоти, сухости и чувства стянутости кожи головы. — Восстановление потерянного блеска и эластичности волос. Ключевые компоненты и их действие: — Экстракт гинкго — мощный антиоксидант, играет ключевую роль в улучшении микроциркуляции кожи головы. — Экстракт лопуха известен своими противовоспалительными и антибактериальными свойствами, что помогает бороться с перхотью и зудом кожи головы. — Экстракт облепихи, богатый витаминами, минералами и ненасыщенными жирными кислотами, питает и восстанавливает структуру волос, делая их более эластичными и блестящими. — Экстракт мать-и-мачехи укрепляет корни волос, стимулирует их рост и предотвращает преждевременное старение. — Масло жожоба создаёт защитный барьер, предохраняя волосы от вредного воздействия окружающей среды и термических повреждений. — Пантенол проникает в стержень волоса, увеличивая его толщину и эластичность, а также способствует удержанию влаги, что предотвращает ломкость и сухость. — Ниацинамид улучшает кровообращение кожи головы, что способствует лучшему поступлению питательных веществ к волосяным фолликулам. Аромат: утончённая парфюмерная композиция с глубоким шлейфом.","После использования шампуня против выпадения волос Ginkgo biloba нанесите кондиционер от середины длины до кончиков волос, оставьте на 2-3 минуты. Смойте теплой водой.",Россия,39
770,2026-10-01T13:00:10.360323,20261001_104711_f22aa185,19000203311,parfjumerija/parfjumirovannyj-uhod,Acque di Italia,VOLUPTAS,ГЕЛЬ ДЛЯ МЫТЬЯ РУК,1089.0,1089.0,0.0,1,5.0,https://goldapple.ru/19000203311-voluptas/,https://goldapple.ru/parfjumerija/parfjumirovannyj-uhod?p=39,"Удовольствие, чувственность, страсть, очарование Жидкое мыло для рук обладает очень лёгкой гелевой текстурой, оптимальной для очищения кожи рук. Преобразуется в мягкую пену, делая кожу мягкой и шелковистой. Идеально для ежедневного использования: обеспечивает правильное очищение без агрессивного действия. Натуральные ПАВы природного происхождения мягко омывают кожу, не повреждая гидролипидный барьер.","Только для наружного применения, набрать небольшое количество в ладонь, добавить воды, подольше помассировать руки, затем смыть.",Италия,39
771,2026-10-01T13:00:20.578727,20261001_104711_f22aa185,19000282584,parfjumerija/parfjumirovannyj-uhod,Flame moscow,Nina,Крем для рук,1255.0,1255.0,0.0,1,4.8,https://goldapple.ru/19000282584-nina/,https://goldapple.ru/parfjumerija/parfjumirovannyj-uhod?p=39,"Верхние ноты: Лист инжира, морская соль, маракуйя Средние ноты: Инжир, кокосовое молоко Базовые ноты: Клен, мускус, амбра Сливочный аромат нежности и тепла, где листья инжира оттеняют невесомую маракуйю, спелые плоды инжира и ароматное кокосовое молоко. Приправлена композиция морской солью, которая дает намек на чистый воздух побережья и контрастирует с интенсивной сладостью. Клен и амбра создают обволакивающий отпечаток в базовых нотах композиции. Крем отлично увлажняет кожу благодаря сочетанию ниацинамида, питательных масел ши и авокадо. Невесомая текстура крема моментально впитывается, оставляя на руках приятные ощущения комфорта и легкости. Композиция из ароматических масел придает коже изысканный и деликатный аромат.","Наносите крем на чистую сухую кожу рук, легко массируя до полного распределения.",Россия,39
772,2026-10-01T13:00:30.160526,20261001_104711_f22aa185,19000328380,parfjumerija/parfjumirovannyj-uhod,Yves Rocher,МАНГО,Нет категории,555.0,555.0,0.0,1,5.0,https://goldapple.ru/19000328380-bain-de-nature-mango/,https://goldapple.ru/parfjumerija/parfjumirovannyj-uhod?p=39,"Экоформат помогает сократить потребление воды, пластика и углеродный след, что способствует бережному отношению к окружающей среде. Благодаря моющей основе без сульфатов* пышная обволакивающая пена очищает кожу, не пересушивая ее, и дарит нежный аромат. Продукт позволяет принять душ столько же раз, сколько и флакон объемом 400 мл. При этом для его производства используется в 2 раза меньше пластика.","Выдавите каплю размером с горошину, нанесите на влажную кожу, массируя до образования пены. Тщательно смойте.",Франция,39
773,2026-10-01T13:00:38.746700,20261001_104711_f22aa185,99000089207,parfjumerija/parfjumirovannyj-uhod,IQ Beauty,Peach & Coconut milk,Нет категории,1070.0,1070.0,0.0,1,5.0,https://goldapple.ru/99000089207-peach-coconut-milk/,https://goldapple.ru/parfjumerija/parfjumirovannyj-uhod?p=39,"Perfumed lotion hand&body Peach&Coconut Milk от IQ BEAUTY - премиум парфюм - уход с активными ингредиентами в формуле, который глубоко увлажняет и питает кожу 24 часа, оставляя роскошный аромат персика и кокосового молока. Премиальная парфюмированная композиция из мировой столицы парфюмерии - г. Грасс, Франция - раскрывается по объемной ольфакторной пирамиде: • Верхние ноты - зелена трава, сладкий апельсин • Средние ноты - персик, кокосовое молоко, тубероза, земляника • Базовые ноты - ваниль, амбра Аромат парфюмированного лосьона для рук и тела постепенно раскрывается и по-разному звучит при разных температурах. Сбалансированная концентрация ароматических композиций - оптимальная насыщенность и интенсивность не вызывают головокружения и утомляемости. Эффективный уход за кожей рук и тела достигается за счет высокой концентрации в формуле лосьона активных ингредиентов - Масла Ши (3%), Арганового масла и витамина Е. Парфюмированный лосьон быстро впитывается, не оставляя липкости, благодаря легким маслам в составе и отсутствию глицерина. Органический кремний в формуле обладает матирующими свойствами, помогая избежать жирности и следов на коже. Премиальная упаковка флакона отличается высоким качеством материалов и изысканным уникальным дизайном, обеспечивает сохранность лосьона и защищает его от факторов внешней среды. Эффективный дозатор с точной дозировкой при нажатии 0,5 мл позволяет мастеру следить за расходом на процедуру, а также имеет возможность фиксирования положений открыто/закрыто. Наличие фиксатора против случайного открытия гарантирует сохранность лосьона при транспортировке. Парфюмированный лосьон для рук и тела IQ BEAUTY для салонного использования и домашнего ухода подходит для тех, кто ценит высокое качество и индивидуальность, хочет подчеркнуть свой статус, выбирая только лучшее для себя.",Нанесите на кожу рук и тела массажными движениями до полного впитывания.,Россия,39
774,2026-10-01T13:00:48.906361,20261001_104711_f22aa185,99000052787,parfjumerija/parfjumirovannyj-uhod,МАГЕРЯ КОСМЕТИК,Мятно-цитрусовый,Скраб для тела,980.0,980.0,0.0,1,5.0,https://goldapple.ru/99000052787-matno-citrusovyj/,https://goldapple.ru/parfjumerija/parfjumirovannyj-uhod?p=39,"Благодаря содержанию сульфата магния, он также способствует снятию мышечного напряжения и запускает процессы обновления кожи. Натуральные абразивы (соль морская, магниевая соль, абрикосовая косточка – деликатно отшелушивают кожу и улучшают кровообращение, способствуют выравниванию рельефа и тона кожи. Комплекс масел в составе (кокоса, семян манго, подсолнечника) питают, смягчают и увлажняют кожу. Польза кокосового масла: восстанавливает естественный защитный барьер эпидермиса, оказывает антибактериальное действие, снимает раздражение. Масло манго содержит антиоксидантные компоненты, которые помогают замедлить процесс старения кожи, а также сократить проявление возрастных изменений. Ментол – тонизирует и освежает, дарит противоотечный эффект. Хлорелла в косметике: Экстракт хлореллы содержит не только аминокислоты, но и олигопептиды, которые участвуют в синтезе коллагена и замедляет формирование жировой ткани в проблемных местах. Особенности продукта: скраб пастообразной текстуры, перед использованием необходимо его подержать 24 часа при комнатной температуре.","Перед использованием скраба, необходимо его подержать 24 часа при комнатной температуре. Для достижения максимальной эффективности рекомендуется принять ванну или распарить кожу в душе перед применением скраба. Нанести достаточное количество на влажную кожу тела и массажными движениями растирать скраб несколько минут. Затем оставить его на 3–5 минут и тщательно смыть теплой водой. Для достижения и поддержания результата рекомендуется использовать скраб 2–3 раза в неделю. Пожалуйста, обратите внимание, что возможна индивидуальная реакция на компоненты в составе скраба, поэтому перед использованием рекомендуется провести тест на небольшом участке кожи. Также, не рекомендуется использовать скраб при воспалениях на коже, ранах и ссадинах, а также при аллергической реакции. Позвольте своей коже насладиться Совершенно всем восстанавливающими, успокаивающими и смягчающими свойствами, и вы ощутите настоящую разницу в ее состоянии.",Россия,39
775,2026-10-01T13:01:00.294690,20261001_104711_f22aa185,80620100003,parfjumerija/parfjumirovannyj-uhod,Sisley,Eau de Campagne Body Lotion,Лосьон для тела,8352.0,8352.0,0.0,1,4.8,https://goldapple.ru/80620100003-eau-de-campagne-body-lotion/,https://goldapple.ru/parfjumerija/parfjumirovannyj-uhod?p=39,"Лосьон для тела Sisley Eau de Campagne Body Lotion — легкая флюидная эмульсия, которая увлажняет кожу и мгновенно впитывается в нее, придает свежести и нежности коже, придает ощущение комфорта. Аромат базилика, бергамота и лимона дарят не только расслабление при использовании, но и благотворно влияют на кожу тела. Французская формула лосьона для тела содержит антибактериальный дубовый мох, терпкий мускус и восточное пачули в ноте «сердца», что позволят насладиться антисептическим эффектом и помогут почувствовать себя на седьмом небе от удовольствия. В этом лосьоне Sisley шлейф герани, благоуханного жасмина, ароматного ландыша и спелой сливы оставят приятный след на вашей одежде и подарят ощущение умиротворенности. Eau de Campagne Body Lotion лосьон — это расслабление, отдых и увлажнение в один момент.","Использовать как парфюмированный крем для ухода за кожей тела. Наносить после душа или ванны на всё тело, или только на определённые участки, широкими массажными движениями.",Франция,39
776,2026-10-01T13:01:11.401247,20261001_104711_f22aa185,99000089205,parfjumerija/parfjumirovannyj-uhod,IQ Beauty,Patchouly & Caramel,Парфюмированный лосьон для рук и тела,1070.0,1070.0,0.0,1,4.8,https://goldapple.ru/99000089205-patchouly-caramel/,https://goldapple.ru/parfjumerija/parfjumirovannyj-uhod?p=39,"Perfumed lotion hand&body Patchouly&Caramel от IQ BEAUTY - премиум парфюм - уход с активными ингредиентами в формуле, который глубоко увлажняет и питает кожу 24 часа, оставляя роскошный аромат пачули и карамели. Премиальная парфюмированная композиция из мировой столицы парфюмерии - г. Грасс, Франция - раскрывается по объемной ольфакторной пирамиде: • Верхние ноты - мята, грейпфрут, апельсин, зеленая трава • Средние ноты - инжир, лист смородины, ландыш • Базовые ноты - пачули, мягкая карамель, сандал, кедр Аромат парфюмированного лосьона для рук и тела постепенно раскрывается и по-разному звучит при разных температурах. Сбалансированная концентрация ароматических композиций - оптимальная насыщенность и интенсивность не вызывают головокружения и утомляемости. Эффективный уход за кожей рук и тела достигается за счет высокой концентрации в формуле лосьона активных ингредиентов - Масла Ши (3%), Арганового масла и витамина Е. Парфюмированный лосьон быстро впитывается, не оставляя липкости, благодаря легким маслам в составе и отсутствию глицерина. Органический кремний в формуле обладает матирующими свойствами, помогая избежать жирности и следов на коже. Премиальная упаковка флакона отличается высоким качеством материалов и изысканным уникальным дизайном, обеспечивает сохранность лосьона и защищает его от факторов внешней среды. Эффективный дозатор с точной дозировкой при нажатии 0,5 мл позволяет мастеру следить за расходом на процедуру, а также имеет возможность фиксирования положений открыто/закрыто. Наличие фиксатора против случайного открытия гарантирует сохранность лосьона при транспортировке. Парфюмированный лосьон для рук и тела IQ BEAUTY для салонного использования и домашнего ухода подходит для тех, кто ценит высокое качество и индивидуальность, хочет подчеркнуть свой статус, выбирая только лучшее для себя.",Нанесите на кожу рук и тела массажными движениями до полного впитывания.,Россия,39
777,2026-10-01T13:01:20.217810,20261001_104711_f22aa185,19000467302,parfjumerija/parfjumirovannyj-uhod,Zielinski & Rozen,"White sage, Neroli",Гель для душа,1813.0,1813.0,0.0,1,4.6,https://goldapple.ru/19000467302-white-sage-neroli/,https://goldapple.ru/parfjumerija/parfjumirovannyj-uhod?p=39,"Эффективно очищает кожу, нормализует гидробаланс, не сушит кожу, помогает ей сохранять естественную влажность. Подходит для всех типов кожи.","Нанесите небольшое количество геля на влажную кожу, вспеньте, затем смойте водой.",Израиль,39
778,2026-10-01T13:01:31.215417,20261001_104711_f22aa185,19000422960,parfjumerija/parfjumirovannyj-uhod,Tesori d’Oriente,BYZANTIUM,Парфюмированный крем для тела,995.0,995.0,0.0,1,4.1,https://goldapple.ru/19000422960-byzantium/,https://goldapple.ru/parfjumerija/parfjumirovannyj-uhod?p=39,"Итальянский парфюмированный крем для тела от Tesori d’Oriente приглашает Вас окунуться в расслабляющий SPA, теплые нишевые ноты лабданума и розы, слегка винтажный шлейф корицы и мимозы. Итальянские мастера парфюмеры создали универсальный уход для рук и тела - яркий, сладкий, томный, невероятно стойкий, оттененный пудровыми нотами в шлейфе. Благодаря проверенному дерматологами составу, итальянская уходовая косметика Tesori увлажняет и питает кожу.","Нанести на тело или одежду, избегая попадания в глаза или на раздраженную кожу. При необходимости повторить нанесение в течение дня.",Италия,39
779,2026-10-01T13:01:41.144000,20261001_104711_f22aa185,19000322307,parfjumerija/parfjumirovannyj-uhod,Zielinski & Rozen,with rosemary and lemon,Шампунь для ежедневного использования,2990.0,2990.0,0.0,1,4.2,https://goldapple.ru/19000322307-with-rosemary-and-lemon/,https://goldapple.ru/parfjumerija/parfjumirovannyj-uhod?p=39,"Шампунь для ежедневного использования бережно очищает волосы, придавая им мягкость и ощущение легкости. Подходит для всех типов волос, особенно для тонких и поврежденных, обеспечивает им питание и уход, добавляет объем и блеск. Для комплексного ухода за волосами рекомендуем использовать вместе с кондиционером и кератиновой маской для волос.","Вспеньте небольшое количество шампуня в ладонях, распределите по всей длине волос и смойте водой. Подходит для ежедневного использования.",Израиль,39
780,2026-10-01T13:02:07.062594,20261001_104711_f22aa185,80620800005,parfjumerija/parfjumirovannyj-uhod,Sisley,Izia,Молочко для тела,10612.0,10612.0,0.0,1,4.5,https://goldapple.ru/80620800005-izia/,https://goldapple.ru/parfjumerija/parfjumirovannyj-uhod?p=40,"Молочко для тела Sisley Izia регулирует уровень увлажнения кожи, придавая ей свежесть. Удивительный аромат в парфюмированном средстве Sisley подарит незабываемые ощущения. Он раскрывается бергамотом и фрезией. В сердце Izia царит свежая роза, оттеняемая кислым лимоном и сладкой грушей. Букет дополняют цветочные аккорды: пион, лилия, жасмин. Древесно-травяной шлейф на теле после использования молочка оставляют ангелика и кедр.","Наносить на кожу тела, как самостоятельное средство ухода за кожей и/или как лёгкую вариацию аромата.",Франция,40
781,2026-10-01T13:02:15.431745,20261001_104711_f22aa185,19000398343,parfjumerija/parfjumirovannyj-uhod,Zielinski & Rozen,"Black Pepper, Vetiver, Neroli, Amber",Крем-масло для тела,4490.0,4490.0,0.0,1,4.7,https://goldapple.ru/19000398343-black-pepper-vetiver-neroli-amber/,https://goldapple.ru/parfjumerija/parfjumirovannyj-uhod?p=40,"Мгновенно увлажняет и смягчает кожу. Воздушная текстура крем-масла быстро впитывается и легко наносится, не оставляя на коже ощущения липкости. Подходит для всех типов кожи.",Нанесите на сухую кожу легкими массирующими движениями до полного впитывания.,Израиль,40
782,2026-10-01T13:02:24.329580,20261001_104711_f22aa185,19760304497,parfjumerija/parfjumirovannyj-uhod,Sisley,Eau de Campagne,Нет категории,7035.0,7035.0,0.0,1,4.6,https://goldapple.ru/19760304497-eau-de-campagne-deodorant/,https://goldapple.ru/parfjumerija/parfjumirovannyj-uhod?p=40,Парфюмированный дезодорант-спрей с нотами бодрящего зеленого аромата Eau de Campagne. Обеспечивает мгновенную свежесть и защищает от запаха пота в течение дня. Быстро сохнет – можно одеваться сразу после нанесения. Содержит спирт.,"Пользуйтесь дезодорантом каждый раз после водных процедур, для получения результата достаточно 1-2 нажатий. Оптимальное расстояние от распылителя до кожи 10 см.",Франция,40
783,2026-10-01T13:02:32.769926,20261001_104711_f22aa185,19000041996,parfjumerija/parfjumirovannyj-uhod,PRESS GURWITZ PERFUMERIE,"№4 Bergamot, Fig, Musk",Нет категории,1264.0,1264.0,0.0,1,4.4,https://goldapple.ru/19000041996-no4/,https://goldapple.ru/parfjumerija/parfjumirovannyj-uhod?p=40,"Молочко для тела и рук увлажняющее Press Gurwitz Perfumerie быстро впитывается, глубоко увлажняет и восстанавливает гидролипидную пленку кожи. Аромат, напоминающий морской бриз, с нотами соли, свежего бергамота и сочного инжира с аккордом мускуса. Содержит питательное масло ши, витамин Е и пантенол, благодаря которым кожа быстро восстанавливается и удерживает влагу, становится мягкой и ухоженной. Входящие в состав пребиотики защищают кожу от негативного воздействия окружающей среды. В коллекции используются селекционные авторские ароматы, которые остаются с вами надолго. Все ароматы унисекс.","Нанести небольшое количество на тело, затем смыть",Россия,40
784,2026-10-01T13:02:43.223858,20261001_104711_f22aa185,19000402208,parfjumerija/parfjumirovannyj-uhod,INNATURE,Tobacco Cherry,Парфюмированный скраб для тела,748.0,748.0,0.0,1,4.7,https://goldapple.ru/19000402208-tobacco-cherry/,https://goldapple.ru/parfjumerija/parfjumirovannyj-uhod?p=40,"Натуральный парфюмированный скраб для тела La Niche Tobacco Cherry деликатно отшелушивает кожу, способствует ее разглаживанию и оставляет легкий аромат вишни и цветов табака. Верхние ноты: вишня, жженая древесина. Средние ноты: лист табака, бобы тонка. Базовые ноты: цветы вишни, цветы табака. В интернет-магазине представлен актуальный дизайн продукта. Обращаем внимание, возможно поступление товара в старом дизайне.","Мягкими массирующими движениями нанести на кожу, тщательно смыть водой. Рекомендуется использовать с гелем для душа и с кремом для тела и рук Innature La Niche Tobacco Cherry.",Россия,40
785,2026-10-01T13:02:51.856529,20261001_104711_f22aa185,19000284672,parfjumerija/parfjumirovannyj-uhod,Jo Malone London,English Pear & Freesia,Гель для душа,8450.0,8450.0,0.0,1,5.0,https://goldapple.ru/19000284672-english-pear-freesia/,https://goldapple.ru/parfjumerija/parfjumirovannyj-uhod?p=40,"Гель для душа English Pear & Freesia бережно очищает и смягчает кожу, оставляя деликатный ароматный шлейф. Гелевая текстура при контакте с водой превращается в атласную пену. Формула обогащена кофеином и экстрактом пенника лугового. Аромат сочетает чувственную свежесть спелой груши и белых фрезий с оттенками амбры, пачули и древесными нюансами.",Нанесите небольшое количество геля на влажную кожу. Распределите массирующими движениями. Тщательно смойте водой.,Великобритания,40
786,2026-10-01T13:03:02.157580,20261001_104711_f22aa185,19000157338,parfjumerija/parfjumirovannyj-uhod,Flame moscow,Room spray Varvara,Душистая вода-спрей для тела,1425.0,1425.0,0.0,1,4.5,https://goldapple.ru/19000157338-room-spray-varvara/,https://goldapple.ru/parfjumerija/parfjumirovannyj-uhod?p=40,"Аромат Varvara задуман как жемчужина, украшающая любое место и носящего человека. Яркие и звучные отсылки к маленьким радостям жизни олицетворены в нотах кофейного ликера, лесной черники и сладкого воздуха полей люпина. Varvara оставляет за собой благородный шлейф травянистого ветивера, сливочного сандала и бальзамического, смолистого стиракса. Верхние ноты: Черника, лимон Средние ноты: Кофе, люпин Базовые ноты: Ветивер, сандал, стиракс С помощью спрея можно создать нужную атмосферу дома, в офисе или в путешествии. Благодаря натуральному составу наши спреи не только безвредны, но и мультифункциональны — их можно использовать на текстиле, мебели, одежде, а также как туалетную воду для тела. В каждой бутылочке 50 мл ароматической смеси, которую можно распылить около 350 раз. В зависимости от личных предпочтений в использовании один спрей прослужит от 1 до 3 месяцев.","Аромат держится от 1 до 8 часов, в зависимости от поверхности, на которую наносился спрей, и количества распылений. Так, чем толще, например, текстиль, тем дольше будет держаться аромат! Мы проверили состав на большинстве видов изделий, но советуем также провести пробу самостоятельно в малозаметном уголке вашего изделия до полноценного использования.",Россия,40
787,2026-10-01T13:03:11.404160,20261001_104711_f22aa185,19000295744,parfjumerija/parfjumirovannyj-uhod,4FRESH beauty,"Сандал и сычуаньский перец, Relaxing",Парфюмированное жидкое мыло,450.0,450.0,0.0,1,4.7,https://goldapple.ru/19000295744-sandalwood-and-sichuan-pepper/,https://goldapple.ru/parfjumerija/parfjumirovannyj-uhod?p=40,"Парфюмированное жидкое мыло «Сандал и сычуаньский перец» – это средство для деликатного очищения, специально разработанное для кожи, требующей дополнительного питания. Благодаря своей мягкой растительной формуле мыло бережно воздействует на кожу, не повреждая ее естественный защитный барьер, предотвращает появление сухости и шелушений и защищает от негативного воздействия внешних факторов. Пантенол в составе средства улучшает регенерацию клеток и защищает от обезвоживания. Пребиотики помогают поддерживать здоровый микробиом, а экстракт ламинарии глубоко увлажняет, повышает упругость и эластичность кожи, препятствует появлению первых признаков старения. Верхние ноты: бергамот, артемизия, шафран; Ноты сердца: сычуаньский перец, ваниль, малина; Нижние ноты: сандал, мускус, амбра, кедр. Сложный многогранный аромат Scentease Relaxing с восточными древесными нотами и пряным аккордом окунает в атмосферу умиротворения и улучшает эмоциональный фон. Эффективность доказана научными исследованиями.","Нанесите небольшое количество мыла на влажную кожу, вспеньте, смойте водой.",Россия,40
788,2026-10-01T13:03:21.816499,20261001_104711_f22aa185,19000438925,parfjumerija/parfjumirovannyj-uhod,Synergetic,вишня,Парфюмированный крем для рук и тела,401.0,401.0,0.0,1,4.2,https://goldapple.ru/19000438925-visna/,https://goldapple.ru/parfjumerija/parfjumirovannyj-uhod?p=40,"Парфюмированный крем для рук и тела SYNERGETIC cherry/вишня с маслами карите, кокоса и сладкого миндаля подарит коже интенсивное питание, нежность и длительное ощущение комфорта, а также пряный цветочно-фруктовый аромат. Сок алоэ вера увлажняет, поддерживая гидролипидный баланс кожи и её естественные барьерные функции. Экстракт сандалового дерева обладает тонизирующим действием, повышает эластичность и упругость кожи, а экстракт жасмина хорошо успокаивает и смягчает. Безопасная формула с высокой концентрацией натуральных компонентов не содержит минеральных масел, силиконов и красителей. Ламеллярная эмульсия крема повторяет строение эпидермиса, она позволяет проникать полезным компонентам средства в липидный слой кожи, на клеточном уровне восстанавливая его поврежденные участки и укрепляя защитный барьер. В результате кожа более увлажненная, напитанная, гладкая и упругая. Смелая и насыщенная парфюмерная композиция открывается сочными нотами спелой и сладкой вишни, звучание которой чувствуется с первых аккордов в обрамлении терпкой корицы и горького миндаля вплоть до заключительных шлейфовых тонов. Сочетание сладких фруктовых и пряных амбровых оттенков создаёт неповторимый и соблазнительный букет аромата. Завершает композицию богатая симфония чувственных нот перуанского бальзама, обжаренных бобов тонка, тёплых ванильных, карамельных и медовых тонов, которые окутывают и согревают, пробуждают чувственность и будоражат фантазию.","Нанести массирующими движениями на чистую сухую кожу. Возможно незначительное изменение цвета средства, не влияющее на его качество и свойства.",Россия,40
789,2026-10-01T13:03:31.769849,20261001_104711_f22aa185,19000496951,parfjumerija/parfjumirovannyj-uhod,Tesori d’Oriente,BYZANTIUM,Дезодорант-спрей для тела,553.0,553.0,0.0,1,4.0,https://goldapple.ru/19000496951-tesori-d-oriente-byzantium/,https://goldapple.ru/parfjumerija/parfjumirovannyj-uhod?p=40,"Tesori d'Oriente Дезодорант аэрозоль Византия обладает роскошным, сказочным ароматом. Загадочная черная роза сливается с теплыми нотами лабданума и создает сверкающую, словно драгоценная византийская мозаика, атмосферу. Ароматический дезодорант-спрей мягко дезодорирует и освежает, не повреждая кожу. Средство борется с образованием неприятных запахов, обеспечивая защиту на 24 часа. Дезодорант не оставляет следов на одежде и коже, дерматологически протестирован.",Встряхните баллон. Распыляйте средство в течение 2-3 секунд на сухую и чистую кожу подмышек с расстояния 15 см от тела. Прекратите использование при появлении сыпи или раздражения на коже.,Италия,40
790,2026-10-01T13:03:41.562784,20261001_104711_f22aa185,19000287836,parfjumerija/parfjumirovannyj-uhod,BY KAORI,Lip Balm,Гигиеническая помада для губ,1090.0,1090.0,0.0,1,4.5,https://goldapple.ru/19000287836-lip-balm/,https://goldapple.ru/parfjumerija/parfjumirovannyj-uhod?p=40,"Увлажняющий бальзам бережно заботится о ваших губах, делает их мягкими, а также быстро залечивает ранки и трещинки. Благодаря природному ингредиенту в составе - апельсиновому воску, бальзам обладает регенерирующим и противовоспалительным действием. Уже после нескольких применений вы увидите, что ваши губы стали намного мягче, а сухость и трещинки остались в прошлом. Рекомендуем использовать бальзам регулярно - он быстро впитывается в губы и не доставит вам неудобств. Бальзам имеет ненавязчивый парфюмированный цитрусовый аромат с нотками мандарина, бергамота и ванили. Аромат звучит очень деликатно и ощущается как мягкий, тонкий шлейф.",Нанести на кожу губ. При необходимости повторить.,Россия,40
791,2026-10-01T13:03:50.772931,20261001_104711_f22aa185,19000438926,parfjumerija/parfjumirovannyj-uhod,Synergetic,табак-ваниль,Парфюмированный крем для рук и тела,333.0,333.0,0.0,1,4.3,https://goldapple.ru/19000438926-tabak-vanil/,https://goldapple.ru/parfjumerija/parfjumirovannyj-uhod?p=40,"Парфюмированный крем для рук и тела SYNERGETIC tobacco-vanille/табак-ваниль с маслами карите, кокоса и макадамии обеспечивает эффективное питание кожи и бережный уход, оставляя на ней пряный амбровый аромат. Комплекс натуральных компонентов интенсивно увлажняет и восстанавливает кожу, защищая от вредных факторов окружающей среды и возвращая ей естественную эластичность и упругость. Экстракт розмарина оказывает тонизирующее действие, а экстракт ванили успокаивает и смягчает кожу, делая её нежной и бархатистой. Безопасная формула с высокой концентрацией натуральных компонентов не содержит минеральных масел, силиконов и красителей. Ламеллярная эмульсия крема повторяет строение эпидермиса, она позволяет проникать полезным компонентам средства в липидный слой кожи, на клеточном уровне восстанавливая его поврежденные участки и укрепляя защитный барьер. В результате кожа более увлажненная, напитанная, гладкая и упругая. Парфюмерная композиция наполнена восхитительными сочетаниями сладких восточных, древесно-пряных и пьянящих табачных нот. Загадочный характер аромата открывается дымными и терпкими оттенками специй и табачных листьев, которые плавно перетекают в сладость ванили, какао и обжаренных бобов тонка. Завершается симфония аккордами многогранных древесных акцентов с нотами сухофруктов. Аромат наполнен тёплым вечерним настроением, он восхищает своей многогранной красотой и смелым темпераментом.","Нанести массирующими движениями на чистую сухую кожу. Возможно незначительное изменение цвета средства, не влияющее на его качество и свойства.",Россия,40
792,2026-10-01T13:03:59.446854,20261001_104711_f22aa185,19000453575,parfjumerija/parfjumirovannyj-uhod,Chloé,Perfumed,Нет категории,2880.0,2880.0,0.0,1,4.6,https://goldapple.ru/19000453575-perfumed/,https://goldapple.ru/parfjumerija/parfjumirovannyj-uhod?p=40,"Гель для душа Chloe Perfumed Shower Gel — это воплощение утонченной элегантности и нежности. Его изысканный аромат, вдохновленный культовым парфюмом Chloe, окутывает кожу легкой вуалью, оставляя ощущение свежести и чистоты. Формула геля обогащена увлажняющими компонентами, которые заботятся о коже, делая её мягкой и шелковистой. Идеально подходит для ежедневного использования, превращая каждое принятие душа в настоящий ритуал красоты. Насладитесь роскошью и изысканностью с Chloe Perfumed Shower Gel.","Нанесите небольшое количество геля на влажную кожу, вспеньте и тщательно смойте водой. Используйте ежедневно для свежести и чистоты.",Монако,40
793,2026-10-01T13:04:08.149371,20261001_104711_f22aa185,99000045416,parfjumerija/parfjumirovannyj-uhod,Овсянников,Черный перец,Нет категории,1743.0,1743.0,0.0,1,4.9,https://goldapple.ru/99000045416-cernyj-perec/,https://goldapple.ru/parfjumerija/parfjumirovannyj-uhod?p=40,"Парфюмированный гель для душа Черный перец от бренда «Овсянников» — это уходовое средство, которое превратит каждое принятие душа в настоящий спа-ритуал. Увлажняющий гель для тела подходит как для женщин, так и для мужчин, делая его отличным выбором для повседневного ухода за телом. Натуральные компоненты в составе, гель алоэ вера и пантенол, дарят коже мягкость, глубокое увлажнение и питание, что особенно важно для её здоровья и красоты. Гель для душа с пантенолом нежно очищает, не нарушая защитный барьер кожи. Наш увлажняющий гель для душа подходит для всех типов кожи и особенно полезен для сухой и чувствительной кожи. Гель для душа с дозатором легко использовать, а продуманная формула премиум-класса делает его важной частью ритуала premium косметики. Особое внимание заслуживает его аромат: сочетание нот перца, амбры и нероли превращает этот гель парфюм в изысканное средство для ежедневного ухода. Насыщенный, стойкий аромат остаётся на коже в виде лёгкой парфюмерной вуали на протяжении всего дня.","Нанести на тело, помассировать и смыть теплой водой.",Россия,40
794,2026-10-01T13:04:17.467318,20261001_104711_f22aa185,99000088558,parfjumerija/parfjumirovannyj-uhod,SNNM. ESSENCE CAPTURED BY SYNONYME,DESERT OF MY HEART,Духи,1312.0,1312.0,0.0,1,4.6,https://goldapple.ru/99000088558-desert-of-my-heart/,https://goldapple.ru/parfjumerija/parfjumirovannyj-uhod?p=40,"Парфюмер аромата DESERT OF MY HEART - Marc Daniel Heimgartner. Этот аромат — как шёпот далёких звёзд, затерянный среди песчаных бурь. Он рождает образ одиночества, пронизанного красотой, словно сердце, которое знает, что значит гореть, но молчать. Открытие нежное и тревожное: искрящийся бергамот напоминает о прохладных ночах пустыни, где тепло угасает вместе с закатом. травы, напитанные солнцем, и мистический восточный ладан наполняют воздух ароматом тайны, а изысканный кипарис рисует в воображении линии далёкого горизонта. В сердце глубокая страсть. Дымный и мягкий уд соединяются с бархатной кожей, как воспоминания о прикосновениях, что оставляют шрамы. Лёгкая горечь листьев фиалки и пьянящая нежность жасмина оставляют оттенок тоски. Гваяковое дерево и герань подчёркивают его утонченность — аромат, который влечет, но не подпускает близко. Мягкая, чувственная база: тёплый амброксан и обволакивающая замша, сладковато-древесный аккорд кашемирового дерева с нюансами карамели, как отголосок эмоций, которые не могут быть забыты. белый мускус и пачули завершают картину, создавая сексуальный, долгий шлейф — как песчаный след, который остается, не уступая времени. Пустыня моего сердца — это аромат тех, кто умеет быть одиноким, но всегда манит к себе. Это зов отчуждённой красоты, где тоска становится страстью, а недоступность сводит с ума.","Аромат можно наносить на волосы, кожу, одежду.",Россия,40
795,2026-10-01T13:04:25.949582,20261001_104711_f22aa185,19000215863,parfjumerija/parfjumirovannyj-uhod,ADELEIDE,Fleur d'Orange,Парфюмированный крем для рук,460.0,460.0,0.0,1,4.6,https://goldapple.ru/19000215863-fleur-d-orange/,https://goldapple.ru/parfjumerija/parfjumirovannyj-uhod?p=40,"Парфюмированный крем с цветочно-цитрусовым ароматом Fleur d’Orange. Как работает крем? Крем проникает в глубокие слои кожи и насыщает её активными компонентами, которые запускают процессы обновления, не нарушая естественную микрофлору: • Масло ши и масло кокоса – увлажняют и смягчают кожу, восстанавливают естественный защитный барьер эпидермиса. • Эфирное масло нероли – повышает эластичность кожи. • Гиалуроновая кислота (высоко-, средне- и низкомолекулярная) – интенсивно увлажняет кожу, активизирует выработку коллагена. • Витамин Е – защищает кожу от негативного воздействия свободных радикалов, обладает успокаивающим эффектом. • Экстракт ванили – повышает тонус кожи, оказывает осветляющее действие. Эффект от применения: • Интенсивное увлажнение – крем предотвращает сухость и шелушение. • Укрепление и защита – активные компоненты усиливают защитные функции кожи. • Обновление и осветление кожи. Почему стоит выбрать этот крем? • Лёгкая текстура – быстро впитывается, без жирного блеска и липкости. • Аромат – цветочно-цитрусовая композиция создаёт ощущение свежести. • Удобный формат и комфортное применение. Идеальный вариант для тех, кто хочет: • Увлажнить и смягчить кожу рук. • Защитить кожу от негативного воздействия окружающей среды. • Обновить и улучшить текстуру кожи. • Насладиться приятным ароматом и ощущением комфорта. Парфюмерная композиция раскрывается свежими цветочными нотами. А в её сердце яркие и солнечные цветы апельсинового дерева.",Наносите на чистую кожу рук в течение дня по мере необходимости.,Россия,40
796,2026-10-01T13:04:35.036926,20261001_104711_f22aa185,19000400753,parfjumerija/parfjumirovannyj-uhod,MiPASSION,Mandarin & Rose water,Парфюмированный крем для рук,490.0,490.0,0.0,1,4.5,https://goldapple.ru/19000400753-mandarin-rose-water/,https://goldapple.ru/parfjumerija/parfjumirovannyj-uhod?p=40,"Окутайте руки нежной заботой с парфюмированным кремом-флюидом, который дарит коже комфорт и шелковистость. Легкая текстура быстро впитывается, увлажняя и питая без ощущения липкости. Ниацинамид выравнивает тон и улучшает текстуру кожи, масло виноградной косточки глубоко питает, а экстракт липы смягчает и успокаивает.","Небольшое количество крема нанести на чистую кожу рук, массировать до полного впитывания. Только для наружного применения.",Россия,40
797,2026-10-01T13:04:44.615017,20261001_104711_f22aa185,26801500005,parfjumerija/parfjumirovannyj-uhod,Maison Francis Kurkdjian,Baccarat Rouge 540,Парфюмированное масло для тела,12700.0,12700.0,0.0,1,4.3,https://goldapple.ru/26801500005-baccarat-rouge-540/,https://goldapple.ru/parfjumerija/parfjumirovannyj-uhod?p=40,"Парфюмированное масло для тела Baccarat Rouge 540 деликатно покрывает кожу нежным ароматом, а его легкая текустура оставляет ее смягченной и более сияющей. Быстро впитывается, создавая мгновенное ощущение комфорта. Кожа увлажнена и напитана. Яркая ольфакторная подпись. Baccarat Rouge 540 окутывает кожу амбровой, цветочно-древесной вуалью. Воздушные ноты жасмина и сияющего шафрана сочетаются с минеральными оттенками амбры и древесными аккордами свежесрубленного кедра. \ Парфюмированное масло Baccarat Rouge 540, заключенное в иконический стеклянный флакон Дома, обогащено маслами сладкого миндаля, макадамии, абрикосовых косточек и аргановым маслом. Чтобы насладиться моментом ухода за собой и продлить звучание вашего аромата Baccarat Rouge 540, попробуйте также парфюмированную дымку для волос Baccarat Rouge 540.",1. Нанесите средство на кожу. 2. Распределите по всему телу легкими массирующими движениями.,Франция,40
798,2026-10-01T13:04:53.925109,20261001_104711_f22aa185,99000135577,parfjumerija/parfjumirovannyj-uhod,MØS Skincare,"BERGAMOT, GREEN TEA, TONKA, MOSS",Парфюмированный увлажняющий крем для рук,1063.0,1063.0,0.0,1,4.8,https://goldapple.ru/99000135577-bergamot-green-tea-tonka-moss/,https://goldapple.ru/parfjumerija/parfjumirovannyj-uhod?p=40,"Увлажняющий крем для рук Bergamot, Green Tea, Tonka от бренда Mos Skincare создан для моментального увлажнения и глубокого питания, подходит для женщин и мужчин. Косметический продукт создан на основе натуральных компонентов, таких как масло ши и экстракт виноградной лозы, северное оливковое масло и экстракт цветов ромашки, пантенол. Активные ингредиенты комплексной формулы увлажняют и смягчают кожу, радуют противовоспалительным, восстанавливающим и заживляющим действием, омолаживающим эффектом, позволяют сохранить красоту и молодость кожи рук. Селективный аромат (бергамот, зеленый чай, тонка и мох) создан в самом сердце Англии. Многогранная парфюмерная композиция с качественной ароматической отдушкой раскрывается в течение нескольких часов после нанесения крема, восхищает освежающим и нежным благоуханием. Аромат крема выстроен по ольфакторной пирамиде. Верхние ноты раскрываются свежими, цитрусово-горьковатыми оттенками бергамота, задающими бодрящий старт композиции. В нотах сердца проявляется утончённый зелёный чай с лёгкими травянисто-вегетативными нюансами, создающий спокойный, сбалансированный профиль. Базовые ноты формируют тёплый, сладковато-бальзамический шлейф из тонки с её ванильно-коричными акцентами, а мох добавляет землисто-древесный фон, обеспечивая глубину и продолжительную стойкость аромата.",Массажными движениями нанести крем на сухую чистую кожу рук.,Россия,40
799,2026-10-01T13:05:03.426805,20261001_104711_f22aa185,19000311736,parfjumerija/parfjumirovannyj-uhod,Touch&Relax,"Ваниль, амбра и бобы тонка",Парфюмированный гель для душа,558.0,558.0,0.0,1,4.3,https://goldapple.ru/19000311736-vanil-ambra-i-boby-tonka/,https://goldapple.ru/parfjumerija/parfjumirovannyj-uhod?p=40,"Парфюмированный гель для душа Ваниль, амбра и бобы тонка. Эксклюзивная формула с ароматом селективного парфюма. Гель для душа с изысканным ароматом ванили, амбры и бобов тонка подарит незабываемые эмоции и великолепный уход за вашей кожей. Его нежная воздушная пена бережно очищает, не нарушая pH кожи, и предотвращает ее сухость. Насыщенная формула геля содержит все необходимые ингредиенты для молодости, красоты и сияния кожи. После душа Ваша кожа гладкая и нежная, окутанная роскошным шлейфом селективной парфюмерии на целый день. -Гиалуроновая кислота глубоко увлажняет и разглаживает кожу. -Аминокислотный комплекс обновляет, восстанавливает и улучшает тургор кожи, стимулирует выработку коллагена и эластина. -Комплекс натуральных масел глубоко питает, дарит гладкость и эластичность. -Д-пантенол и витамин Е защищают липидный барьер, смягчают и омолаживают кожу.","Небольшое количество геля нанесите на влажную кожу или спонж, помассируйте до образования пены, смойте водой.",Россия,40
800,2026-10-01T13:05:27.352525,20261001_104711_f22aa185,99000089203,parfjumerija/parfjumirovannyj-uhod,IQ Beauty,Sakura & Almond,Парфюмированный лосьон для рук и тела,1070.0,1070.0,0.0,1,5.0,https://goldapple.ru/99000089203-sakura-almond/,https://goldapple.ru/parfjumerija/parfjumirovannyj-uhod?p=41,"Perfumed lotion hand&body Sakura&Almond от IQ BEAUTY - премиум парфюм - уход с активными ингредиентами в формуле, который глубоко увлажняет и питает кожу 24 часа, оставляя роскошный аромат сакуры и миндаля. Премиальная парфюмированная композиция из мировой столицы парфюмерии - г. Грасс, Франция - раскрывается по объемной ольфакторной пирамиде: • Верхние ноты - сладкий апельсин, бергамот • Средние ноты - японская слива, миндаль, сухофрукты • Базовые ноты - карамель, амбра Аромат парфюмированного лосьона для рук и тела постепенно раскрывается и по-разному звучит при разных температурах. Сбалансированная концентрация ароматических композиций - оптимальная насыщенность и интенсивность не вызывают головокружения и утомляемости. Эффективный уход за кожей рук и тела достигается за счет высокой концентрации в формуле лосьона активных ингредиентов - Масла Ши (3%), Арганового масла и витамина Е. Парфюмированный лосьон быстро впитывается, не оставляя липкости, благодаря легким маслам в составе и отсутствию глицерина. Органический кремний в формуле обладает матирующими свойствами, помогая избежать жирности и следов на коже. Премиальная упаковка флакона отличается высоким качеством материалов и изысканным уникальным дизайном, обеспечивает сохранность лосьона и защищает его от факторов внешней среды. Эффективный дозатор с точной дозировкой при нажатии 0,5 мл позволяет мастеру следить за расходом на процедуру, а также имеет возможность фиксирования положений открыто/закрыто. Наличие фиксатора против случайного открытия гарантирует сохранность лосьона при транспортировке. Парфюмированный лосьон для рук и тела IQ BEAUTY для салонного использования и домашнего ухода подходит для тех, кто ценит высокое качество и индивидуальность, хочет подчеркнуть свой статус, выбирая только лучшее для себя.",Нанесите на кожу рук и тела массажными движениями до полного впитывания.,Россия,41
801,2026-10-01T13:05:36.105628,20261001_104711_f22aa185,19000479887,parfjumerija/parfjumirovannyj-uhod,LUVSCENT,AUTUMN BEACH,Гель для душа,1454.0,1454.0,0.0,1,4.6,https://goldapple.ru/19000479887-autumn-beach/,https://goldapple.ru/parfjumerija/parfjumirovannyj-uhod?p=41,"Воспоминание о прогулке по осеннему пляжу на закате, когда море катит неторопливые волны, а под ногами шуршат блестящие ракушки. Безмятежный бриз с ароматом соли, мускуса и пачули навевает легкий туман и чувство спокойствия.","1. Нанесите необходимое количество геля на губку. 2. Вспеньте. 3. Вымойте тело, применяя лёгкий массаж. 4. Тщательно смойте водой.",Республика корея,41
802,2026-10-01T13:05:45.595135,20261001_104711_f22aa185,99000178371,parfjumerija/parfjumirovannyj-uhod,SIRENATA,PEAR OF CHINA,Нет категории,995.0,995.0,0.0,1,4.4,https://goldapple.ru/99000178371-sirenata-pear-of-china/,https://goldapple.ru/parfjumerija/parfjumirovannyj-uhod?p=41,"Sirenata Pear of China — парфюмированный мист для тела с искристым фруктово-цветочным ароматом, в котором прохладные чайные оттенки сочетаются с лёгкой медовостью. Свежесть груши и лимона придает композиции прозрачность, а мягкие медовые акценты персика и ананаса обогащаются женственным звучанием розы. Мускусно-амбровая база вносит в аромат спокойное тепло. Аромат отличает сдержанный, выразительный характер без излишней сладости: лёгкая пряная нотка придает ему необычную утонченность и делает звучание свежим, аккуратным и гармоничным. Благодаря бесспиртовой формуле продукт подходит для деликатного нанесения на кожу и волосы и не вызывает ощущение сухости.","Распылите мист на тело, волосы или одежду с расстояния 15–20 см. Наносите аромат на волосы, одежду и увлажненную кожу для более стойкого звучания.",Россия,41
803,2026-10-01T13:05:53.281495,20261001_104711_f22aa185,99000015601,parfjumerija/parfjumirovannyj-uhod,LAMONNET,black cherry & sandal wood,Нет категории,780.0,780.0,0.0,1,4.5,https://goldapple.ru/99000015601-black-cherry-sandal-wood/,https://goldapple.ru/parfjumerija/parfjumirovannyj-uhod?p=41,"Профессиональный уход за кожей с парфюмированным кремом для тела от LAMONNET. Подарите себе ощущение нежности комфорта. Крем для тела с комплексом из 9 масел интенсивно питает, увлажняет, смягчает кожу. Препятствует потере влаги, предотвращает шелушение, делает кожу бархатной и нежной. Крем легко наносится на кожу и быстро впитывается, не оставляя ощущения жирности или липкости. Питательные натуральные масла в составе крема: масло карите, масло кокоса, масло макадамии, масло какао, масло миндаля, оливковое масло, масло жожоба, масло пальмы и масло органы. Крем подходит для всех типов кожи. Парфюмированная отдушка из Франции подарит легкий и ненавязчивый шлейф на протяжении нескольких часов. Роскошный дизайн флакона с удобным дозатором будет украшением любого интерьера. Парфюмерная композиция: ""Черная вишня и сандаловое дерево"". Спелая вишня с горчинкой, пропитанная терпким ликером и древесными нотами сандала, присыпана ванильной пудрой. Густой вишневый поток дополнен ароматами растертых бобов тонка и миндаля, которые еще больше повышают градус коктейля. Универсальный шлейфовый аромат подойдёт как для женщин, так и для мужчин на каждый день.",Небольшое количество крема нанесите легкими массирующими движениями на чистую сухую кожу рук и тела.,Россия,41
804,2026-10-01T13:06:02.428573,20261001_104711_f22aa185,19000469067,parfjumerija/parfjumirovannyj-uhod,Synergetic,oud neroli,Парфюмированное жидкое крем-мыло для рук и тела,417.0,417.0,0.0,1,5.0,https://goldapple.ru/19000469067-oud-neroli/,https://goldapple.ru/parfjumerija/parfjumirovannyj-uhod?p=41,"Парфюмированное жидкое крем-мыло для рук и тела SYNERGETIC уд-нероли/oud neroli — это мягкая, эффективная и безопасная формула на основе натуральных компонентов. Крем-мыло бережно очищает и ухаживает за кожей, оставляя на ней роскошный восточный аромат с нотами белых цветов. Аромат представляет собой изысканное сочетание древесных нот и свежих, слегка цитрусовых оттенков. Парфюмерная композиция отличается глубокими, насыщенными ароматическими аккордами, создающими уникальную симфонию, привлекающую внимание своей утончённостью и элегантностью. Масла льна и оливы смягчают и питают кожу, а экстракты цветов горького апельсина и коры ивы оказывают успокаивающее и восстанавливающее действие. Биоразлагаемые компоненты в составе мыла безопасны для природы и человека и не вредят микрофлоре септических установок при использовании средства в соответствии со способом применения.","1. Перед применением рекомендуется взболтать флакон. 2. Нанесите крем-мыло на влажную кожу и вспеньте. 3. Тщательно смойте средство водой. 4. Обратите внимание: возможны естественное выпадение осадка и незначительное изменение цвета, не влияющие на качество продукта.",Россия,41
805,2026-10-01T13:06:10.913508,20261001_104711_f22aa185,99000073841,parfjumerija/parfjumirovannyj-uhod,Touchy,"Wellness & Rich pear, bergamote, lily",Масло для тела,1418.0,1418.0,0.0,1,4.5,https://goldapple.ru/99000073841-wellness-rich-pear-bergamote-lily/,https://goldapple.ru/parfjumerija/parfjumirovannyj-uhod?p=41,"Масло для тела линейки Wellness & Rich – уникальный продукт, вдохновленный природой, он объединяет в себе силу натуральных ингредиентов с передовыми технологиями. Мультифункциональное средство, обогащенное увлажняющими и ухаживающими компонентами, обеспечивает глубокое увлажнение и естественное сияние коже, волосам и ногтям. Всего несколько капель масла подарят гладкость, сатиновый блеск и поддержат естественный гидролипидный баланс. Это универсальное увлажняющее и питательное масло идеально подходит для ежедневного ухода за телом, лицом и волосами. Его можно использовать для принятия ванн, массажа, масок для лица и косметических процедур. Сочетание натуральных растительных масел предотвращает потерю тонуса кожи, появление сухости и растяжек. Средство стимулирует восстановление кожи и повышает её эластичность, делая кожу более упругой и гладкой.",После ванны или душа наносить тонким слоем на влажную кожу.,Россия,41
806,2026-10-01T13:06:18.863335,20261001_104711_f22aa185,19000492962,parfjumerija/parfjumirovannyj-uhod,ECOLATIER,"Verbene, lotus, bergamot",Парфюмированный гель для душа,233.0,233.0,0.0,1,4.6,https://goldapple.ru/19000492962-ecolatier-verbene-lotus-bergamot/,https://goldapple.ru/parfjumerija/parfjumirovannyj-uhod?p=41,"Гель для душа мягко очищает кожу, не нарушая её естественный баланс. Увлажняет, смягчает и тонизирует, не вызывая ощущения сухости и стянутости. После использования кожа становится гладкой, ухоженной и увлажнённой. Аромат раскрывается бодрящими нотами вербены и лемонграсса, дополненными акцентами бергамота, лайма, лимона и лёгкими оттенками лотоса и древесных трав. Активные ингредиенты: — гиалуроновая кислота — интенсивно увлажняет, способствует удержанию влаги и повышает эластичность кожи; — инозитол — нормализует выработку себума и улучшает текстуру кожи; — экстракт лотоса — тонизирует и освежает кожу; — масло муру‑муру — питает, смягчает и укрепляет липидный барьер кожи; — постбиотики — поддерживают баланс микробиома и укрепляют естественный защитный барьер кожи.","Нанесите гель на влажную кожу или мочалку, вспеньте, затем смойте теплой водой.",Россия,41
807,2026-10-01T13:06:30.810209,20261001_104711_f22aa185,19000125936,parfjumerija/parfjumirovannyj-uhod,PRESS GURWITZ PERFUMERIE,"№1 Cardamon, Leather, Jasmine",Жидкое мыло для рук,1432.0,1432.0,0.0,1,4.8,https://goldapple.ru/19000125936-no1-cardamon-leather-jasmine/,https://goldapple.ru/parfjumerija/parfjumirovannyj-uhod?p=41,"Жидкое мыло для рук Press Gurwitz Perfumerie, обогащенное экстрактами алое вера, а так же маслом авокадо и пантенолом, бережно очищает кожу и ухаживает за ней. Свежий и одновременно манящий аромат с нотами кардамона, кожи и ароматного жасмина. Натуральное мыло хорошо увлажняет и питает сухую кожу рук, восстанавливает ее защитные свойства, успокаивает и удерживает влагу внутри. Мыло не сушит кожу и не нарушает естественный PH-баланс, гарантирует мягкость кожи и безопасность при частом использовании даже для чувствительной кожи, обладает антибактериальным эффектом. В коллекции используются селекционные авторские ароматы, которые остаются с вами надолго. Все ароматы унисекс.","Нанести небольшое количество на руки, затем смыть",Россия,41
808,2026-10-01T13:06:38.981037,20261001_104711_f22aa185,19000386187,parfjumerija/parfjumirovannyj-uhod,Asense,Vetiver & Rosemary,Жидкое мыло-скраб для тела и рук,2250.0,2250.0,0.0,1,4.7,https://goldapple.ru/19000386187-vetiver-rosemary/,https://goldapple.ru/parfjumerija/parfjumirovannyj-uhod?p=41,"Парфмированное жидкое мыло-скраб с ароматом ветивера, бергамота и розмарина обладает мягкими скрабирующими свойствами благодаря природному вулканическому стеклу. Французский парфюм Vetiver & rosemary Перетертая зелень ветивера и розмарина с брызгами цедры бергамота - дуэт свежести и экстраординарности. Интенсивность: средняя. Топ: розмарин, бергамот, цитрус. Сердце: ветивер.","Нанести на руки и тело, массируя влажную кожу круговыми движениями. Смыть теплой водой. Рекомендуется использовать вместе с лосьоном для тела и рук Asense.",Россия,41
809,2026-10-01T13:06:47.124148,20261001_104711_f22aa185,19000445870,parfjumerija/parfjumirovannyj-uhod,Versace,DYLAN BLUE,подарочный парфюмерный набор,9804.0,9804.0,0.0,1,5.0,https://goldapple.ru/19000445870-dylan-purple/,https://goldapple.ru/parfjumerija/parfjumirovannyj-uhod?p=41,"Набор Versace станет отличным подарком для современного мужчины, который ценит стиль и элегантность. В набор входят туалетная вода Dylan Blue для мужчин (50 мл), парфюмированный бальзам после бритья (50 мл) и парфюмированный гель для душа и ванны (50 мл). В яркой мужественной композиции выраженно звучат грейпфрут и бергамот в сочетании с одновременно свежим и сладким ароматом листьев инжира. В сердце композиции гармонируют древесный аккорд, чёрный перец, пачули, амброксан и листья фиалки. Ладан, шафран, мускус и бобы тонка дарят туалетной воде манящий и чувственный шлейф. Традиционные ноты звучат по-новому, современно и актуально, создавая индивидуальный и яркий характер аромата.","1. Гель для душа и ванны: нанесите на влажную кожу тела, равномерно распределите, затем смойте водой. 2. Бальзам: нанесите на кожу после бритья и равномерно распределите. 3. Туалетная вода: распылите с небольшого расстояния. Избегайте попадания средств в глаза.",Италия,41
810,2026-10-01T13:06:55.820487,20261001_104711_f22aa185,19000511002,parfjumerija/parfjumirovannyj-uhod,Narciso Rodriguez,For her,Парфюмированный крем для тела,6787.0,6787.0,0.0,1,5.0,https://goldapple.ru/19000511002-narciso-rodriguez-for-her/,https://goldapple.ru/parfjumerija/parfjumirovannyj-uhod?p=41,"Крем для тела For Her дополняет и усиливает аромат одноименного парфюма. Его невесомая текстура легко наносится и быстро впитывается, не оставляя ощущения липкости. Благодаря своей формуле с витамином E, он делает кожу шелковистой и красивой.","Нанесите крем на кожу после душа или ванны. 
Равномерно распределите по всему телу, делая мягкие массажные движения. 
Позвольте крему впитаться.",Франция,41
811,2026-10-01T13:07:05.168101,20261001_104711_f22aa185,19000454793,parfjumerija/parfjumirovannyj-uhod,Adidas,Vibes Chill Zone,Парфюмированный дезодорант-спрей для тела,273.0,273.0,0.0,1,4.2,https://goldapple.ru/19000454793-vibes-chill-zone-all-over-deo/,https://goldapple.ru/parfjumerija/parfjumirovannyj-uhod?p=41,"Прохладное спокойное настроение определяет характер парфюмированного дезодоранта-спрея Vibes Chill Zone. Средство создано для ежедневной свежести и помогает контролировать запах тела до 48 часов. Аромат объединяет лаванду и ваниль, а сама формула прошла дерматологическое тестирование, является веганской и подходит чувствительной коже. Лёгкое аэрозольное облако быстро распределяется по телу и не оставляет тяжёлого ощущения. Формула построена как дезодорирующая ароматизированная база без антиперспирантных солей, поэтому её основная задача — поддерживать ощущение свежести и оставлять заметный ароматный шлейф в течение дня. Формат спрея удобно использовать после душа, перед выходом из дома или когда хочется быстро освежиться. В крышке и распылительном механизме используется переработанный пластик, а сам баллон практично хранить в ванной или брать с собой в спортивную сумку без заявления о тревел-формате.","Распылите на чистую сухую кожу тела с расстояния около 15 см. Избегайте попадания на лицо, в глаза, а также на раздражённую или повреждённую кожу. Дайте средству высохнуть перед тем, как одеться.",Польша,41
812,2026-10-01T13:07:16.466479,20261001_104711_f22aa185,19000534124,parfjumerija/parfjumirovannyj-uhod,FELCE AZZURRA,Original,Нет категории,988.0,988.0,0.0,1,4.8,https://goldapple.ru/19000534124-felce-azzurra-original/,https://goldapple.ru/parfjumerija/parfjumirovannyj-uhod?p=41,"Дезодорант-антиперспирант отличается эффективной формулой DeocompeX, предназначенной для защиты и увлажнения кожи, а также поддержания баланса микробиома. Благодаря содержанию бисаболола средство оказывает выраженное успокаивающее и восстанавливающее действие, способствуя предотвращению появления раздражения и дискомфорта. Масло кожуры сладкого апельсина дарит ощущение свежести и смягчает кожу, при этом масло лаванды поддерживает ее спокойствие и обладает антибактериальными свойствами. Каприловые триглицериды обеспечивают дополнительную защиту кожного покрова от внешних факторов, уменьшают ощущение стянутости и сухости, придают коже мягкость. Стеариновая кислота способствует укреплению липидного барьера и предотвращает потерю влаги, снижая восприимчивость кожи к негативным внешним воздействиям. Продукт не содержит спирт и не оставляет следов на одежде. Аромат Original сочетает в себе более ста ингредиентов, собранных по всему миру, и подчеркивает индивидуальность, создавая уникальное ощущение свежести. Этот запах является визитной карточкой бренда Felce Azzurra и хранит в себе столетнюю традицию семьи Пальери. Верхние ноты: апельсин, роза, сосна. Средние ноты: лаванда, петитгрейн, пачули. Базовые ноты: мускус, цитронелла.",Встряхните флакон. Расположите баллончик на расстоянии 15 см от подмышки. Распыляйте в течение 2-3 секунд. предостережения Не наносить на поврежденную и раздраженную кожу.,Италия,41
813,2026-10-01T13:07:25.554391,20261001_104711_f22aa185,19000526842,parfjumerija/parfjumirovannyj-uhod,Zielinski & Rozen,"Vetiver, Lemon",Нет категории,890.0,890.0,0.0,1,5.0,https://goldapple.ru/19000526842-zielinski-rozen-vetiver-lemon/,https://goldapple.ru/parfjumerija/parfjumirovannyj-uhod?p=41,Питает и смягчает кожу. Быстро впитывается и имеет легкую текстуру.,"Выдавите небольшое количество крема на чистые руки и распределите равномерно.
При необходимости повторите.",Израиль,41
814,2026-10-01T13:07:34.067127,20261001_104711_f22aa185,19000306204,parfjumerija/parfjumirovannyj-uhod,banka_home,Янтарь и кашемир,Жидкое мыло,891.0,891.0,0.0,1,4.4,https://goldapple.ru/19000306204-antar-i-kasemir/,https://goldapple.ru/parfjumerija/parfjumirovannyj-uhod?p=41,"Жидкое мыло ""Янтарь и кашемир"". Это сложная древесная смесь с нотами янтаря. Аромат представляет собой сочетание ванили, темного мускуса и сандалового дерева, с хорошо сбалансированной цитрусовой и цветочной нотой. Верхние ноты: Озон, жасмин. Ноты сердца: Бобы тонка, пачули, сандал, кожа. Базовые ноты: Пудра, светлый мускус, темный мускус, амбра.","Применение: нанести необходимое количество на руки, либо загрязненное место, вспенить, добавляя воду, обработать загрязнённый участок, затем тщательно промыть водой.",Россия,41
815,2026-10-01T13:07:44.615683,20261001_104711_f22aa185,19000215864,parfjumerija/parfjumirovannyj-uhod,ADELEIDE,Sea & Oud,Парфюмированный крем для рук,460.0,460.0,0.0,1,4.7,https://goldapple.ru/19000215864-sea-oud/,https://goldapple.ru/parfjumerija/parfjumirovannyj-uhod?p=41,"Парфюмированный крем с древесно-морским ароматом Sea & Oud. Как работает крем? Крем быстро впитывается и насыщает кожу активными компонентами, которые смягчают, успокаивают и защищают кожу, предотвращая её преждевременное старение: Масла ши, миндаля и виноградной косточки – разглаживают, увлажняют и питают кожу витаминами, активизирует регенерацию эпидермиса. Морская вода – насыщает кожу полезными микроэлементами. Аллантоин – смягчает и успокаивает кожу, отшелушивает роговой слой, делает кожу более гладкой. Пантенол – увлажняет сухую кожу, ускоряет процесс регенерации клеток. Экстракт ламинарии – разглаживает кожу и выравнивает тон. Эффект от применения: Питание и смягчение – руки выглядят более ухоженными. Защита – крем предотвращает воздействие агрессивных внешних факторов и преждевременное старение кожи. Обновление и выравнивание текстуры кожи. Почему стоит выбрать этот крем? Нежная текстура – быстро впитывается, без жирного блеска и липкости. Аромат – свежие морские ноты звучат тонко и сдержанно, с лёгким шлейфом. Удобный формат – для ежедневного использования в любых условиях. Идеальный вариант для тех, кто хочет: Сделать кожу рук и кутикулу более мягкими. Обеспечить защиту кожи от неблагоприятных факторов. Усилить удовольствие от бьюти-рутины. Повысить упругость кожи. Аромат: Парфюмерная композиция создаёт чувство комфорта, постепенно раскрываясь на коже. Сначала в игру вступают свежие ноты морского бриза. Их сменяют пряные и восточные мотивы. В шлейфе звучит оригинальное сочетание пихты и амбры.",Наносите на чистую кожу рук в течение дня по мере необходимости.,Россия,41
816,2026-10-01T13:07:52.918625,20261001_104711_f22aa185,19000103281,parfjumerija/parfjumirovannyj-uhod,HFC,Wrap me in dream body lotion,Лосьон для тела,5475.0,5475.0,0.0,1,4.2,https://goldapple.ru/19000103281-wrap-me-in-dream-body-lotion/,https://goldapple.ru/parfjumerija/parfjumirovannyj-uhod?p=41,"Пробудите свою чувственность с томным ароматом из тайного Императорского сада. Яркая композиция с сочными фруктовыми нотами и благородным акцентом пиона заставит вас забыть обо всех заботах, а воздушный и легкий лосьон для тела позаботится о вашей коже, делая ее мягкой, нежной и глубоко увлажненной.",Не указано,Франция,41
817,2026-10-01T13:08:02.095367,20261001_104711_f22aa185,19000252036,parfjumerija/parfjumirovannyj-uhod,TNL Professional,Amber & Pepper,Крем для рук и тела,458.0,458.0,0.0,1,4.2,https://goldapple.ru/19000252036-amber-pepper/,https://goldapple.ru/parfjumerija/parfjumirovannyj-uhod?p=41,"Парфюмированный крем для рук и тела «Амбра и перец» универсальный, для всех типов кожи. Увлажнение, питание, восстановление. Достоинства: Крем с чарующим теплым ароматом активно увлажняет, защищает кожу в течение дня и дарит безупречный уход. Масло миндаля, витамины В3 и E насыщают полезными микроэлементами, разглаживают кожу, ускоряют процессы регенерации и благотворно действуют на ногти и кутикулу. Протеины шелка восстанавливают гладкость и эластичность. Результат: Мгновенное увлажнение и смягчение кожи, уход за кутикулами и их надежная защита от негативных факторов. Исчезает чувство сухости, активизируется регенерация и нормализуется естественный уровень pH.","Нанести крем тонким слоем на чистую кожу, мягко помассировать до полного впитывания.",Россия,41
818,2026-10-01T13:08:10.016122,20261001_104711_f22aa185,19000470775,parfjumerija/parfjumirovannyj-uhod,Baze Professional,"Cedarwood & Sandalwood & Amber, Patchouli",Парфюмированный гель для душа,498.0,498.0,0.0,1,5.0,https://goldapple.ru/19000470775-cedarwood-sandalwood-amber-patchouli/,https://goldapple.ru/parfjumerija/parfjumirovannyj-uhod?p=41,"Мягко очищает кожу, не пересушивая её. Ценные масла и увлажняющие компоненты делают кожу мягкой и гладкой, а изысканный аромат окутывает чувственной вуалью, оставляя на теле тонкий шлейф.",1. Нанесите небольшое количество геля на влажные ладони или губку. 2. Вспеньте и распределите по телу массирующими движениями. 3. Смойте теплой водой.,Россия,41
819,2026-10-01T13:08:18.770915,20261001_104711_f22aa185,19000360052,parfjumerija/parfjumirovannyj-uhod,La Fabrique,Latte with nut,Парфюмированное мыло для рук,378.0,378.0,0.0,1,4.8,https://goldapple.ru/19000360052-latte-with-nut/,https://goldapple.ru/parfjumerija/parfjumirovannyj-uhod?p=41,"Парфюмированное мыло для рук обладает бодрящим ароматом орехового латте, в котором насыщенные ноты обжаренных орехов гармонично сочетаются с бархатистой сладостью молока и легким кофейным шлейфом, создавая уютную атмосферу при каждом использовании. В формуле использованы увлажняющие и ухаживающие компоненты, которые действуют мягко и нейтрально по отношению к коже рук. Экстракты алоэ вера, ромашки, зелёного чая и виноградной косточки помогают предотвратить появление шелушений, способствуют увлажнению и успокаивают кожу, а также поддерживают её естественную регенерацию. Д-пантенол способствует дополнительному смягчению и питанию, сохраняя ощущение комфорта даже при частом контакте с водой. Мыло обладает деликатной текстурой и тщательно подобранным составом, который подходит для ежедневного бережного ухода. Продуманная упаковка подчеркивает тонкий вкус и эстетичный внешний вид продукта.","Нанесите немного средства на влажные ладони, вспеньте и тщательно смойте водой.",Россия,41
820,2026-10-01T13:08:41.618958,20261001_104711_f22aa185,19000455134,parfjumerija/parfjumirovannyj-uhod,Zielinski & Rozen,"Blackcurrant, Geranium, Amber, Leather",Твердое мыло,890.0,890.0,0.0,1,4.6,https://goldapple.ru/19000455134-blackcurrant-geranium-amber-leather/,https://goldapple.ru/parfjumerija/parfjumirovannyj-uhod?p=42,"Бережно и эффективно очищает кожу, сохраняя ее мягкость. Подходит для ежедневного использования для рук и тела.","Вспеньте мыло ладонями, затем тщательно смойте теплой водой.",Россия,42
821,2026-10-01T13:08:49.869617,20261001_104711_f22aa185,19000467307,parfjumerija/parfjumirovannyj-uhod,Zielinski & Rozen,"Lemon, Lemongrass & Sage",Твердое мыло,667.0,667.0,0.0,1,4.9,https://goldapple.ru/19000467307-lemon-lemongrass-sage/,https://goldapple.ru/parfjumerija/parfjumirovannyj-uhod?p=42,"Бережно и эффективно очищает кожу, сохраняя ее мягкость. Подходит для ежедневного использования для рук и тела.","Вспеньте мыло ладонями, затем тщательно смойте теплой водой.",Россия,42
822,2026-10-01T13:09:01.379057,20261001_104711_f22aa185,19000466683,parfjumerija/parfjumirovannyj-uhod,Tesori d’Oriente,AYURVEDA,Нет категории,1093.0,1093.0,0.0,1,4.2,https://goldapple.ru/19000466683-ayurveda/,https://goldapple.ru/parfjumerija/parfjumirovannyj-uhod?p=42,"Парфюмированный лосьон для тела от итальянского бренда Tesori d'Oriente — новинка от официального дистрибьютора в России. Роскошный аромат Аюрведа — это гармоничное сочетание теплых древесных и янтарных нот с легкими акцентами сладкого апельсина и лимона, приправленными пряным пачули и кедром. Средство с приятной кремовой текстурой легко наносится на кожу, быстро впитывается и окутывает сложным, расслабляющим ароматом, создавая атмосферу загадочности и восточной роскоши. Драгоценные масла арганы и миндаля, экстракты цветов и витамин Е бережно ухаживают за кожей, делая её нежной, как шелк. Легкая текстура лосьона мгновенно впитывается, не оставляя ощущения пленки. Увлажняющий лосьон для тела дарит невероятное чувство мягкости и увлажнения, глубоко питает кожу и заботится о ней. Органическое масло арганы интенсивно увлажняет, придавая коже бархатистость, а миндаль повышает её упругость и естественное сияние. Парфюмированный лосьон для тела подходит для ежедневного ухода, выполняя функции питательного крема и увлажняющего средства. Крем-лосьон для тела Ayurveda обладает роскошной текстурой. Удобный дозатор позволяет легко использовать продукт, получая необходимое количество средства для ухода. Питание, увлажнение, регенерация кожи и защита от свободных радикалов — ключевые аспекты профессионального ухода, которые берет на себя женский парфюмированный лосьон для тела Tesori d'Oriente Ayurveda.",1. Поверните дозатор по часовой стрелке и нажмите для первого использования. 2. Нанесите лосьон на чистую кожу тела. 3. Мягкими массажными движениями распределите лосьон до полного впитывания.,Италия,42
823,2026-10-01T13:09:10.410454,20261001_104711_f22aa185,19000511806,parfjumerija/parfjumirovannyj-uhod,Zielinski & Rozen,"Amberwood, Vanilla, Davana",Нет категории,1351.0,1351.0,0.0,1,4.8,https://goldapple.ru/19000511806-zielinski-rozen-amberwood-vanilla-davana/,https://goldapple.ru/parfjumerija/parfjumirovannyj-uhod?p=42,"Бережно и эффективно очищает кожу, сохраняя ее мягкость. Подходит для ежедневного использования для рук и тела.","Вспеньте мыло ладонями, затем тщательно смойте теплой водой.",Россия,42
824,2026-10-01T13:09:19.182960,20261001_104711_f22aa185,19000438232,parfjumerija/parfjumirovannyj-uhod,Compliment,CHERRY,Парфюмированный спрей-мист для тела и волос,289.0,289.0,0.0,1,5.0,https://goldapple.ru/19000438232-cherry/,https://goldapple.ru/parfjumerija/parfjumirovannyj-uhod?p=42,"Прекрасное средство для экспресс-увлажнения в течение дня. Освежает и тонизирует кожу, оставляя стойкий шлейф любимого аромата на теле и волосах. Классификация аромата: цветочный, амбровый. Верхние ноты: черешня, ликер, горький миндаль. Ноты сердца: жасмин, слива, роза. Базовые ноты: кедр, бобы тонка, корица, сандал.",Распылите небольшое количество спрея на кожу и волосы с расстояния 15-20 см. Перед применением встряхнуть.,Россия,42
825,2026-10-01T13:09:26.834680,20261001_104711_f22aa185,80620100006,parfjumerija/parfjumirovannyj-uhod,Sisley,Eau de Campagne Soap,Мыло туалетное,3367.0,3367.0,0.0,1,4.4,https://goldapple.ru/80620100006-eau-de-campagne-soap/,https://goldapple.ru/parfjumerija/parfjumirovannyj-uhod?p=42,"Мыло туалетное Sisley Eau de Campagne Soap  высокого качества мыло, созданное на основе травяных экстрактов. Оно может создать пену мягкую и густую, при этом бережно очищает кожу всего тела. Формула мыла туалетного, благодаря высокому концентрату ароматических веществ, дарит мгновенное ощущение свежести. Оно подходит для всей семьи. Содержит в своем составе полезное, натуральное кокосовое масло. Мыло Sisley начинается с верхних нот сочного лимона, тонкого базилика и освежающего бергамота. Нота «сердца» наполнена мускусом, пачули и дубовым мхом. Базовыми нотами мыла Eau de Campagne Soap  являются: ландыш, герань, слива и жасмин. После ежедневного использование необыкновенное ощущение чистоты и нежности на коже на протяжении всего дня.",Использовать для очищения кожи рук и/или тела. Особое удовольствие доставит использование мыла с маслом для ванны Eau De Campagne.,Франция,42
826,2026-10-01T13:09:36.597144,20261001_104711_f22aa185,19000434161,parfjumerija/parfjumirovannyj-uhod,INNATURE,La Niche Fleur Symphony,Парфюмированный крем для тела и рук,593.0,593.0,0.0,1,4.8,https://goldapple.ru/19000434161-la-niche-fleur-symphony/,https://goldapple.ru/parfjumerija/parfjumirovannyj-uhod?p=42,"Натуральный крем для тела и рук La Niche Fleur Symphony питает и увлажняет кожу, оставляя на ней цветочный аромат с фруктовыми нотами. Верхние ноты: личи, персик, бергамот Средние ноты: жасмин, цветы апельсина, пион Базовые ноты: дерево, мускус, мох",Нанести на кожу тела легкими массирующими движениями до полного впитывания. Подходит для ежедневного применения c гелем для душа Innature La Niche Fleur Symphony.,Россия,42
827,2026-10-01T13:09:45.710360,20261001_104711_f22aa185,26420500036,parfjumerija/parfjumirovannyj-uhod,Acqua di Parma,Barbiere,Эмульсия после бритья,8040.0,8040.0,0.0,1,5.0,https://goldapple.ru/26420500036-barbiere/,https://goldapple.ru/parfjumerija/parfjumirovannyj-uhod?p=42,"Эмульсия  после бритья Barbiere, созданная из местных ингредиентов, в том числе различных успокаивающих масел, успокаивает кожу, а ее нежирная консистенция делает лицо мягким и  приятным на ощупь ,","Нанесите небольшое количество на лицо, равномерно распределяя по всей поверхности.",Италия,42
828,2026-10-01T13:09:53.864625,20261001_104711_f22aa185,19000467304,parfjumerija/parfjumirovannyj-uhod,Zielinski & Rozen,"White sage, Neroli",Жидкое мыло,1673.0,1673.0,0.0,1,5.0,https://goldapple.ru/19000467304-white-sage-neroli/,https://goldapple.ru/parfjumerija/parfjumirovannyj-uhod?p=42,Эффективно очищает кожу и способствует ее увлажнению. Подходит для всех типов кожи.,"Нанесите небольшое количество мыла на влажную кожу, вспеньте, затем тщательно смойте водой.",Израиль,42
829,2026-10-01T13:10:03.329634,20261001_104711_f22aa185,19000043241,parfjumerija/parfjumirovannyj-uhod,Flame moscow,Alexandra,Крем для рук,1255.0,1255.0,0.0,1,4.8,https://goldapple.ru/19000043241-alexandra/,https://goldapple.ru/parfjumerija/parfjumirovannyj-uhod?p=42,"Крем для рук и ногтей с питательными маслами ши, жожоба и воском рисовых отрубей подарит вашей коже невероятный аромат.",Использовать только для наружного применения. Хранить в недоступном для детей месте,Россия,42
830,2026-10-01T13:10:12.419116,20261001_104711_f22aa185,19000263811,parfjumerija/parfjumirovannyj-uhod,Acqua di Parma,YUZU,Жидкое мыло для рук и тела,7330.0,7330.0,0.0,1,4.8,https://goldapple.ru/19000263811-yuzu/,https://goldapple.ru/parfjumerija/parfjumirovannyj-uhod?p=42,"Деликатная и мягкая формула превращает гель в роскошную пену при соприкосновении с водой. Гель для рук и тела Yuzu нежно очищает кожу, не нарушая ее естественного баланса, оставляя ее бархатистой и ароматной. Это роскошное дополнение к линии ароматов и ухода для тела Signatures of the Sun c горьковато-цитрусовыми нотами Юдзу привносит в ваш ритуал красоты особую атмосферу. Верхние ноты: Юдзу, бергамот, сычуаньский перец Ноты сердца: Лотос, мимоза, листки фиалки, жасмин Базовые ноты: Мускус, лакричник, сандал","Наносить на влажную кожу, распределить по телу, смыть достаточным количеством воды. При необходимости повторить.",Италия,42
831,2026-10-01T13:10:22.558677,20261001_104711_f22aa185,99000015597,parfjumerija/parfjumirovannyj-uhod,LAMONNET,blackberry & vetiver,Парфюмированный крем для тела,780.0,780.0,0.0,1,4.7,https://goldapple.ru/99000015597-blackberry-vetiver/,https://goldapple.ru/parfjumerija/parfjumirovannyj-uhod?p=42,"Крем для тела и рук Lamonnét – это продукт, созданный по французскому принципу о том, что даже приятные повседневные вещи заслуживают серьезного отношения: l'art de bien faire. Аромат blackberry & vetiver – фруктовый, свежий и яркий. Он чувствуется сразу, стоит только открыть крышку. Лист черной смородины раскрывается своей терпкостью в начале, за ним спелая ежевика. Ветивер добавляет землистой прохлады в завершении. Все ароматы Lamonnét разрабатываются во Франции, в Грассе — мировой столице парфюмерии. Каждая композиция создается с двойной концентрацией парфюма, чтобы на коже оставался стойкий парфюмерный шлейф на несколько часов. Легкая текстура крема тает на коже и впитывается за минуту. Не оставляет липкости и блеска. Кожа глубоко увлажненная, мягкая и гладкая. В основе — экстракт лилии. Это ухаживающий компонент с природными антиоксидантами. Он смягчает кожу, поддерживает ее барьер и придает эффект сияния. • легкая текстура, быстро впитывается • экстракт лилии — природный антиоксидант • натуральные масла и витамины • подходит для всех типов кожи.",Небольшое количество крема нанесите легкими массирующими движениями на чистую сухую кожу рук и тела.,Россия,42
832,2026-10-01T13:10:33.085330,20261001_104711_f22aa185,19000444714,parfjumerija/parfjumirovannyj-uhod,Savonry,Tobacco and vanilla,Нет категории,403.0,403.0,0.0,1,4.6,https://goldapple.ru/19000444714-tobacco-and-vanilla/,https://goldapple.ru/parfjumerija/parfjumirovannyj-uhod?p=42,"Аромат начинается с пряно-цитрусового всплеска, который постепенно раскрывается в сердце благородным табаком. Финальные аккорды ванили и древесных нот создают образ каминного тепла и уюта. Глубокий, чувственный, с теплыми обертонами. Верхние ноты: Бергамот, кардамон – свежая пряная искра. Сердце: Табачный лист, мед – бархатистая дымчатость с медовой сладостью. База: Ваниль, кедр, тонкинский мускус – мягкое обволакивающее послевкусие. Наши парфюмированные спреи для тела не только дарят восхитительные ароматы, но и бережно ухаживают за кожей: Глицерил глюкозид и бетаин – глубоко увлажняют, предотвращая сухость. Пантенол – успокаивает, снимает раздражение и восстанавливает кожу. Легкая текстура мгновенно впитывается, не оставляя липкости, а стойкий парфюмерный шлейф будет сопровождать вас в течение дня. Идеально для освежения в жару, борьбы с сухостью зимой или просто для ежедневного наслаждения любимым ароматом.","Распылить необходимое количество средства на чистую сухую кожу. Избегать попадания в глаза, на слизистые оболочки и поврежденные участки кожи. Использовать по мере необходимости.",Россия,42
833,2026-10-01T13:10:43.265520,20261001_104711_f22aa185,19000422403,parfjumerija/parfjumirovannyj-uhod,Tesori d’Oriente,AYURVEDA,Нет категории,615.0,615.0,0.0,1,4.4,https://goldapple.ru/19000422403-ayurveda/,https://goldapple.ru/parfjumerija/parfjumirovannyj-uhod?p=42,"Tesori d’Oriente Мыло жидкое для рук Аюрведа. Это аромат, который никогда не бывает сладким из-за гармоничных нот Аранчи, лимона и пачули, чтобы сохранить равновесие в теле и душе. Ароматический крем Sapone создан для интенсивного воздействия на кожу, смягчая ее и придавая свежесть. Это то, что я вижу и чувствую, то, что я чувствую внутри. Его обволакивающий аромат с гармоничными нотами апельсина, лимона и пачули обеспечивают баланс и хорошее самочувствие тела и разума. Это ароматное крем-мыло смягчает и восстанавливает кожу. Его можно использовать как для рук и лица, так и для всего тела.","Нанести на влажную кожу массирующими движениями, вспенить, затем смыть теплой водой.",Италия,42
834,2026-10-01T13:10:52.374869,20261001_104711_f22aa185,19000449075,parfjumerija/parfjumirovannyj-uhod,OUME,Sandy wind,Духи,6600.0,6600.0,0.0,1,4.4,https://goldapple.ru/19000449075-sandy-wind/,https://goldapple.ru/parfjumerija/parfjumirovannyj-uhod?p=42,"Вокруг тебя бескрайняя песчаная пустыня, где под палящим солнцем дюны образуют плавные линии, напоминающие волны замерзающего моря. Горячий ветер пронзает твою кожу. Тебе кажется, что ты один в этом необъятном мире. Ты идешь размеренно, чувствуя каждый шаг по раскалённому песку. Воздух сухой и терпкий, как будто каждый его вдох приносит ощущение горькой пряности, насыщенной нотами корицы и шафрана. Золотистый песок искрится множеством оттенков под солнцем, создавая иллюзию мерцающей морской глади. Перед тобой открывается ясный горизонт, где край земли едва уловим. Небо яркое и голубое, чистое и безмятежное, как бесконечное озеро спокойствия. Ты чувствуешь внушительное величие и хрупкость природы одновременно. Тебя наполняет чувство свободы, как будто ничто не ограничивает твоё движение, только бесконечные пейзажи и тёплый ветер. Ты принимаешь всё это, несмотря на испытание, которое несет эта жара. Глоток прохладной воды омывает тебя волной спокойствия. Ты чувствуешь, как бесконечность пустыни придает силы для каждого нового шага. Осознание того, насколько ты мал перед мощью природы, сопровождает тебя, и ты чувствуешь умиротворение. Эта природа учит тебя быть стойким и уверенным под палящим солнцем, находя гармонию между величием пустыни и внутренним покоем.","Нанесите небольшое количество аромата на активные точки на коже или одежду, при необходимости обновите в течение дня.",Беларусь,42
835,2026-10-01T13:11:01.024706,20261001_104711_f22aa185,19000347967,parfjumerija/parfjumirovannyj-uhod,BYBOZO,Immoral,Парфюмированный спрей для тела,8910.0,8910.0,0.0,1,4.6,https://goldapple.ru/19000347967-immoral/,https://goldapple.ru/parfjumerija/parfjumirovannyj-uhod?p=42,"Immoral — аромат, который кружит голову и возносит над облаками, наполняя чувством радости и наслаждения. Самый настоящий экстаз во флаконе! Томная сладость сочной фруктовой мякоти в окружении соблазнительного мускуса и стручков ванили наполняет пространство вокруг вас манящим ароматом. Специально разработанная технология распыления спрея на 360 градусов обеспечивает удобное нанесение на все тело, волосы и одежду. Спрей обладает более нежным и ненавязчивым ароматом по сравнению с парфюмерной водой. Экономичный расход и заметный шлейф от аромата.","Распылите на чистую кожу, волосы или одежду, избегая попадания в глаза.",Оаэ,42
836,2026-10-01T13:11:13.451498,20261001_104711_f22aa185,80620200008,parfjumerija/parfjumirovannyj-uhod,Sisley,Eau du Soir Perfumed Bath and Shower Gel,Гель для душа,7539.0,7539.0,0.0,1,4.6,https://goldapple.ru/80620200008-eau-du-soir-perfumed-bath-and-shower-gel/,https://goldapple.ru/parfjumerija/parfjumirovannyj-uhod?p=42,"Гель для душа Sisley Eau du Soir Perfumed Bath and Shower Gel — истинное блаженство во время и после душа. Пенящийся гель от Sisley способствует смягчению кожи и обладает тонизирующими компонентами, растительного происхождения. Eau du Soir Perfumed Bath and Shower Gel проявляя чуткость и бережную заботу очищает кожу, не пересушивая её и дарует чувственные прикосновения, позволяя коже раскрыться, словно нежный цветок. А волнующий аромат геля для душа ""О Дю Суар"" уносит Вас в мир грёз и фантазий, позволяя забыться и почувствовать полное расслабление и насыщение во время душа и оставаясь на вашем теле после, спасая от суеты будничных дней.",Использовать ежедневно или по необходимости часто для очищения и ароматизации кожи тела. 2-3 нажатия на дозатор достаточно для душа и для ванны.,Франция,42
837,2026-10-01T13:11:22.194422,20261001_104711_f22aa185,19000032750,parfjumerija/parfjumirovannyj-uhod,HFC,ROYAL POWER,Гель для душа,4882.0,4882.0,0.0,1,5.0,https://goldapple.ru/19000032750-royal-power/,https://goldapple.ru/parfjumerija/parfjumirovannyj-uhod?p=42,"Его притягательная сила и динамичная энергия завораживают и мгновенно приковывают внимание. 
Удивительное сочетание ярких специй и молодой древесины с ее сладковатым оттенком фруктов создает контрастное звучание, теплое и прохладное одновременно. Раскрывающиеся ноты душистого кардамона и сочного лимона окутывают свежестью. А аккорд табака и сандала придает композиции особую многогранность и изысканность. 
Роскошный, утонченный, яркий и элегантный, Royal Power существует за гранью обыденности, разрушая рамки и устанавливая свои собственные правила.","Небольшое количество геля равномерно распределите по всей поверхности кожи, затем смойте теплой водой",Франция,42
838,2026-10-01T13:11:36.122822,20261001_104711_f22aa185,19000439654,parfjumerija/parfjumirovannyj-uhod,Hersteller,Before Sunrise,Увлажняющий бальзам для рук,1020.0,1020.0,0.0,1,4.8,https://goldapple.ru/19000439654-before-sunrise/,https://goldapple.ru/parfjumerija/parfjumirovannyj-uhod?p=42,"Нежный бальзам для рук hersteller с маслом ши интенсивно увлажняет и питает кожу рук, делая её более гладкой и мягкой. Средство помогает улучшить текстуру кожи, устранить сухость и дискомфорт. Бальзам с легкой, нелипкой текстурой тает на коже и быстро впитывается, оставляя приятный древесный аромат, напоминающий о прогулке по лесу на закате. Парфюмерную композицию с элегантным звучанием сандала дополняют зеленые аккорды, а также цитрусовая свежесть лайма и цитрона, ноты базилика, гвоздики, лаванды и ветивера.","Когда кожа рук становится сухой, нанесите небольшое количество бальзама на руки и распределите массирующими движениями.",Республика корея,42
839,2026-10-01T13:11:45.924099,20261001_104711_f22aa185,19000130592,parfjumerija/parfjumirovannyj-uhod,Flame moscow,Mira,Соль для ванны,370.0,370.0,0.0,1,5.0,https://goldapple.ru/19000130592-mira/,https://goldapple.ru/parfjumerija/parfjumirovannyj-uhod?p=42,"Загадка, раскрывающаяся в контрастах света и тени. Чувственный и амбровый, Mira – загадочный аромат закатного солнца. Смолистые и травяные аккорды скрывают роскошную мирру и бессмертник, обрамленную пряными тмином, геранью и лавром, которые сияют с акцентами цитрусов и березы, и тают в амбровом тумане. Шлейф этого аромата глубокий, яркий и насыщенный. Верхние ноты: Тмин, цитрусы, бессмертник Средние ноты: мирра, мох, герань Базовые ноты: амбра, береза, лавр Морская соль Северного и Средиземного морей пропитана ароматическими маслами. Смесь способствует ароматерапии, а также общему расслаблению и восстановлению, поддержанию тонуса и уменьшению напряжения в мышцах.","Наполните не менее половины ванной, рас- творите содержимое в горячей воде и дайте настояться 5 минут, затем разбавьте воду до комфортной температуры при необходимости. Пакетика хватает на 1-2 применения. Будьте осторожны! После использования поверхность ванны может быть чуть более скользкой, чем обычно.",Россия,42
840,2026-10-01T13:12:13.544717,20261001_104711_f22aa185,19000322884,parfjumerija/parfjumirovannyj-uhod,NICE by Septivit,Black Pepper,Парфюмированный крем для рук и тела,379.0,379.0,0.0,1,4.3,https://goldapple.ru/19000322884-black-pepper/,https://goldapple.ru/parfjumerija/parfjumirovannyj-uhod?p=43,"Парфюмированный крем для рук NICE с ярким ароматом Black Pepper глубоко питает и увлажняет кожу рук. Формула крема, обогащенная натуральными маслами кокоса и миндаля, надолго оставляет кожу мягкой и нежной. Богатый аромат черного перца открывается насыщенными мускусными нотами, которые переплетаются с тонкими аккордами пачули.","Нанесите небольшое количество крема на очищенную кожу массирующими движениями, распределите до полного впитывания.",Россия,43
841,2026-10-01T13:12:30.169308,20261001_104711_f22aa185,19000283240,parfjumerija/parfjumirovannyj-uhod,Byredo,La Tulipe,Крем для рук,5329.0,5329.0,0.0,1,5.0,https://goldapple.ru/19000283240-la-tulipe/,https://goldapple.ru/parfjumerija/parfjumirovannyj-uhod?p=43,"Когда начинают цвести тюльпаны, это значит, что весна по-настоящему началась. С окончанием серых зимних дней сады оживают яркими красками великолепных цветов. И хотя тюльпаны практически не имеют аромата, но для некоторых они пахнут очень сладостно!",Нанести небольшое количество крема на кожу рук массажными движениями до полного впитывания.,Франция,43
842,2026-10-01T13:12:39.793279,20261001_104711_f22aa185,19000256832,parfjumerija/parfjumirovannyj-uhod,Schonemann,spa time,Нет категории,2687.0,2687.0,0.0,1,5.0,https://goldapple.ru/19000256832-spa-time/,https://goldapple.ru/parfjumerija/parfjumirovannyj-uhod?p=43,"Увлажняющий набор гелей для тела ""Schonemann"" - идеальное сочетание роскоши и ухода для вашей кожи. Представляем три аромата, включающие в себя кедр и зеленый лимон, бергамот и вербена, а также цикламен и розовый перец. Безупречный выбор косметики для людей, ценящих роскошь и уход. Гели из этого набора является многофункциональным, парфюмированным, косметическим средством, подходящим как для использования на интимных зонах, так и для ухода за всем телом. Он создан с учетом всех потребностей кожи, обеспечивая интенсивное увлажнение и очищение. Формула геля разработана так, чтобы подарить вашей коже ощущение полного комфорта и естественной красоты. Наш гель обладает натуральными и органическими ингредиентами. Все компоненты глубоко проникают в кожу, увлажняя, регенерируя и очищая ее. Благодаря своей уникальной формуле, этот гель подарит вам неповторимый аромат, оставаясь при этом гипоаллергенным и безопасным для использования. Теперь вы можете позаботиться о красоте своей кожи и обеспечить ей профессиональную заботу в удобном формате. Не откладывайте на завтра - порадуйте себя и своих близких этим новым гигиеническим средством, воплощающим все самое лучшее в мире косметики. Гель Бергамот и вербена: Верхние ноты: бергамот, лимон. Ноты сердца: лаванда, герань. Базовые ноты: тропическая вербена. Гель Кедр и зеленый лимон: Верхние ноты: мандарин, зеленый лимон, розовый перец. Ноты сердца: герань, черная смородина. Базовые ноты: кедр, белый мускус. Гель Цикламен и розовый перец: Верхние ноты: шафран, корица, бессмертник. Ноты сердца: перец, мускатный орех, гвоздика. Базовые ноты: ваниль, мускус, бальзам толу.","Нанесите на влажную кожу тела, помассируйте, смойте тёплой водой.",Россия,43
843,2026-10-01T13:12:51.807082,20261001_104711_f22aa185,15240900011,parfjumerija/parfjumirovannyj-uhod,Sisley,Soir de Lune Moisturizing Perfumed Body Cream,Нет категории,11388.0,11388.0,0.0,1,4.6,https://goldapple.ru/15240900011-soir-de-lune-moisturizing-perfumed-body-cream/,https://goldapple.ru/parfjumerija/parfjumirovannyj-uhod?p=43,"Крем для тела Sisley Soir de Lune Moisturizing Perfumed Body Cream — нежное увлажнение, дарующее чувственный и утончённый аромат. Косметическое средство от Sisley в тот же миг после нанесения наполняет влагой даже самые глубокие клеточки и сохраняет водный баланс в течении всего дня. Soir de Lune Moisturizing Perfumed Body Cream вобрал в себя всё самое лучшее из масел карите, экстракта жиоха и чувственной мальвы. Хорошие впитывающие свойства крема для тела позволяют сразу после нанесения облачиться в одежду. Прояви истинную бережную заботу о своём теле и подари коже нежность, уход и любовь, сдобренные комфортом.",Наносить на кожу тела после душа или ванны. Использовать небольшое количество текстуры.,Франция,43
844,2026-10-01T13:13:02.378474,20261001_104711_f22aa185,26730400007,parfjumerija/parfjumirovannyj-uhod,Byredo,Gypsy Water,Крем для тела,8002.0,8002.0,0.0,1,4.7,https://goldapple.ru/26730400007-gypsy-water/,https://goldapple.ru/parfjumerija/parfjumirovannyj-uhod?p=43,"Gypsy Water (Цыганская вода) - это ода красоте и самобытности цыганской культуры, ее уникальным обычаям, традициям, ритуалам. Аромат погружает в мечты о яркой и свободной жизни на лоне природы. Оттенки сосновых иголок и сандалового дерева сплетаются с насыщенной амброй и свежими цитрусовыми, воплощают атмосферу жаркой цыганской ночи, проведенной в лесу.","Нанести легкими массажными движениями на чистую и сухую кожу тела после принятия душа или ванны, либо по мере необходимости.",Франция,43
845,2026-10-01T13:13:12.398183,20261001_104711_f22aa185,19000167867,parfjumerija/parfjumirovannyj-uhod,PRESS GURWITZ PERFUMERIE,"№ 3 Tobacco, Cinnamon, Vanilla",Английская соль с магнием,696.0,696.0,0.0,1,4.4,https://goldapple.ru/19000167867-no-3-tobacco-cinnamon-vanilla/,https://goldapple.ru/parfjumerija/parfjumirovannyj-uhod?p=43,"Соль для ванны PRESS GURWITZ PERFUMERIE №3 парфюмированная, является натуральным источником магния 99,9%.Epsom расслабляет и снимает боли в мышцах, помогает в борьбе от целлюлита, при детокс процедурах, насыщает организм магнием, помогает от отёков. Магнезия способствует выведению токсинов из организма, что хорошо влияет на коррекцию фигуры. При приеме ванн отлично подходит для похудения, расслабления, борется со стрессом, следами усталости, выводит лишнюю воду из организма, снимает воспаления на коже, восполняет дефицит магния в организме. Способствует улучшению сна. Соль эпсом обеспечивает комплексный уход за кожей, ногами и руками, волосами, а также за ногтями. Восхитительный парфюмированный аромат Табака, Ванили и Корицы, который остается с вами надолго. Средство можно использовать как скраб для кожи, ванну для ног, маску для ногтей и даже обертывание. Частички соли мягко отшелушивают кожу снаружи, а магний очищает организм изнутри. Рекомендуем проводить процедуры 2-3 раза в неделю, курсом 10-15 процедур. В коллекции используются селективные авторские ароматы, разработанные в парфюмерных домах Франции. Все ароматы унисекс.","ПРИНЯТИЕ ВАННЫ ВЗРОСЛЫМ: 300-500 г соли растворить в ванной при температуре 37-38 С. Продолжительность процедуры 15-20 мин. После принятия ванны ополоснуться водой. СКРАБ ДЛЯ КОЖИ: Если нет ванны, можно смешать соль с гелем для душа в пропорции 40/60, нанести на кожу, промассировать и затем смыть тёплой водой. При необходимости процедуру повторить. МАСКА ДЛЯ НОГТЕЙ: Залить в ванночку для рук 1 л горячей воды и растворить в ней 100-200 г соли. Опустить кисти рук на 10-15 минут. ВАННА ДЛЯ НОГ: Добавить 1 стакан соли на таз с водой 37-38 С, погрузить ноги на 30 мин. После применения ополоснуть ноги. ОБЕРТЫВАНИЕ: Добавить к 100 г соли 5 ст.л. меда и несколько капель эфирного масла апельсина. Такая смесь за 30 минут под пищевой пленкой ощутимо подтянет кожу, придаст ей бархатистость и заставит светиться изнутри.",Россия,43
846,2026-10-01T13:13:21.118270,20261001_104711_f22aa185,19000421274,parfjumerija/parfjumirovannyj-uhod,BIELITA,Белый жасмин & Соленая ваниль,Гель-парфюм для душа,272.0,272.0,0.0,1,5.0,https://goldapple.ru/19000421274-belyj-zasmin-solenaa-vanil/,https://goldapple.ru/parfjumerija/parfjumirovannyj-uhod?p=43,"Позвольте себе окунуться в атмосферу расслабления с гелем-парфюмом для душа «Белый жасмин & Соленая ваниль». Восточно-цветочная композиция сочетает свежие ноты спелого мандарина и водяного жасмина, гармонично переходящие в теплый аккорд соленой ванили, белого кашемира и амбры. Экстракт ванили питает кожу, увлажняет ее и придает ей мягкость, повышая упругость. Этот гель деликатно очищает, дарит ощущение свежести и тонкий аромат, остающийся на коже после использования.","Нанесите на влажную кожу, вспеньте, смойте водой.",Беларусь,43
847,2026-10-01T13:13:33.869279,20261001_104711_f22aa185,19000482629,parfjumerija/parfjumirovannyj-uhod,L'AVISAL,Flower Shop,Парфюмированный гель для душа,366.0,366.0,0.0,1,4.7,https://goldapple.ru/19000482629-flower-shop/,https://goldapple.ru/parfjumerija/parfjumirovannyj-uhod?p=43,"Волшебство аромата «Цветочная лавка»: • Первое впечатление — яркая волна аромата свежесрезанных стеблей цветов, словно вы вошли в уютную цветочную лавку на тихой улочке. • Развитие — зелёная свежесть свежескошенной травы, мягко переплетающаяся с тонкими нотами цветочных бутонов, создавая ощущение прогулки по утреннему саду, наполненному ароматами пробуждающейся природы. • Финал — тонкая древесная теплота и лёгкая зелень, как тихий шёпот ветра среди цветущих растений. Для кого: Идеально подойдёт для тех, кто ищет свежесть и нежность природы в каждой капле, наполняя душу гармонией и лёгкостью. L’avisal: Ваше мнение — наш главный ингредиент.","Нанести гель на влажную кожу тела или мочалку, вспенить массирующими движениями, смыть водой.",Россия,43
848,2026-10-01T13:13:44.892377,20261001_104711_f22aa185,99000018171,parfjumerija/parfjumirovannyj-uhod,BOCA AROMA,One and only,Лосьон для рук и тела,1680.0,1680.0,0.0,1,4.5,https://goldapple.ru/99000018171-one-and-only/,https://goldapple.ru/parfjumerija/parfjumirovannyj-uhod?p=43,"Парфюмированный лосьон для рук и тела сочетает легкую и нежную текстуру с роскошным ароматом, похожим на атмосферу изысканного спа-отеля. Лосьон создан на основе натуральных ингредиентов, известных своими увлажняющими, питающими и защитными свойствами. Масло ши интенсивно питает и способствует восстановлению кожи, поддерживает ее упругость и мягкость. Масло виноградной косточки быстро впитывается, насыщает кожу антиоксидантами и помогает поддерживать ее тонус. Касторовое масло улучшает эластичность и смягчает кожу. Гиалуроновая кислота способствует поддержанию молодости и упругости, помогая сохранить влагу в коже. Лосьон обладает формулой, подходящей для ежедневного ухода, и дарит ощущение свежести, мягкости и ухоженности.",Нанесите небольшое количество крема на чистую сухую кожу рук. Равномерно распределите легкими массирующими движениями.,Россия,43
849,2026-10-01T13:13:55.329375,20261001_104711_f22aa185,19000408642,parfjumerija/parfjumirovannyj-uhod,Asense,Vetiver & Rosemary,Дорожный набор средств для тела,1530.0,1530.0,0.0,1,4.8,https://goldapple.ru/19000408642-vetiver-rosemary/,https://goldapple.ru/parfjumerija/parfjumirovannyj-uhod?p=43,"Подарочный тревел-набор Asense. Откройте для себя мир изысканного ухода с подарочным тревел набором от Asense — парфюмированная косметика для домашнего ухода за телом и волосами. В этом компактном наборе вы найдете жидкое мыло-скраб и лосьон для рук и тела, с утонченным ароматом ветивера, бергамота и розмарина. Эти средства обеспечивают бережный и эффективный уход за кожей, позволяя вам наслаждаться роскошными спа-процедурами где бы вы ни находились. Парфюмированное жидкое мыло-скраб (100 мл.) — идеальное средство для очищения, которое не только удаляет загрязнения, но и заботится о коже. Обогащенное природным вулканическим стеклом, оно обладает мягкими скрабирующими свойствами, оставляя вашу кожу свежей и гладкой. Не содержит вредных химических веществ и не тестируется на животных. Парфюмированный лосьон для рук и тела (100 мл.) — это ваш надежный помощник для увлажнения и питания кожи. Нежная текстура легко наносится и быстро впитывается, обеспечивая длительное увлажнение и оставляя нежный, стойкий аромат. Формула лосьона содержит натуральные ингредиенты, которые успокаивают кожу и помогают сбалансировать ее состояние, делая её более здоровой и сияющей. Французский парфюм Vetiver & Rosemary — перетертая зелень ветивера и розмарина с брызгами цедры бергамота - дуэт свежести и экстраординарности. Премиальное французское сырьё обеспечивает качество и эффективность средств. Подарочный тревел-набор идеально подходит для ежедневного использования и для всех типов кожи, включая жирную, сухую и чувствительную. Всё это упаковано в стильный хлопковый мешочек, что делает набор отличным выбором для путешествий или как превосходный подарок для близких.","Мыло-скраб: нанесите на влажную кожу, массируя круговыми движениями. Смойте тёплой водой. Лосьон: нанесите легкими массирующими движениями на кожу рук и тела.",Россия,43
850,2026-10-01T13:14:06.101732,20261001_104711_f22aa185,19000258648,parfjumerija/parfjumirovannyj-uhod,Kilian Paris,A kiss from a rose,Парфюмерная вода,39870.0,39870.0,0.0,1,5.0,https://goldapple.ru/19000258648-a-kiss-from-a-rose/,https://goldapple.ru/parfjumerija/parfjumirovannyj-uhod?p=43,"Новый аромат Kilian Paris A Kiss from a Rose символизирует тонкую грань между красотой и опасностью, ошеломительной роскошью и прозрачной чистотой. Аромат открывается зелёным и свежим растительным аккордом, который растворяется в чувственных цветочных нотах розы, пронизывающих всю композицию. Притягательный, как самый сладкий поцелуй, аромат A Kiss from a Rose эффектно дополняет семейство соблазнительных ароматов Kilian Paris.","Нанесите аромат на запястья, шею и точки пульса на очищенную и увлажненную кожу. Не растирайте.",Франция,43
851,2026-10-01T13:14:16.009134,20261001_104711_f22aa185,19000454161,parfjumerija/parfjumirovannyj-uhod,Burberry,HERO,подарочный парфюмерный набор,7000.0,7000.0,0.0,1,4.4,https://goldapple.ru/19000454161-hero/,https://goldapple.ru/parfjumerija/parfjumirovannyj-uhod?p=43,"состав набора — Гель для душа Burberry Hero Shower Gel, 75 мл — Туалетная вода Burberry Hero Eau de Toilette, 50 мл Набор Burberry Hero: воплощение мужской элегантности и силы. Гель для душа Burberry Hero Shower Gel мягко очищает кожу, оставляя ощущение свежести и лёгкий аромат, который подчёркивает вашу индивидуальность. Туалетная вода Burberry Hero Eau de Toilette — это динамичный и смелый аромат, сочетающий в себе ноты бергамота, можжевельника и чёрного перца, создавая незабываемое впечатление. Этот набор станет идеальным выбором для уверенного в себе мужчины, стремящегося подчеркнуть свою харизму и стиль.","1. Туалетная вода: Распылите с расстояния 20-30 см на точки пульса, такие как запястья и шея, или создайте ароматное облако и войдите в него для более легкого и равномерного нанесения. 2. Гель для душа: Нанесите небольшое количество на влажную кожу, вспеньте и тщательно смойте водой.",Испания,43
852,2026-10-01T13:14:26.361418,20261001_104711_f22aa185,99000045895,parfjumerija/parfjumirovannyj-uhod,MOYORY,Cherry & Beans Tonka,Нет категории,796.0,796.0,0.0,1,5.0,https://goldapple.ru/99000045895-cherry-beans-tonka/,https://goldapple.ru/parfjumerija/parfjumirovannyj-uhod?p=43,"Представляем вам эксклюзивный гель для душа с дозатором, который превратит каждый прием душа в незабываемое удовольствие. Гель для душа с ароматом Cherry & Beans Tonka – это воплощение роскоши и элегантности. Изысканная парфюмерная композиция позволяет насладиться фруктовыми оттенками спелой душистой вишни и густого вишневого ликера в сочетании с теплым ореховым нюансом горького миндаля, а также сливочными аккордами бобов тонка. Гармоничная композиция оставляет на коже нежный и чувственный шлейф, который будет сопровождать вас в течение всего дня.","Нанесите гель на влажное тело, вспеньте, тщательно смойте теплой водой.",Россия,43
853,2026-10-01T13:14:39.773741,20261001_104711_f22aa185,83320700014,parfjumerija/parfjumirovannyj-uhod,Jo Malone London,Wild Bluebell,Нет категории,5250.0,5250.0,0.0,1,4.9,https://goldapple.ru/83320700014-wild-bluebell/,https://goldapple.ru/parfjumerija/parfjumirovannyj-uhod?p=43,"Гель для душа с нежным ароматом Wild Bluebell бережно очищает и смягчает кожу, оставляя на ней деликатный шлейф. Сладость росистых колокольчиков в сочетании с ландышем, шиповником и сочным нюансом хурмы. Формула, обогащенная кофеином и экстрактом пенника лугового, превращается в атласную пену при контакте с водой. Философия сочетания ароматов: Все ароматы и текстуры Jo Malone London можно использовать самостоятельно и в сочетании с другими, создавая уникальные композиции. Чтобы придать аромату свежих акцентов и создать более яркий образ сочетайте Wild Bluebell с изысканным ароматом букета алых роз - Red Roses. Чтобы придать аромату теплых оттенков и создать более чувственный образ сочетайте Wild Bluebell с сочным ароматом ягод ежевики - Blackberry & Bay. Обращаем внимание, в зависимости от партии цвет дозатора может отличаться от фото в интернет-магазине. Состав и свойства продукта при этом остаются неизменными.",Нанесите небольшое количество геля массирующими движениями на влажную кожу и тщательно смойте водой.,Великобритания,43
854,2026-10-01T13:14:52.933348,20261001_104711_f22aa185,99000122999,parfjumerija/parfjumirovannyj-uhod,WASHRITE,"EMERALD, peach, bergamot & lychee",Парфюмированный гель для душа,356.0,356.0,0.0,1,5.0,https://goldapple.ru/99000122999-emerald/,https://goldapple.ru/parfjumerija/parfjumirovannyj-uhod?p=43,"Погрузитесь в мир нежности и свежести с парфюмированным гелем для тела Emerald, созданным специально для женщин. Этот ароматизированный гель сочетает в себе очищающий и увлажняющий эффекты, оставляя после использования приятный стойкий аромат. Благодаря натуральному составу без парабенов и сульфатов средство бережно заботится о коже, обеспечивая мягкость и комфорт на протяжении всего дня. Особое внимание уделено парфюмерной составляющей: вкусный аромат персика, бергамота и личи дарит освежающий заряд энергии и хорошего настроения. Продукт отлично подходит для ежедневного ухода за телом, создавая эффект ухоженности и свежести. Парфюмированные гели этой серии отличаются стойким ароматом, который не теряет насыщенности даже при длительном использовании. Выбирая этот продукт, вы получаете не просто очищающее средство — это настоящий парфюмированный ритуал красоты с натуральным составом без вредных компонентов. Подчеркните свою индивидуальность — выберите гель для душа Emerald, где уход встречается с искусством парфюмерии.","1. Возьмите небольшое количество геля, нанесите на влажную кожу, хорошо вспеньте. 2. Тщательно смойте тёплой водой.",Россия,43
855,2026-10-01T13:15:03.280610,20261001_104711_f22aa185,19000499652,parfjumerija/parfjumirovannyj-uhod,EDEN,Cherry Passion,парфюмированное мыло-пенка для рук,378.0,378.0,0.0,1,5.0,https://goldapple.ru/19000499652-eden-cherry-passion/,https://goldapple.ru/parfjumerija/parfjumirovannyj-uhod?p=43,"Парфюмированная мыло-пенка для ежедневного ухода образует нежную воздушную пену, которая бережно очищает, не пересушивая кожу рук, и ухаживает за ней, оставляя невероятный шлейф аромата спелой вишни. Экстракт зелёного чая способствует сохранению влаги в коже, обладает антиоксидантной активностью, насыщает витаминами и минералами, увлажняет и питает кожу рук. Ощутите неповторимый аромат и почувствуйте настоящий уход с парфюмированным мылом-пенкой для рук «Cherry Passion».",Одним-двумя нажатиями дозатора выдавите пенку на смоченные водой ладони. Распределите пенку и тщательно смойте теплой водой.,Россия,43
856,2026-10-01T13:15:15.296756,20261001_104711_f22aa185,19000348241,parfjumerija/parfjumirovannyj-uhod,Zollider,Premium,Бальзам после бритья,313.0,313.0,0.0,1,4.8,https://goldapple.ru/19000348241-premium/,https://goldapple.ru/parfjumerija/parfjumirovannyj-uhod?p=43,"Zollider Premium Парфюмированный бальзам после бритья, 150 мл Яркий, свежий цитрусовый аромат с мужественным характером – главное преимущество, которое отмечают покупатели. 96% пользователей подтверждают: приятный, запоминающийся запах (по данным анализа отзывов). Вдохновлённый легендарным ароматом от кутюр, наш бальзам дарит непревзойдённое ощущение свежести и комфорта после бритья. Аромат открывается ярким аккордом грейпфрута, мяты и красного мандарина – энергичное, живое начало. Сердечные ноты (роза, корица, пряные специи) придают композиции глубину и теплоту, а шлейф из кожи, древесных нот, амбры и пачули оставляет многогранное послевкусие. Уход и комфорт Формула бальзама содержит пантенол, таурин, аллантоин, экстракт ламинарии, витамины А и Е, экстракт гуараны, морскую соль. Эти компоненты помогают восстанавливать кожу после бритья, снимать покраснения, зуд и жжение, устранять чувство стянутости. Важно: бальзам обеспечивает необходимое увлажнение для большинства типов кожи. Для очень сухой кожи рекомендуем использовать дополнительный дневной крем после бальзама. Индивидуальная реакция кожи может различаться. При появлении излишней сухости сократите количество наносимого средства или используйте продукт через день. Текстура и впитывание Лёгкая, нежирная текстура мгновенно впитывается, не оставляет липкости или жирности. Пользователи подтверждают: впитывается моментально, не оставляет липкости. Для какого типа кожи Бальзам оптимален для нормальной, комбинированной и жирной кожи. Обладателям очень сухой кожи рекомендуем тестирование или использование вместе с увлажняющим кремом. Начните утро с бодрящего цитрусового аккорда – это просто хорошее настроение после бритья. Zollider Premium – подчёркивает вашу индивидуальность и вкус.",После бритья нанесите небольшое количество бальзама на лицо и шею.,Россия,43
857,2026-10-01T13:15:24.637520,20261001_104711_f22aa185,99000157217,parfjumerija/parfjumirovannyj-uhod,Faroosh,Sacred Lotus,Бессульфатный шампунь для волос,1940.0,1940.0,0.0,1,4.4,https://goldapple.ru/99000157217-faroosh-sacred-lotus/,https://goldapple.ru/parfjumerija/parfjumirovannyj-uhod?p=43,"Нежная бессульфатная формула шампуня Sacred Lotus с экстрактом лотоса, гиалуроновой кислотой и коллагеном бережно очищает волосы, помогая сохранить насыщенность цвета после окрашивания и профессиональных процедур. Масло миндаля в сочетании с пробиотиками уменьшает ломкость, придаёт волосам эластичность и визуально ощутимый объём, не перегружая их. Подходит для всех типов волос. Направлен на: — Защиту цвета и предотвращение вымывания пигмента после окрашивания или завивки. — Восстановление и улучшение структуры пересушённых волос. — Восстановление потерянного блеска и эластичности волос. Ключевые компоненты и их действие: — Экстракт лотоса сохраняет насыщенность цвета после окрашивания и профессиональных процедур, природный антиоксидант. — Коллаген «склеивает» клетки волосяных фолликулов, обеспечивая их целостность и предотвращая ломкость. — Гиалуроновая кислота — настоящий «магнит» для влаги, притягивая её из окружающей среды и удерживая в структуре волоса. — Пробиотики уменьшают ломкость, придавая волосам эластичность и визуально ощутимый объём, не перегружая их. — Масло авокадо питает сухие кончики волос и делает их мягкими и послушными. Аромат: утончённая парфюмерная композиция с глубоким шлейфом.","Нанесите на влажные волосы, помассируйте кожу головы 1-2 минуты, тщательно смойте теплой водой. Повторите процедуру при необходимости. Для достижения максимального эффекта используйте в сочетании с другими средствами линии для окрашенных волос.",Россия,43
858,2026-10-01T13:15:36.458894,20261001_104711_f22aa185,99000037835,parfjumerija/parfjumirovannyj-uhod,BY KAORI,Sicily,Крем-эмульсия для рук,1190.0,1190.0,0.0,1,5.0,https://goldapple.ru/99000037835-sicily/,https://goldapple.ru/parfjumerija/parfjumirovannyj-uhod?p=43,"Крем-эмульсия для рук от Kaori в новом тревел-формате, который можно взять с собой в путешествие. Легкая текстура с увлажняющими компонентами быстро впитывается в кожу рук, увлажняет ее и оставляет на ней легкий парфюмированный шлейф. С уходовыми продуктами Kaori можно не бояться жесткой воды и климата: ваша кожа будет ухоженной и бархатистой при любых погодных условиях.","Нанесите на чистую кожу рук, равномерно распределите, через 30 секунд крем-эмульсия полность впитается.",Россия,43
859,2026-10-01T13:15:49.305841,20261001_104711_f22aa185,19000455544,parfjumerija/parfjumirovannyj-uhod,Natura Siberica,Tundra,Парфюмированное мыло для тела и рук,656.0,656.0,0.0,1,4.2,https://goldapple.ru/19000455544-tundra/,https://goldapple.ru/parfjumerija/parfjumirovannyj-uhod?p=43,"Окунитесь в прохладную свежесть арктической тундры. Аромат перенесет вас в мир первозданной природы, где свежий ветер гуляет среди мхов и лишайников. Насыщенный аромат сочных ягод, можжевельника и северных трав подарит ощущение бодрости и чистоты, а мягкая формула бережно очистит и увлажнит кожу рук. — Нанайский лимонник питает кожу, насыщая её полезными веществами. — Коллаген обеспечивает интенсивное увлажнение, поддерживает оптимальный баланс кожи и тонизирует руки. — Гидролат линнеи северной увлажняет, успокаивает, тонизирует, придаёт коже гладкость и бархатистость.",1. Нанесите на влажную кожу рук легкими массирующими движениями. 2. Смойте тёплой водой.,Россия,43
860,2026-10-01T13:16:23.330518,20261001_104711_f22aa185,19000400092,parfjumerija/parfjumirovannyj-uhod,Huxley,ROSE PICKER,Парфюмированный крем для рук,702.0,702.0,0.0,1,4.4,https://goldapple.ru/19000400092-rose-picker/,https://goldapple.ru/parfjumerija/parfjumirovannyj-uhod?p=44,"Крем для рук Huxley с маслом опунции дарит увлажнение, устраняет сухость и делает кожу мягкой. Формула помогает успокоить кожу, улучшить её текстуру и укрепить естественный защитный барьер. Средство окутывает кожу рук изысканным цветочно-мускусным ароматом, в котором аккорд свежих лепестков роз сочетается с теплым и мягким звучанием мускуса и ванили.","Нанесите на чистую кожу рук и распределите. Используйте по мере необходимости, когда кожа рук становится сухой.",Республика корея,44
861,2026-10-01T13:16:32.989043,20261001_104711_f22aa185,99000123159,parfjumerija/parfjumirovannyj-uhod,WASHRITE,Luxury stones,Подарочный набор парфюмированных гелей для душа,1900.0,1900.0,0.0,1,5.0,https://goldapple.ru/99000123159-luxury-stones/,https://goldapple.ru/parfjumerija/parfjumirovannyj-uhod?p=44,"Подарочный набор из 4 парфюмированных гелей для душа ""Драгоценные камни"" — это изысканное решение для женщин, которые ценят роскошь, чувственность и утончённость. Каждый гель, вдохновлённый сиянием драгоценных камней, окутывает пленительным ароматом и создаёт уникальное настроение: 1. Ruby — страстный и соблазнительный. 2. Sapphire — нежный и умиротворяющий. 3. Emerald — свежий и элегантный. 4. Citrine — солнечный и жизнерадостный. Гели легко пенятся, деликатно очищают кожу, не пересушивая её, и дарят ощущение мягкости и увлажнённости. Стойкие парфюмированные ароматы подчёркивают индивидуальность и элегантность каждой женщины. Формат 4×250 мл идеально подходит для домашнего SPA-ухода, создания атмосферы релаксации и ритуалов красоты. Гель предусмотрен как для бодрого утра, так и для расслабляющего вечера. Подарочный женский набор из 4 парфюмированных гелей для душа ""Драгоценные камни"" — это не просто уходовая косметика, а сияние, вдохновение и чувственность в каждой капле.","1. Нанесите на влажную кожу небольшое количество геля, хорошо вспеньте. 2. Тщательно смойте тёплой водой.",Россия,44
862,2026-10-01T13:16:43.986249,20261001_104711_f22aa185,99000111286,parfjumerija/parfjumirovannyj-uhod,AMAL DE MAR,"VANILLA, AMBER, PATCHOULI",Нет категории,983.0,983.0,0.0,1,5.0,https://goldapple.ru/99000111286-vanilla-amber-patchouli/,https://goldapple.ru/parfjumerija/parfjumirovannyj-uhod?p=44,"Парфюмированный гель для душа — это настоящий ритуал ухода за кожей, который подарит вам ощущение роскоши и комфорта. Его богатая формула, обогащенная амброй, ванилью и пачули, окутает вас изысканным ароматом, а нежные очищающие компоненты бережно удалят загрязнения, не нарушая естественный баланс кожи. Гель идеально подходит для всех типов кожи и особенной для сухой, оставляя ее мягкой, увлажненной и шелковистой. Большого объема геля с минимальным расходом и густой пеной хватит на 5-6 месяцев использования, что делает его идеальным выбором для ежедневного ухода.","Нанести гель на влажную кожу или мочалку, вспенить и распределить по телу, смыть теплой водой.",Россия,44
863,2026-10-01T13:16:54.774010,20261001_104711_f22aa185,99000047661,parfjumerija/parfjumirovannyj-uhod,UNCHARTED,"black pepper, vanilla, bergamot",Нет категории,758.0,758.0,0.0,1,4.8,https://goldapple.ru/99000047661-no1-frozen-black-pepper/,https://goldapple.ru/parfjumerija/parfjumirovannyj-uhod?p=44,"Парфюмированный крем для рук и тела Uncharted Frozen Black Pepper  сочетает эффективный уход за кожей и выразительный аромат. Масла арганы, ши, кокоса и черной оливы интенсивно питают и увлажняют кожу, делая ее мягкой, гладкой и ухоженной. Витамин Е способствует восстановлению кожи и помогает поддерживать ее комфорт. Крем не содержит минеральных масел, BHT и парабенов. Аромат №1 Frozen Black Pepper вдохновлен неизведанными холодными вершинами вулканов Камчатки, где каждый вздох наполнен морозной свежестью, таинственностью и пряной остротой, оттененными экзотическим цитрусом, зелеными акцентами и каплей сладкой ванили. Ноты аромата: Верхние — черный перец, чай Средние — бергамот Базовые — амбра, ваниль",Наносить на чистую кожу рук и тела до полного впитывания. Применять по мере необходимости.,Россия,44
864,2026-10-01T13:17:04.582726,20261001_104711_f22aa185,99000118155,parfjumerija/parfjumirovannyj-uhod,holy dew,"black pepper, amber, bergamot, neroli",Парфюмированный крем для рук и тела,693.0,693.0,0.0,1,5.0,https://goldapple.ru/99000118155-black-pepper-amber-bergamot-neroli/,https://goldapple.ru/parfjumerija/parfjumirovannyj-uhod?p=44,"Amber, pepper, bergamot, neroli — запах роскоши, аромат статуса, шлейф искушения. Он такой один, и его не повторить. Раз услышав его, вы не забудете эти чувства никогда! Погружаясь в мир роскоши и заботы о себе, увлажняющий парфюмированный крем для рук и тела объёмом 200 мл от бренда Holy Dew станет незаменимым спутником в вашем ежедневном ритуале ухода. Формула с натуральными маслами и маслом ши глубоко увлажняет и питает кожу, делая её мягкой и упругой. Ароматы чёрного перца, амбры и бергамота создают уникальную парфюмерную композицию, которая сделает каждое нанесение особенным моментом. Крем подходит для всех типов кожи, включая сухую, жирную и чувствительную.","1. Выдавите небольшое количество крема на очищенную кожу и распределите массирующими движениями. Дождитесь, когда крем впитается.",Россия,44
865,2026-10-01T13:17:15.057464,20261001_104711_f22aa185,19000290637,parfjumerija/parfjumirovannyj-uhod,Emi,Perfumed Lotion 9,Парфюмированный лосьон для тела,774.0,774.0,0.0,1,5.0,https://goldapple.ru/19000290637-perfumed-lotion-9/,https://goldapple.ru/parfjumerija/parfjumirovannyj-uhod?p=44,"Вдохновленные стилем жизни современных женщин, мы создали Perfumed Lotion, чтобы выразить восхищение твоей многогранностью, активностью, легкостью и любовью к себе. Perfumed Lotion – это легкий лосьон, с мягкой текстурой, которая впитывается за считанные секунды, не создавая ощущения липкости, тяжести и пленки на коже. Разные, идеально сбалансированные отдушки созданы по мотивам знаменитых парфюмов. Подобно дорогому парфюму, верхние ноты ароматов сплетаются с пикантными нижними нотками создавая многогранные и очаровывающие переплетения. Активные компоненты: Масло семян конопли. Пантенол. Экстракт листьев зеленого чая. Экстракт пшеницы. Экстракт Фукуса пузырчатого.","Нанесите небольшое количество лосьона на тело, втирайте массажными движениями до полного впитывания. Подходит для ежедневного применения.",Россия,44
866,2026-10-01T13:17:26.027181,20261001_104711_f22aa185,99000135576,parfjumerija/parfjumirovannyj-uhod,MØS Skincare,"VANILLA, AMBER, LEMON, MOSS",Парфюмированный гель для душа,1875.0,1875.0,0.0,1,4.7,https://goldapple.ru/99000135576-vanilla-amber-lemon-moss/,https://goldapple.ru/parfjumerija/parfjumirovannyj-uhod?p=44,"Парфюмированный гель для душа с натуральными компонентами ванили, амбры, лимона и дубового мха бренда Mos Skincare. Аромат геля напоминает селективный парфюм, шлейф которого уловим на протяжении нескольких часов. MOS Skincare — бренд, рожденный в глубине английских лесов. Там, где небеса сливаются с морем, а воздух пронизан свежестью вековых лесов, родилась легенда о парфюмере, который и дал начало этой истории. Продукты MØS Skincare не содержат парабенов, силиконов и не тестируются на животных. Прозрачный ароматизированный гель без красителей подойдет для мужчин и женщин. После применения он оставляет на коже приятный свежий аромат с горько-сладкими акцентами. Аромат геля для душа выстроен по классической ольфакторной пирамиде. Верхние ноты открываются свежим, цитрусовым аккордом лимона с лёгкой кисловатой гранью. В нотах сердца раскрывается тёплая, сладковато-сливочная ваниль, придающая композиции мягкость и обволакивающий характер. Базовые ноты формируют глубокий, смолисто-анималистический шлейф из амбры в сочетании с землисто-древесными оттенками мха, что обеспечивает стойкость композиции и придаёт ей многогранную, чувственную глубину.","1. Нанести на влажные руки или тело, хорошо вспенить. 2. Смыть тёплой водой.",Россия,44
867,2026-10-01T13:17:37.246735,20261001_104711_f22aa185,99000131660,parfjumerija/parfjumirovannyj-uhod,Lunar Laboratory,"spicy leather, cardamon",Парфюмированный увлажняющий крем для рук,427.0,427.0,0.0,1,4.8,https://goldapple.ru/99000131660-spicy-leather-cardamon/,https://goldapple.ru/parfjumerija/parfjumirovannyj-uhod?p=44,"Увлажняющий селективный крем для рук, вдохновленный романтикой древних легенд. Ноты аромата: благородный сандал, утонченный кардамон, роскошь кожаных нот. Эффект шелковой гладкости достигается благодаря инновационной системе доставки активных компонентов прямо в глубокие слои кожи, обеспечивая длительное ощущение мягкости и защиты. Масла макадамии, ши, миндаля и оливы восстанавливают гидролипидный слой, глубоко увлажняют и защищают кожу от внешних угроз. Витамины Е и B5 (пантенол) сохраняют упругость и сияние, а глицерин и мочевина способствуют быстрому обновлению и устранению шелушения. Текстура крема мягко скользит, быстро впитывается и оставляет кожу гладкой и защищенной без ощущения липкости. Подходит для сухой и обезвоженной кожи, дарит новый уровень комфорта.","1. Наносите крем утром/вечером/как только почувствуете необходимость на чистую сухую кожу рук массирующими движениями до полного впитывания. 2. Подходит для рук, тела и ног, рекомендован для ежедневного и многократного применения.",Россия,44
868,2026-10-01T13:17:50.816330,20261001_104711_f22aa185,99000078384,parfjumerija/parfjumirovannyj-uhod,Burley,Sultana,Гель для душа,750.0,750.0,0.0,1,5.0,https://goldapple.ru/99000078384-sultana/,https://goldapple.ru/parfjumerija/parfjumirovannyj-uhod?p=44,"Парфюмированный гель для душа бренда ""Burley"" с притягательным ароматом деликатно очищает кожу, не стягивая ее. Комплекс ПАВ на растительной основе не нарушает баланс кожи и поддерживает ее защитные свойства.","Повернуть дозатор против часовой стрелки. Нанести небольшое количество геля для душа на тело или мочалку, помассировать кожу и смыть пену теплой водой. При необходимости повторить процедуру.",Россия,44
869,2026-10-01T13:17:59.791311,20261001_104711_f22aa185,19000316354,parfjumerija/parfjumirovannyj-uhod,HFC,Sunmusk,Парфюмированное масло для тела,6900.0,6900.0,0.0,1,4.4,https://goldapple.ru/19000316354-sunmusk/,https://goldapple.ru/parfjumerija/parfjumirovannyj-uhod?p=44,"Shimmering body oil оставляет на коже мерцающую вуаль, которая подчёркивает загар. Оно не только придаст сияние за счет светоотражающих частиц, но и восстановит вашу кожу после солнца, благодаря комплексу растительных масел. Sunmusk Shimmering body oil с изысканным ароматом станет вашим незаменимым средством по уходу за кожей. В составе Sunmusk Shimmering body oil - аргановое масло, масло миндаля, масло оливы, богато витамином Е. Питает кожу. Борется с возрастными изменениями. В составе омега, которая дарит коже здоровое сияние. Придаёт коже упругость и эластичность. Защищает и смягчает кожy. Рекомендовано для сухой кожи.",Для наружного применения.,Франция,44
870,2026-10-01T13:18:12.772360,20261001_104711_f22aa185,19000384405,parfjumerija/parfjumirovannyj-uhod,Casa Leggera,Albero Bianco,Гель для душа,1485.0,1485.0,0.0,1,4.6,https://goldapple.ru/19000384405-albero-bianco/,https://goldapple.ru/parfjumerija/parfjumirovannyj-uhod?p=44,"Парфюмированный гель для душа Albero Bianco – с ароматом пачули, цветов, бергамота, кедра, розовых ягод и морских нот. Мягкий гель для душа с особым трепетом окутывает своим ароматом кожу, деликатно очищает, за счёт натуральных органических ПАВ. Нежно питает и увлажняет. Содержит в себе органические соки и экстракт банана. Сок из плодов лимона и апельсина – содержит большое количество антиоксидантов, в том числе витамина С, который воздействует на стимуляцию коллагена и гиалуроновой кислоты, защищает ДНК, укрепляет кожный барьер. Сок из имбиря - способствует уменьшению объемов, за счёт воздействия на процессы липолиза, обладает антицеллюлитным свойством. Экстракт из банана – насыщает полезными микроэлементами и успокаивает раздраженную кожу. За счёт содержания витаминов A, C, E, группы В, обладает тонизирующим и антиоксидантным эффектом.","Нанесите небольшое количество геля на влажную кожу, нежно помассируйте до образования пены, затем тщательно смойте водой.",Россия,44
871,2026-10-01T13:18:26.256292,20261001_104711_f22aa185,99000047655,parfjumerija/parfjumirovannyj-uhod,UNCHARTED,"mango, patchouli, blackberry",Парфюмированный крем для рук и тела,758.0,758.0,0.0,1,4.9,https://goldapple.ru/99000047655-no3-mango-bliss/,https://goldapple.ru/parfjumerija/parfjumirovannyj-uhod?p=44,"Парфюмированный крем для рук и тела Uncharted Mango Bliss сочетает эффективный уход за кожей и выразительный аромат. Масла арганы, ши, кокоса и черной оливы интенсивно питают и увлажняют кожу, делая ее мягкой, гладкой и ухоженной. Витамин Е способствует восстановлению кожи и помогает поддерживать ее комфорт. Крем не содержит минеральных масел, BHT и парабенов. Аромат №3 Mango Bliss открывает неизведанные уголки Мьянмы — земли, где манго растет в изобилии. Он раскрывается как утонченное сочетание сочного манго и свежих зеленых оттенков. В аромате чувствуется тропическая мягкость с легкой природной терпкостью, напоминающей бархатистую кожуру спелого манго. Ноты аромата: Верхние — манго, пачули Средние — ежевика Базовые — иланг-иланг, лотос",Наносить на чистую кожу рук и тела до полного впитывания. Применять по мере необходимости.,Россия,44
872,2026-10-01T13:18:36.652482,20261001_104711_f22aa185,19000295727,parfjumerija/parfjumirovannyj-uhod,4FRESH beauty,"Экстрапитание и восстановление, Attractive",Нет категории,690.0,690.0,0.0,1,4.0,https://goldapple.ru/19000295727-extra-nutrition-and-recovery/,https://goldapple.ru/parfjumerija/parfjumirovannyj-uhod?p=44,"Эффективно очищает кожу головы и интенсивно ухаживает за волосами. Мягкая формула без SLS воздействует максимально деликатно, а комплекс растительных церамидов восстанавливает повреждения кортекса. Масла арганы, брокколи, авокадо и жожоба глубоко питают и смягчают, делают локоны послушными и блестящими. Протеины пшеницы снижают ломкость и помогают восстановить сухие, поврежденные и окрашенные волосы. Верхние ноты: карамельное яблоко; Ноты сердца: сладкая ваниль, жасмин; Нижние ноты: сандал, бобы тонка. Сложный многогранный аромат Scentease Attractive со сливочно-ванильным послевкусием раскрывает внутреннюю привлекательность и улучшает эмоциональный фон. Эффективность доказана научными исследованиями.","Нанесите небольшое количество шампуня на влажные волосы, хорошо вспеньте и тщательно смойте водой. При необходимости повторите процедуру.",Россия,44
873,2026-10-01T13:18:46.877405,20261001_104711_f22aa185,19000203329,parfjumerija/parfjumirovannyj-uhod,Acque di Italia,VOLUPTAS,Нет категории,1899.0,1899.0,0.0,1,5.0,https://goldapple.ru/19000203329-voluptas/,https://goldapple.ru/parfjumerija/parfjumirovannyj-uhod?p=44,"Удовольствие, чувственность, страсть, очарование. Супер насыщенный крем: масса эксклюзивных и действенных активных ингредиентов и невероятно нежная текстура. При регулярном использовании крем помогает предотвратить потерю тонуса кожи и поддержать естественную физиологию гидролипидного барьера.",Наносить массажными движениями на чистую сухую кожу.,Италия,44
874,2026-10-01T13:18:57.929054,20261001_104711_f22aa185,99000016533,parfjumerija/parfjumirovannyj-uhod,LAMONNET,black baccara rose,Парфюмированный скраб для тела,780.0,780.0,0.0,1,5.0,https://goldapple.ru/99000016533-black-baccara-rose/,https://goldapple.ru/parfjumerija/parfjumirovannyj-uhod?p=44,"Скраб для тела Lamonnét – это продукт, созданный по французскому принципу о том, что даже приятные повседневные вещи заслуживают серьезного отношения: l'art de bien faire. Аромат black baccara rose – тонкий, сладкий и цветочный, с восточной глубиной. Он чувствуется сразу, стоит только открыть крышку. Бархатистая роза Баккара, прозрачная сладость жасмина, дуб и теплый шафран в шлейфе. Все ароматы Lamonnét разрабатываются во Франции, в Грассе — мировой столице парфюмерии. Каждая композиция создается с двойной концентрацией парфюма, чтобы на коже оставался стойкий парфюмерный шлейф на несколько часов. Текстура скраба кремовая и тает на коже, не оставляя пленки. Три вида отшелушивающих гранул: морская соль, сахар и пищевая соль, очищают мягко и деликатно – до гладкого идеала. В основе — экстракт лилии. Это ухаживающий компонент с природными антиоксидантами. Он смягчает кожу, поддерживает ее барьер и придает эффект сияния. Пять натуральных масел и алоэ вера интенсивно питают и успокаивают. Кожа гладкая, упругая и живая. • три вида гранул, мягкое очищение • экстракт лилии — природный антиоксидант • натуральные масла и алоэ вера • подходит для всех типов кожи.",Нанесте скраб на сухую или влажную кожу легкими массажными движениями. Помассируйте в течение 3-5 минут. Смойте теплой водой.,Россия,44
875,2026-10-01T13:19:10.044572,20261001_104711_f22aa185,19000203333,parfjumerija/parfjumirovannyj-uhod,Acque di Italia,VITALITAS,ЛОСЬОН ДЛЯ ТЕЛА,1305.0,1305.0,0.0,1,4.4,https://goldapple.ru/19000203333-vitalitas/,https://goldapple.ru/parfjumerija/parfjumirovannyj-uhod?p=44,"Сила, пробуждение, бодрость, энергия, возрождение. Свежий, лёгкий, с особенно нежной текстурой, лосьон мгновенно придает коже комфорт и мягкость и питает ее. Значительное содержание масла ши – высокопитательного восстанавливающего средства для эпителия – позволяет коже день за днем восстанавливать свою природную красоту.",Наносить массажными движениями на чистую сухую кожу.,Италия,44
876,2026-10-01T13:19:21.178877,20261001_104711_f22aa185,99000136194,parfjumerija/parfjumirovannyj-uhod,GESSEN,Vol.2 Nox Alba,Парфюмированный гель для душа,864.0,864.0,0.0,1,5.0,https://goldapple.ru/99000136194-vol-2-nox-alba/,https://goldapple.ru/parfjumerija/parfjumirovannyj-uhod?p=44,"Vol. 2 — эффективные формулы для тщательного очищения, подходящие как для чувствительной, так и склонной к жирности кожи. Аромат Nox Alba — аромат ночи, где сплетаются прохлада джина и дым ладана с пряным лавром. Верхние ноты: можжевельник, эвкалипт. Средние ноты: ладан, лавр. Нижние ноты: кедр, мускус. Gessen — бренд, сочетающий точную науку с миром эмоций. Gessen создаёт продукты, в которых эффективные формулы встречаются с силой ароматических ассоциаций. Концепция «мест-состояний» помогает превратить рутинные действия в моменты наслаждения и самопознания.","Нанесите на влажную кожу тела или губку, помассируйте до образования пены, смойте водой. Избегайте контакта с глазами. При попадании в глаза тщательно промыть водой.",Россия,44
877,2026-10-01T13:19:34.733239,20261001_104711_f22aa185,99000157442,parfjumerija/parfjumirovannyj-uhod,Burley,Cotton,Минеральный дезодорант-спрей,665.0,665.0,0.0,1,4.8,https://goldapple.ru/99000157442-burley-cotton/,https://goldapple.ru/parfjumerija/parfjumirovannyj-uhod?p=44,"Минеральный дезодорант Burley без спирта и хлорида алюминия — это эффективное средство от пота и неприятного запаха. Бережная формула на основе природных минералов обеспечивает надежную защиту до 24 часов. — Алюмокалиевые квасцы в составе регулируют потоотделение, подавляют рост бактерий, предотвращая неприятный запах. — Пантенол снимает раздражение и чувство стянутости, смягчает и успокаивает кожу. — Экстракт хлопка снижает чувствительность, предотвращает раздражение, делает ее гладкой и шелковистой. — Экстракт зеленого чая дает упругий и здоровый вид коже. Минеральный дезодорант Burley не закупоривает поры, блокирует размножение бактерий без раздражения и идеально справляется с задачей контроля влажности, позволяя чувствовать себя уверенно в любых ситуациях. Не оставляет следов на одежде и подходит для тех, кто ценит свежесть и комфорт.",Встряхнуть флакон перед применением. Нанести дезодорант на чистую и сухую кожу с расстояния 10-15 см. Оставить на несколько минут до полного высыхания. Использовать утром и по мере необходимости.,Россия,44
878,2026-10-01T13:19:46.564834,20261001_104711_f22aa185,99000052783,parfjumerija/parfjumirovannyj-uhod,МАГЕРЯ КОСМЕТИК,с магнием,Универсальный увлажняющий крем для тела,880.0,880.0,0.0,1,5.0,https://goldapple.ru/99000052783-soversenno-vse-mini/,https://goldapple.ru/parfjumerija/parfjumirovannyj-uhod?p=44,"Универсальный питательный крем для тела с мочевиной и д-пантенолом способствует заживлению раздраженной кожи, особенно на локтях и коленях. Его уникальная формула успокаивает и заживляет, придавая коже нежность и гладкость. Комплекс масел жожоба, семян мака и авокадо обеспечивает интенсивное питание и увлажнение, глубоко проникая в кожу и предотвращая ее сухость и шелушение. Богатый витаминами состав этого крема придает коже здоровый и сияющий вид. Сульфат магния является незаменимым элементом, который усиливает действие активных компонентов, обеспечивая им глубокое проникновение в кожу и максимальный эффект. Крем также содержит эфирное масло ландыша, которое придает ему нежный аромат и создает атмосферу релаксации и комфорта. Этот крем подходит для всех типов кожи, благодаря своей универсальной формуле. Он легко впитывается, не оставляя жирных следов, и идеален для ежедневного использования. Кроме того, крем является некомедогенным, что означает, что он не вызывает появления комедонов и не забивает поры. Позвольте своей коже насладиться совершенно всем восстанавливающими, успокаивающими и смягчающими свойствами, и вы ощутите настоящую разницу в ее состоянии.","Нанести на сухую и чистую кожу. Для достижения максимального эффекта крем нужно наносить легкими массажными движениями, не растягивая кожу.",Россия,44
879,2026-10-01T13:20:03.248120,20261001_104711_f22aa185,99000116008,parfjumerija/parfjumirovannyj-uhod,UNCHARTED,"tobacco, vanilla, amber, cocoa",Парфюмированный гель для душа,998.0,998.0,0.0,1,5.0,https://goldapple.ru/99000116008-islay-smoke/,https://goldapple.ru/parfjumerija/parfjumirovannyj-uhod?p=44,"Парфюмированный гель для душа Uncharted Islay Smoke бережно очищает кожу и окутывает ее выразительным ароматом. Сок алоэ вера увлажняет и питает кожу, помогая поддерживать ее мягкость и комфорт. Пантенол обладает успокаивающими кожу свойствами, а кокосовое масло смягчает, питает и деликатно очищает. Бетаин и глицерин способствуют удержанию влаги, помогают защитить кожу от сухости и дарят ощущение гладкости и ухоженности. Аромат Islay Smoke вдохновлен шотландским островом Исла и передает атмосферу теплого густого звучания с благородным дымным оттенком. Сочетание табака и ванили придает композиции дымную терпкость, а аккорд виски и какао — гурманскую сладость. Ноты аромата: Верхние — специи, сухофрукты Средние — душистый табак, виски Базовые — бобы тонка, кедр, амбра, какао, ваниль","Небольшое количество геля нанести на влажную кожу, вспенить, смыть водой.",Россия,44
